Unnamed: 0,Unnamed: 1,Unnamed: 2,Unnamed: 3,Unnamed: 4,Unnamed: 5,Unnamed: 6,Unnamed: 7,Unnamed: 8,Unnamed: 9,Unnamed: 10,Unnamed: 11,Unnamed: 12,Unnamed: 13,Unnamed: 14,Unnamed: 15,Unnamed: 16,Unnamed: 17,Unnamed: 18,Unnamed: 19,Unnamed: 20,Unnamed: 21,Unnamed: 22,Unnamed: 23,Unnamed: 24,Unnamed: 25,Unnamed: 26,Unnamed: 27,Unnamed: 28,Unnamed: 29,Unnamed: 30,Unnamed: 31,Unnamed: 32,Unnamed: 33,Dataset of 1099 Headache Diary Records,Unnamed: 35,Unnamed: 36,Unnamed: 37,Unnamed: 38,Unnamed: 39,Unnamed: 40,Unnamed: 41,Unnamed: 42,Unnamed: 43,Unnamed: 44,Unnamed: 45,Unnamed: 46,Unnamed: 47,Unnamed: 48,Unnamed: 49,Unnamed: 50,Unnamed: 51,Unnamed: 52,Unnamed: 53,Unnamed: 54,Unnamed: 55,Unnamed: 56,Unnamed: 57,Unnamed: 58,Unnamed: 59,Unnamed: 60,Unnamed: 61,Unnamed: 62,Unnamed: 63,Unnamed: 64,Unnamed: 65,Unnamed: 66,Unnamed: 67,Unnamed: 68,Unnamed: 69,Unnamed: 70,Unnamed: 71,Unnamed: 72,Unnamed: 73,Unnamed: 74,Unnamed: 75,Unnamed: 76,Unnamed: 77,Unnamed: 78,Unnamed: 79,Unnamed: 80,Unnamed: 81,Unnamed: 82,Unnamed: 83,Unnamed: 84,Unnamed: 85,Unnamed: 86,Unnamed: 87,Unnamed: 88,Unnamed: 89,Unnamed: 90,Unnamed: 91,Unnamed: 92,Unnamed: 93,Unnamed: 94,Unnamed: 95,Unnamed: 96,Unnamed: 97,Unnamed: 98,Unnamed: 99,Unnamed: 100
number,Registration number,Unique number,start time,End time,duration,,date,degree,,Pain intensity (VAS),sore spot,,,,,,,,form,,,,,,Headache worsens with movement,,accompanying symptoms,,,,,,,,,,,Use first aid kit,Use first aid kit,Use first aid kit,Use first aid kit,Use first aid kit,Use first aid kit,Use first aid kit,Use first aid kit,Use first aid kit,Use first aid kit,Use first aid kit,Use first aid kit 1,,school or work,,,in the house,,,Gatherings/leisure activities,Trigger factor,,endogenous factors,,,,,,,,,,external factors,,,,,,etc,,,,,,,,,Other triggers,improvement factor,,,,,,Improvement factors Other,Whether to exercise or not,intensity of exercise,,,vigorous exercise,moderate exercise,A headache-free day,Whether the headache persists
,,,,,,,,,robbery,,left head,right head,middle,both sides,around the eyes,Around the back of the neck,total,laterality,throbbing headache,a constricting headache,a pounding headache,dull heavy headache,total,Park Dong-seong,,movement 1,Gourmet food,Becoming sensitive to sound,puke,Nausea/Vomiting,Becoming sensitive to smells,Sensitivity to light,total,Light/noise sensitivity,major premise,minor premise,Presence or absence of migraine,,,,,,,First aid medication has no effect,Headaches reduced by more than half,headache goes away,total,,,obstacle,Missed work or missed school,Work or academic efficiency has decreased by less than half,total,Couldn't do any household chores,Housework efficiency has decreased by less than half.,total,I had a plan but couldn't participate.,,Number of triggers,stress,excessive sleep,lack of sleep,work out,not exercising,physical fatigue,Menstrual cycle: menstruation,Menstrual cycle: ovulation,excessive emotional changes,total,Weather/temperature changes,excessive sunlight,noise,inadequate lighting,"Specific odors (cosmetic perfume, etc.)",total,excessive drinking,Irregular eating (e.g. on an empty stomach),surfeit,excessively caffeinated drinks,excessive smoking,cheese chocolate,travel,etc,total,,sleep,rest,massage or stretching,work out,etc,total,,,vigorous exercise,moderate exercise,total,,,,
153,cmc-0002,M-002,201409141430,201409142240,8 hours 10 minutes,,20140914,weakness,0,,0,0,0,1,0,1,2,0,0,0,0,1,1,0,Y,1,0,1,0,0,0,0,1,0,0,0,0,N,,,,,,,,,0,Y,0,1,,,0,0,1,1,0,N,0,0,0,0,0,0,0,0,0,0,0,0,0,0,0,0,0,0,0,0,0,0,0,0,0,0,,0,1,0,0,0,1,,N,1,1,2,,,N,N
328,cmc-0002,M-002,201409251610,201409251855,2 hours 45 minutes,,20140925,middle,1,,0,0,0,1,1,1,3,0,1,1,0,1,3,1,Y,1,0,1,0,0,1,0,2,0,1,0,0,N,,,,,,,,,0,Y,0,1,0,1,1,0,1,1,0,N,0,0,0,0,0,0,0,0,0,0,0,0,0,0,0,0,0,0,0,0,0,0,0,0,0,0,,0,1,0,0,0,1,,N,1,1,2,,,N,N
70,cmc-0006,CM-001,201409041100,201409041400,3 hours 0 minutes,,20140904,weakness,0,3,0,0,0,0,1,0,1,0,0,0,1,0,1,1,N,0,0,0,0,0,1,0,1,0,0,0,0,N,,,,,,,,,0,N,0,0,,,0,,,0,0,N,0,0,0,0,0,0,0,0,0,0,0,0,0,0,0,0,0,0,0,0,0,0,0,0,0,0,,0,1,0,0,0,1,,N,1,1,2,,,N,N
745,cmc-0006,CM-001,201410160001,201410162359,23 hours 58 minutes,,20141016,middle,1,6,0,0,0,0,1,0,1,0,0,0,0,1,1,0,N,0,0,0,0,0,1,0,1,0,0,0,0,N,,,,,,,,,0,N,0,0,,,0,,,0,0,N,0,0,0,0,0,0,0,0,0,0,0,0,0,0,0,0,0,0,0,0,0,0,0,0,0,0,,0,1,0,0,0,1,,N,1,1,2,,,N,Y
790,cmc-0006,CM-001,201410200001,201410202359,23 hours 58 minutes,,20141020,middle,1,6,0,0,0,1,0,0,1,0,0,0,0,1,1,0,N,0,0,0,0,0,1,0,1,0,0,0,0,N,,,,,,,,,0,N,0,0,,,0,,,0,0,N,0,0,0,0,0,0,0,0,0,0,0,0,0,0,0,0,0,0,0,0,0,0,0,0,0,0,,1,0,0,0,0,1,,N,1,1,2,,,N,Y
232,cmc-0009,M-008,201409201400,201409202000,6 hours 0 minutes,,20140920,weakness,0,4,0,0,1,0,0,0,1,0,1,0,0,0,1,1,Y,1,0,0,0,0,0,0,0,0,1,0,0,N,,,,,,,,,0,N,0,0,,,0,,,0,0,N,0,0,0,0,0,0,0,0,0,0,0,0,0,0,0,0,0,0,0,0,0,0,0,0,0,0,,0,0,0,0,0,0,,N,1,1,2,,,N,N
332,cmc-0009,M-008,201409251358,201409252058,7 hours 0 minutes,,20140925,middle,1,4,0,0,1,0,0,0,1,0,1,0,0,0,1,1,Y,1,0,1,0,0,0,0,1,0,1,0,0,N,,,,,,,,,0,N,0,0,,,0,,,0,0,N,0,0,0,0,0,0,0,0,0,0,0,0,0,0,0,0,0,0,0,0,0,0,0,0,0,0,,0,0,0,0,0,0,,N,1,1,2,,,N,N
895,cmc-0011,M-010,201410250909,201410252359,14 hours 50 minutes,,20141025,,,4,0,0,0,0,1,0,1,0,0,0,1,0,1,1,,0,0,0,0,0,0,1,1,0,0,0,0,N,,,,,,,,,0,Y,0,1,,,0,0,1,1,0,N,0,0,0,0,0,0,0,0,0,0,0,0,0,0,0,0,0,0,0,0,0,0,0,0,0,0,,0,0,0,0,0,0,,N,1,1,2,,,N,Y
1411,cmc-0023,M-012,201411131800,201411131820,20 minutes,,20141113,weakness,0,3,0,0,0,0,0,1,1,0,0,0,0,1,1,0,N,0,0,0,0,0,0,0,0,0,0,0,0,N,,,,,,,,,0,N,0,0,,,0,,,0,0,N,0,0,0,0,0,0,0,0,0,0,0,0,0,0,0,0,0,0,0,0,0,0,0,0,0,0,,0,1,0,0,0,1,,N,1,1,2,,,N,N
1048,cmc-0025,CM-003,201410271024,201410271724,7 hours 0 minutes,,20141027,weakness,0,4,0,0,0,1,0,0,1,0,0,0,1,0,1,1,N,0,0,0,0,0,1,0,1,0,0,0,0,N,,,,,,,,,0,N,0,0,,,0,,,0,0,N,0,0,0,0,0,0,0,0,0,0,0,0,0,0,0,0,0,0,0,0,0,0,0,0,0,0,,0,1,1,0,1,3,"On days when I don't have a bad headache, I go for a nearby hike.",Y,0,1,1,0 hours 0 minutes,1 hour 30 minutes,N,N
772,cmc-0027,CM-004,201410181811,201410182311,5 hours 0 minutes,,20141018,weakness,0,4,0,0,1,0,0,0,1,0,0,0,0,1,1,0,,0,0,0,0,0,0,0,0,0,0,0,0,N,,,,,,,,,0,,0,0,,,0,,,0,0,N,0,0,0,0,0,0,0,0,0,0,0,0,0,0,0,0,0,0,0,0,0,0,0,0,0,0,,0,1,0,0,0,1,,Y,0,1,1,0 hours 0 minutes,0 hours 30 minutes,N,N
1666,cmc-0027,cm-004,201411241238,201411242359,11 hours 21 minutes,,20141124,middle,1,7,0,0,0,0,0,0,0,0,0,0,0,0,0,0,,0,0,0,0,0,0,0,0,0,0,0,0,,,,,,,,,,0,,0,0,,,0,,,0,0,N,0,0,0,0,0,0,0,0,0,0,0,0,0,0,0,0,0,0,0,0,0,0,0,0,0,0,,0,0,0,0,0,0,,N,1,1,2,,,N,Y
1668,cmc-0027,cm-004,201411261139,201411262359,12 hours 20 minutes,,20141126,middle,1,7,0,0,0,0,0,0,0,0,0,0,0,0,0,0,,0,0,0,0,0,0,0,0,0,0,0,0,,,,,,,,,,0,,0,0,,,0,,,0,0,N,0,0,0,0,0,0,0,0,0,0,0,0,0,0,0,0,0,0,0,0,0,0,0,0,0,0,,0,0,0,0,0,0,,N,1,1,2,,,N,Y
387,cmc-0032,CM-005,201409300838,201409301559,7 hours 21 minutes,,20140930,middle,1,4,0,0,0,0,0,1,1,0,1,1,0,0,2,1,N,0,0,1,0,0,1,0,2,0,1,0,0,N,,,,,,,,,0,N,0,0,,,0,,,0,0,N,0,0,0,0,0,0,0,0,0,0,0,0,0,0,0,0,0,0,0,0,0,0,0,0,0,0,,0,0,0,0,0,0,,N,1,1,2,,,N,N
548,cmc-0032,CM-005,201410051234,201410051419,1 hour 45 minutes,,20141005,weakness,0,3,0,0,0,0,0,1,1,0,0,1,0,0,1,0,N,0,0,1,0,0,0,0,1,0,0,0,0,N,,,,,,,,,0,N,0,0,,,0,,,0,0,N,0,0,0,0,0,0,0,0,0,0,0,0,0,0,0,0,0,0,0,0,0,0,0,0,0,0,,0,1,0,0,0,1,,N,1,1,2,,,N,N
2481,cmc-0049,M-033,201501051400,201501052000,6 hours 0 minutes,,20150105,weakness,0,3,0,0,1,0,0,0,1,0,0,0,0,1,1,0,N,0,0,1,0,0,0,0,1,0,0,0,0,N,,,,,,,,,0,N,0,0,,,0,,,0,0,N,0,0,0,0,0,0,0,0,0,0,0,0,0,0,0,0,0,0,0,0,0,0,0,0,0,0,,0,1,0,0,0,1,,N,1,1,2,,,N,N
1852,cmc-0064,M-037,201412091152,201412091348,1 hour 56 minutes,,20141209,weakness,0,3,0,0,1,0,0,0,1,0,1,0,0,0,1,1,N,0,0,0,0,0,1,0,1,0,0,0,0,N,,,,,,,,,0,N,0,0,,,0,,,0,0,N,0,0,0,0,0,0,0,0,0,0,0,0,0,0,0,0,0,0,0,0,0,0,0,0,0,0,,1,1,1,1,1,5,stress and smell,Y,1,1,2,0 hours 30 minutes,0 hours 30 minutes,N,N
2252,cmc-0069,M-042,201412190800,201412191047,2 hours 47 minutes,,20141219,weakness,0,2,0,0,1,1,0,0,2,0,0,0,0,1,1,0,N,0,0,0,0,0,0,0,0,0,0,0,0,N,,,,,,,,,0,N,0,0,,,0,,,0,0,N,0,0,0,0,0,0,0,0,0,0,0,0,0,0,0,0,0,0,0,0,0,0,0,0,0,0,,0,1,0,0,0,1,,N,1,1,2,,,N,N
3016,cmc-0069,M-042,201501271912,201501272012,1 hour 0 minutes,,20150127,weakness,0,1,0,0,1,0,0,0,1,0,0,0,0,1,1,0,N,0,0,0,0,0,0,0,0,0,0,0,0,N,,,,,,,,,0,N,0,0,,,0,,,0,0,N,0,0,0,0,0,0,0,0,0,0,0,0,0,0,0,0,0,0,0,0,0,0,0,0,0,0,,0,0,0,0,0,0,,N,1,1,2,,,N,N
4488,cmc-0077,M-049,201503061500,201503061700,2 hours 0 minutes,,20150306,weakness,0,3,0,0,1,0,0,0,1,0,1,0,0,0,1,1,N,0,0,0,0,0,0,0,0,0,0,0,0,N,,,,,,,,,0,N,0,0,,,0,,,0,0,N,0,0,0,0,0,0,0,0,0,0,0,0,0,0,0,0,0,0,0,0,0,0,0,0,0,0,,0,1,0,0,0,1,,N,1,1,2,,,N,N
2867,cmc-0078,M-050,201501211600,,3 hours 40 minutes,,20150121,weakness,0,3,0,0,0,1,0,0,1,0,0,0,0,1,1,0,N,0,0,1,0,0,0,0,1,0,0,0,0,N,,,,,,,,,0,N,0,0,,,0,,,0,0,N,0,0,0,0,0,0,0,0,0,0,0,0,0,0,0,0,0,0,0,0,0,0,0,0,0,0,,0,1,0,0,0,1,,N,1,1,2,,,N,N
2934,cmc-0078,M-050,201501241841,201501242359,5 hours 18 minutes,,20150124,weakness,0,1,0,0,1,0,0,0,1,0,0,0,0,1,1,0,N,0,1,0,0,1,0,0,1,0,0,1,0,N,,,,,,,,,0,N,0,0,,,0,,,0,0,N,0,0,0,0,0,0,0,0,0,0,0,0,0,0,0,0,0,0,0,0,0,0,0,0,0,0,,0,1,0,0,0,1,,N,1,1,2,,,N,Y
55,dha-0004,EM4,201408130630,201408131200,5 hours 30 minutes,,20140813,weakness,0,2,0,0,0,1,1,1,3,0,0,0,0,1,1,0,N,0,0,0,0,0,0,0,0,0,0,0,0,N,,,,,,,,,0,Y,0,1,,,0,0,1,1,0,N,0,0,0,0,0,0,0,0,0,0,0,0,0,0,0,0,0,0,0,0,0,0,0,0,0,0,,0,0,0,0,1,1,Just as time passes,N,1,1,2,,,N,N
312,dha-0010,em10,201409181000,N,8 hours 46 minutes,,20140918,weakness,0,3,0,0,0,1,0,0,1,0,0,0,0,1,1,0,N,0,0,0,0,0,0,0,0,0,0,0,0,N,,,,,,,,,0,N,0,0,,,0,,,0,0,N,0,0,0,0,0,0,0,0,0,0,0,0,0,0,0,0,0,0,0,0,0,0,0,0,0,0,,1,1,0,0,0,2,,Y,0,1,1,0 hours 0 minutes,4 hours 0 minutes,N,N
342,dha-0010,em10,201409211300,N,4 hours 47 minutes,,20140921,middle,1,7,0,0,1,1,0,1,3,0,1,0,1,0,2,1,N,0,0,1,0,0,0,0,1,0,1,0,0,N,,,,,,,,,0,N,0,0,,,0,,,0,0,N,0,0,0,0,0,0,0,0,0,0,0,0,0,0,0,0,0,0,0,0,0,0,0,0,0,0,,0,0,0,0,0,0,,Y,0,1,1,0 hours 0 minutes,2 hours 0 minutes,N,N
375,dha-0010,em10,201409231700,201409232200,5 hours 0 minutes,,20140923,,,5,0,0,0,1,0,1,2,0,1,0,1,0,2,1,N,0,0,0,0,0,0,0,0,0,0,0,0,N,,,,,,,,,0,N,0,0,,,0,,,0,0,N,0,0,0,0,0,0,0,0,0,0,0,0,0,0,0,0,0,0,0,0,0,0,0,0,0,0,,0,0,0,1,0,1,,Y,0,1,1,0 hours 0 minutes,3 hours 0 minutes,,
450,dha-0010,em10,201409300950,201409302359,14 hours 9 minutes,,20140930,weakness,0,3,0,0,1,0,0,0,1,0,0,0,0,1,1,0,N,0,0,1,0,0,0,0,1,0,0,0,0,N,,,,,,,,,0,N,0,0,,,0,,,0,0,N,0,0,0,0,0,0,0,0,0,0,0,0,0,0,0,0,0,0,0,0,0,0,0,0,0,0,,0,0,0,0,0,0,,Y,0,1,1,0 hours 0 minutes,2 hours and 30 minutes,N,Y
451,dha-0010,em10,201410010756,201410012359,16 hours 3 minutes,,20141001,weakness,0,3,0,0,0,0,0,1,1,0,0,0,0,1,1,0,N,0,0,1,0,0,0,0,1,0,0,0,0,N,,,,,,,,,0,N,0,0,,,0,,,0,0,N,0,0,0,0,0,0,0,0,0,0,0,0,0,0,0,0,0,0,0,0,0,0,0,0,0,0,,0,0,0,0,0,0,,N,1,1,2,,,,
485,dha-0010,em10,201410020900,201410022359,14 hours 59 minutes,,20141002,weakness,0,4,0,0,0,1,0,0,1,0,0,1,0,0,1,0,N,0,0,1,0,0,0,0,1,0,0,0,0,N,,,,,,,,,0,N,0,0,,,0,,,0,0,N,0,0,0,0,0,0,0,0,0,0,0,0,0,0,0,0,0,0,0,0,0,0,0,0,0,0,,1,0,0,0,0,1,,Y,0,1,1,0 hours 0 minutes,2 hours 0 minutes,N,Y
486,dha-0010,em10,201410030900,201410032359,14 hours 59 minutes,,20141003,middle,1,5,0,0,0,1,0,1,2,0,0,1,0,0,1,0,N,0,0,1,0,0,0,0,1,0,0,0,0,N,,,,,,,,,0,N,0,0,,,0,,,0,0,N,0,0,0,0,0,0,0,0,0,0,0,0,0,0,0,0,0,0,0,0,0,0,0,0,0,0,,0,0,0,0,0,0,,Y,0,1,1,0 hours 0 minutes,1 hour 30 minutes,N,Y
573,dha-0010,em10,201410091100,201410092359,12 hours 59 minutes,,20141009,weakness,0,4,0,0,1,1,1,1,4,0,1,0,0,1,2,1,N,0,0,1,0,0,0,1,2,1,0,1,0,N,,,,,,,,,0,N,0,0,,,0,,,0,0,N,0,0,0,0,0,0,0,0,0,0,0,0,0,0,0,0,0,0,0,0,0,0,0,0,0,0,,0,0,0,1,0,1,,Y,0,1,1,0 hours 0 minutes,4 hours and 30 minutes,N,Y
609,dha-0010,em10,201410111000,201410112359,13 hours 59 minutes,,20141011,weakness,0,4,0,0,1,1,1,1,4,0,1,0,0,1,2,1,N,0,0,0,0,0,0,1,1,0,0,0,0,N,,,,,,,,,0,N,0,0,,,0,,,0,0,N,0,0,0,0,0,0,0,0,0,0,0,0,0,0,0,0,0,0,0,0,0,0,0,0,0,0,,0,0,0,0,0,0,,Y,0,1,1,0 hours 0 minutes,5 hours 0 minutes,N,Y
660,dha-0010,em10,201410151300,201410152359,10 hours 59 minutes,,20141015,weakness,0,4,0,0,0,1,0,1,2,0,0,0,0,1,1,0,N,0,0,1,0,0,0,0,1,0,0,0,0,N,,,,,,,,,0,N,0,0,,,0,,,0,0,N,0,0,0,0,0,0,0,0,0,0,0,0,0,0,0,0,0,0,0,0,0,0,0,0,0,0,,0,0,0,0,0,0,,N,1,1,2,,,N,Y
731,dha-0010,em10,201410161300,201410162359,10 hours 59 minutes,,20141016,weakness,0,5,0,0,1,1,0,1,3,0,0,0,0,1,1,0,N,0,0,1,0,0,0,0,1,0,0,0,0,N,,,,,,,,,0,N,0,0,,,0,,,0,0,N,0,0,0,0,0,0,0,0,0,0,0,0,0,0,0,0,0,0,0,0,0,0,0,0,0,0,,0,0,0,1,0,1,,N,1,1,2,,,Y,N
730,dha-0010,em10,201410181000,201410182359,13 hours 59 minutes,,20141018,middle,1,5,0,0,1,1,0,1,3,0,0,0,0,1,1,0,N,0,0,0,0,0,0,0,0,0,0,0,0,N,,,,,,,,,0,N,0,0,,,0,,,0,0,N,0,0,0,0,0,0,0,0,0,0,0,0,0,0,0,0,0,0,0,0,0,0,0,0,0,0,,0,0,0,1,0,1,,N,1,1,2,,,Y,N
887,dha-0010,em10,201410281300,201410282359,10 hours 59 minutes,,20141028,weakness,0,4,0,0,1,1,1,0,3,0,0,0,0,1,1,0,N,0,0,1,0,0,0,0,1,0,0,0,0,N,,,,,,,,,0,N,0,0,,,0,,,0,0,N,0,0,0,0,0,0,0,0,0,0,0,0,0,0,0,0,0,0,0,0,0,0,0,0,0,0,,0,0,0,1,0,1,,Y,0,1,1,0 hours 0 minutes,1 hour 0 minutes,N,Y
933,dha-0010,em10,201410311400,201410312359,9 hours 59 minutes,,20141031,weakness,0,4,0,0,1,0,1,0,2,0,0,0,0,1,1,0,N,0,0,0,0,0,0,0,0,0,0,0,0,N,,,,,,,,,0,N,0,0,,,0,,,0,0,N,0,0,0,0,0,0,0,0,0,0,0,0,0,0,0,0,0,0,0,0,0,0,0,0,0,0,,0,0,0,0,0,0,,Y,0,1,1,0 hours 0 minutes,1 hour 30 minutes,N,Y
994,dha-0010,em10,201411040900,201411042359,6 hours 4 minutes,,20141104,weakness,0,,0,0,1,1,0,0,2,0,0,0,0,1,1,0,N,0,0,0,0,0,0,0,0,0,0,0,0,N,,,,,,,,,0,N,0,0,,,0,,,0,0,N,0,0,0,0,0,0,0,0,0,0,0,0,0,0,0,0,0,0,0,0,0,0,0,0,0,0,,0,0,0,1,0,1,,Y,0,1,1,0 hours 0 minutes,1 hour 30 minutes,,
1030,dha-0010,em10,201411050800,201411052359,15 hours 59 minutes,,20141105,weakness,0,4,0,0,1,1,0,0,2,0,0,0,0,1,1,0,N,0,0,0,0,0,0,0,0,0,0,0,0,N,,,,,,,,,0,N,0,0,,,0,,,0,0,N,0,0,0,0,0,0,0,0,0,0,0,0,0,0,0,0,0,0,0,0,0,0,0,0,0,0,,1,0,0,1,0,2,,N,1,1,2,,,Y,N
1029,dha-0010,em10,201411060800,201411062359,15 hours 59 minutes,,20141106,middle,1,5,0,0,1,1,0,0,2,0,0,0,0,1,1,0,N,0,0,0,0,0,0,0,0,0,0,0,0,N,,,,,,,,,0,N,0,0,,,0,,,0,0,N,0,0,0,0,0,0,0,0,0,0,0,0,0,0,0,0,0,0,0,0,0,0,0,0,0,0,,0,0,0,1,0,1,,N,1,1,2,,,,
1119,dha-0010,em10,201411071051,201411072251,12 hours 0 minutes,,20141107,weakness,0,4,0,0,1,1,0,0,2,0,0,0,0,1,1,0,N,0,0,0,0,0,0,0,0,0,0,0,0,N,,,,,,,,,0,N,0,0,,,0,,,0,0,N,0,0,0,0,0,0,0,0,0,0,0,0,0,0,0,0,0,0,0,0,0,0,0,0,0,0,,0,0,0,1,0,1,,N,1,1,2,,,Y,N
1097,dha-0010,em10,201411100954,201411102359,14 hours 5 minutes,,20141110,weakness,0,3,0,0,1,1,0,0,2,0,0,0,0,1,1,0,N,0,0,1,0,0,0,0,1,0,0,0,0,N,,,,,,,,,0,N,0,0,,,0,,,0,0,N,0,0,0,0,0,0,0,0,0,0,0,0,0,0,0,0,0,0,0,0,0,0,0,0,0,0,,1,1,0,0,0,2,,N,1,1,2,,,N,Y
1163,dha-0010,em10,201411130839,201411132359,15 hours 20 minutes,,20141113,weakness,0,3,0,0,0,1,1,0,2,0,0,0,1,1,2,1,N,0,0,0,0,0,0,0,0,0,0,0,0,N,,,,,,,,,0,N,0,0,,,0,,,0,0,N,0,0,0,0,0,0,0,0,0,0,0,0,0,0,0,0,0,0,0,0,0,0,0,0,0,0,,0,1,0,0,0,1,,N,1,1,2,,,Y,N
1219,dha-0010,em10,201411161440,,8 hours 0 minutes,,20141116,weakness,0,4,0,0,1,1,1,0,3,0,0,0,0,1,1,0,N,0,0,1,0,0,0,0,1,0,0,0,0,N,,,,,,,,,0,N,0,0,,,0,,,0,0,N,0,0,0,0,0,0,0,0,0,0,0,0,0,0,0,0,0,0,0,0,0,0,0,0,0,0,,0,1,0,0,0,1,,N,1,1,2,,,Y,N
209,dha-0014,em14,201409091605,201409092005,4 hours 0 minutes,,20140909,weakness,0,3,0,0,0,0,1,0,1,0,0,0,1,0,1,1,N,0,0,0,0,0,0,0,0,0,0,0,0,N,,,,,,,,,0,N,0,0,,,0,,,0,0,N,0,0,0,0,0,0,0,0,0,0,0,0,0,0,0,0,0,0,0,0,0,0,0,0,0,0,,0,1,0,0,0,1,,N,1,1,2,,,N,N
512,dha-0014,em14,201410040759,201410041559,8 hours 0 minutes,,20141004,weakness,0,4,0,0,0,0,1,0,1,0,0,1,0,0,1,0,N,0,0,0,0,0,0,0,0,0,0,0,0,N,,,,,,,,,0,N,0,0,,,0,,,0,0,N,0,0,0,0,0,0,0,0,0,0,0,0,0,0,0,0,0,0,0,0,0,0,0,0,0,0,,0,1,0,0,0,1,,N,1,1,2,,,N,N
789,dha-0014,em14,201410210724,201410211324,6 hours 0 minutes,,20141021,weakness,0,4,0,0,0,1,1,0,2,0,1,0,0,0,1,1,N,0,0,0,0,0,0,0,0,0,0,0,0,N,,,,,,,,,0,Y,0,1,,,0,0,1,1,0,N,0,0,0,0,0,0,0,0,0,0,0,0,0,0,0,0,0,0,0,0,0,0,0,0,0,0,,0,1,0,0,0,1,,N,1,1,2,,,N,N
419,dha-0015,em15,201409261500,201409262200,7 hours 0 minutes,,20140926,weakness,0,4,0,0,1,0,0,1,2,0,0,0,0,1,1,0,N,0,0,1,0,0,0,0,1,0,0,0,0,N,,,,,,,,,0,Y,0,1,,,0,0,1,1,0,N,0,0,0,0,0,0,0,0,0,0,0,0,0,0,0,0,0,0,0,0,0,0,0,0,0,0,,1,1,1,0,0,3,,N,1,1,2,,,N,N
302,dha-0018,EM18,201409171640,201409171850,2 hours 10 minutes,,20140917,weakness,0,3,0,0,0,1,0,0,1,0,0,0,0,1,1,0,N,0,0,0,0,0,0,0,0,0,0,0,0,N,,,,,,,,,0,N,0,0,,,0,,,0,0,N,0,0,0,0,0,0,0,0,0,0,0,0,0,0,0,0,0,0,0,0,0,0,0,0,0,0,,0,1,0,0,0,1,,N,1,1,2,,,,
396,dha-0022,em22,201409250600,201409251410,8 hours 10 minutes,,20140925,weakness,0,1,0,0,0,0,1,0,1,0,0,0,1,0,1,1,N,0,0,0,0,0,0,0,0,0,0,0,0,N,,,,,,,,,0,N,0,0,,,0,,,0,0,N,0,0,0,0,0,0,0,0,0,0,0,0,0,0,0,0,0,0,0,0,0,0,0,0,0,0,,1,1,0,0,0,2,,N,1,1,2,,,N,N
447,dha-0022,em22,201409301630,,4 hours 0 minutes,,20140930,weakness,0,1,0,0,0,0,1,0,1,0,0,0,1,0,1,1,N,0,0,0,0,0,1,0,1,0,0,0,0,N,,,,,,,,,0,N,0,0,,,0,,,0,0,N,0,0,0,0,0,0,0,0,0,0,0,0,0,0,0,0,0,0,0,0,0,0,0,0,0,0,,0,0,0,0,0,0,,N,1,1,2,,,N,N
1083,dha-0023,EM23,201411082000,201411082359,3 hours 59 minutes,,20141108,weakness,0,,0,0,0,0,1,0,1,0,0,0,0,1,1,0,,0,0,0,0,0,0,0,0,0,0,0,0,N,,,,,,,,,0,N,0,0,,,0,,,0,0,N,0,0,0,0,0,0,0,0,0,0,0,0,0,0,0,0,0,0,0,0,0,0,0,0,0,0,Period 3 days before period,0,0,0,0,0,0,,N,1,1,2,,,N,Y
566,dha-0033,em33,201410082217,201410082359,1 hour 42 minutes,,20141008,weakness,0,1,0,0,0,0,0,1,1,0,0,0,1,0,1,1,N,0,0,0,0,0,0,1,1,0,0,0,0,N,,,,,,,,,0,N,0,0,,,0,,,0,0,N,0,0,0,0,0,0,0,0,0,0,0,0,0,0,0,0,0,0,0,0,0,0,0,0,0,0,,1,0,0,0,0,1,,N,1,1,2,,,,
1989,dha-0033,em33,201412222000,201412222359,3 hours 59 minutes,,20141222,weakness,0,3,0,0,1,0,0,0,1,0,0,0,0,0,0,0,,0,0,0,0,0,0,0,0,0,0,0,0,N,,,,,,,,,0,N,0,0,,,0,,,0,0,N,0,0,0,0,0,0,0,0,0,0,0,0,0,0,0,0,0,0,0,0,0,0,0,0,0,0,,0,0,0,0,0,0,,N,1,1,2,,,,
1094,dha-0042,em42,201411091300,201411092300,10 hours 0 minutes,,20141109,weakness,0,1,0,0,1,0,0,1,2,0,0,0,1,1,2,1,N,0,0,0,0,0,0,0,0,0,0,0,0,N,,,,,,,,,0,N,0,0,,,0,,,0,0,N,0,0,0,0,0,0,0,0,0,0,0,0,0,0,0,0,0,0,0,0,0,0,0,0,0,0,,0,1,0,0,0,1,,N,1,1,2,,,N,N
1113,dha-0042,em42,201411101100,,12 hours 0 minutes,,20141110,weakness,0,1,0,0,1,0,0,1,2,0,0,0,1,1,2,1,N,0,0,0,0,0,0,0,0,0,0,0,0,N,,,,,,,,,0,N,0,0,,,0,,,0,0,N,0,0,0,0,0,0,0,0,0,0,0,0,0,0,0,0,0,0,0,0,0,0,0,0,0,0,,0,1,0,0,0,1,,N,1,1,2,,,N,N
1213,dha-0044,em44,201411161800,201411162241,4 hours 41 minutes,,20141116,weakness,0,4,0,0,1,0,1,0,2,0,0,1,0,0,1,0,N,0,0,1,0,0,0,0,1,0,0,0,0,N,,,,,,,,,0,N,0,0,,,0,,,0,0,N,0,0,0,0,0,0,0,0,0,0,0,0,0,0,0,0,0,0,0,0,0,0,0,0,0,0,,0,1,0,0,0,1,,Y,0,1,1,0 hours 0 minutes,0 hours 30 minutes,N,N
1435,dha-0044,em44,201411261800,201411262258,4 hours 58 minutes,,20141126,weakness,0,3,0,0,0,0,0,1,1,0,0,0,0,1,1,0,N,0,0,0,0,0,1,0,1,0,0,0,0,N,,,,,,,,,0,N,0,0,,,0,,,0,0,N,0,0,0,0,0,0,0,0,0,0,0,0,0,0,0,0,0,0,0,0,0,0,0,0,0,0,,1,0,0,0,0,1,,N,1,1,2,,,N,N
1934,dha-0044,em44,201412181335,201412182235,9 hours 0 minutes,,20141218,weakness,0,3,0,0,0,1,0,0,1,0,0,0,1,0,1,1,N,0,0,0,0,0,0,0,0,0,0,0,0,N,,,,,,,,,0,N,0,0,,,0,,,0,0,N,0,0,0,0,0,0,0,0,0,0,0,0,0,0,0,0,0,0,0,0,0,0,0,0,0,0,,1,0,0,0,0,1,,Y,0,1,1,0 hours 0 minutes,0 hours 20 minutes,N,N
2554,dha-0044,em44,201501162100,201501162359,2 hours 59 minutes,,20150116,weakness,0,4,0,0,0,1,0,0,1,0,0,0,1,0,1,1,N,0,0,0,0,0,0,0,0,0,0,0,0,N,,,,,,,,,0,N,0,0,,,0,,,0,0,N,0,0,0,0,0,0,0,0,0,0,0,0,0,0,0,0,0,0,0,0,0,0,0,0,0,0,,0,1,0,0,0,1,,N,1,1,2,,,N,Y
1511,dha-0051,EM51,201412010800,201412012359,15 hours 59 minutes,,20141201,weakness,0,2,0,0,0,0,0,1,1,0,0,1,0,0,1,0,Y,1,0,1,0,0,0,0,1,0,0,0,0,N,,,,,,,,,0,Y,0,1,0,1,1,0,1,1,0,N,0,0,0,0,0,0,0,0,0,0,0,0,0,0,0,0,0,0,0,0,0,0,0,0,0,0,,0,0,0,0,0,0,,N,1,1,2,,,N,Y
2050,dha-0060,em60,201412260526,201412260926,4 hours 0 minutes,,20141226,weakness,0,3,0,0,0,1,0,0,1,0,0,0,0,1,1,0,N,0,0,0,0,0,0,0,0,0,0,0,0,N,,,,,,,,,0,N,0,0,,,0,,,0,0,N,0,0,0,0,0,0,0,0,0,0,0,0,0,0,0,0,0,0,0,0,0,0,0,0,0,0,,0,1,0,0,0,1,,N,1,1,2,,,N,N
250,cmc-0003,M-003,201409191800,201409192330,5 hours 30 minutes,,20140919,weakness,0,4,1,0,0,0,0,0,1,1,0,0,1,0,1,1,Y,1,0,0,0,0,0,0,0,0,1,0,0,N,,,,,,,,,0,N,0,0,,,0,,,0,0,N,0,0,0,0,0,0,0,0,0,0,0,0,0,0,0,0,0,0,0,0,0,0,0,0,0,0,,1,1,0,0,0,2,,N,1,1,2,,,N,N
826,cmc-0003,M-003,201410212200,201410212356,1 hour 56 minutes,,20141021,weakness,0,3,0,1,1,0,0,0,2,1,0,0,1,0,1,1,N,0,0,0,0,0,0,0,0,0,1,0,0,N,,,,,,,,,0,N,0,0,,,0,,,0,0,N,0,0,0,0,0,0,0,0,0,0,0,0,0,0,0,0,0,0,0,0,0,0,0,0,0,0,,0,1,0,0,0,1,,N,1,1,2,,,N,N
1001,cmc-0003,M-003,201410281830,201410282359,5 hours 29 minutes,,20141028,weakness,0,4,1,0,0,0,1,0,2,1,0,0,1,0,1,1,Y,1,0,0,0,0,0,0,0,0,1,0,0,N,,,,,,,,,0,Y,0,1,0,1,1,,,0,0,N,0,0,0,0,0,0,0,0,0,0,0,0,0,0,0,0,0,0,0,0,0,0,0,0,0,0,,0,1,0,0,0,1,,N,1,1,2,,,N,Y
761,cmc-0004,M-004,201410171700,201410172359,6 hours 59 minutes,,20141017,weakness,0,3,0,1,0,0,0,0,1,1,0,0,1,0,1,1,Y,1,0,0,0,0,0,0,0,0,1,0,0,N,,,,,,,,,0,N,0,0,,,0,,,0,0,N,0,0,0,0,0,0,0,0,0,0,0,0,0,0,0,0,0,0,0,0,0,0,0,0,0,0,,0,1,0,0,0,1,,N,1,1,2,,,N,Y
147,cmc-0006,CM-001,201409132212,201409132359,1 hour 47 minutes,,20140913,middle,1,5,0,1,0,0,0,0,1,1,0,0,1,0,1,1,N,0,0,1,0,0,0,0,1,0,1,0,0,N,,,,,,,,,0,N,0,0,,,0,,,0,0,N,0,0,0,0,0,0,0,0,0,0,0,0,0,0,0,0,0,0,0,0,0,0,0,0,0,0,,0,0,0,0,1,1,Sangni Middle School,N,1,1,2,,,N,Y
617,cmc-0006,CM-001,201410081004,201410082359,13 hours 55 minutes,,20141008,middle,1,6,0,1,0,0,0,0,1,1,0,0,1,0,1,1,N,0,0,0,0,0,1,0,1,0,1,0,0,N,,,,,,,,,0,N,0,0,,,0,,,0,0,N,0,0,0,0,0,0,0,0,0,0,0,0,0,0,0,0,0,0,0,0,0,0,0,0,0,0,,0,0,0,0,0,0,,N,1,1,2,,,N,Y
618,cmc-0006,CM-001,201410090100,201410092359,22 hours 59 minutes,,20141009,middle,1,7,0,1,0,0,0,0,1,1,0,0,1,0,1,1,N,0,0,0,0,0,0,0,0,0,1,0,0,N,,,,,,,,,0,N,0,0,,,0,,,0,0,N,0,0,0,0,0,0,0,0,0,0,0,0,0,0,0,0,0,0,0,0,0,0,0,0,0,0,,0,0,0,0,0,0,,N,1,1,2,,,N,Y
743,cmc-0006,CM-001,201410140001,201410142359,23 hours 58 minutes,,20141014,middle,1,5,0,1,0,0,0,0,1,1,1,0,1,0,2,1,N,0,0,0,0,0,1,0,1,0,1,0,0,N,,,,,,,,,0,N,0,0,,,0,,,0,0,N,0,0,0,0,0,0,0,0,0,0,0,0,0,0,0,0,0,0,0,0,0,0,0,0,0,0,,0,1,0,0,0,1,,N,1,1,2,,,N,Y
744,cmc-0006,CM-001,201410150001,201410152359,23 hours 58 minutes,,20141015,,,,1,0,0,0,0,0,1,1,0,0,0,1,1,0,N,0,0,0,0,0,1,0,1,0,0,0,0,N,,,,,,,,,0,N,0,0,,,0,,,0,0,N,0,0,0,0,0,0,0,0,0,0,0,0,0,0,0,0,0,0,0,0,0,0,0,0,0,0,,0,1,0,0,0,1,,N,1,1,2,,,N,Y
742,cmc-0006,CM-001,201410170001,201410172359,23 hours 58 minutes,,20141017,middle,1,5,1,0,0,0,0,0,1,1,1,0,0,0,1,1,N,0,0,0,0,0,1,0,1,0,1,0,0,N,,,,,,,,,0,N,0,0,,,0,,,0,0,N,0,0,0,0,0,0,0,0,0,0,0,0,0,0,0,0,0,0,0,0,0,0,0,0,0,0,,1,0,0,0,0,1,,N,1,1,2,,,N,Y
219,cmc-0022,M-011,201409191749,201409192359,6 hours 10 minutes,,20140919,weakness,0,2,1,0,0,0,0,0,1,1,1,0,0,0,1,1,,0,0,0,0,0,0,0,0,0,1,0,0,N,,,,,,,,,0,N,0,0,,,0,,,0,0,N,0,0,0,0,0,0,0,0,0,0,0,0,0,0,0,0,0,0,0,0,0,0,0,0,0,0,,0,0,0,0,0,0,,N,1,1,2,,,,
1273,cmc-0023,M-012,201410301932,201410302359,4 hours 27 minutes,,20141030,weakness,0,2,1,0,0,0,0,0,1,1,0,0,1,0,1,1,N,0,0,0,0,0,0,0,0,0,1,0,0,N,,,,,,,,,0,N,0,0,,,0,,,0,0,N,0,0,0,0,0,0,0,0,0,0,0,0,0,0,0,0,0,0,0,0,0,0,0,0,0,0,,0,0,0,0,0,0,,N,1,1,2,,,N,Y
1276,cmc-0023,M-012,201411021434,201411022359,9 hours 25 minutes,,20141102,weakness,0,3,1,1,0,0,0,0,2,1,0,0,1,0,1,1,N,0,0,0,0,0,0,0,0,0,1,0,0,N,,,,,,,,,0,N,0,0,,,0,,,0,0,N,0,0,0,0,0,0,0,0,0,0,0,0,0,0,0,0,0,0,0,0,0,0,0,0,0,0,,0,0,0,0,0,0,,N,1,1,2,,,N,Y
198,cmc-0027,CM-004,201409171300,201409171700,4 hours 0 minutes,,20140917,weakness,0,3,1,0,0,0,0,0,1,1,0,0,0,1,1,0,,0,0,0,0,0,0,0,0,0,0,0,0,N,,,,,,,,,0,N,0,0,,,0,,,0,0,N,0,0,0,0,0,0,0,0,0,0,0,0,0,0,0,0,0,0,0,0,0,0,0,0,0,0,,0,1,0,0,0,1,,N,1,1,2,,,N,N
289,cmc-0027,CM-004,201409220900,201409222359,14 hours 59 minutes,,20140922,Severe,1,7,1,0,0,0,0,0,1,1,1,0,0,1,2,1,,0,0,1,0,0,0,0,1,0,1,0,0,N,,,,,,,,,0,Y,0,1,,,0,0,1,1,0,N,0,0,0,0,0,0,0,0,0,0,0,0,0,0,0,0,0,0,0,0,0,0,0,0,0,0,,0,0,0,0,1,1,Continuing expedited convenience,N,1,1,2,,,N,Y
511,cmc-0027,CM-004,201409230800,,15 hours 59 minutes,,20140923,middle,1,7,1,0,0,0,0,0,1,1,1,0,0,0,1,1,Y,1,0,1,0,0,0,0,1,0,1,0,0,N,,,,,,,,,0,Y,0,1,,,0,0,1,1,0,N,0,0,0,0,0,0,0,0,0,0,0,0,0,0,0,0,0,0,0,0,0,0,0,0,0,0,,1,1,0,0,1,3,Acute convenience continuation,N,1,1,2,,,N,N
512,cmc-0027,CM-004,201409240900,,14 hours 57 minutes,,20140924,Severe,1,7,1,0,0,0,0,0,1,1,1,0,0,1,2,1,Y,1,0,1,0,0,1,0,2,0,1,0,0,N,,,,,,,,,0,Y,0,1,,,0,0,1,1,0,N,0,0,0,0,0,0,0,0,0,0,0,0,0,0,0,0,0,0,0,0,0,0,0,0,0,0,,0,0,0,0,1,1,Acute convenience continuation,N,1,1,2,,,N,N
514,cmc-0027,CM-004,201409261330,,8 hours 0 minutes,,20140926,middle,1,6,1,0,0,0,0,0,1,1,0,0,0,1,1,0,,0,0,0,0,0,0,0,0,0,1,0,0,N,,,,,,,,,0,,0,0,,,0,,,0,0,N,0,0,0,0,0,0,0,0,0,0,0,0,0,0,0,0,0,0,0,0,0,0,0,0,0,0,,0,0,0,0,0,0,,N,1,1,2,,,N,N
516,cmc-0027,CM-004,201409281003,201409281258,9 days 2 hours 55 minutes,,20140928,middle,1,6,1,0,0,0,0,0,1,1,1,0,0,1,2,1,N,0,0,1,0,0,0,0,1,0,1,0,0,N,,,,,,,,,0,,0,0,,,0,,,0,0,N,0,0,0,0,0,0,0,0,0,0,0,0,0,0,0,0,0,0,0,0,0,0,0,0,0,0,,0,0,0,0,0,0,,N,1,1,2,,,N,N
517,cmc-0027,CM-004,201410031158,201410032359,12 hours 1 minute,,20141003,middle,1,,1,0,0,0,0,0,1,1,1,0,0,0,1,1,,0,0,0,0,0,0,0,0,0,1,0,0,N,,,,,,,,,0,,0,0,,,0,,,0,0,N,0,0,0,0,0,0,0,0,0,0,0,0,0,0,0,0,0,0,0,0,0,0,0,0,0,0,,0,0,0,0,0,0,,N,1,1,2,,,N,Y
1003,cmc-0027,CM-004,201410280935,201410282359,14 hours 24 minutes,,20141028,middle,1,4,1,0,0,0,0,0,1,1,0,0,0,0,0,0,,0,0,0,0,0,0,0,0,0,1,0,0,N,,,,,,,,,0,,0,0,,,0,,,0,0,N,0,0,0,0,0,0,0,0,0,0,0,0,0,0,0,0,0,0,0,0,0,0,0,0,0,0,,0,0,0,0,1,1,I received additional Lyrica,N,1,1,2,,,N,Y
1013,cmc-0027,CM-004,201410291040,201410292040,10 hours 0 minutes,,20141029,weakness,0,4,1,0,0,0,0,0,1,1,0,0,0,1,1,0,,0,0,0,0,0,0,0,0,0,0,0,0,N,,,,,,,,,0,,0,0,,,0,,,0,0,N,0,0,0,0,0,0,0,0,0,0,0,0,0,0,0,0,0,0,0,0,0,0,0,0,0,0,,0,0,0,0,1,1,Take Lyricadash,N,1,1,2,,,N,N
1304,cmc-0027,CM-004,201411091157,201411092359,12 hours 2 minutes,,20141109,weakness,0,5,1,0,0,0,0,0,1,1,0,0,0,0,0,0,,0,0,0,0,0,0,0,0,0,0,0,0,N,,,,,,,,,0,,0,0,,,0,,,0,0,N,0,0,0,0,0,0,0,0,0,0,0,0,0,0,0,0,0,0,0,0,0,0,0,0,0,0,,0,0,0,0,0,0,,N,1,1,2,,,N,Y
1305,cmc-0027,CM-004,201411101158,201411102359,12 hours 1 minute,,20141110,weakness,0,5,1,0,0,0,0,0,1,1,0,0,0,0,0,0,,0,0,0,0,0,0,0,0,0,0,0,0,N,,,,,,,,,0,,0,0,,,0,,,0,0,N,0,0,0,0,0,0,0,0,0,0,0,0,0,0,0,0,0,0,0,0,0,0,0,0,0,0,,0,0,0,0,0,0,,N,1,1,2,,,N,Y
1371,cmc-0027,CM-004,201411111137,201411112037,9 hours 0 minutes,,20141111,weakness,0,4,1,0,0,0,0,0,1,1,0,0,0,1,1,0,,0,0,0,0,0,0,0,0,0,0,0,0,N,,,,,,,,,0,,0,0,,,0,,,0,0,N,0,0,0,0,0,0,0,0,0,0,0,0,0,0,0,0,0,0,0,0,0,0,0,0,0,0,,0,0,0,0,0,0,,N,1,1,2,,,N,N
1372,cmc-0027,CM-004,201411120939,201411121939,10 hours 0 minutes,,20141112,weakness,0,3,1,0,0,0,0,0,1,1,0,0,0,1,1,0,,0,0,0,0,0,0,0,0,0,0,0,0,N,,,,,,,,,0,,0,0,,,0,,,0,0,N,0,0,0,0,0,0,0,0,0,0,0,0,0,0,0,0,0,0,0,0,0,0,0,0,0,0,,0,0,0,0,0,0,,Y,0,1,1,0 hours 0 minutes,1 hour 0 minutes,N,N
1506,cmc-0027,CM-004,201411181321,201411182221,9 hours 0 minutes,,20141118,weakness,0,4,1,0,0,0,0,0,1,1,0,0,0,1,1,0,,0,0,0,0,0,0,0,0,0,0,0,0,N,,,,,,,,,0,,0,0,,,0,,,0,0,N,0,0,0,0,0,0,0,0,0,0,0,0,0,0,0,0,0,0,0,0,0,0,0,0,0,0,,1,1,0,0,0,2,,Y,0,1,1,0 hours 0 minutes,1 hour 0 minutes,N,N
1794,cmc-0027,cm-004,201412071736,201412072336,6 hours 0 minutes,,20141207,weakness,0,4,0,1,0,0,0,0,1,1,0,0,0,1,1,0,,0,0,0,0,0,0,0,0,0,0,0,0,N,,,,,,,,,0,,0,0,,,0,,,0,0,N,0,0,0,0,0,0,0,0,0,0,0,0,0,0,0,0,0,0,0,0,0,0,0,0,0,0,,1,1,0,0,0,2,,N,1,1,2,,,N,N
1961,cmc-0027,cm-004,201412131637,201412132337,7 hours 0 minutes,,20141213,weakness,0,4,1,0,0,0,0,0,1,1,0,0,0,1,1,0,,0,0,0,0,0,0,0,0,0,0,0,0,N,,,,,,,,,0,,0,0,,,0,,,0,0,N,0,0,0,0,0,0,0,0,0,0,0,0,0,0,0,0,0,0,0,0,0,0,0,0,0,0,,1,1,0,0,0,2,,N,1,1,2,,,N,N
2115,cmc-0027,cm-004,201412201434,201412202359,9 hours 25 minutes,,20141220,weakness,0,5,1,0,0,0,0,0,1,1,0,0,0,0,0,0,,0,0,0,0,0,0,0,0,0,0,0,0,,,,,,,,,,0,,0,0,,,0,,,0,0,N,0,0,0,0,0,0,0,0,0,0,0,0,0,0,0,0,0,0,0,0,0,0,0,0,0,0,,0,0,0,0,0,0,,N,1,1,2,,,N,Y
2173,cmc-0027,cm-004,201412231736,201412232136,4 hours 0 minutes,,20141223,weakness,0,3,1,0,0,0,0,0,1,1,0,0,0,1,1,0,,0,0,0,0,0,0,0,0,0,0,0,0,N,,,,,,,,,0,,0,0,,,0,,,0,0,N,0,0,0,0,0,0,0,0,0,0,0,0,0,0,0,0,0,0,0,0,0,0,0,0,0,0,,0,0,0,0,0,0,,N,1,1,2,,,N,N
312,cmc-0028,M-014,201409241659,201409242100,4 hours 1 minute,,20140924,weakness,0,2,1,0,0,0,0,0,1,1,1,0,0,0,1,1,Y,1,0,0,0,0,0,0,0,0,1,0,0,N,,,,,,,,,0,,0,0,,,0,,,0,0,N,0,0,0,0,0,0,0,0,0,0,0,0,0,0,0,0,0,0,0,0,0,0,0,0,0,0,,0,0,0,0,0,0,,Y,0,1,1,0 hours 0 minutes,0 hours 30 minutes,,
263,cmc-0033,CM-006,201409221700,201409221857,1 hour 57 minutes,,20140922,weakness,0,1,1,0,0,0,0,0,1,1,1,0,1,0,2,1,N,0,0,0,0,0,0,0,0,0,1,0,0,N,,,,,,,,,0,N,0,0,,,0,,,0,0,N,0,0,0,0,0,0,0,0,0,0,0,0,0,0,0,0,0,0,0,0,0,0,0,0,0,0,,0,0,0,0,0,0,,N,1,1,2,,,N,N
482,cmc-0033,CM-006,201410041453,201410041853,4 hours 0 minutes,,20141004,weakness,0,1,1,0,0,0,0,0,1,1,0,1,0,0,1,0,N,0,0,0,0,0,0,0,0,0,0,0,0,N,,,,,,,,,0,N,0,0,,,0,,,0,0,N,0,0,0,0,0,0,0,0,0,0,0,0,0,0,0,0,0,0,0,0,0,0,0,0,0,0,,0,1,0,0,0,1,,Y,0,1,1,0 hours 0 minutes,1 hour 0 minutes,N,N
692,cmc-0033,CM-006,201410131930,201410132330,4 hours 0 minutes,,20141013,weakness,0,1,1,0,0,0,0,0,1,1,0,1,0,0,1,0,N,0,0,0,0,0,0,0,0,0,0,0,0,N,,,,,,,,,0,N,0,0,,,0,,,0,0,N,0,0,0,0,0,0,0,0,0,0,0,0,0,0,0,0,0,0,0,0,0,0,0,0,0,0,,0,0,0,0,0,0,,Y,0,1,1,0 hours 0 minutes,1 hour 0 minutes,N,N
821,cmc-0033,CM-006,201410211809,201410212109,3 hours 0 minutes,,20141021,weakness,0,1,1,0,0,0,0,0,1,1,1,0,0,0,1,1,N,0,0,0,0,0,0,0,0,0,1,0,0,N,,,,,,,,,0,N,0,0,,,0,,,0,0,N,0,0,0,0,0,0,0,0,0,0,0,0,0,0,0,0,0,0,0,0,0,0,0,0,0,0,,0,0,0,0,0,0,,N,1,1,2,,,N,N
1796,cmc-0048,M-032,201412071532,,1 hour 0 minutes,,20141207,weakness,0,2,1,0,0,0,0,0,1,1,1,0,0,0,1,1,N,0,0,0,0,0,0,0,0,0,1,0,0,N,,,,,,,,,0,N,0,0,,,0,,,0,0,N,0,0,0,0,0,0,0,0,0,0,0,0,0,0,0,0,0,0,0,0,0,0,0,0,0,0,,0,0,0,0,1,1,walk,N,1,1,2,,,N,N
1368,cmc-0049,M-033,201411122000,201411122200,2 hours 0 minutes,,20141112,weakness,0,,0,1,0,0,0,0,1,1,0,1,0,0,1,0,,0,0,0,0,0,0,0,0,0,0,0,0,N,,,,,,,,,0,N,0,0,,,0,,,0,0,N,0,0,0,0,0,0,0,0,0,0,0,0,0,0,0,0,0,0,0,0,0,0,0,0,0,0,,0,0,0,0,0,0,,N,1,1,2,,,N,N
259,dha-0010,em10,201409131300,201409132359,10 hours 59 minutes,,20140913,weakness,0,3,0,1,0,0,0,1,2,1,1,0,1,0,2,1,N,0,0,0,0,0,0,0,0,0,1,0,0,N,,,,,,,,,0,N,0,0,,,0,,,0,0,N,0,0,0,0,0,0,0,0,0,0,0,0,0,0,0,0,0,0,0,0,0,0,0,0,0,0,,0,0,0,0,1,1,walking healing,N,1,1,2,,,N,Y
273,dha-0010,em10,201409141030,201409142359,7 hours 19 minutes,,20140914,weakness,0,2,0,1,0,0,0,0,1,1,0,0,0,1,1,0,N,0,0,0,0,0,0,0,0,0,0,0,0,N,,,,,,,,,0,N,0,0,,,0,,,0,0,N,0,0,0,0,0,0,0,0,0,0,0,0,0,0,0,0,0,0,0,0,0,0,0,0,0,0,,0,1,0,0,0,1,,N,1,1,2,,,,
279,dha-0010,em10,201409150800,201409152359,15 hours 59 minutes,,20140915,weakness,0,2,0,1,1,0,0,1,3,1,0,1,0,1,2,0,N,0,0,0,0,0,0,0,0,0,0,0,0,N,,,,,,,,,0,N,0,0,,,0,,,0,0,N,0,0,0,0,0,0,0,0,0,0,0,0,0,0,0,0,0,0,0,0,0,0,0,0,0,0,,0,0,0,0,0,0,,Y,1,1,2,1 hour 30 minutes,1 hour 30 minutes,,
293,dha-0010,em10,201409161000,201409162359,13 hours 59 minutes,,20140916,weakness,0,2,1,0,0,1,0,0,2,1,1,0,0,1,2,1,N,0,0,0,0,0,0,0,0,0,1,0,0,N,,,,,,,,,0,N,0,0,,,0,,,0,0,N,0,0,0,0,0,0,0,0,0,0,0,0,0,0,0,0,0,0,0,0,0,0,0,0,0,0,,0,1,0,1,0,2,,Y,1,1,2,0 hours 0 minutes 0 minutes,1 hour 30 minutes 30 minutes,,
313,dha-0010,em10,201409171300,,5 hours 46 minutes per day,,20140917,weakness,0,3,0,1,0,0,0,1,2,1,1,0,0,1,2,1,N,0,0,0,0,0,0,0,0,0,1,0,0,N,,,,,,,,,0,N,0,0,,,0,,,0,0,N,0,0,0,0,0,0,0,0,0,0,0,0,0,0,0,0,0,0,0,0,0,0,0,0,0,0,,0,0,0,0,0,0,,Y,0,1,1,0 hours 0 minutes,2 hours 0 minutes,N,N
336,dha-0010,em10,201409201100,201409202359,12 hours 59 minutes,,20140920,weakness,0,4,0,1,0,0,0,1,2,1,1,0,0,1,2,1,N,0,0,0,0,0,0,0,0,0,1,0,0,N,,,,,,,,,0,N,0,0,,,0,,,0,0,N,0,0,0,0,0,0,0,0,0,0,0,0,0,0,0,0,0,0,0,0,0,0,0,0,0,0,,0,0,0,1,0,1,,Y,0,1,1,0 hours 0 minutes,1 hour 10 minutes,N,Y
349,dha-0010,em10,201409221300,201409222359,10 hours 59 minutes,,20140922,weakness,0,5,0,1,0,0,0,0,1,1,1,0,0,0,1,1,N,0,0,0,0,0,0,0,0,0,1,0,0,N,,,,,,,,,0,N,0,0,,,0,,,0,0,N,0,0,0,0,0,0,0,0,0,0,0,0,0,0,0,0,0,0,0,0,0,0,0,0,0,0,,0,0,0,0,0,0,,N,1,1,2,,,,
406,dha-0010,em10,201409271100,201409271830,7 hours 30 minutes,,20140927,weakness,0,3,0,1,1,0,0,1,3,1,0,0,0,1,1,0,N,0,0,0,0,0,0,0,0,0,0,0,0,N,,,,,,,,,0,N,0,0,,,0,,,0,0,N,0,0,0,0,0,0,0,0,0,0,0,0,0,0,0,0,0,0,0,0,0,0,0,0,0,0,,0,0,0,1,0,1,,Y,0,1,1,0 hours 0 minutes,4 hours 10 minutes,N,N
628,dha-0010,em10,201410071400,201410072359,9 hours 59 minutes,,20141007,,,,0,1,1,0,0,1,3,1,0,0,0,1,1,0,N,0,0,0,0,0,0,1,1,0,0,0,0,N,,,,,,,,,0,N,0,0,,,0,,,0,0,N,0,0,0,0,0,0,0,0,0,0,0,0,0,0,0,0,0,0,0,0,0,0,0,0,0,0,,0,0,0,0,0,0,,Y,0,1,1,0 hours 0 minutes,1 hour 20 minutes,N,Y
592,dha-0010,em10,201410101300,201410102359,10 hours 59 minutes,,20141010,weakness,0,4,0,1,1,0,0,1,3,1,1,0,0,1,2,1,Y,1,0,0,0,0,0,1,1,0,1,0,0,N,,,,,,,,,0,N,0,0,,,0,,,0,0,N,0,0,0,0,0,0,0,0,0,0,0,0,0,0,0,0,0,0,0,0,0,0,0,0,0,0,,0,0,0,0,0,0,,Y,0,1,1,0 hours 0 minutes,4 hours 0 minutes,N,Y
651,dha-0010,em10,201410141300,201410142359,10 hours 59 minutes,,20141014,weakness,0,4,0,1,1,0,0,1,3,1,1,0,0,1,2,1,N,0,0,1,0,0,0,0,1,0,1,0,0,N,,,,,,,,,0,N,0,0,,,0,,,0,0,N,0,0,0,0,0,0,0,0,0,0,0,0,0,0,0,0,0,0,0,0,0,0,0,0,0,0,,0,1,0,0,0,1,,N,1,1,2,,,Y,N
866,dha-0010,em10,201410261230,201410261800,5 hours 30 minutes,,20141026,weakness,0,3,0,1,0,0,1,0,2,1,0,0,0,1,1,0,N,0,0,0,0,0,0,1,1,0,0,0,0,N,,,,,,,,,0,N,0,0,,,0,,,0,0,N,0,0,0,0,0,0,0,0,0,0,0,0,0,0,0,0,0,0,0,0,0,0,0,0,0,0,,0,1,0,0,0,1,,N,1,1,2,,,N,N
983,dha-0010,em10,201411031400,201411032359,9 hours 59 minutes,,20141103,middle,1,5,1,0,1,0,1,0,3,1,1,0,0,1,2,1,N,0,0,0,0,0,0,1,1,0,1,0,0,N,,,,,,,,,0,N,0,0,,,0,,,0,0,N,0,0,0,0,0,0,0,0,0,0,0,0,0,0,0,0,0,0,0,0,0,0,0,0,0,0,,0,1,0,0,0,1,,N,1,1,2,,,Y,N
311,dha-0018,EM18,201409181648,201409182359,7 hours 11 minutes,,20140918,weakness,0,3,0,1,0,0,0,0,1,1,0,1,0,1,2,0,N,0,0,0,0,0,0,0,0,0,0,0,0,N,,,,,,,,,0,N,0,0,,,0,,,0,0,N,0,0,0,0,0,0,0,0,0,0,0,0,0,0,0,0,0,0,0,0,0,0,0,0,0,0,,0,1,0,0,0,1,,N,1,1,2,,,,
804,dha-0018,EM18,201410231913,201410232359,4 hours 46 minutes,,20141023,weakness,0,3,1,0,0,0,0,0,1,1,0,1,0,0,1,0,,0,0,0,0,0,0,0,0,0,0,0,0,N,,,,,,,,,0,N,0,0,,,0,,,0,0,N,0,0,0,0,0,0,0,0,0,0,0,0,0,0,0,0,0,0,0,0,0,0,0,0,0,0,,0,1,0,0,0,1,,N,1,1,2,,,,
1314,dha-0018,EM18,201411221143,201411221443,3 hours 0 minutes,,20141122,weakness,0,1,1,0,0,0,0,0,1,1,1,0,0,0,1,1,N,0,0,0,0,0,0,0,0,0,1,0,0,N,,,,,,,,,0,N,0,0,,,0,,,0,0,N,0,0,0,0,0,0,0,0,0,0,0,0,0,0,0,0,0,0,0,0,0,0,0,0,0,0,,0,1,0,0,0,1,,N,1,1,2,,,N,N
1625,dha-0018,EM18,201411280751,201411281056,3 hours 5 minutes,,20141128,weakness,0,1,1,0,0,0,0,0,1,1,0,1,1,0,2,1,N,0,0,0,0,0,0,0,0,0,1,0,0,N,,,,,,,,,0,N,0,0,,,0,,,0,0,N,0,0,0,0,0,0,0,0,0,0,0,0,0,0,0,0,0,0,0,0,0,0,0,0,0,0,,0,1,0,0,0,1,,N,1,1,2,,,N,N
1130,dha-0031,em31,201411112045,201411112359,3 hours 14 minutes,,20141111,weakness,0,1,1,0,1,0,0,0,2,1,1,0,0,0,1,1,N,0,0,0,0,0,0,0,0,0,1,0,0,N,,,,,,,,,0,N,0,0,,,0,,,0,0,N,0,0,0,0,0,0,0,0,0,0,0,0,0,0,0,0,0,0,0,0,0,0,0,0,0,0,,0,1,0,0,0,1,,Y,0,1,1,0 hours 0 minutes,3 hours 0 minutes,N,Y
1170,dha-0031,em31,201411131800,201411132359,5 hours 59 minutes,,20141113,weakness,0,1,1,0,0,0,0,0,1,1,1,0,0,0,1,1,N,0,0,1,0,0,0,0,1,0,1,0,0,N,,,,,,,,,0,N,0,0,,,0,,,0,0,N,0,0,0,0,0,0,0,0,0,0,0,0,0,0,0,0,0,0,0,0,0,0,0,0,0,0,,0,1,0,0,0,1,,Y,0,1,1,0 hours 0 minutes,1 hour 0 minutes,N,Y
1256,dha-0031,em31,201411192200,201411192359,1 hour 59 minutes,,20141119,weakness,0,1,1,0,1,0,0,0,2,1,0,1,0,0,1,0,N,0,1,0,0,1,0,0,1,0,0,1,0,N,,,,,,,,,0,N,0,0,,,0,,,0,0,N,0,0,0,0,0,0,0,0,0,0,0,0,0,0,0,0,0,0,0,0,0,0,0,0,0,0,,1,1,0,0,0,2,,N,1,1,2,,,N,Y
1287,dha-0031,em31,201411202200,201411202300,1 hour 0 minutes,,20141120,weakness,0,1,1,0,0,0,0,0,1,1,0,1,0,0,1,0,N,0,1,0,0,1,0,0,1,0,0,1,0,N,,,,,,,,,0,N,0,0,,,0,,,0,0,N,0,0,0,0,0,0,0,0,0,0,0,0,0,0,0,0,0,0,0,0,0,0,0,0,0,0,,0,1,0,0,0,1,,N,1,1,2,,,N,N
1454,dha-0032,em32,201411270600,201411271343,7 hours 43 minutes,,20141127,weakness,0,3,1,0,0,0,0,0,1,1,0,1,0,0,1,0,N,0,0,0,0,0,0,0,0,0,0,0,0,N,,,,,,,,,0,N,0,0,,,0,,,0,0,N,0,0,0,0,0,0,0,0,0,0,0,0,0,0,0,0,0,0,0,0,0,0,0,0,0,0,,0,0,0,0,0,0,,Y,1,0,1,1 hour 0 minutes,0 hours 0 minutes,N,N
823,dha-0040,EM40,201410241800,201410241830,30 minutes,,20141024,weakness,0,2,0,1,0,0,0,0,1,1,0,0,1,0,1,1,Y,1,0,0,0,0,0,1,1,0,1,0,0,N,,,,,,,,,0,N,0,0,,,0,,,0,0,N,0,0,0,0,0,0,0,0,0,0,0,0,0,0,0,0,0,0,0,0,0,0,0,0,0,0,,1,0,0,0,0,1,,N,1,1,2,,,N,N
1053,dha-0040,EM40,201411060100,201411060300,2 hours 0 minutes,,20141106,weakness,0,2,0,1,0,0,0,0,1,1,1,0,0,0,1,1,N,0,0,0,0,0,0,0,0,0,1,0,0,N,,,,,,,,,0,N,0,0,,,0,,,0,0,N,0,0,0,0,0,0,0,0,0,0,0,0,0,0,0,0,0,0,0,0,0,0,0,0,0,0,Bruises around the eyes,0,1,0,0,0,1,,N,1,1,2,,,N,N
1006,dha-0045,EM45,201411041500,201411041800,3 hours 0 minutes,,20141104,weakness,0,,1,0,0,0,0,0,1,1,0,0,0,1,1,0,N,0,0,1,0,0,0,0,1,0,0,0,0,N,,,,,,,,,0,N,0,0,,,0,,,0,0,N,0,0,0,0,0,0,0,0,0,0,0,0,0,0,0,0,0,0,0,0,0,0,0,0,0,0,,1,0,0,0,0,1,,N,1,1,2,,,N,N
2309,dha-0049,em49,201501040010,201501042359,23 hours 49 minutes,,20150104,weakness,0,1,1,0,0,0,0,0,1,1,0,0,0,1,1,0,N,0,0,0,0,0,0,0,0,0,0,0,0,N,,,,,,,,,0,N,0,0,,,0,,,0,0,N,0,0,0,0,0,0,0,0,0,0,0,0,0,0,0,0,0,0,0,0,0,0,0,0,0,0,,0,0,0,0,1,1,caffeine,N,1,1,2,,,N,Y
1916,dha-0060,em60,201412180736,201412181436,7 hours 0 minutes,,20141218,weakness,0,5,0,1,0,0,0,0,1,1,0,0,0,1,1,0,N,0,0,0,0,0,0,1,1,0,0,0,0,N,,,,,,,,,0,Y,0,1,,,0,0,1,1,0,N,0,0,0,0,0,0,0,0,0,0,0,0,0,0,0,0,0,0,0,0,0,0,0,0,0,0,,0,1,0,0,0,1,,N,1,1,2,,,N,N
1992,dha-0060,em60,201412230650,201412232359,17 hours 9 minutes,,20141223,weakness,0,3,0,1,0,0,0,0,1,1,0,0,0,1,1,0,N,0,0,0,0,0,0,0,0,0,0,0,0,N,,,,,,,,,0,N,0,0,,,0,,,0,0,N,0,0,0,0,0,0,0,0,0,0,0,0,0,0,0,0,0,0,0,0,0,0,0,0,0,0,,0,1,0,0,0,1,,Y,0,1,1,0 hours 0 minutes,1 hour 0 minutes,N,Y
3117,dha-0062,EM62,201502190800,201502192359,15 hours 59 minutes,,20150219,weakness,0,4,1,0,0,0,0,0,1,1,0,0,1,0,1,1,N,0,0,0,0,0,0,0,0,0,1,0,0,N,,,,,,,,,0,Y,0,1,0,1,1,0,1,1,0,N,0,0,0,0,0,0,0,0,0,0,0,0,0,0,0,0,0,0,0,0,0,0,0,0,0,0,,0,1,0,0,0,1,,N,1,1,2,,,N,Y
911,cmc-0003,M-003,201410251830,201410252320,4 hours 50 minutes,,20141025,middle,1,6,0,0,0,1,1,0,2,0,1,0,1,0,2,1,Y,1,0,0,0,0,0,1,1,0,1,0,0,Y,,,,1,Advil,0,0,1,1,Y,1,1,0,1,1,,,0,0,N,0,0,0,0,0,0,0,0,0,0,0,0,0,0,0,0,0,0,0,0,0,0,0,0,0,0,,0,0,0,0,1,1,approximately,N,0,0,0,0 hours 0 minutes,0 hours 0 minutes,N,N
935,cmc-0003,M-003,201410261730,201410262000,2 hours 30 minutes,,20141026,middle,1,4,0,0,0,1,0,0,1,0,0,0,1,0,1,1,Y,1,0,0,0,0,0,0,0,0,1,0,0,Y,,,,1,Advil,0,0,1,1,Y,1,1,0,1,1,,,0,0,N,0,0,0,0,0,0,0,0,0,0,0,0,0,0,0,0,0,0,0,0,0,0,0,0,0,0,,0,0,0,0,1,1,approximately,N,1,1,2,,,N,N
789,cmc-0006,CM-001,201410190001,201410192359,23 hours 58 minutes,,20141019,Severe,1,10,0,0,0,1,0,1,2,0,0,0,1,0,1,1,,0,0,1,0,0,1,0,2,0,1,0,0,Y,,,,2,,0,1,0,1,Y,1,1,,,0,0,1,1,0,N,0,0,0,0,0,0,0,0,0,0,0,0,0,0,0,0,0,0,0,0,0,0,0,0,0,0,,1,0,0,0,0,1,,N,1,1,2,,,N,Y
768,cmc-0009,M-008,201410181101,201410182359,12 hours 58 minutes,,20141018,middle,1,6,0,0,1,1,0,0,2,0,1,0,0,0,1,1,Y,1,0,0,0,0,0,0,0,0,1,0,0,Y,,,3,,,1,0,0,1,Y,1,1,,,0,0,1,1,0,N,0,0,0,0,0,0,0,0,0,0,0,0,0,0,0,0,0,0,0,0,0,0,0,0,0,0,,1,0,0,0,0,1,,N,1,1,2,,,N,Y
560,cmc-0024,CM-002,201410062042,201410062342,3 hours 0 minutes,,20141006,weakness,0,2,0,0,1,0,1,0,2,0,1,0,0,0,1,1,Y,1,0,0,0,0,0,0,0,0,1,0,0,Y,1,1,1,,,0,1,0,1,Y,1,1,,,0,0,1,1,0,N,0,0,0,0,0,0,0,0,0,0,0,0,0,0,0,0,0,0,0,0,0,0,0,0,0,0,,0,0,0,0,1,1,approximately,N,1,1,2,,,N,N
440,cmc-0028,M-014,201410021132,201410021332,2 hours 0 minutes,,20141002,weakness,0,3,0,0,0,1,0,0,1,0,0,0,1,0,1,1,N,0,0,0,0,0,0,0,0,0,0,0,0,Y,,,,1,Almogran,0,0,1,1,N,1,0,,,0,,,0,0,N,0,0,0,0,0,0,0,0,0,0,0,0,0,0,0,0,0,0,0,0,0,0,0,0,0,0,,0,0,0,0,0,0,,N,1,1,2,,,N,N
486,cmc-0028,M-014,201410050650,201410050850,2 hours 0 minutes,,20141005,weakness,0,1,0,0,0,1,0,0,1,0,0,0,1,0,1,1,N,0,0,0,0,0,0,0,0,0,0,0,0,Y,,,,1,Almogran,0,0,1,1,N,1,0,,,0,,,0,0,N,0,0,0,0,0,0,0,0,0,0,0,0,0,0,0,0,0,0,0,0,0,0,0,0,0,0,,0,0,0,0,0,0,,Y,0,1,1,0 hours 0 minutes,1 hour 0 minutes,N,N
1835,cmc-0032,CM-005,201411221120,201411221610,4 hours 50 minutes,,20141122,Severe,1,9,0,0,0,1,0,1,2,0,0,1,1,1,3,1,Y,1,0,1,0,0,1,0,2,0,1,0,0,Y,1,,,,,0,0,1,1,Y,1,1,,,0,,,0,1,N,0,0,0,0,0,0,0,0,0,0,0,0,0,0,0,0,0,0,0,0,0,0,0,0,0,0,,1,1,0,0,1,3,I took medicine,N,1,1,2,,,N,N
432,cmc-0033,CM-006,201410022230,201410022324,54 minutes,,20141002,weakness,0,1,0,0,1,0,0,0,1,0,0,0,0,1,1,0,Y,1,0,0,0,0,0,0,0,0,0,0,0,Y,,,,1,hospital medicine,0,1,0,1,N,1,0,,,0,,,0,0,N,0,0,0,0,0,0,0,0,0,0,0,0,0,0,0,0,0,0,0,0,0,0,0,0,0,0,,0,0,0,0,0,0,,N,1,1,2,,,N,N
1194,cmc-0033,CM-006,201411061626,201411062359,7 hours 33 minutes,,20141106,weakness,0,2,0,0,1,1,0,0,2,0,1,0,1,0,2,1,,0,0,1,0,0,0,1,2,1,0,1,0,Y,2,,,,,1,0,0,1,N,1,0,,,0,,,0,0,N,0,0,0,0,0,0,0,0,0,0,0,0,0,0,0,0,0,0,0,0,0,0,0,0,0,0,,0,0,0,0,0,0,,N,1,1,2,,,,
2371,cmc-0049,M-033,201412311759,201412312000,2 hours 1 minute,,20141231,middle,1,6,0,0,1,1,0,0,2,0,0,0,0,1,1,0,N,0,0,1,0,0,1,0,2,0,0,0,0,Y,,,,2,,0,1,0,1,N,1,0,,,0,,,0,0,N,0,0,0,0,0,0,0,0,0,0,0,0,0,0,0,0,0,0,0,0,0,0,0,0,0,0,,0,0,0,0,0,0,,N,1,1,2,,,N,N
1595,cmc-0050,M-034,201411161630,201411161900,2 hours 30 minutes,,20141116,weakness,0,,0,0,0,1,0,0,1,0,1,0,0,0,1,1,N,0,0,0,0,0,0,0,0,0,0,0,0,Y,,,,2,Hospital prescription medication,0,0,1,1,N,1,0,,,0,,,0,0,N,0,0,0,0,0,0,0,0,0,0,0,0,0,0,0,0,0,0,0,0,0,0,0,0,0,0,,0,0,0,0,0,0,,N,1,1,2,,,N,N
2335,cmc-0063,M-036,201412301800,201412302100,3 hours 0 minutes,,20141230,middle,1,5,0,0,0,1,0,0,1,0,0,0,0,1,1,0,Y,1,0,0,0,0,0,0,0,0,1,0,0,Y,,,1,,,0,0,1,1,Y,1,1,0,1,1,,,0,0,N,0,0,0,0,0,0,0,0,0,0,0,0,0,0,0,0,0,0,0,0,0,0,0,0,0,0,,1,0,0,0,0,1,,N,1,1,2,,,N,N
3008,cmc-0063,M-036,201501261700,201501261900,2 hours 0 minutes,,20150126,middle,1,6,0,0,0,1,0,0,1,0,1,0,0,0,1,1,Y,1,0,0,0,0,0,0,0,0,1,0,0,Y,,,1,,,0,0,1,1,N,1,0,,,0,,,0,0,N,0,0,0,0,0,0,0,0,0,0,0,0,0,0,0,0,0,0,0,0,0,0,0,0,0,0,,1,1,0,0,0,2,,N,1,1,2,,,N,N
3543,cmc-0063,M-036,201502110900,201502111200,3 hours 0 minutes,,20150211,Severe,1,8,0,0,0,1,0,0,1,0,0,1,0,0,1,0,Y,1,0,0,0,0,0,0,0,0,1,0,0,Y,,,1,,,1,0,0,1,Y,1,1,0,1,1,,,0,0,N,0,0,0,0,0,0,0,0,0,0,0,0,0,0,0,0,0,0,0,0,0,0,0,0,0,0,,0,1,0,0,0,1,,N,1,1,2,,,N,N
3839,cmc-0063,M-036,201502231640,201502231900,2 hours 20 minutes,,20150223,weakness,0,2,0,0,0,1,0,0,1,0,0,0,1,0,1,1,N,0,0,0,0,0,0,0,0,0,0,0,0,Y,,,1,,,0,0,1,1,N,1,0,,,0,,,0,0,N,0,0,0,0,0,0,0,0,0,0,0,0,0,0,0,0,0,0,0,0,0,0,0,0,0,0,,0,0,0,0,0,0,,N,1,1,2,,,N,N
2009,cmc-0064,M-037,201412162000,201412162100,1 hour 0 minutes,,20141216,weakness,0,3,0,0,1,0,0,0,1,0,1,0,0,0,1,1,,0,1,0,0,1,0,0,1,0,0,1,0,Y,1,,,,,0,1,0,1,N,1,0,,,0,,,0,0,N,0,0,0,0,0,0,0,0,0,0,0,0,0,0,0,0,0,0,0,0,0,0,0,0,0,0,,1,1,0,0,0,2,,Y,0,1,1,0 hours 0 minutes,0 hours 20 minutes,N,N
2065,cmc-0069,M-042,201412170809,201412171309,5 hours 0 minutes,,20141217,middle,1,5,0,0,1,0,0,0,1,0,0,0,0,1,1,0,N,0,0,0,0,0,0,0,0,0,0,0,0,Y,,,,2,"Almograan tablets, Macferran tablets",0,0,1,1,N,1,0,,,0,,,0,0,N,0,0,0,0,0,0,0,0,0,0,0,0,0,0,0,0,0,0,0,0,0,0,0,0,0,0,,0,1,0,0,0,1,,N,1,1,2,,,N,N
335,dha-0010,em10,201409191500,201409191900,4 hours 0 minutes,,20140919,middle,1,8,0,0,1,1,0,1,3,0,1,0,1,0,2,1,N,0,0,0,0,0,0,0,0,0,1,0,0,Y,,,,1,Naramik,0,0,1,1,N,1,0,,,0,,,0,0,N,0,0,0,0,0,0,0,0,0,0,0,0,0,0,0,0,0,0,0,0,0,0,0,0,0,0,,1,1,0,1,0,3,,Y,0,1,1,0 hours 0 minutes,1 hour 30 minutes,N,N
724,dha-0010,em10,201410171100,201410171800,7 hours 0 minutes,,20141017,middle,1,7,0,0,1,1,0,1,3,0,0,0,1,1,2,1,N,0,0,1,0,0,0,0,1,0,1,0,0,Y,,,,1,Naramik,0,0,1,1,N,1,0,,,0,,,0,0,N,0,0,0,0,0,0,0,0,0,0,0,0,0,0,0,0,0,0,0,0,0,0,0,0,0,0,,1,0,0,0,0,1,,Y,0,1,1,0 hours 0 minutes,1 hour 0 minutes,N,N
779,dha-0010,em10,201410190800,201410191500,7 hours 0 minutes,,20141019,middle,1,5,0,0,1,1,0,1,3,0,1,0,0,1,2,1,N,0,0,1,0,0,0,0,1,0,1,0,0,Y,,,,1,Naramik,0,0,1,1,N,1,0,,,0,,,0,0,N,0,0,0,0,0,0,0,0,0,0,0,0,0,0,0,0,0,0,0,0,0,0,0,0,0,0,,0,1,0,1,0,2,,Y,0,1,1,0 hours 0 minutes,4 hours 0 minutes,N,N
864,dha-0010,em10,201410241500,201410242200,7 hours 0 minutes,,20141024,middle,1,,0,0,1,1,0,0,2,0,0,0,1,1,2,1,N,0,0,1,0,0,0,0,1,0,1,0,0,Y,,,,1,Naramik,0,0,1,1,N,1,0,,,0,,,0,0,N,0,0,0,0,0,0,0,0,0,0,0,0,0,0,0,0,0,0,0,0,0,0,0,0,0,0,,0,1,0,1,0,2,,Y,0,1,1,0 hours 0 minutes,1 hour 30 minutes,N,N
1098,dha-0010,em10,201411091553,201411092253,7 hours 0 minutes,,20141109,middle,1,7,0,0,1,1,0,0,2,0,0,0,1,0,1,1,N,0,0,0,0,0,0,0,0,0,1,0,0,Y,,,,1,Naramik,0,0,1,1,N,1,0,,,0,,,0,0,N,0,0,0,0,0,0,0,0,0,0,0,0,0,0,0,0,0,0,0,0,0,0,0,0,0,0,,1,1,0,0,0,2,,N,1,1,2,,,N,N
420,dha-0013,em13,201409281100,201409281400,3 hours 0 minutes,,20140928,weakness,0,,0,0,1,0,0,0,1,0,0,0,0,1,1,0,Y,1,0,0,0,0,0,0,0,0,0,0,0,Y,2,,,,,0,0,1,1,N,1,0,,,0,,,0,0,N,0,0,0,0,0,0,0,0,0,0,0,0,0,0,0,0,0,0,0,0,0,0,0,0,0,0,,0,0,0,0,0,0,,Y,0,1,1,0 hours 0 minutes,0 hours 30 minutes,N,N
759,dha-0013,em13,201410201300,201410201700,4 hours 0 minutes,,20141020,weakness,0,,0,0,1,0,0,0,1,0,0,0,0,1,1,0,Y,1,0,0,0,0,0,0,0,0,0,0,0,Y,2,,,,,0,0,1,1,N,1,0,,,0,,,0,0,N,0,0,0,0,0,0,0,0,0,0,0,0,0,0,0,0,0,0,0,0,0,0,0,0,0,0,,0,0,0,0,0,0,,Y,0,1,1,0 hours 0 minutes,0 hours 30 minutes,N,N
1057,dha-0013,em13,201411071750,201411071920,1 hour 30 minutes,,20141107,weakness,0,,0,0,0,0,0,1,1,0,0,0,0,1,1,0,Y,1,0,0,0,0,0,0,0,0,0,0,0,Y,1,,,,,0,0,1,1,N,1,0,,,0,,,0,0,N,0,0,0,0,0,0,0,0,0,0,0,0,0,0,0,0,0,0,0,0,0,0,0,0,0,0,,0,0,0,0,0,0,,Y,0,1,1,0 hours 0 minutes,0 hours 30 minutes,N,N
174,dha-0014,em14,201409050830,201409051315,4 hours 45 minutes,,20140905,weakness,0,3,0,0,1,0,0,0,1,0,0,0,1,0,1,1,N,0,0,0,0,0,0,0,0,0,0,0,0,Y,,,,4,hospital prescription medication,0,0,1,1,N,1,0,,,0,,,0,0,N,0,0,0,0,0,0,0,0,0,0,0,0,0,0,0,0,0,0,0,0,0,0,0,0,0,0,,0,1,0,0,0,1,,N,1,1,2,,,N,N
179,dha-0014,em14,201409060700,201409061530,8 hours 30 minutes,,20140906,,,5,0,0,1,0,0,1,2,0,0,1,0,1,2,0,N,0,0,0,0,0,0,0,0,0,0,0,0,Y,,,,4,hospital prescription medication,0,0,1,1,N,1,0,,,0,,,0,0,N,0,0,0,0,0,0,0,0,0,0,0,0,0,0,0,0,0,0,0,0,0,0,0,0,0,0,,0,0,1,0,0,1,,N,1,1,2,,,N,N
276,dha-0014,em14,201409140905,201409141305,4 hours 0 minutes,,20140914,middle,1,6,0,0,0,1,0,0,1,0,0,0,1,1,2,1,N,0,0,0,0,0,0,0,0,0,1,0,0,Y,,,,4,hospital prescription medication,0,0,1,1,N,1,0,,,0,,,0,0,N,0,0,0,0,0,0,0,0,0,0,0,0,0,0,0,0,0,0,0,0,0,0,0,0,0,0,,0,0,0,0,0,0,,N,1,1,2,,,N,N
360,dha-0014,em14,201409211030,201409211600,5 hours 30 minutes,,20140921,middle,1,5,0,0,0,0,1,1,2,0,1,0,1,0,2,1,N,0,0,0,0,0,0,0,0,0,1,0,0,Y,,,,4,hospital prescription,0,0,1,1,N,1,0,,,0,,,0,0,N,0,0,0,0,0,0,0,0,0,0,0,0,0,0,0,0,0,0,0,0,0,0,0,0,0,0,,0,1,1,0,0,2,,N,1,1,2,,,N,N
379,dha-0014,em14,201409231306,201409232006,7 hours 0 minutes,,20140923,middle,1,6,0,0,1,1,0,0,2,0,0,1,1,0,2,1,N,0,0,0,0,0,0,0,0,0,1,0,0,Y,,,,4,prescription drugs,0,0,1,1,Y,1,1,,,0,0,1,1,0,N,0,0,0,0,0,0,0,0,0,0,0,0,0,0,0,0,0,0,0,0,0,0,0,0,0,0,,0,1,0,0,0,1,,N,1,1,2,,,N,N
511,dha-0014,em14,201410031430,201410032157,7 hours 27 minutes,,20141003,middle,1,7,0,0,0,0,1,1,2,0,0,1,1,0,2,1,N,0,0,0,0,0,0,0,0,0,1,0,0,Y,,,,4,prescription drugs,0,0,1,1,Y,1,1,,,0,0,1,1,0,N,0,0,0,0,0,0,0,0,0,0,0,0,0,0,0,0,0,0,0,0,0,0,0,0,0,0,,1,0,0,0,0,1,,N,0,0,0,0 hours 0 minutes,0 hours 0 minutes,N,N
642,dha-0014,em14,201410121447,201410122359,9 hours 12 minutes,,20141012,middle,1,5,0,0,1,1,0,1,3,0,0,0,1,0,1,1,N,0,0,0,0,0,0,0,0,0,1,0,0,Y,,,,4,prescription drugs,0,1,0,1,Y,1,1,,,0,0,1,1,0,N,0,0,0,0,0,0,0,0,0,0,0,0,0,0,0,0,0,0,0,0,0,0,0,0,0,0,,0,1,0,0,0,1,,N,1,1,2,,,N,Y
686,dha-0014,em14,201410141100,201410141839,7 hours 39 minutes,,20141014,middle,1,5,0,0,1,1,0,1,3,0,1,0,1,0,2,1,N,0,0,0,0,0,0,0,0,0,1,0,0,Y,,,,4,prescription drugs,0,0,1,1,Y,1,1,,,0,0,1,1,0,N,0,0,0,0,0,0,0,0,0,0,0,0,0,0,0,0,0,0,0,0,0,0,0,0,0,0,,0,1,0,0,0,1,,N,1,1,2,,,N,N
912,dha-0014,em14,201410251019,201410251819,8 hours 0 minutes,,20141025,middle,1,5,0,0,0,1,1,1,3,0,0,1,0,1,2,0,N,0,0,0,0,0,0,0,0,0,0,0,0,Y,,,,4,prescription drugs,0,0,1,1,Y,1,1,,,0,0,1,1,0,N,0,0,0,0,0,0,0,0,0,0,0,0,0,0,0,0,0,0,0,0,0,0,0,0,0,0,,0,1,1,0,0,2,,N,1,1,2,,,N,N
914,dha-0014,em14,201410270921,201410271521,6 hours 0 minutes,,20141027,middle,1,5,0,0,1,1,0,1,3,0,0,1,0,1,2,0,N,0,0,0,0,0,0,0,0,0,0,0,0,Y,,,,4,prescription drugs,0,0,1,1,Y,1,1,,,0,0,1,1,0,N,0,0,0,0,0,0,0,0,0,0,0,0,0,0,0,0,0,0,0,0,0,0,0,0,0,0,,0,1,1,0,0,2,,N,1,1,2,,,N,N
1048,dha-0014,em14,201411040725,201411041725,10 hours 0 minutes,,20141104,middle,1,7,0,0,1,1,1,1,4,0,0,0,1,1,2,1,N,0,0,0,0,0,0,0,0,0,1,0,0,Y,,,,4,prescription drugs,0,1,0,1,Y,1,1,,,0,0,1,1,0,N,0,0,0,0,0,0,0,0,0,0,0,0,0,0,0,0,0,0,0,0,0,0,0,0,0,0,,0,1,1,0,0,2,,N,1,1,2,,,N,N
1087,dha-0014,em14,201411081026,201411081626,6 hours 0 minutes,,20141108,middle,1,5,0,0,0,1,1,1,3,0,0,1,1,0,2,1,N,0,0,0,0,0,0,0,0,0,1,0,0,Y,,,,4,prescription drugs,0,0,1,1,N,1,0,,,0,,,0,0,N,0,0,0,0,0,0,0,0,0,0,0,0,0,0,0,0,0,0,0,0,0,0,0,0,0,0,,0,0,0,0,0,0,,N,1,1,2,,,N,N
1271,dha-0014,em14,201411130833,201411131433,6 hours 0 minutes,,20141113,middle,1,4,0,0,1,1,0,1,3,0,0,1,1,0,2,1,N,0,0,0,0,0,0,0,0,0,1,0,0,Y,,,,4,prescription drugs,0,0,1,1,N,1,0,,,0,,,0,0,N,0,0,0,0,0,0,0,0,0,0,0,0,0,0,0,0,0,0,0,0,0,0,0,0,0,0,,0,0,0,0,0,0,,N,1,1,2,,,N,N
1340,dha-0014,em14,201411230810,201411231220,4 hours 10 minutes,,20141123,middle,1,5,0,0,0,1,0,1,2,0,0,1,1,0,2,1,N,0,0,0,0,0,0,0,0,0,1,0,0,Y,,,,4,prescription drugs,0,1,0,1,Y,1,1,,,0,0,1,1,0,N,0,0,0,0,0,0,0,0,0,0,0,0,0,0,0,0,0,0,0,0,0,0,0,0,0,0,,0,1,0,0,0,1,,N,1,1,2,,,N,N
162,dha-0015,em15,201409031500,,4 hours 0 minutes,,20140903,weakness,0,2,0,0,0,1,0,0,1,0,0,0,0,1,1,0,N,0,0,0,0,0,0,0,0,0,0,0,0,Y,,,,1,,0,1,0,1,Y,1,1,,,0,0,1,1,0,N,0,0,0,0,0,0,0,0,0,0,0,0,0,0,0,0,0,0,0,0,0,0,0,0,0,0,,0,0,0,0,0,0,,N,1,1,2,,,N,N
370,dha-0015,em15,201409191300,201409192200,9 hours 0 minutes,,20140919,middle,1,5,0,0,0,1,1,1,3,0,0,0,0,0,0,0,,0,0,0,0,0,0,0,0,0,0,0,0,Y,,,,1,,0,1,0,1,Y,1,1,,,0,0,1,1,0,N,0,0,0,0,0,0,0,0,0,0,0,0,0,0,0,0,0,0,0,0,0,0,0,0,0,0,,0,0,0,0,0,0,,N,1,1,2,,,N,N
814,dha-0015,em15,201410221028,201410222000,9 hours 32 minutes,,20141022,middle,1,6,0,0,1,1,0,1,3,0,1,0,0,1,2,1,N,0,0,0,0,0,0,0,0,0,1,0,0,Y,,,,1,,0,1,0,1,,1,0,,,0,,,0,0,N,0,0,0,0,0,0,0,0,0,0,0,0,0,0,0,0,0,0,0,0,0,0,0,0,0,0,,0,0,0,0,0,0,,N,1,1,2,,,N,N
476,dha-0022,em22,201410020530,201410021000,4 hours 30 minutes,,20141002,weakness,0,1,0,0,0,0,1,0,1,0,0,0,1,0,1,1,N,0,0,0,0,0,0,0,0,0,0,0,0,Y,1,,,,,0,0,1,1,N,1,0,,,0,,,0,0,N,0,0,0,0,0,0,0,0,0,0,0,0,0,0,0,0,0,0,0,0,0,0,0,0,0,0,,0,0,0,0,0,0,,Y,0,1,1,0 hours 0 minutes,0 hours 10 minutes,N,N
540,dha-0022,em22,201410061330,201410061800,4 hours 30 minutes,,20141006,weakness,0,1,0,0,1,0,0,0,1,0,0,1,0,0,1,0,,0,0,0,0,0,0,0,0,0,0,0,0,Y,1,,,,,1,0,0,1,N,1,0,,,0,,,0,0,N,0,0,0,0,0,0,0,0,0,0,0,0,0,0,0,0,0,0,0,0,0,0,0,0,0,0,,0,0,0,0,0,0,,N,1,1,2,,,N,N
604,dha-0033,em33,201410111004,201410112359,13 hours 55 minutes,,20141011,middle,1,5,0,0,1,0,0,0,1,0,0,0,0,1,1,0,,0,0,0,0,0,0,1,1,0,0,0,0,Y,,,,1,hospital prescription medication,0,1,0,1,N,1,0,,,0,,,0,0,N,0,0,0,0,0,0,0,0,0,0,0,0,0,0,0,0,0,0,0,0,0,0,0,0,0,0,,1,0,0,0,0,1,,N,1,1,2,,,N,Y
625,dha-0033,em33,201410122230,201410122359,1 hour 29 minutes,,20141012,middle,1,3,0,0,1,0,0,0,1,0,0,0,1,0,1,1,,0,0,0,0,0,0,1,1,0,1,0,0,Y,,2,,,,0,1,0,1,N,1,0,,,0,,,0,0,N,0,0,0,0,0,0,0,0,0,0,0,0,0,0,0,0,0,0,0,0,0,0,0,0,0,0,,0,1,0,0,0,1,,Y,1,1,2,2 hours 0 minutes 0 minutes,3 hours 0 minutes 0 minutes,N,Y
928,dha-0033,em33,201410312026,201410312359,3 hours 33 minutes,,20141031,middle,1,4,0,0,1,0,0,0,1,0,0,0,0,1,1,0,N,0,0,0,0,0,0,0,0,0,0,0,0,Y,2,,,,,1,0,0,1,N,1,0,,,0,,,0,0,N,0,0,0,0,0,0,0,0,0,0,0,0,0,0,0,0,0,0,0,0,0,0,0,0,0,0,,1,1,0,0,0,2,,N,1,1,2,,,N,Y
1032,dha-0042,em42,201411061400,,6 hours 0 minutes,,20141106,middle,1,4,0,0,1,0,0,1,2,0,0,0,1,1,2,1,N,0,0,0,0,0,0,0,0,0,1,0,0,Y,,,1,,,0,0,1,1,N,1,0,,,0,,,0,0,N,0,0,0,0,0,0,0,0,0,0,0,0,0,0,0,0,0,0,0,0,0,0,0,0,0,0,,0,0,0,0,1,1,dosage,N,1,1,2,,,N,N
1059,dha-0042,em42,201411071500,201411072300,8 hours 0 minutes,,20141107,weakness,0,3,0,0,1,0,0,1,2,0,0,0,1,1,2,1,N,0,0,0,0,0,0,0,0,0,0,0,0,Y,1,,1,,,0,0,1,1,N,1,0,,,0,,,0,0,N,0,0,0,0,0,0,0,0,0,0,0,0,0,0,0,0,0,0,0,0,0,0,0,0,0,0,,0,0,0,0,1,1,dosage,N,1,1,2,,,N,N
1117,dha-0042,em42,201411111400,201411112100,7 hours 0 minutes,,20141111,weakness,0,3,0,0,1,0,0,1,2,0,0,0,1,1,2,1,N,0,0,0,0,0,0,0,0,0,0,0,0,Y,,,1,,,0,0,1,1,N,1,0,,,0,,,0,0,N,0,0,0,0,0,0,0,0,0,0,0,0,0,0,0,0,0,0,0,0,0,0,0,0,0,0,,0,0,0,0,1,1,dosage,N,1,1,2,,,N,N
1172,dha-0042,em42,201411131150,201411132000,8 hours 10 minutes,,20141113,weakness,0,3,0,0,1,0,0,1,2,0,0,0,1,1,2,1,N,0,0,0,0,0,0,0,0,0,0,0,0,Y,1,,,,,0,0,1,1,N,1,0,,,0,,,0,0,N,0,0,0,0,0,0,0,0,0,0,0,0,0,0,0,0,0,0,0,0,0,0,0,0,0,0,,0,0,0,0,1,1,dosage,N,1,1,2,,,N,N
1318,dha-0042,em42,201411210800,201411211600,8 hours 0 minutes,,20141121,weakness,0,3,0,0,1,0,0,1,2,0,0,0,1,1,2,1,N,0,0,0,0,0,0,0,0,0,0,0,0,Y,,,1,,,0,0,1,1,N,1,0,,,0,,,0,0,N,0,0,0,0,0,0,0,0,0,0,0,0,0,0,0,0,0,0,0,0,0,0,0,0,0,0,,0,0,0,0,1,1,dosage,N,1,1,2,,,N,N
1319,dha-0042,em42,201411220900,201411221500,6 hours 0 minutes,,20141122,weakness,0,3,0,0,1,0,0,1,2,0,0,0,1,1,2,1,N,0,0,0,0,0,0,0,0,0,0,0,0,Y,1,,,,,0,0,1,1,N,1,0,,,0,,,0,0,N,0,0,0,0,0,0,0,0,0,0,0,0,0,0,0,0,0,0,0,0,0,0,0,0,0,0,,0,0,0,0,1,1,dosage,N,1,1,2,,,N,N
1487,dha-0042,em42,201411280900,201411281700,8 hours 0 minutes,,20141128,,,2,0,0,1,0,0,1,2,0,0,0,0,1,1,0,N,0,0,0,0,0,0,0,0,0,0,0,0,Y,,,1,,,0,0,1,1,N,1,0,,,0,,,0,0,N,0,0,0,0,0,0,0,0,0,0,0,0,0,0,0,0,0,0,0,0,0,0,0,0,0,0,,0,0,0,0,1,1,dosage,N,1,1,2,,,N,N
1489,dha-0042,em42,201411301100,,9 hours 0 minutes,,20141130,weakness,0,2,0,0,1,0,0,1,2,0,0,0,0,1,1,0,N,0,0,0,0,0,0,0,0,0,0,0,0,Y,,,1,,,0,0,1,1,N,1,0,,,0,,,0,0,N,0,0,0,0,0,0,0,0,0,0,0,0,0,0,0,0,0,0,0,0,0,0,0,0,0,0,,0,0,0,0,1,1,dosage,N,1,1,2,,,N,N
1704,dha-0042,em42,201412081100,201412081600,5 hours 0 minutes,,20141208,weakness,0,1,0,0,1,0,0,1,2,0,0,0,1,0,1,1,N,0,0,0,0,0,0,0,0,0,0,0,0,Y,,,1,,,0,0,1,1,N,1,0,,,0,,,0,0,N,0,0,0,0,0,0,0,0,0,0,0,0,0,0,0,0,0,0,0,0,0,0,0,0,0,0,,0,0,0,0,1,1,dosage,N,1,1,2,,,N,N
1798,dha-0042,em42,201412130800,,4 hours 0 minutes,,20141213,weakness,0,2,0,0,1,0,0,0,1,0,0,0,1,0,1,1,N,0,0,0,0,0,0,0,0,0,0,0,0,Y,,,1,,,0,0,1,1,N,1,0,,,0,,,0,0,N,0,0,0,0,0,0,0,0,0,0,0,0,0,0,0,0,0,0,0,0,0,0,0,0,0,0,,0,0,0,0,1,1,dosage,N,1,1,2,,,N,N
2093,dha-0042,em42,201412271330,201412272130,8 hours 0 minutes,,20141227,weakness,0,3,0,0,0,1,0,1,2,0,1,0,1,0,2,1,N,0,0,0,0,0,0,0,0,0,0,0,0,Y,,,1,,,0,0,1,1,N,1,0,,,0,,,0,0,N,0,0,0,0,0,0,0,0,0,0,0,0,0,0,0,0,0,0,0,0,0,0,0,0,0,0,,0,0,0,0,1,1,dosage,N,1,1,2,,,N,N
2364,dha-0044,em44,201501080935,201501082359,14 hours 24 minutes,,20150108,middle,1,6,0,0,0,0,0,1,1,0,0,0,1,0,1,1,N,0,0,0,0,0,0,0,0,0,1,0,0,Y,2,,,,,0,1,0,1,N,1,0,,,0,,,0,0,N,0,0,0,0,0,0,0,0,0,0,0,0,0,0,0,0,0,0,0,0,0,0,0,0,0,0,,0,1,0,0,0,1,,N,1,1,2,,,N,Y
2546,dha-0044,em44,201501141330,201501142359,10 hours 29 minutes,,20150114,weakness,0,4,0,0,0,1,0,1,2,0,0,0,0,1,1,0,N,0,0,0,0,0,0,0,0,0,0,0,0,Y,2,,,,,0,1,0,1,N,1,0,,,0,,,0,0,N,0,0,0,0,0,0,0,0,0,0,0,0,0,0,0,0,0,0,0,0,0,0,0,0,0,0,,0,1,0,0,0,1,,Y,0,1,1,0 hours 0 minutes,0 hours 30 minutes,N,Y
2706,dha-0050,EM50,201501240800,201501241100,3 hours 0 minutes,,20150124,weakness,0,2,0,0,0,1,0,0,1,0,0,0,1,0,1,1,N,0,1,0,0,1,0,0,1,0,0,1,0,Y,,1,,,,0,0,1,1,N,1,0,,,0,,,0,0,N,0,0,0,0,0,0,0,0,0,0,0,0,0,0,0,0,0,0,0,0,0,0,0,0,0,0,,0,1,0,0,0,1,,N,1,1,2,,,N,N
1671,dha-0051,EM51,201412060800,201412061400,6 hours 0 minutes,,20141206,middle,1,4,0,0,0,1,0,1,2,0,0,1,0,0,1,0,Y,1,0,1,0,0,0,0,1,0,1,0,0,Y,,,1,,,0,0,1,1,Y,1,1,0,1,1,0,1,1,0,N,0,0,0,0,0,0,0,0,0,0,0,0,0,0,0,0,0,0,0,0,0,0,0,0,0,0,,0,0,0,0,0,0,,N,1,1,2,,,N,N
2535,dha-0055,em55,201501151700,,1 hour 30 minutes,,20150115,weakness,0,4,0,0,1,0,0,0,1,0,0,0,0,1,1,0,Y,1,1,0,0,1,0,0,1,0,0,1,0,Y,1,,,,,0,0,1,1,N,1,0,,,0,,,0,0,N,0,0,0,0,0,0,0,0,0,0,0,0,0,0,0,0,0,0,0,0,0,0,0,0,0,0,,0,1,0,0,1,2,first aid kit,N,1,1,2,,,N,N
2614,dha-0055,em55,201501161700,201501161830,1 hour 30 minutes,,20150116,weakness,0,3,0,0,1,0,0,0,1,0,0,0,0,1,1,0,,0,0,0,0,0,0,0,0,0,0,0,0,Y,1,,,,,0,0,1,1,N,1,0,,,0,,,0,0,N,0,0,0,0,0,0,0,0,0,0,0,0,0,0,0,0,0,0,0,0,0,0,0,0,0,0,,0,0,0,0,0,0,,N,1,1,2,,,N,N
2140,dha-0061,EM61,201412290800,201412292359,15 hours 59 minutes,,20141229,weakness,0,1,0,0,0,1,0,0,1,0,0,0,1,0,1,1,N,0,0,0,0,0,0,0,0,0,0,0,0,Y,2,,,1,Almogran,0,1,0,1,N,1,0,,,0,,,0,0,N,0,0,0,0,0,0,0,0,0,0,0,0,0,0,0,0,0,0,0,0,0,0,0,0,0,0,,0,0,0,0,0,0,,Y,0,1,1,0 hours 0 minutes,0 hours 10 minutes,N,Y
2598,dha-0061,EM61,201501181200,201501181900,7 hours 0 minutes,,20150118,weakness,0,1,0,0,0,0,0,0,0,0,0,0,0,1,1,0,N,0,0,0,0,0,0,0,0,0,0,0,0,Y,1,,,,,0,1,0,1,N,1,0,,,0,,,0,0,N,0,0,0,0,0,0,0,0,0,0,0,0,0,0,0,0,0,0,0,0,0,0,0,0,0,0,,0,1,0,0,0,1,,N,1,1,2,,,N,N
3572,dha-0061,EM61,201503200615,201503200922,3 hours 7 minutes,,20150320,weakness,0,1,0,0,1,0,0,0,1,0,0,0,0,0,0,0,N,0,0,0,0,0,0,0,0,0,0,0,0,Y,,,,1,Almogran,0,0,1,1,N,1,0,,,0,,,0,0,N,0,0,0,0,0,0,0,0,0,0,0,0,0,0,0,0,0,0,0,0,0,0,0,0,0,0,,0,0,0,0,0,0,,Y,0,1,1,0 hours 0 minutes,0 hours 10 minutes,N,N
1117,cmc-0003,M-003,201411021600,201411022359,7 hours 59 minutes,,20141102,middle,1,6,0,1,0,0,1,0,2,1,1,0,1,0,2,1,Y,1,0,0,0,0,0,1,1,0,1,0,0,Y,,,,2,Advil,0,1,0,1,Y,1,1,0,1,1,,,0,0,N,0,0,0,0,0,0,0,0,0,0,0,0,0,0,0,0,0,0,0,0,0,0,0,0,0,0,,0,0,0,0,1,1,approximately,N,1,1,2,,,N,Y
1155,cmc-0003,M-003,201411031820,201411032120,3 hours 0 minutes,,20141103,middle,1,5,0,1,0,0,1,0,2,1,0,0,1,0,1,1,Y,1,0,0,0,0,0,0,0,0,1,0,0,Y,,,,1,Advil,0,0,1,1,Y,1,1,0,1,1,,,0,0,N,0,0,0,0,0,0,0,0,0,0,0,0,0,0,0,0,0,0,0,0,0,0,0,0,0,0,,0,0,0,0,1,1,approximately,N,1,1,2,,,N,N
788,cmc-0006,CM-001,201410180001,201410182359,23 hours 58 minutes,,20141018,middle,1,6,0,1,0,0,0,0,1,1,1,0,0,0,1,1,N,0,0,0,0,0,1,0,1,0,1,0,0,Y,,,,1,,0,1,0,1,Y,1,1,,,0,0,1,1,0,N,0,0,0,0,0,0,0,0,0,0,0,0,0,0,0,0,0,0,0,0,0,0,0,0,0,0,,1,0,0,0,0,1,,N,1,1,2,,,N,Y
224,cmc-0009,M-008,201409191200,201409192100,9 hours 0 minutes,,20140919,middle,1,7,0,1,1,0,1,0,3,1,1,0,0,0,1,1,Y,1,0,1,0,0,0,0,1,0,1,0,0,Y,,,3,,,0,1,0,1,Y,1,1,,,0,0,1,1,0,N,0,0,0,0,0,0,0,0,0,0,0,0,0,0,0,0,0,0,0,0,0,0,0,0,0,0,,0,0,0,0,0,0,,N,1,1,2,,,N,N
1136,cmc-0011,M-010,201411040300,201411040950,6 hours 50 minutes,,20141104,,,6,1,0,0,0,0,0,1,1,0,1,0,0,1,0,,0,1,1,0,1,0,0,2,0,0,1,0,Y,,,1,,,0,0,1,1,Y,1,1,0,1,1,,,0,0,N,0,0,0,0,0,0,0,0,0,0,0,0,0,0,0,0,0,0,0,0,0,0,0,0,0,0,,0,0,0,0,0,0,,N,1,1,2,,,N,N
231,cmc-0022,M-011,201409201404,201409201704,3 hours 0 minutes,,20140920,middle,1,4,1,0,0,0,0,0,1,1,1,0,0,0,1,1,,0,0,0,0,0,0,0,0,0,1,0,0,Y,,,1,,,0,0,1,1,Y,1,1,,,0,0,1,1,0,N,0,0,0,0,0,0,0,0,0,0,0,0,0,0,0,0,0,0,0,0,0,0,0,0,0,0,,0,1,0,0,0,1,,Y,0,1,1,0 hours 0 minutes,0 hours 40 minutes,N,N
280,cmc-0022,M-011,201409220857,201409221257,4 hours 0 minutes,,20140922,middle,1,5,1,0,0,0,0,0,1,1,1,0,0,0,1,1,Y,1,0,0,0,0,0,0,0,0,1,0,0,Y,,,1,,,0,0,1,1,Y,1,1,,,0,0,1,1,0,N,0,0,0,0,0,0,0,0,0,0,0,0,0,0,0,0,0,0,0,0,0,0,0,0,0,0,,0,1,1,0,0,2,,Y,0,1,1,0 hours 0 minutes,1 hour 0 minutes,N,N
307,cmc-0022,M-011,201409231800,201409232000,2 hours 0 minutes,,20140923,middle,1,4,1,0,0,0,0,0,1,1,1,0,0,0,1,1,N,0,0,0,0,0,0,0,0,0,1,0,0,Y,,,13,,,0,0,1,1,Y,1,1,,,0,0,1,1,0,N,0,0,0,0,0,0,0,0,0,0,0,0,0,0,0,0,0,0,0,0,0,0,0,0,0,0,,0,1,0,0,0,1,,Y,0,1,1,0 hours 0 minutes,1 hour 0 minutes,N,N
603,cmc-0022,M-011,201410091130,201410091406,2 hours 36 minutes,,20141009,middle,1,5,1,0,0,0,0,0,1,1,1,0,0,0,1,1,Y,1,0,0,0,0,0,0,0,0,1,0,0,Y,,,1,,,0,0,1,1,Y,1,1,,,0,0,1,1,0,N,0,0,0,0,0,0,0,0,0,0,0,0,0,0,0,0,0,0,0,0,0,0,0,0,0,0,,0,0,0,0,0,0,,N,1,1,2,,,N,N
2000,cmc-0022,M-011,201412131300,201412131400,1 hour 0 minutes,,20141213,weakness,0,2,1,0,0,0,0,0,1,1,0,0,1,0,1,1,N,0,0,0,0,0,0,0,0,0,1,0,0,Y,,,1,,,0,0,1,1,N,1,0,,,0,,,0,0,N,0,0,0,0,0,0,0,0,0,0,0,0,0,0,0,0,0,0,0,0,0,0,0,0,0,0,,0,0,0,0,0,0,,N,1,1,2,,,N,N
441,cmc-0028,M-014,201410011733,201410011933,2 hours 0 minutes,,20141001,weakness,0,3,1,0,0,0,0,1,2,1,1,0,1,0,2,1,N,0,0,0,0,0,0,0,0,0,1,0,0,Y,,,,1,Almogran,0,0,1,1,N,1,0,,,0,,,0,0,N,0,0,0,0,0,0,0,0,0,0,0,0,0,0,0,0,0,0,0,0,0,0,0,0,0,0,,0,0,0,0,1,1,approximately,N,1,1,2,,,N,N
552,cmc-0028,M-014,201410061133,201410061233,1 hour 0 minutes,,20141006,weakness,0,2,1,0,0,0,0,1,2,1,0,0,1,0,1,1,N,0,0,0,0,0,0,0,0,0,1,0,0,Y,,,,1,Almogran,0,0,1,1,,1,0,,,0,,,0,0,N,0,0,0,0,0,0,0,0,0,0,0,0,0,0,0,0,0,0,0,0,0,0,0,0,0,0,,0,0,0,0,0,0,,N,1,1,2,,,N,N
680,cmc-0028,M-014,201410100904,201410101004,1 hour 0 minutes,,20141010,weakness,0,2,1,0,0,1,0,1,3,1,0,0,1,0,1,1,N,0,0,0,0,0,0,0,0,0,1,0,0,Y,,,,1,Almogran,0,0,1,1,N,1,0,,,0,,,0,0,N,0,0,0,0,0,0,0,0,0,0,0,0,0,0,0,0,0,0,0,0,0,0,0,0,0,0,,0,0,0,0,0,0,,N,1,1,2,,,N,N
681,cmc-0028,M-014,201410110805,201410110905,1 hour 0 minutes,,20141011,weakness,0,2,1,0,0,0,0,0,1,1,0,0,1,0,1,1,N,0,0,0,0,0,0,0,0,0,1,0,0,Y,,,,1,Almogran,0,0,1,1,N,1,0,,,0,,,0,0,N,0,0,0,0,0,0,0,0,0,0,0,0,0,0,0,0,0,0,0,0,0,0,0,0,0,0,,0,0,0,0,0,0,,N,1,1,2,,,N,N
701,cmc-0028,M-014,201410140809,201410142359,15 hours 50 minutes,,20141014,weakness,0,2,1,0,0,0,0,0,1,1,0,0,1,0,1,1,Y,1,0,0,0,0,0,0,0,0,1,0,0,Y,,,,1,Almogran,0,1,0,1,N,1,0,,,0,,,0,0,N,0,0,0,0,0,0,0,0,0,0,0,0,0,0,0,0,0,0,0,0,0,0,0,0,0,0,,0,0,0,0,0,0,,N,1,1,2,,,N,Y
747,cmc-0028,M-014,201410160721,201410161521,8 hours 0 minutes,,20141016,weakness,0,3,1,0,0,0,0,1,2,1,0,0,1,0,1,1,Y,1,0,1,0,0,0,0,1,0,1,0,0,Y,,,,1,Almogran,0,1,0,1,Y,1,1,0,1,1,0,1,1,0,N,0,0,0,0,0,0,0,0,0,0,0,0,0,0,0,0,0,0,0,0,0,0,0,0,0,0,,0,0,0,0,0,0,,N,1,1,2,,,N,N
748,cmc-0028,M-014,201410170823,201410172123,13 hours 0 minutes,,20141017,weakness,0,3,1,0,0,0,0,1,2,1,0,0,1,0,1,1,Y,1,0,1,0,0,0,0,1,0,1,0,0,Y,,,,1,Almogran,0,1,0,1,Y,1,1,0,1,1,0,1,1,0,N,0,0,0,0,0,0,0,0,0,0,0,0,0,0,0,0,0,0,0,0,0,0,0,0,0,0,,0,0,0,0,0,0,,N,1,1,2,,,N,N
785,cmc-0028,M-014,201410180817,201410181117,3 hours 0 minutes,,20141018,weakness,0,2,1,0,0,1,0,1,3,1,0,1,0,0,1,0,,0,0,0,0,0,0,0,0,0,0,0,0,Y,,,,1,Almogran,0,1,0,1,N,1,0,,,0,,,0,0,N,0,0,0,0,0,0,0,0,0,0,0,0,0,0,0,0,0,0,0,0,0,0,0,0,0,0,,0,0,0,0,0,0,,N,1,1,2,,,N,N
786,cmc-0028,M-014,201410191018,,5 hours 0 minutes,,20141019,weakness,0,3,1,0,0,0,0,1,2,1,0,1,0,0,1,0,N,0,0,0,0,0,0,0,0,0,0,0,0,Y,,,,1,Almogran,0,0,1,1,N,1,0,,,0,,,0,0,N,0,0,0,0,0,0,0,0,0,0,0,0,0,0,0,0,0,0,0,0,0,0,0,0,0,0,,0,0,0,0,0,0,,N,1,1,2,,,N,N
1319,cmc-0028,M-014,201411030854,201411031054,2 hours 0 minutes,,20141103,middle,1,4,0,1,0,0,0,0,1,1,1,0,1,0,2,1,Y,1,0,0,0,0,0,0,0,0,1,0,0,Y,,,,1,Almogran,0,0,1,1,N,1,0,,,0,,,0,0,N,0,0,0,0,0,0,0,0,0,0,0,0,0,0,0,0,0,0,0,0,0,0,0,0,0,0,,0,0,0,0,0,0,,N,1,1,2,,,N,N
1333,cmc-0028,M-014,201411110720,201411110920,2 hours 0 minutes,,20141111,middle,1,4,0,1,0,0,0,0,1,1,0,0,1,0,1,1,N,0,0,0,0,0,0,0,0,0,1,0,0,Y,,,,1,Almogran,0,0,1,1,N,1,0,,,0,,,0,0,N,0,0,0,0,0,0,0,0,0,0,0,0,0,0,0,0,0,0,0,0,0,0,0,0,0,0,,0,0,0,0,0,0,,N,1,1,2,,,N,N
1334,cmc-0028,M-014,201411120729,201411120929,2 hours 0 minutes,,20141112,weakness,0,2,1,0,0,0,0,1,2,1,0,0,1,0,1,1,Y,1,0,0,0,0,0,0,0,0,1,0,0,Y,,,,1,Almogran,0,0,1,1,N,1,0,,,0,,,0,0,N,0,0,0,0,0,0,0,0,0,0,0,0,0,0,0,0,0,0,0,0,0,0,0,0,0,0,,0,0,0,0,0,0,,N,1,1,2,,,N,N
614,cmc-0033,CM-006,201410101620,201410102359,7 hours 39 minutes,,20141010,weakness,0,2,1,0,0,0,0,0,1,1,0,0,1,0,1,1,N,0,0,0,0,0,0,0,0,0,1,0,0,Y,,,,1,hospital medicine,0,1,0,1,N,1,0,,,0,,,0,0,N,0,0,0,0,0,0,0,0,0,0,0,0,0,0,0,0,0,0,0,0,0,0,0,0,0,0,,0,0,0,0,0,0,,Y,0,1,1,0 hours 0 minutes,1 hour 0 minutes,,
729,cmc-0033,CM-006,201410160646,201410162359,17 hours 13 minutes,,20141016,Severe,1,8,1,0,0,0,0,1,2,1,1,1,1,0,3,1,Y,1,0,1,0,0,0,0,1,0,1,0,0,Y,1,1,,2,hospital medicine,1,0,0,1,Y,1,1,0,1,1,0,1,1,0,N,0,0,0,0,0,0,0,0,0,0,0,0,0,0,0,0,0,0,0,0,0,0,0,0,0,0,,0,0,0,0,1,1,,N,1,1,2,,,N,Y
1258,cmc-0033,CM-006,201411090705,201411091805,11 hours 0 minutes,,20141109,weakness,0,2,1,0,1,0,0,0,2,1,1,0,1,0,2,1,Y,1,0,0,0,0,0,0,0,0,1,0,0,Y,,,,1,hospital evil,0,1,0,1,N,1,0,,,0,,,0,0,N,0,0,0,0,0,0,0,0,0,0,0,0,0,0,0,0,0,0,0,0,0,0,0,0,0,0,,0,0,0,0,1,1,approximately,N,1,1,2,,,N,N
1565,cmc-0033,CM-006,201411230926,201411232359,14 hours 33 minutes,,20141123,weakness,0,8,0,1,0,0,0,1,2,1,0,0,1,0,1,1,,0,0,0,0,0,0,0,0,0,1,0,0,Y,1,,,1,hospital medicine,0,1,0,1,,1,0,,,0,,,0,0,N,0,0,0,0,0,0,0,0,0,0,0,0,0,0,0,0,0,0,0,0,0,0,0,0,0,0,,0,0,0,0,0,0,,N,1,1,2,,,N,Y
1740,cmc-0033,CM-006,201412021317,201412021717,4 hours 0 minutes,,20141202,weakness,0,2,1,0,0,0,0,0,1,1,1,0,0,0,1,1,,0,0,0,0,0,0,0,0,0,1,0,0,Y,,,,1,hospital medicine,0,0,1,1,,1,0,,,0,,,0,0,N,0,0,0,0,0,0,0,0,0,0,0,0,0,0,0,0,0,0,0,0,0,0,0,0,0,0,,0,1,0,0,0,1,,N,1,1,2,,,N,N
1727,cmc-0063,M-036,201412030500,201412030800,3 hours 0 minutes,,20141203,weakness,0,2,0,1,0,0,0,0,1,1,0,0,1,0,1,1,Y,1,0,0,0,0,0,0,0,0,1,0,0,Y,,,1,,,0,0,1,1,N,1,0,,,0,,,0,0,N,0,0,0,0,0,0,0,0,0,0,0,0,0,0,0,0,0,0,0,0,0,0,0,0,0,0,,1,1,0,0,0,2,,N,1,1,2,,,N,N
3587,cmc-0063,M-036,201502140630,201502140750,1 hour 20 minutes,,20150214,weakness,0,2,1,0,0,0,0,0,1,1,0,0,1,0,1,1,Y,1,0,0,0,0,0,0,0,0,1,0,0,Y,,,1,,,0,0,1,1,N,1,0,,,0,,,0,0,N,0,0,0,0,0,0,0,0,0,0,0,0,0,0,0,0,0,0,0,0,0,0,0,0,0,0,,1,0,0,0,0,1,,N,1,1,2,,,N,N
2102,cmc-0066,M-039,201412201600,201412201920,3 hours 20 minutes,,20141220,weakness,0,,1,0,0,0,0,0,1,1,0,0,1,0,1,1,N,0,0,0,0,0,0,0,0,0,1,0,0,Y,,,,2,,0,0,1,1,N,1,0,,,0,,,0,0,N,0,0,0,0,0,0,0,0,0,0,0,0,0,0,0,0,0,0,0,0,0,0,0,0,0,0,,0,0,0,0,0,0,,N,1,1,2,,,N,N
3850,cmc-0068,M-041,201502210738,201502212359,16 hours 21 minutes,,20150221,weakness,0,2,0,1,0,0,0,0,1,1,1,0,0,0,1,1,N,0,0,0,0,0,0,0,0,0,1,0,0,Y,,,,1,hospital prescription,0,0,1,1,N,1,0,,,0,,,0,0,N,0,0,0,0,0,0,0,0,0,0,0,0,0,0,0,0,0,0,0,0,0,0,0,0,0,0,,0,1,0,0,0,1,,N,1,1,2,,,N,Y
3333,cmc-0069,M-042,201502061800,201502062030,2 hours 30 minutes,,20150206,middle,1,5,0,1,0,0,0,0,1,1,0,1,0,0,1,0,N,0,0,0,0,0,0,0,0,0,1,0,0,Y,,2,,,,0,0,1,1,Y,1,1,,,0,0,1,1,0,N,0,0,0,0,0,0,0,0,0,0,0,0,0,0,0,0,0,0,0,0,0,0,0,0,0,0,,0,1,0,0,0,1,,N,1,1,2,,,N,N
138,dha-0009,EM9,201409021720,201409022050,3 hours and 30 minutes,,20140902,weakness,0,2,1,0,0,0,0,0,1,1,1,0,0,0,1,1,Y,1,0,0,0,0,0,0,0,0,1,0,0,Y,,,,1,Almogran,0,0,1,1,Y,1,1,0,1,1,0,1,1,0,N,0,0,0,0,0,0,0,0,0,0,0,0,0,0,0,0,0,0,0,0,0,0,0,0,0,0,,0,0,0,0,0,0,,N,1,1,2,,,N,N
166,dha-0009,EM9,201409051630,201409051930,3 hours 0 minutes,,20140905,weakness,0,3,0,1,0,0,0,0,1,1,0,0,1,0,1,1,Y,1,0,0,0,0,0,0,0,0,1,0,0,Y,,,,1,Almogran,0,0,1,1,Y,1,1,0,1,1,0,1,1,0,N,0,0,0,0,0,0,0,0,0,0,0,0,0,0,0,0,0,0,0,0,0,0,0,0,0,0,,0,0,0,0,0,0,,N,1,1,2,,,N,N
290,dha-0009,EM9,201409161448,201409161740,2 hours 52 minutes,,20140916,weakness,0,2,0,1,0,0,0,0,1,1,0,0,0,1,1,0,N,0,0,0,0,0,0,0,0,0,0,0,0,Y,,,,1,Almogran,0,0,1,1,Y,1,1,0,1,1,0,1,1,0,N,0,0,0,0,0,0,0,0,0,0,0,0,0,0,0,0,0,0,0,0,0,0,0,0,0,0,,0,0,0,0,0,0,,Y,0,1,1,0 hours 0 minutes,1 hour 0 minutes,N,N
306,dha-0009,EM9,201409171522,201409171720,1 hour 58 minutes,,20140917,middle,1,6,0,1,0,0,0,0,1,1,0,1,0,0,1,0,Y,1,0,0,0,0,0,0,0,0,1,0,0,Y,,,,1,Almogran,0,0,1,1,Y,1,1,0,1,1,0,1,1,0,N,0,0,0,0,0,0,0,0,0,0,0,0,0,0,0,0,0,0,0,0,0,0,0,0,0,0,,1,0,0,0,0,1,,N,1,1,2,,,N,N
386,dha-0009,EM9,201409240520,201409240700,1 hour 40 minutes,,20140924,weakness,0,1,0,1,0,0,0,0,1,1,0,0,1,0,1,1,,0,0,0,0,0,0,0,0,0,1,0,0,Y,,,,1,Almogran,0,0,1,1,Y,1,1,0,1,1,0,1,1,0,N,0,0,0,0,0,0,0,0,0,0,0,0,0,0,0,0,0,0,0,0,0,0,0,0,0,0,,0,0,0,0,0,0,,Y,0,1,1,0 hours 0 minutes,1 hour 0 minutes,N,N
391,dha-0009,EM9,201409251400,201409251656,2 hours 56 minutes,,20140925,weakness,0,3,0,1,0,0,0,0,1,1,1,0,0,0,1,1,,0,0,0,0,0,0,0,0,0,1,0,0,Y,,,,1,Almogran,0,0,1,1,Y,1,1,0,1,1,0,1,1,0,N,0,0,0,0,0,0,0,0,0,0,0,0,0,0,0,0,0,0,0,0,0,0,0,0,0,0,,0,0,0,0,0,0,,N,1,1,2,,,N,N
445,dha-0009,EM9,201409292100,201409292300,2 hours 0 minutes,,20140929,weakness,0,2,0,1,0,0,0,0,1,1,1,0,0,0,1,1,,0,0,0,0,0,0,0,0,0,1,0,0,Y,,,,1,Almogran,0,0,1,1,Y,1,1,0,1,1,0,1,1,0,N,0,0,0,0,0,0,0,0,0,0,0,0,0,0,0,0,0,0,0,0,0,0,0,0,0,0,,0,0,0,0,0,0,,N,1,1,2,,,N,N
516,dha-0009,EM9,201410051604,201410052004,4 hours 0 minutes,,20141005,weakness,0,3,0,1,0,0,0,0,1,1,1,0,0,0,1,1,,0,0,0,0,0,0,0,0,0,1,0,0,Y,,,,1,Almogran,0,0,1,1,Y,1,1,0,1,1,0,1,1,0,N,0,0,0,0,0,0,0,0,0,0,0,0,0,0,0,0,0,0,0,0,0,0,0,0,0,0,,0,0,0,0,0,0,,N,1,1,2,,,N,N
627,dha-0009,EM9,201410121600,201410121830,2 hours 30 minutes,,20141012,weakness,0,3,0,1,0,0,0,0,1,1,0,0,1,0,1,1,,0,0,0,0,0,0,0,0,0,1,0,0,Y,,,,1,Almogran,0,0,1,1,Y,1,1,0,1,1,0,1,1,0,N,0,0,0,0,0,0,0,0,0,0,0,0,0,0,0,0,0,0,0,0,0,0,0,0,0,0,,0,0,0,0,0,0,,N,1,1,2,,,N,N
637,dha-0009,EM9,201410130900,201410131100,2 hours 0 minutes,,20141013,weakness,0,2,0,1,0,0,0,0,1,1,1,0,0,0,1,1,,0,0,0,0,0,0,0,0,0,1,0,0,Y,,,,1,Almogran,0,0,1,1,Y,1,1,0,1,1,0,1,1,0,N,0,0,0,0,0,0,0,0,0,0,0,0,0,0,0,0,0,0,0,0,0,0,0,0,0,0,,0,0,0,0,0,0,,N,1,1,2,,,N,N
723,dha-0009,EM9,201410170756,201410170956,2 hours 0 minutes,,20141017,weakness,0,2,0,1,0,0,0,0,1,1,0,0,0,0,0,0,,0,0,0,0,0,0,0,0,0,0,0,0,Y,,,,1,Almogran,0,0,1,1,Y,1,1,0,1,1,0,1,1,0,N,0,0,0,0,0,0,0,0,0,0,0,0,0,0,0,0,0,0,0,0,0,0,0,0,0,0,,0,0,0,0,0,0,,N,1,1,2,,,N,N
894,dha-0009,EM9,201410281308,201410281808,5 hours 0 minutes,,20141028,middle,1,4,0,1,0,0,0,0,1,1,1,0,0,0,1,1,,0,0,0,0,0,0,0,0,0,1,0,0,Y,,,,1,Almogran,0,1,0,1,Y,1,1,0,1,1,0,1,1,0,N,0,0,0,0,0,0,0,0,0,0,0,0,0,0,0,0,0,0,0,0,0,0,0,0,0,0,,0,0,0,0,0,0,,N,1,1,2,,,N,N
955,dha-0009,EM9,201411011217,201411011800,5 hours 43 minutes,,20141101,weakness,0,3,0,1,0,0,0,0,1,1,0,0,1,0,1,1,N,0,0,0,0,0,0,0,0,0,1,0,0,Y,,,,1,Almogran,0,0,1,1,Y,1,1,0,1,1,0,1,1,0,N,0,0,0,0,0,0,0,0,0,0,0,0,0,0,0,0,0,0,0,0,0,0,0,0,0,0,,0,0,0,0,0,0,,N,1,1,2,,,N,N
225,dha-0010,em10,201409101130,201409101906,7 hours 36 minutes per day,,20140910,middle,1,7,0,1,0,0,1,1,3,1,1,0,0,1,2,1,Y,1,0,1,0,0,0,0,1,0,1,0,0,Y,,,,1,Narimik,0,0,1,1,Y,1,1,0,1,1,0,1,1,0,N,0,0,0,0,0,0,0,0,0,0,0,0,0,0,0,0,0,0,0,0,0,0,0,0,0,0,,1,0,0,0,0,1,,Y,0,1,1,0 hours 0 minutes,1 hour 10 minutes,N,N
1118,dha-0010,em10,201411111300,201411112359,10 hours 59 minutes,,20141111,middle,1,7,0,1,0,0,0,1,2,1,0,0,1,0,1,1,N,0,0,0,0,0,0,0,0,0,1,0,0,Y,,,,1,Naramik,0,1,0,1,N,1,0,,,0,,,0,0,N,0,0,0,0,0,0,0,0,0,0,0,0,0,0,0,0,0,0,0,0,0,0,0,0,0,0,,0,1,0,1,0,2,,N,1,1,2,,,Y,N
1237,dha-0013,em13,201411181550,201411181800,2 hours 10 minutes,,20141118,weakness,0,,1,0,0,0,0,0,1,1,0,0,0,1,1,0,N,0,0,0,0,0,0,0,0,0,0,0,0,Y,2,,,,,0,0,1,1,N,1,0,,,0,,,0,0,N,0,0,0,0,0,0,0,0,0,0,0,0,0,0,0,0,0,0,0,0,0,0,0,0,0,0,,0,0,0,0,0,0,,Y,0,1,1,0 hours 0 minutes,0 hours 20 minutes,N,N
1300,dha-0013,em13,201411211700,201411211809,1 hour 9 minutes,,20141121,weakness,0,,1,0,0,0,0,0,1,1,0,0,0,1,1,0,N,0,0,0,0,0,0,0,0,0,0,0,0,Y,2,,,,,0,0,1,1,N,1,0,,,0,,,0,0,N,0,0,0,0,0,0,0,0,0,0,0,0,0,0,0,0,0,0,0,0,0,0,0,0,0,0,,0,0,0,0,0,0,,Y,0,1,1,0 hours 0 minutes,0 hours 20 minutes,N,N
131,dha-0014,em14,201409010900,,5 hours 16 minutes,,20140901,middle,1,5,1,0,0,0,1,0,2,1,1,0,0,0,1,1,N,0,0,0,0,0,0,0,0,0,1,0,0,Y,,,,4,hospital prescription medication,0,0,1,1,N,1,0,,,0,,,0,0,N,0,0,0,0,0,0,0,0,0,0,0,0,0,0,0,0,0,0,0,0,0,0,0,0,0,0,,0,1,0,0,0,1,,N,1,1,2,,,N,N
425,dha-0014,em14,201409271620,201409272359,7 hours 39 minutes,,20140927,,,8,1,0,0,0,0,1,2,1,1,0,0,0,1,1,N,0,0,0,0,0,0,0,0,0,1,0,0,Y,,,,4,prescription drugs,1,0,0,1,Y,1,1,,,0,0,1,1,0,N,0,0,0,0,0,0,0,0,0,0,0,0,0,0,0,0,0,0,0,0,0,0,0,0,0,0,,0,1,0,0,0,1,,N,1,1,2,,,N,Y
426,dha-0014,em14,201409280922,201409281622,7 hours 0 minutes,,20140928,middle,1,7,1,0,0,0,1,0,2,1,0,0,1,0,1,1,N,0,0,0,0,0,0,0,0,0,1,0,0,Y,,,,4,prescription drugs,0,0,1,1,Y,1,1,,,0,0,1,1,0,N,0,0,0,0,0,0,0,0,0,0,0,0,0,0,0,0,0,0,0,0,0,0,0,0,0,0,,0,0,0,0,0,0,,N,1,1,2,,,N,N
817,dha-0015,em15,201410181030,201410181730,7 hours 0 minutes,,20141018,middle,1,6,0,1,1,1,0,0,3,1,1,0,0,1,2,1,Y,1,0,0,0,0,0,0,0,0,1,0,0,Y,,,,1,,0,1,0,1,Y,1,1,,,0,0,1,1,0,N,0,0,0,0,0,0,0,0,0,0,0,0,0,0,0,0,0,0,0,0,0,0,0,0,0,0,,0,0,0,0,0,0,,N,1,1,2,,,N,N
932,dha-0022,em22,201410301825,201410302359,5 hours 34 minutes,,20141030,weakness,0,1,1,0,0,0,0,0,1,1,1,0,0,0,1,1,,0,0,0,0,0,1,0,1,0,1,0,0,Y,,,1,,,0,1,0,1,N,1,0,,,0,,,0,0,N,0,0,0,0,0,0,0,0,0,0,0,0,0,0,0,0,0,0,0,0,0,0,0,0,0,0,,0,0,0,0,0,0,,N,1,1,2,,,N,Y
1887,dha-0022,em22,201412151415,201412151630,2 hours 15 minutes,,20141215,weakness,0,7,1,0,0,0,0,0,1,1,0,0,1,0,1,1,,0,0,0,0,0,0,0,0,0,1,0,0,Y,,,1,,,0,0,1,1,N,1,0,,,0,,,0,0,N,0,0,0,0,0,0,0,0,0,0,0,0,0,0,0,0,0,0,0,0,0,0,0,0,0,0,,0,0,0,0,1,1,approximately,N,1,1,2,,,N,N
2035,dha-0022,em22,201412221539,201412222039,5 hours 0 minutes,,20141222,weakness,0,,1,0,0,0,0,0,1,1,0,0,1,0,1,1,N,0,0,0,0,0,0,0,0,0,1,0,0,Y,,,1,,,0,0,1,1,N,1,0,,,0,,,0,0,N,0,0,0,0,0,0,0,0,0,0,0,0,0,0,0,0,0,0,0,0,0,0,0,0,0,0,,0,1,0,0,0,1,,N,1,1,2,,,N,N
1015,dha-0033,em33,201411052101,201411052359,2 hours 58 minutes,,20141105,,,3,1,0,0,0,0,0,1,1,1,0,0,0,1,1,,0,0,0,0,0,0,0,0,0,1,0,0,Y,212,,,,,0,1,0,1,N,1,0,,,0,,,0,0,N,0,0,0,0,0,0,0,0,0,0,0,0,0,0,0,0,0,0,0,0,0,0,0,0,0,0,,0,1,0,0,0,1,,N,1,1,2,,,N,Y
945,dha-0040,EM40,201411011800,201411011840,40 minutes,,20141101,middle,1,5,0,1,0,0,0,0,1,1,0,1,1,0,2,1,Y,1,0,0,0,0,0,1,1,0,1,0,0,Y,1,1,1,,,0,0,1,1,N,1,0,,,0,,,0,0,N,0,0,0,0,0,0,0,0,0,0,0,0,0,0,0,0,0,0,0,0,0,0,0,0,0,0,,0,1,0,0,0,1,,N,1,1,2,,,N,N
1326,dha-0050,EM50,201411230600,201411231100,5 hours 0 minutes,,20141123,weakness,0,2,0,1,1,0,0,0,2,1,0,0,0,1,1,0,N,0,0,0,0,0,0,0,0,0,0,0,0,Y,,1,,,,0,1,0,1,N,1,0,,,0,,,0,0,N,0,0,0,0,0,0,0,0,0,0,0,0,0,0,0,0,0,0,0,0,0,0,0,0,0,0,,1,1,0,0,0,2,,N,1,1,2,,,N,N
2008,dha-0050,EM50,201412230923,201412231233,3 hours 10 minutes,,20141223,weakness,0,2,1,0,0,0,0,0,1,1,0,0,0,1,1,0,N,0,0,0,0,0,0,0,0,0,0,0,0,Y,,1,,,,0,0,1,1,N,1,0,,,0,,,0,0,N,0,0,0,0,0,0,0,0,0,0,0,0,0,0,0,0,0,0,0,0,0,0,0,0,0,0,,0,0,0,0,0,0,,N,1,1,2,,,N,N
2079,dha-0050,EM50,201412270621,201412272359,17 hours 38 minutes,,20141227,weakness,0,2,0,1,0,0,1,0,2,1,0,0,1,0,1,1,N,0,0,0,0,0,0,0,0,0,1,0,0,Y,2,,,,,0,0,1,1,N,1,0,,,0,,,0,0,N,0,0,0,0,0,0,0,0,0,0,0,0,0,0,0,0,0,0,0,0,0,0,0,0,0,0,,0,0,0,0,0,0,,N,1,1,2,,,,
2150,dha-0050,EM50,201412300705,201412301005,3 hours 0 minutes,,20141230,weakness,0,2,0,1,0,0,0,0,1,1,0,0,0,1,1,0,N,0,0,0,0,0,0,0,0,0,0,0,0,Y,2,,,,,0,0,1,1,N,1,0,,,0,,,0,0,N,0,0,0,0,0,0,0,0,0,0,0,0,0,0,0,0,0,0,0,0,0,0,0,0,0,0,,0,0,0,0,0,0,,N,1,1,2,,,N,N
2239,dha-0050,EM50,201501020730,201501020930,2 hours 0 minutes,,20150102,weakness,0,2,0,1,0,0,0,0,1,1,0,0,0,1,1,0,N,0,0,0,0,0,0,0,0,0,0,0,0,Y,2,,,,,0,0,1,1,N,1,0,,,0,,,0,0,N,0,0,0,0,0,0,0,0,0,0,0,0,0,0,0,0,0,0,0,0,0,0,0,0,0,0,,0,0,0,0,0,0,,N,1,1,2,,,N,N
1427,dha-0051,EM51,201411260600,201411261924,13 hours 24 minutes,,20141126,middle,1,4,1,0,0,0,0,1,2,1,0,1,0,0,1,0,Y,1,0,0,0,0,0,0,0,0,1,0,0,Y,,,,1,hospital prescription medication,0,0,1,1,Y,1,1,0,1,1,1,0,1,0,N,0,0,0,0,0,0,0,0,0,0,0,0,0,0,0,0,0,0,0,0,0,0,0,0,0,0,,0,0,0,0,1,1,approximately,N,1,1,2,,,N,N
1444,dha-0051,EM51,201411270700,201411271600,9 hours 0 minutes,,20141127,weakness,0,3,1,0,0,0,0,1,2,1,1,0,0,0,1,1,Y,1,0,0,0,0,0,0,0,0,1,0,0,Y,,,,1,hospital prescription medication,0,0,1,1,Y,1,1,0,1,1,1,0,1,0,N,0,0,0,0,0,0,0,0,0,0,0,0,0,0,0,0,0,0,0,0,0,0,0,0,0,0,,0,0,0,0,1,1,approximately,N,1,1,2,,,N,N
1562,dha-0051,EM51,201412020800,201412021200,4 hours 0 minutes,,20141202,middle,1,4,1,0,0,0,0,1,2,1,0,0,1,0,1,1,Y,1,0,1,0,0,1,0,2,0,1,0,0,Y,,,1,,,0,0,1,1,Y,1,1,0,1,1,1,0,1,0,N,0,0,0,0,0,0,0,0,0,0,0,0,0,0,0,0,0,0,0,0,0,0,0,0,0,0,,0,0,0,0,1,1,approximately,N,1,1,2,,,N,N
1570,dha-0051,EM51,201412030800,201412031831,10 hours 31 minutes,,20141203,middle,1,4,1,0,0,0,0,1,2,1,0,0,1,0,1,1,Y,1,0,1,0,0,0,0,1,0,1,0,0,Y,,,1,,,0,0,1,1,Y,1,1,0,1,1,1,0,1,0,N,0,0,0,0,0,0,0,0,0,0,0,0,0,0,0,0,0,0,0,0,0,0,0,0,0,0,,0,0,0,0,1,1,approximately,N,1,1,2,,,N,N
1600,dha-0051,EM51,201412040800,201412042000,12 hours 0 minutes,,20141204,weakness,0,2,1,0,0,0,0,1,2,1,0,0,1,0,1,1,Y,1,0,1,0,0,0,0,1,0,1,0,0,Y,2,,,,,0,1,0,1,Y,1,1,0,1,1,0,1,1,0,N,0,0,0,0,0,0,0,0,0,0,0,0,0,0,0,0,0,0,0,0,0,0,0,0,0,0,,0,0,0,0,0,0,,N,1,1,2,,,N,N
1639,dha-0051,EM51,201412050800,201412051800,10 hours 0 minutes,,20141205,weakness,0,2,1,0,0,0,0,0,1,1,0,0,1,0,1,1,Y,1,0,1,0,0,0,0,1,0,1,0,0,Y,2,,,,,0,1,0,1,Y,1,1,0,1,1,0,1,1,0,N,0,0,0,0,0,0,0,0,0,0,0,0,0,0,0,0,0,0,0,0,0,0,0,0,0,0,,0,0,0,0,0,0,,N,1,1,2,,,N,N
1712,dha-0051,EM51,201412070800,201412071400,6 hours 0 minutes,,20141207,middle,1,4,0,1,0,0,0,1,2,1,0,1,0,0,1,0,Y,1,0,1,0,0,0,0,1,0,1,0,0,Y,,,1,,,0,0,1,1,Y,1,1,0,1,1,1,0,1,0,N,0,0,0,0,0,0,0,0,0,0,0,0,0,0,0,0,0,0,0,0,0,0,0,0,0,0,,0,0,0,0,0,0,,N,1,1,2,,,N,N
2419,dha-0051,EM51,201501020800,201501021400,6 hours 0 minutes,,20150102,middle,1,4,1,0,0,0,0,1,2,1,0,1,0,0,1,0,Y,1,0,1,0,0,0,0,1,0,1,0,0,Y,,,2,,,0,0,1,1,Y,1,1,0,1,1,,,0,0,N,0,0,0,0,0,0,0,0,0,0,0,0,0,0,0,0,0,0,0,0,0,0,0,0,0,0,,0,0,0,0,0,0,,N,1,1,2,,,N,N
2420,dha-0051,EM51,201501030800,201501031400,6 hours 0 minutes,,20150103,middle,1,,1,0,0,0,0,1,2,1,0,1,1,0,2,1,Y,1,0,1,0,0,1,0,2,0,1,0,0,Y,,,1,,,0,0,1,1,Y,1,1,0,1,1,,,0,0,N,0,0,0,0,0,0,0,0,0,0,0,0,0,0,0,0,0,0,0,0,0,0,0,0,0,0,,0,0,0,0,0,0,,N,1,1,2,,,N,N
2977,dha-0053,em53,201502080001,201502082304,23 hours 3 minutes,,20150208,Severe,1,7,0,1,1,0,0,1,3,1,1,0,0,0,1,1,,0,0,0,0,0,0,0,0,0,1,0,0,Y,,,,2,Almogran,0,1,0,1,Y,1,1,,,0,1,0,1,0,N,0,0,0,0,0,0,0,0,0,0,0,0,0,0,0,0,0,0,0,0,0,0,0,0,0,0,,1,1,0,0,0,2,,N,1,1,2,,,N,N
1291,cmc-0001,M-001,201411091241,201411091741,5 hours 0 minutes,,20141109,weakness,0,1,0,0,0,0,0,1,1,0,0,0,0,1,1,0,Y,1,0,0,0,0,0,0,0,0,0,0,0,Y,1,,,,,0,0,1,1,N,1,0,,,0,,,0,0,N,0,0,0,0,0,0,0,0,0,0,0,0,0,0,0,0,0,0,0,0,0,0,0,0,0,0,,0,1,0,0,0,1,,N,1,1,2,,,N,N
419,cmc-0002,M-002,201410011300,201410011900,6 hours 0 minutes,6 hours 1 minute,20141001,middle,1,,0,0,0,1,1,1,3,0,1,0,1,0,2,1,Y,1,0,1,0,0,0,0,1,0,1,0,0,N,,,,,,,,,0,Y,0,1,,,0,0,1,1,0,Y,1,0,0,0,0,0,0,0,0,1,1,0,0,0,0,0,0,0,0,0,0,0,0,0,0,0,,0,1,0,0,0,1,,N,1,1,2,,,N,N
917,cmc-0002,M-002,201410261400,201410261740,3 hours 40 minutes,,20141026,weakness,0,,0,0,0,1,1,0,2,0,1,1,1,0,3,1,Y,1,0,1,0,0,0,0,1,0,1,0,0,N,,,,,,,,,0,N,0,0,,,0,,,0,0,Y,1,0,0,0,0,0,0,0,0,1,1,0,0,0,0,0,0,0,0,0,0,0,0,0,0,0,,0,1,0,0,0,1,,N,1,1,2,,,N,N
836,cmc-0003,M-003,201410092013,201410092313,3 hours 0 minutes,,20141009,weakness,0,4,0,0,0,1,0,0,1,0,0,0,1,0,1,1,Y,1,0,0,0,0,0,0,0,0,1,0,0,N,,,,,,,,,0,N,0,0,,,0,,,0,0,Y,1,0,1,0,0,0,0,0,0,0,1,0,0,0,0,0,0,0,0,0,0,0,0,0,0,0,,1,1,0,0,0,2,,N,1,1,2,,,N,N
407,cmc-0008,M-007,201409301201,201409301401,2 hours 0 minutes,,20140930,weakness,0,2,0,0,1,0,0,0,1,0,0,0,1,0,1,1,,0,0,0,0,0,0,0,0,0,0,0,0,,,,,,,,,,0,Y,0,1,,,0,0,1,1,0,Y,1,0,0,0,0,0,0,0,1,0,1,0,0,0,0,0,0,0,0,0,0,0,0,0,0,0,,1,1,0,0,0,2,,N,1,1,2,,,N,N
95,cmc-0009,M-008,201409061420,201409061830,4 hours 10 minutes,,20140906,middle,1,6,0,0,1,0,1,0,2,0,0,1,0,0,1,0,Y,1,0,0,0,0,0,1,1,0,1,0,0,N,,,,,,,,,0,Y,0,1,,,0,0,1,1,0,Y,1,1,0,0,0,0,0,0,0,0,1,0,0,0,0,0,0,0,0,0,0,0,0,0,0,0,,0,1,0,0,0,1,,N,1,1,2,,,N,N
181,cmc-0009,M-008,201409161300,201409162359,10 hours 59 minutes,,20140916,weakness,0,3,0,0,1,1,1,0,3,0,1,0,0,0,1,1,Y,1,0,0,0,0,0,0,0,0,1,0,0,N,,,,,,,,,0,Y,0,1,,,0,0,1,1,0,Y,1,1,0,0,0,0,0,0,0,0,1,0,0,0,0,0,0,0,0,0,0,0,0,0,0,0,,0,0,0,0,0,0,,N,1,1,2,,,N,Y
543,cmc-0009,M-008,201410061550,201410061650,1 hour 0 minutes,,20141006,weakness,0,4,0,0,1,0,0,0,1,0,1,0,0,0,1,1,,0,0,0,0,0,0,0,0,0,0,0,0,N,,,,,,,,,0,,0,0,,,0,,,0,0,Y,1,1,0,0,0,0,0,0,0,0,1,0,0,0,0,0,0,0,0,0,0,0,0,0,0,0,,0,0,0,0,0,0,,N,1,1,2,,,N,N
814,cmc-0011,M-010,201410210700,201410212359,16 hours 59 minutes,,20141021,weakness,0,3,0,0,0,0,1,0,1,0,0,0,0,1,1,0,Y,1,0,0,0,0,0,0,0,0,0,0,0,N,,,,,,,,,0,N,0,0,,,0,,,0,0,Y,1,0,0,1,0,0,0,0,0,0,1,0,0,0,0,0,0,0,0,0,0,0,0,0,0,0,,0,0,0,0,0,0,,N,1,1,2,,,N,Y
1854,cmc-0026,M-013,201412091225,201412092130,9 hours 5 minutes,,20141209,weakness,0,5,0,0,1,0,0,0,1,0,1,0,0,0,1,1,,0,0,0,0,0,0,0,0,0,0,0,0,,,,,,,,,,0,,0,0,,,0,,,0,0,Y,1,1,0,0,0,0,0,0,0,0,1,0,0,0,0,0,0,0,0,0,0,0,0,0,0,0,,0,0,0,0,1,1,take medicine,N,1,1,2,,,N,N
994,cmc-0029,M-015,201410261900,201410262359,4 hours 59 minutes,,20141026,middle,1,4,0,0,0,1,0,0,1,0,0,0,1,0,1,1,Y,1,0,0,0,0,1,0,1,0,1,0,0,N,,,,,,,,,0,Y,0,1,,,0,0,1,1,0,Y,1,0,0,0,0,0,1,0,0,0,1,0,0,0,0,0,0,0,0,0,0,0,0,0,0,0,,1,1,0,0,0,2,,N,1,1,2,,,N,Y
1122,cmc-0029,M-015,201411010600,201411011300,7 hours 0 minutes,,20141101,weakness,0,5,0,0,0,1,0,1,2,0,0,0,0,1,1,0,N,0,0,0,0,0,0,0,0,0,0,0,0,N,,,,,,,,,0,N,0,0,,,0,,,0,0,Y,1,0,0,0,0,0,1,0,0,0,1,0,0,0,0,0,0,0,0,0,0,0,0,0,0,0,,0,1,0,0,0,1,,N,1,1,2,,,N,N
750,cmc-0032,CM-005,201410101451,201410101851,4 hours 0 minutes,,20141010,middle,1,6,0,0,0,0,0,1,1,0,0,1,1,0,2,1,Y,1,0,1,0,0,1,0,2,0,1,0,0,N,,,,,,,,,0,N,0,0,,,0,,,0,0,Y,1,1,0,0,0,0,0,0,0,0,1,0,0,0,0,0,0,0,0,0,0,0,0,0,0,0,,0,0,0,0,0,0,,Y,0,1,1,0 hours 0 minutes,1 hour 0 minutes,N,N
1105,cmc-0032,CM-005,201410230910,201410231210,3 hours 0 minutes,,20141023,weakness,0,3,0,0,0,0,0,1,1,0,0,1,0,0,1,0,N,0,0,1,0,0,0,0,1,0,0,0,0,N,,,,,,,,,0,N,0,0,,,0,,,0,0,Y,1,0,0,1,0,0,0,0,0,0,1,0,0,0,0,0,0,0,0,0,0,0,0,0,0,0,,0,1,0,0,0,1,,Y,0,1,1,0 hours 0 minutes,1 hour 20 minutes,N,N
1850,cmc-0032,CM-005,201412070830,201412071030,2 hours 0 minutes,,20141207,weakness,0,4,0,0,0,0,0,1,1,0,0,0,1,0,1,1,N,0,0,1,0,0,0,1,2,1,0,1,0,N,,,,,,,,,0,N,0,0,,,0,,,0,0,Y,1,0,0,0,0,0,0,0,0,0,0,0,0,0,0,0,0,1,0,0,0,0,0,0,0,1,,0,1,0,0,0,1,,N,1,1,2,,,N,N
2941,cmc-0048,M-032,201501241330,201501241934,6 hours 4 minutes,,20150124,weakness,0,2,0,0,0,1,1,0,2,0,0,0,0,1,1,0,N,0,0,0,0,0,0,0,0,0,0,0,0,N,,,,,,,,,0,N,0,0,,,0,,,0,0,Y,1,0,0,0,1,0,0,0,0,0,1,0,0,0,0,0,0,0,0,0,0,0,0,0,0,0,,0,1,0,0,0,1,,Y,0,1,1,0 hours 0 minutes,3 hours 0 minutes,N,N
1588,cmc-0049,M-033,201411241600,201411242359,7 hours 59 minutes,,20141124,middle,1,,0,0,1,1,0,0,2,0,0,1,0,1,2,0,,0,0,0,0,0,0,0,0,0,0,0,0,N,,,,,,,,,0,N,0,0,,,0,,,0,0,Y,1,1,0,0,0,0,0,0,0,0,1,0,0,0,0,0,0,0,0,0,0,0,0,0,0,0,,1,0,0,0,0,1,,N,1,1,2,,,,
2091,cmc-0069,M-042,201412180806,201412181056,2 hours 50 minutes,,20141218,weakness,0,3,0,0,1,1,0,0,2,0,0,0,0,1,1,0,N,0,0,0,0,0,0,0,0,0,0,0,0,N,,,,,,,,,0,N,0,0,,,0,,,0,0,Y,1,0,0,1,0,0,0,0,0,0,1,0,0,0,0,0,0,0,0,0,0,0,0,0,0,0,,0,1,0,0,0,1,,N,1,1,2,,,N,N
3825,cmc-0077,M-049,201502110000,201502112359,23 hours 59 minutes,,20150211,middle,1,5,0,0,0,1,0,0,1,0,0,0,1,0,1,1,Y,1,0,0,0,0,0,0,0,0,1,0,0,N,,,,,,,,,0,Y,0,1,,,0,0,1,1,0,Y,1,0,0,0,0,0,0,0,0,0,0,0,0,0,0,0,0,0,0,0,0,0,0,0,1,1,cold,1,1,0,0,0,2,,N,1,1,2,,,N,Y
4616,cmc-0077,M-049,201503211300,201503211400,1 hour 0 minutes,,20150321,weakness,0,2,0,0,1,0,0,0,1,0,0,0,1,0,1,1,N,0,1,0,0,1,0,0,1,0,0,1,0,N,,,,,,,,,0,N,0,0,,,0,,,0,0,Y,1,0,0,1,0,0,0,0,0,0,1,0,0,0,0,0,0,0,0,0,0,0,0,0,0,0,,0,1,0,0,0,1,,N,1,1,2,,,N,N
4951,cmc-0078,M-050,201504071530,201504072359,8 hours 29 minutes,,20150407,weakness,0,2,0,0,0,1,0,0,1,0,0,0,0,1,1,0,N,0,0,1,0,0,1,1,3,1,0,1,0,N,,,,,,,,,0,N,0,0,,,0,,,0,0,Y,1,0,0,0,0,0,0,0,0,0,0,1,0,0,0,0,1,0,0,0,0,0,0,0,0,0,,0,1,0,0,0,1,,Y,0,1,1,0 hours 0 minutes,1 hour 0 minutes,,
75,dha-0004,EM4,201408210800,201408212359,15 hours 59 minutes,,20140821,weakness,0,,0,0,1,0,0,1,2,0,0,0,0,1,1,0,N,0,0,0,0,0,0,0,0,0,0,0,0,N,,,,,,,,,0,N,0,0,,,0,,,0,0,Y,1,1,0,0,0,0,0,0,0,0,1,0,0,0,0,0,0,0,0,0,0,0,0,0,0,0,,0,1,0,0,0,1,,Y,0,1,1,0 hours 0 minutes,1 hour 0 minutes,,
144,dha-0015,em15,201409021500,201409021900,4 hours 0 minutes,,20140902,weakness,0,2,0,0,0,1,1,0,2,0,0,0,0,1,1,0,N,0,0,1,0,0,0,0,1,0,0,0,0,N,,,,,,,,,0,N,0,0,,,0,,,0,0,Y,1,0,0,0,0,0,0,0,0,0,0,0,0,0,0,0,0,0,0,0,0,0,0,0,1,1,Headache after nap,1,0,0,0,0,1,,N,1,1,2,,,N,N
484,dha-0023,EM23,201410022100,201410022359,2 hours 59 minutes,,20141002,weakness,0,,0,0,0,0,1,0,1,0,0,1,0,0,1,0,N,0,0,0,0,0,0,0,0,0,0,0,0,N,,,,,,,,,0,N,0,0,,,0,,,0,0,Y,1,0,0,1,0,0,0,0,0,0,1,0,0,0,0,0,0,0,0,0,0,0,0,0,0,0,,1,1,0,0,0,2,,N,1,1,2,,,N,Y
1084,dha-0023,EM23,201411090800,201411092359,15 hours 59 minutes,,20141109,middle,1,,0,0,0,0,1,0,1,0,0,0,0,1,1,0,,0,0,0,0,0,0,0,0,0,0,0,0,N,,,,,,,,,0,Y,0,1,,,0,0,1,1,0,Y,1,0,0,0,0,0,0,1,0,0,1,0,0,0,0,0,0,0,0,0,0,0,0,0,0,0,,0,1,0,0,0,1,,N,1,1,2,,,N,Y
1100,dha-0023,EM23,201411100800,201411101800,10 hours 0 minutes,,20141110,middle,1,,0,0,0,0,1,0,1,0,0,0,0,1,1,0,,0,0,0,0,0,0,0,0,0,0,0,0,N,,,,,,,,,0,Y,0,1,,,0,0,1,1,0,Y,1,0,0,0,0,0,0,1,0,0,1,0,0,0,0,0,0,0,0,0,0,0,0,0,0,0,,0,1,0,0,0,1,,N,1,1,2,,,N,N
1693,dha-0023,EM23,201412071900,201412072359,4 hours 59 minutes,,20141207,weakness,0,,0,0,0,0,1,0,1,0,0,0,0,1,1,0,,0,0,0,0,0,0,0,0,0,0,0,0,N,,,,,,,,,0,Y,0,1,0,1,1,0,1,1,0,Y,1,1,0,0,0,0,0,0,0,0,1,0,0,0,0,0,0,0,0,0,0,0,0,0,0,0,,0,1,0,0,0,1,,N,1,1,2,,,N,Y
1752,dha-0023,EM23,201412080041,201412082100,20 hours 19 minutes,,20141208,weakness,0,,0,0,0,0,1,0,1,0,0,0,0,1,1,0,,0,1,0,0,1,0,0,1,0,0,1,0,N,,,,,,,,,0,,0,0,,,0,,,0,0,Y,1,1,0,0,0,0,0,0,0,0,1,0,0,0,0,0,0,0,0,0,0,0,0,0,0,0,,0,0,0,0,0,0,,N,1,1,2,,,N,N
579,dha-0027,EM27,201410080730,201410080930,2 hours 0 minutes,,20141008,weakness,0,2,0,0,0,1,0,0,1,0,0,0,0,1,1,0,N,0,0,0,0,0,0,0,0,0,0,0,0,N,,,,,,,,,0,N,0,0,,,0,,,0,0,Y,1,0,0,0,0,0,1,0,0,0,1,0,0,0,0,0,0,0,0,0,0,0,0,0,0,0,,0,1,0,0,0,1,,Y,0,1,1,0 hours 0 minutes,2 hours 0 minutes,N,N
578,dha-0027,EM27,201410091030,201410092030,10 hours 0 minutes,,20141009,weakness,0,3,0,0,0,1,0,0,1,0,0,0,1,0,1,1,N,0,0,0,0,0,0,0,0,0,0,0,0,N,,,,,,,,,0,N,0,0,,,0,,,0,0,Y,1,0,0,0,0,0,1,0,0,0,1,0,0,0,0,0,0,0,0,0,0,0,0,0,0,0,,0,0,0,0,0,0,,N,1,1,2,,,N,N
608,dha-0027,EM27,201410111400,201410111900,5 hours 0 minutes,,20141011,weakness,0,2,0,0,0,1,0,0,1,0,0,0,0,0,0,0,,0,0,0,0,0,0,0,0,0,0,0,0,,,,,,,,,,0,,0,0,,,0,,,0,0,Y,1,0,0,0,0,0,1,0,0,0,1,0,0,0,0,0,0,0,0,0,0,0,0,0,0,0,,0,0,0,0,0,0,,N,0,0,0,0 hours 0 minutes,0 hours 0 minutes,N,N
1091,dha-0027,EM27,201411080803,201411081903,11 hours 0 minutes,,20141108,weakness,0,9,0,0,0,1,0,0,1,0,0,0,0,1,1,0,,0,0,0,0,0,0,0,0,0,0,0,0,N,,,,,,,,,0,,0,0,,,0,,,0,0,Y,1,1,0,0,0,0,0,0,0,0,1,0,0,0,0,0,0,0,0,0,0,0,0,0,0,0,,0,0,0,0,0,0,,N,1,1,2,,,N,N
680,dha-0029,EM29,201410150709,201410151013,3 hours 4 minutes,,20141015,weakness,0,,0,0,0,1,0,1,2,0,0,0,0,1,1,0,N,0,0,0,0,0,0,0,0,0,0,0,0,N,,,,,,,,,0,N,0,0,,,0,,,0,0,Y,1,1,0,0,0,0,0,0,0,0,1,0,0,0,0,0,0,0,0,0,0,0,0,0,0,0,,0,0,1,1,0,2,,N,1,1,2,,,N,N
758,dha-0029,EM29,201410202120,201410200709,35 days 9 hours 49 minutes,,20141020,weakness,0,,0,0,0,0,0,1,1,0,0,1,0,0,1,0,N,0,0,0,0,0,0,0,0,0,0,0,0,N,,,,,,,,,0,N,0,0,,,0,,,0,0,Y,1,0,0,0,1,0,0,0,0,0,1,0,0,0,0,0,0,0,0,0,0,0,0,0,0,0,,0,1,0,0,0,1,,Y,1,0,1,1 hour 0 minutes,0 hours 0 minutes,N,N
1375,dha-0029,EM29,201411030719,201411030740,21 minutes,,20141103,weakness,0,2,0,0,1,0,0,0,1,0,0,0,1,0,1,1,Y,1,0,0,0,0,0,0,0,0,1,0,0,N,,,,,,,,,0,N,0,0,,,0,,,0,0,Y,1,0,0,1,0,0,0,0,0,0,1,0,0,0,0,0,0,0,0,0,0,0,0,0,0,0,,0,1,0,0,0,1,,Y,1,0,1,1 hour 0 minutes,0 hours 0 minutes,N,N
1598,dha-0029,EM29,201412031620,201412031700,40 minutes,,20141203,weakness,0,,0,0,0,1,0,0,1,0,0,0,0,1,1,0,N,0,0,0,0,0,0,0,0,0,0,0,0,N,,,,,,,,,0,N,0,0,,,0,,,0,0,Y,1,0,0,1,0,0,0,0,0,0,1,0,0,0,0,0,0,0,0,0,0,0,0,0,0,0,,0,1,0,0,0,1,,Y,0,1,1,0 hours 0 minutes,1 hour 10 minutes,N,N
1495,dha-0033,em33,201411300504,201411302359,18 hours 55 minutes,,20141130,,,,0,0,0,0,0,0,0,0,0,0,0,0,0,0,,0,0,0,0,0,0,0,0,0,0,0,0,,,,,,,,,,0,,0,0,,,0,,,0,0,Y,1,0,0,0,0,0,1,0,0,0,1,0,0,0,0,0,0,0,0,0,0,0,0,0,0,0,,0,0,0,0,0,0,,N,1,1,2,,,,
1711,dha-0039,em39,201412081100,201412082359,12 hours 59 minutes,,20141208,middle,1,5,0,0,1,0,0,0,1,0,0,0,1,0,1,1,N,0,0,0,0,0,0,0,0,0,1,0,0,N,,,,,,,,,0,N,0,0,,,0,,,0,0,Y,1,0,0,0,0,0,0,0,0,0,0,0,0,0,0,0,0,0,0,0,0,0,0,0,1,1,Cold body aches,1,1,0,0,1,3,Taking cold medicine,N,1,1,2,,,N,Y
944,dha-0041,em41,201411011030,201411011300,2 hours 30 minutes,,20141101,weakness,0,1,0,0,0,1,0,0,1,0,0,0,1,0,1,1,N,0,0,0,0,0,0,0,0,0,0,0,0,N,,,,,,,,,0,N,0,0,,,0,,,0,0,Y,1,0,1,0,0,0,0,0,0,0,1,0,0,0,0,0,0,0,0,0,0,0,0,0,0,0,,0,0,0,0,1,1,schedule,N,1,1,2,,,N,N
2312,dha-0042,em42,201501050830,201501051330,5 hours 0 minutes,,20150105,weakness,0,2,0,0,1,0,0,0,1,0,0,0,0,1,1,0,N,0,0,0,0,0,0,0,0,0,0,0,0,N,,,,,,,,,0,N,0,0,,,0,,,0,0,Y,1,0,0,1,0,0,0,0,0,0,1,0,0,0,0,0,0,0,0,0,0,0,0,0,0,0,,0,1,0,0,0,1,,N,1,1,2,,,N,N
1075,dha-0044,em44,201411091100,201411091630,5 hours 30 minutes,,20141109,middle,1,5,0,0,0,1,0,0,1,0,0,0,0,1,1,0,Y,1,0,1,0,0,0,0,1,0,1,0,0,N,,,,,,,,,0,N,0,0,,,0,,,0,0,Y,1,0,0,1,0,0,0,0,0,0,1,0,0,0,0,0,0,0,0,0,0,0,0,0,0,0,,1,0,0,0,0,1,,N,0,0,0,0 hours 0 minutes,0 hours 0 minutes,N,N
1621,dha-0044,em44,201412052100,201412052359,2 hours 59 minutes,,20141205,weakness,0,4,0,0,0,1,0,0,1,0,0,0,1,0,1,1,N,0,0,0,0,0,0,0,0,0,0,0,0,N,,,,,,,,,0,N,0,0,,,0,,,0,0,Y,1,0,0,0,0,0,0,0,0,0,0,1,0,0,0,0,1,0,0,0,0,0,0,0,0,0,,1,0,0,0,0,1,,Y,1,1,2,0 hours 0 minutes 0 minutes,0 hours 20 minutes 20 minutes,N,Y
3365,dha-0062,EM62,201503061600,201503062200,6 hours 0 minutes,,20150306,weakness,0,3,0,0,1,0,0,0,1,0,0,0,1,0,1,1,Y,1,0,0,0,0,1,0,1,0,1,0,0,N,,,,,,,,,0,N,0,0,,,0,,,0,0,Y,1,0,0,0,0,0,0,0,0,0,0,0,0,0,0,1,1,0,0,0,0,0,0,0,0,0,,1,0,0,0,0,1,,Y,1,0,1,0 hours 40 minutes,0 hours 0 minutes,N,N
3447,dha-0062,EM62,201503121800,201503122359,5 hours 59 minutes,,20150312,weakness,0,2,0,0,1,0,0,0,1,0,0,0,0,1,1,0,Y,1,0,0,0,0,0,0,0,0,0,0,0,N,,,,,,,,,0,N,0,0,,,0,,,0,0,Y,1,0,0,0,0,0,1,0,0,0,1,0,0,0,0,0,0,0,0,0,0,0,0,0,0,0,,1,0,0,0,0,1,,Y,0,1,1,0 hours 0 minutes,0 hours 50 minutes,N,N
8,cmc-0002,M-002,201408261300,201408262359,10 hours 59 minutes,,20140826,middle,1,,0,1,0,1,0,1,3,1,1,1,0,0,2,1,Y,1,0,1,0,0,1,0,2,0,1,0,0,N,,,,,,,,,0,N,0,0,,,0,,,0,0,Y,1,1,0,0,0,0,0,0,0,0,1,0,0,0,0,0,0,0,0,0,0,0,0,0,0,0,,0,1,0,0,0,1,,N,1,1,2,,,N,Y
29,cmc-0002,M-002,201408301020,201408301830,8 hours 10 minutes,,20140830,weakness,0,,1,1,0,0,0,1,3,1,1,0,1,1,3,1,Y,1,0,1,0,0,0,0,1,0,1,0,0,N,,,,,,,,,0,N,0,0,,,0,,,0,0,Y,1,0,0,0,0,0,0,1,0,0,1,0,0,0,0,0,0,0,0,0,0,0,0,0,0,0,,0,0,0,0,0,0,,N,1,1,2,,,N,N
97,cmc-0002,M-002,201409071240,201409071700,4 hours 20 minutes,,20140907,weakness,0,,1,0,0,0,0,1,2,1,0,0,1,0,1,1,Y,1,0,1,0,0,0,0,1,0,1,0,0,N,,,,,,,,,0,N,0,0,,,0,,,0,0,Y,1,0,0,1,0,0,0,0,0,0,1,0,0,0,0,0,0,0,0,0,0,0,0,0,0,0,,0,1,0,0,0,1,,N,1,1,2,,,N,N
30,cmc-0003,M-003,201408310020,201408312359,23 hours 39 minutes,,20140831,weakness,0,2,0,1,0,0,0,0,1,1,0,0,1,0,1,1,N,0,0,0,0,0,0,0,0,0,1,0,0,N,,,,,,,,,0,N,0,0,,,0,,,0,0,Y,1,0,0,0,0,0,1,0,0,0,1,0,0,0,0,0,0,0,0,0,0,0,0,0,0,0,,1,0,0,0,0,1,,N,1,1,2,,,N,Y
45,cmc-0004,M-004,201409021420,201409021800,3 hours 40 minutes,,20140902,weakness,0,2,0,1,0,0,0,0,1,1,0,0,0,1,1,0,Y,1,0,0,0,0,0,1,1,0,1,0,0,N,,,,,,,,,0,N,0,0,,,0,,,0,0,Y,1,0,0,0,0,0,0,0,0,0,0,0,1,0,0,0,1,0,0,0,0,0,0,0,0,0,,0,0,0,0,0,0,,N,1,1,2,,,,
850,cmc-0004,M-004,201410180730,201410182359,16 hours 29 minutes,,20141018,weakness,0,2,0,1,0,0,0,0,1,1,0,0,1,0,1,1,,0,0,0,0,0,0,0,0,0,1,0,0,,,,,,,,,,0,,0,0,,,0,,,0,0,Y,1,0,0,0,0,0,0,1,0,0,1,0,0,0,0,0,0,0,0,0,0,0,0,0,0,0,,0,0,0,0,0,0,,N,1,1,2,,,N,Y
166,cmc-0006,CM-001,201409161601,201409162359,7 hours 58 minutes,,20140916,,,,1,1,0,0,0,1,3,1,1,1,0,0,2,1,N,0,0,0,0,0,0,0,0,0,1,0,0,N,,,,,,,,,0,N,0,0,,,0,,,0,0,Y,1,0,0,0,0,0,0,1,0,0,1,0,0,0,0,0,0,0,0,0,0,0,0,0,0,0,,1,0,0,0,0,1,,N,1,1,2,,,,
205,cmc-0009,M-008,201409180000,201409182100,21 hours 0 minutes,,20140918,middle,1,5,0,1,1,0,1,0,3,1,1,1,0,0,2,1,Y,1,0,0,0,0,0,0,0,0,1,0,0,N,,,,,,,,,0,Y,0,1,,,0,0,1,1,0,Y,1,1,0,0,0,0,0,0,0,0,1,0,0,0,0,0,0,0,0,0,0,0,0,0,0,0,,0,1,0,0,0,1,,N,1,1,2,,,N,N
183,cmc-0023,M-012,201409171000,201409172359,13 hours 59 minutes,,20140917,weakness,0,3,1,0,0,0,0,0,1,1,0,0,1,0,1,1,N,0,0,0,0,0,0,0,0,0,1,0,0,N,,,,,,,,,0,N,0,0,,,0,,,0,0,Y,1,0,0,0,0,0,1,0,0,0,1,0,0,0,0,0,0,0,0,0,0,0,0,0,0,0,,0,1,0,0,0,1,,Y,0,1,1,0 hours 0 minutes,0 hours 40 minutes,N,N
234,cmc-0023,M-012,201409191919,201409192330,4 hours 11 minutes,,20140919,weakness,0,3,1,0,0,0,0,0,1,1,0,1,1,0,2,1,N,0,0,0,0,0,0,0,0,0,1,0,0,N,,,,,,,,,0,N,0,0,,,0,,,0,0,Y,1,0,0,1,0,0,0,0,0,0,1,0,0,0,0,0,0,0,0,0,0,0,0,0,0,0,,0,1,0,0,0,1,,N,0,0,0,0 hours 0 minutes,0 hours 0 minutes,N,N
244,cmc-0023,M-012,201409211930,201409212100,1 hour 30 minutes,,20140921,,,,1,0,0,0,0,0,1,1,0,0,1,0,1,1,N,0,0,0,0,0,0,0,0,0,1,0,0,N,,,,,,,,,0,N,0,0,,,0,,,0,0,Y,1,0,0,1,0,0,0,0,0,0,1,0,0,0,0,0,0,0,0,0,0,0,0,0,0,0,,0,0,0,1,0,1,,Y,0,1,1,0 hours 0 minutes,1 hour 0 minutes,N,N
257,cmc-0023,M-012,201409221510,201409222359,8 hours 49 minutes,,20140922,middle,1,5,1,0,0,0,0,0,1,1,0,1,0,0,1,0,,0,0,0,0,0,0,0,0,0,1,0,0,,,,,,,,,,0,,0,0,,,0,,,0,0,Y,1,0,0,1,0,0,0,0,0,0,1,0,0,0,0,0,0,0,0,0,0,0,0,0,0,0,,0,0,0,0,0,0,,N,1,1,2,,,,
318,cmc-0023,M-012,201409241100,201409241130,30 minutes,,20140924,middle,1,4,1,0,0,0,0,0,1,1,0,0,1,0,1,1,Y,1,0,1,0,0,0,0,1,0,1,0,0,N,,,,,,,,,0,Y,0,1,0,1,1,0,1,1,0,Y,1,1,0,0,0,0,0,0,0,0,1,0,0,0,0,0,0,0,0,0,0,0,0,0,0,0,,1,0,0,0,0,1,,N,1,1,2,,,N,N
412,cmc-0023,M-012,201409271733,201409272259,5 hours 26 minutes,,20140927,weakness,0,2,1,0,0,0,0,0,1,1,0,1,1,0,2,1,N,0,0,0,0,0,0,0,0,0,1,0,0,N,,,,,,,,,0,N,0,0,,,0,,,0,0,Y,1,0,0,0,0,0,1,0,0,0,1,0,0,0,0,0,0,0,0,0,0,0,0,0,0,0,,0,1,0,0,0,1,,N,1,1,2,,,N,N
857,cmc-0023,M-012,201410211137,,10 hours 11 minutes,,20141021,weakness,0,3,1,0,0,0,0,0,1,1,0,0,1,0,1,1,Y,1,0,1,0,0,0,0,1,0,1,0,0,N,,,,,,,,,0,Y,0,1,,,0,0,1,1,0,Y,1,0,0,0,0,0,0,0,0,0,0,0,0,0,0,0,0,0,0,0,0,0,0,0,1,1,acute tonsillitis,0,0,0,0,0,0,,N,1,1,2,,,N,N
858,cmc-0023,M-012,201410220830,201410222359,15 hours 29 minutes,,20141022,Severe,1,8,1,1,1,1,1,0,5,1,1,0,1,0,2,1,Y,1,0,0,0,0,0,0,0,0,1,0,0,N,,,,,,,,,0,Y,0,1,,,0,1,0,1,1,Y,1,0,0,0,0,0,0,0,0,0,0,0,0,0,0,0,0,0,0,0,0,0,0,0,1,1,acute tonsillitis,1,1,0,0,1,3,approximately,N,1,1,2,,,N,Y
898,cmc-0023,M-012,201410230847,201410232359,15 hours 12 minutes,,20141023,weakness,0,4,1,1,1,1,1,1,6,1,0,1,1,0,2,1,Y,1,0,0,0,0,0,0,0,0,1,0,0,N,,,,,,,,,0,N,0,0,,,0,,,0,0,Y,1,0,0,0,0,0,0,0,0,0,0,0,0,0,0,0,0,0,0,0,0,0,0,0,1,1,tonsillitis,1,1,0,0,1,3,approximately,N,1,1,2,,,N,N
1198,cmc-0023,M-012,201411031033,201411031833,8 hours 0 minutes,,20141103,middle,1,5,1,1,0,0,0,0,2,1,1,0,0,0,1,1,N,0,0,0,0,0,0,0,0,0,1,0,0,N,,,,,,,,,0,N,0,0,,,0,,,0,0,Y,1,0,0,0,1,0,0,0,0,0,1,0,0,0,0,0,0,0,0,0,0,0,0,0,0,0,,1,1,0,0,0,2,,Y,0,1,1,0 hours 0 minutes,2 hours 0 minutes,N,N
1197,cmc-0023,M-012,201411051131,201411051631,5 hours 0 minutes,,20141105,middle,1,5,1,1,0,0,0,0,2,1,1,0,0,0,1,1,N,0,0,0,0,0,0,0,0,0,1,0,0,N,,,,,,,,,0,N,0,0,,,0,,,0,0,Y,1,0,0,0,1,0,0,0,0,0,1,0,0,0,0,0,0,0,0,0,0,0,0,0,0,0,,0,1,0,0,0,1,,Y,1,1,2,1 hour 0 minutes,2 hours 0 minutes,N,N
1271,cmc-0023,M-012,201411081430,201411082359,9 hours 29 minutes,,20141108,weakness,0,7,1,1,0,0,0,0,2,1,0,0,1,0,1,1,N,0,0,0,0,0,0,0,0,0,1,0,0,N,,,,,,,,,0,N,0,0,,,0,,,0,0,Y,1,0,0,0,0,0,1,0,0,0,1,0,0,0,0,0,0,0,0,0,0,0,0,0,0,0,,0,0,0,0,0,0,,N,1,1,2,,,N,Y
402,cmc-0024,CM-002,201409302050,201409302250,2 hours 0 minutes,,20140930,weakness,0,1,0,1,0,0,0,0,1,1,1,0,0,0,1,1,N,0,0,0,0,0,0,0,0,0,1,0,0,N,,,,,,,,,0,N,0,0,,,0,,,0,0,Y,1,1,0,0,0,0,0,0,0,0,1,0,0,0,0,0,0,0,0,0,0,0,0,0,0,0,,0,0,0,0,0,0,,N,1,1,2,,,N,N
690,cmc-0025,CM-003,201410141710,201410142359,6 hours 49 minutes,,20141014,middle,1,5,1,0,0,0,0,0,1,1,1,0,1,0,2,1,,0,0,0,0,0,1,0,1,0,1,0,0,N,,,,,,,,,0,N,0,0,,,0,,,0,0,Y,1,0,0,0,0,0,0,0,0,0,0,0,0,0,0,1,1,0,0,0,0,0,0,0,0,0,,1,1,0,0,0,2,,N,1,1,2,,,N,Y
1181,cmc-0025,CM-003,201411051124,201411052015,8 hours 51 minutes,,20141105,weakness,0,5,1,0,0,0,0,0,1,1,1,0,0,0,1,1,N,0,0,0,0,0,1,0,1,0,1,0,0,N,,,,,,,,,0,N,0,0,,,0,,,0,0,Y,1,0,0,0,0,0,0,0,0,0,0,0,0,0,0,1,1,0,0,0,0,0,0,0,0,0,,1,1,0,0,0,2,,N,1,1,2,,,N,N
242,cmc-0027,CM-004,201409210800,201409212359,15 hours 59 minutes,,20140921,Severe,1,8,1,0,0,0,0,0,1,1,1,0,0,1,2,1,Y,1,0,1,0,0,0,0,1,0,1,0,0,N,,,,,,,,,0,Y,0,1,,,0,0,1,1,0,Y,1,0,0,0,0,0,0,0,0,0,0,0,0,0,0,0,0,0,0,0,0,0,0,0,1,1,Persistence of acute migraine,1,1,0,0,0,2,,N,1,1,2,,,N,Y
513,cmc-0027,CM-004,201409250700,201409252359,16 hours 59 minutes,,20140925,middle,1,6,1,0,0,0,0,0,1,1,0,0,0,1,1,0,,0,0,0,0,0,0,0,0,0,1,0,0,N,,,,,,,,,0,,0,0,,,0,,,0,0,Y,1,0,0,0,0,0,0,0,0,0,0,0,0,0,0,0,0,0,0,0,0,0,0,0,1,1,Excessive sleep talking - swearing loudly and fighting,0,0,0,0,0,0,,N,1,1,2,,,N,Y
518,cmc-0027,CM-004,201410040959,201410042359,14 hours 0 minutes,,20141004,Severe,1,7,1,0,0,0,0,0,1,1,1,0,0,0,1,1,,0,0,0,0,0,0,0,0,0,1,0,0,N,,,,,,,,,0,,0,0,,,0,,,0,0,Y,1,0,0,0,0,0,0,0,0,0,0,0,0,0,0,0,0,0,0,0,0,0,0,0,1,1,constipation,0,0,0,0,0,0,,N,1,1,2,,,N,Y
519,cmc-0027,CM-004,201410051601,201410052359,7 hours 58 minutes,,20141005,middle,1,5,1,0,0,0,0,0,1,1,1,0,0,0,1,1,,0,0,0,0,0,0,0,0,0,1,0,0,N,,,,,,,,,0,,0,0,,,0,,,0,0,Y,1,0,0,0,0,0,1,0,0,0,1,0,0,0,0,0,0,0,0,0,0,0,0,0,0,0,,1,1,0,0,0,2,,Y,0,1,1,0 hours 0 minutes,1 hour 30 minutes,N,Y
706,cmc-0027,CM-004,201410141437,201410142037,6 hours 0 minutes,,20141014,weakness,0,,1,0,0,0,0,0,1,1,0,0,0,1,1,0,,0,0,0,0,0,0,0,0,0,0,0,0,N,,,,,,,,,0,,0,0,,,0,,,0,0,Y,1,0,0,0,0,0,0,0,0,0,0,0,0,0,0,0,0,0,0,0,0,0,0,0,1,1,constipation,1,1,0,0,0,2,,N,1,1,2,,,N,N
838,cmc-0027,CM-004,201410201308,,6 hours 0 minutes,,20141020,weakness,0,4,1,0,0,0,0,0,1,1,0,0,0,1,1,0,,0,0,0,0,0,0,0,0,0,0,0,0,N,,,,,,,,,0,,0,0,,,0,,,0,0,Y,1,1,0,0,0,0,0,0,0,0,1,0,0,0,0,0,0,0,0,0,0,0,0,0,0,0,,0,0,0,0,0,0,,Y,0,1,1,0 hours 0 minutes,0 hours 40 minutes,N,N
902,cmc-0027,CM-004,201410240006,201410242359,23 hours 53 minutes,,20141024,Severe,1,7,1,0,0,0,0,0,1,1,0,0,1,0,1,1,Y,1,0,0,0,0,0,0,0,0,1,0,0,N,,,,,,,,,0,,0,0,,,0,,,0,0,Y,1,0,0,0,0,0,0,0,0,0,0,0,0,0,0,0,0,0,0,0,0,0,0,0,1,1,Acute migraine persistent,0,0,0,0,0,0,,Y,0,1,1,0 hours 0 minutes,0 hours 40 minutes,N,Y
913,cmc-0027,CM-004,201410250814,,15 hours 0 minutes,,20141025,middle,1,6,1,0,0,0,0,0,1,1,0,0,1,0,1,1,,0,0,0,0,0,0,0,0,0,1,0,0,N,,,,,,,,,0,,0,0,,,0,,,0,0,Y,1,0,0,0,0,0,0,0,0,0,0,0,0,0,0,0,0,0,0,0,0,0,0,0,1,1,Migraine persisting,0,0,0,0,0,0,,Y,0,1,1,0 hours 0 minutes,0 hours 50 minutes,N,N
939,cmc-0027,CM-004,201410260756,,16 hours 0 minutes,,20141026,middle,1,6,1,0,0,0,0,0,1,1,0,0,1,0,1,1,,0,0,0,0,0,0,0,0,0,1,0,0,N,,,,,,,,,0,,0,0,,,0,,,0,0,Y,1,0,0,0,0,0,0,0,0,0,0,0,0,0,0,0,0,0,0,0,0,0,0,0,1,1,Acute migraine persistent,0,0,0,0,0,0,,N,1,1,2,,,N,N
997,cmc-0027,CM-004,201410270759,201410272359,16 hours 0 minutes,,20141027,middle,1,6,1,0,0,0,0,0,1,1,0,0,1,0,1,1,,0,0,0,0,0,0,0,0,0,1,0,0,N,,,,,,,,,0,,0,0,,,0,,,0,0,Y,1,0,0,0,0,0,0,0,0,0,0,0,0,0,0,0,0,0,0,0,0,0,0,0,1,1,Migraine persisting,0,0,0,0,0,0,,N,1,1,2,,,N,Y
1551,cmc-0027,CM-004,201411211843,201411212359,5 hours 16 minutes,,20141121,middle,1,5,0,1,0,0,0,0,1,1,0,0,1,0,1,1,,0,0,0,0,0,0,0,0,0,1,0,0,N,,,,,,,,,0,,0,0,,,0,,,0,0,Y,1,0,0,0,0,0,0,0,0,0,0,0,0,0,0,0,0,0,0,0,0,0,0,0,1,1,constipation,0,0,0,0,1,1,Acute start?,Y,0,1,1,0 hours 0 minutes,1 hour 0 minutes,N,Y
1579,cmc-0027,CM-004,201411220857,201411221103,2 days 2 hours 6 minutes,,20141122,Severe,1,7,0,1,0,0,0,0,1,1,1,0,1,0,2,1,,0,0,0,0,0,0,0,0,0,1,0,0,N,,,,,,,,,0,,0,0,,,0,,,0,0,Y,1,0,0,0,0,0,0,0,0,0,0,0,0,0,0,0,0,0,0,0,0,0,0,0,1,1,In an acute letter,0,0,0,0,0,0,,N,1,1,2,,,N,N
1580,cmc-0027,CM-004,201411230900,201411231800,9 hours 0 minutes,,20141123,weakness,0,4,1,1,0,0,0,0,2,1,0,0,0,0,0,0,,0,0,0,0,0,0,0,0,0,0,0,0,N,,,,,,,,,0,,0,0,,,0,,,0,0,Y,1,0,0,0,0,0,0,0,0,0,0,0,0,0,0,0,0,0,0,0,0,0,0,0,1,1,Acute convenience continuation,1,1,0,0,0,2,,N,1,1,2,,,N,N
1906,cmc-0027,cm-004,201412091250,201412091550,3 hours 0 minutes,,20141209,weakness,0,4,1,0,0,0,0,0,1,1,0,0,0,1,1,0,,0,0,0,0,0,0,0,0,0,0,0,0,N,,,,,,,,,0,,0,0,,,0,,,0,0,Y,1,0,0,0,0,0,0,0,0,1,1,0,0,0,0,0,0,0,0,0,0,0,0,0,0,0,,0,1,0,0,1,2,cold wind,N,1,1,2,,,N,N
2275,cmc-0027,cm-004,201412261214,201412262357,11 hours 43 minutes,,20141226,middle,1,7,0,1,0,0,0,0,1,1,1,0,1,0,2,1,,0,0,0,0,0,0,0,0,0,1,0,0,N,,,,,,,,,0,,0,0,,,0,,,0,0,Y,1,1,0,0,0,0,0,0,0,0,1,0,0,0,0,0,0,0,0,0,0,0,0,0,0,0,,0,0,0,0,0,0,,N,1,1,2,,,N,N
1192,cmc-0033,CM-006,201411041125,201411042125,10 hours 0 minutes,,20141104,weakness,0,2,1,0,0,1,0,0,2,1,0,1,0,0,1,0,,0,0,0,0,0,0,0,0,0,0,0,0,N,,,,,,,,,0,N,0,0,,,0,,,0,0,Y,1,1,0,0,0,0,0,0,0,0,1,0,0,0,0,0,0,0,0,0,0,0,0,0,0,0,,0,0,0,0,0,0,,N,1,1,2,,,N,N
2358,cmc-0042,M-026,201412310730,201412310800,30 minutes,,20141231,Severe,1,8,0,1,0,0,0,0,1,1,0,1,0,0,1,0,Y,1,0,0,0,0,0,0,0,0,1,0,0,N,,,,,,,,,0,Y,0,1,0,1,1,0,1,1,0,Y,1,0,0,1,0,0,0,0,0,0,1,0,0,0,0,0,0,0,0,0,0,0,0,0,0,0,,1,1,0,0,0,2,,N,1,1,2,,,N,N
2153,cmc-0068,M-041,201412221347,201412222359,10 hours 12 minutes,,20141222,middle,1,3,0,1,1,0,0,0,2,1,1,0,0,0,1,1,Y,1,0,0,0,0,0,0,0,0,1,0,0,N,,,,,,,,,0,N,0,0,,,0,,,0,0,Y,1,0,0,0,0,0,0,0,0,0,0,1,0,0,0,0,1,0,0,0,0,0,0,0,0,0,,1,0,0,0,0,1,,N,1,1,2,,,N,Y
827,dha-0004,EM4,201410241200,201410242359,11 hours 59 minutes,,20141024,weakness,0,3,1,1,0,0,1,0,3,1,0,0,0,1,1,0,N,0,0,0,0,0,0,0,0,0,0,0,0,N,,,,,,,,,0,Y,0,1,0,1,1,,,0,0,Y,1,0,0,0,0,0,0,0,0,0,0,0,0,0,0,0,0,0,0,0,0,0,0,0,1,1,Two hours of stressful dental treatment,0,0,0,0,1,1,yet..,Y,0,1,1,0 hours 0 minutes,0 hours 40 minutes,,
1143,dha-0018,EM18,201411111635,201411112335,7 hours 0 minutes,,20141111,weakness,0,4,1,0,0,0,0,0,1,1,1,1,0,0,2,1,N,0,0,0,0,0,0,0,0,0,1,0,0,N,,,,,,,,,0,Y,0,1,0,1,1,,,0,0,Y,1,1,0,0,0,0,0,0,0,0,1,0,0,0,0,0,0,0,0,0,0,0,0,0,0,0,,0,1,0,0,0,1,,N,1,1,2,,,N,N
736,dha-0027,EM27,201410181030,201410181800,7 hours 30 minutes,,20141018,weakness,0,3,0,1,0,0,0,0,1,1,0,0,0,0,0,0,Y,1,0,0,0,0,0,0,0,0,1,0,0,N,,,,,,,,,0,Y,0,1,,,0,0,1,1,0,Y,1,0,0,0,0,0,0,0,0,0,0,0,0,0,0,0,0,0,0,0,0,0,0,0,1,1,After taking depression medication,0,1,0,0,0,1,,N,1,1,2,,,N,N
2716,dha-0053,em53,201501220056,201501222359,23 hours 3 minutes,,20150122,weakness,0,,1,1,0,0,0,0,2,1,1,0,1,0,2,1,N,0,0,0,0,0,0,0,0,0,1,0,0,N,,,,,,,,,0,N,0,0,,,0,,,0,0,Y,1,0,0,0,0,0,0,1,0,0,1,0,0,0,0,0,0,0,0,0,0,0,0,0,0,0,,1,1,0,0,0,2,,Y,1,0,1,0 hours 40 minutes,0 hours 0 minutes,N,Y
380,cmc-0003,M-003,201409241810,201409242100,2 hours 50 minutes,,20140924,middle,1,6,0,0,0,1,0,0,1,0,1,0,1,0,2,1,Y,1,0,0,0,0,0,0,0,0,1,0,0,Y,,,,1,Almotriptan malate,0,1,0,1,N,1,0,,,0,,,0,0,Y,1,0,0,0,0,0,1,0,0,0,1,0,0,0,0,0,0,0,0,0,0,0,0,0,0,0,,0,1,0,0,0,1,,Y,0,1,1,0 hours 0 minutes,2 hours 0 minutes,N,N
1205,cmc-0006,CM-001,201411020004,201411022359,23 hours 55 minutes,,20141102,Severe,1,9,0,0,0,1,1,1,3,0,1,1,0,0,2,1,Y,1,0,1,0,0,1,0,2,0,1,0,0,Y,1,,,,,0,1,0,1,Y,1,1,,,0,0,1,1,0,Y,1,0,0,0,0,0,0,1,0,0,1,0,0,0,0,0,0,0,0,0,0,0,0,0,0,0,,1,0,0,0,0,1,,N,1,1,2,,,N,Y
1286,cmc-0022,M-011,201411080700,201411081800,11 hours 0 minutes,,20141108,Severe,1,8,0,0,1,0,0,1,2,0,0,0,1,0,1,1,Y,1,0,0,0,0,0,0,0,0,1,0,0,Y,,3,,,,0,1,0,1,Y,1,1,,,0,1,0,1,1,Y,1,0,0,0,0,0,0,0,0,0,0,0,0,0,0,0,0,0,0,0,0,0,0,0,1,1,Cold body aches,0,1,0,0,0,1,,N,1,1,2,,,N,N
735,cmc-0023,M-012,201410160854,201410162359,15 hours 5 minutes,,20141016,weakness,0,3,0,0,0,1,1,1,3,0,0,1,1,1,3,1,,0,0,0,0,0,0,0,0,0,0,0,0,Y,,,,1,Rhinitis medicine,0,0,1,1,Y,1,1,,,0,0,1,1,0,Y,1,0,0,0,0,0,0,0,0,0,0,0,0,0,0,0,0,0,0,0,0,0,0,0,1,1,rhinitis,0,0,0,0,1,1,Rhinitis medicine,N,1,1,2,,,N,Y
1100,cmc-0024,CM-002,201411011221,201411011725,5 hours 4 minutes,,20141101,weakness,0,1,0,0,0,0,1,0,1,0,0,0,1,0,1,1,,0,0,0,0,0,0,0,0,0,0,0,0,Y,1,1,1,,,0,0,1,1,,1,0,,,0,,,0,0,Y,1,0,0,0,0,0,0,0,0,1,1,0,0,0,0,0,0,0,0,0,0,0,0,0,0,0,,0,0,0,0,0,0,,N,1,1,2,,,N,N
1236,cmc-0024,CM-002,201411070457,201411072359,19 hours 2 minutes,,20141107,weakness,0,,0,0,0,0,1,0,1,0,1,0,0,0,1,1,Y,1,0,0,0,0,0,0,0,0,1,0,0,Y,2,2,2,,,1,0,0,1,Y,1,1,,,0,0,1,1,0,Y,1,0,0,0,0,0,0,0,0,1,1,0,0,0,0,0,0,0,0,0,0,0,0,0,0,0,,0,0,0,0,0,0,,N,1,1,2,,,N,Y
1351,cmc-0024,CM-002,201411101510,201411101710,2 hours 0 minutes,,20141110,weakness,0,2,0,0,0,0,1,0,1,0,0,1,0,0,1,0,N,0,0,0,0,0,0,0,0,0,0,0,0,Y,1,1,1,,,0,0,1,1,,1,0,,,0,,,0,0,Y,1,0,0,1,0,0,0,0,0,0,1,0,0,0,0,0,0,0,0,0,0,0,0,0,0,0,,0,0,0,0,1,1,Taking medicine,N,1,1,2,,,N,N
682,cmc-0028,M-014,201410120406,201410121206,8 hours 0 minutes,,20141012,Severe,1,9,0,0,0,1,0,0,1,0,1,1,0,0,2,1,Y,1,0,0,0,0,0,0,0,0,1,0,0,Y,1,,,1,Almogran,0,0,1,1,N,1,0,,,0,,,0,0,Y,1,0,0,0,0,0,0,0,0,0,0,0,0,0,0,0,0,1,0,0,0,0,0,0,0,1,,1,1,0,0,0,2,,N,1,1,2,,,N,N
730,cmc-0029,M-015,201410161000,201410161900,9 hours 0 minutes,,20141016,middle,1,5,0,0,0,1,0,0,1,0,0,0,1,0,1,1,Y,1,0,0,0,0,0,0,0,0,1,0,0,Y,2,,,,,0,0,1,1,Y,1,1,0,1,1,,,0,0,Y,1,1,0,0,0,0,0,0,0,0,1,0,0,0,0,0,0,0,0,0,0,0,0,0,0,0,,0,0,0,0,1,1,taking medication,N,1,1,2,,,N,N
298,cmc-0032,CM-005,201409230953,201409231559,6 hours 6 minutes,,20140923,Severe,1,7,0,0,0,0,0,1,1,0,0,1,0,0,1,0,Y,1,0,1,0,0,1,0,2,0,1,0,0,Y,1,,,,,0,0,1,1,Y,1,1,0,1,1,,,0,0,Y,1,1,0,0,0,0,0,0,0,0,1,0,0,0,0,0,0,0,0,0,0,0,0,0,0,0,,0,1,0,0,0,1,,N,1,1,2,,,N,N
803,cmc-0032,CM-005,201410171933,201410172359,4 hours 26 minutes,,20141017,Severe,1,9,0,0,0,1,0,0,1,0,1,1,1,0,3,1,Y,1,0,0,0,0,0,0,0,0,1,0,0,Y,2,,,,,0,0,1,1,Y,1,1,,,0,1,0,1,0,Y,1,0,0,0,0,0,0,0,0,0,0,0,0,0,0,0,0,1,0,0,0,0,0,0,0,1,,0,0,0,0,0,0,,Y,0,1,1,0 hours 0 minutes,2 hours 0 minutes,N,Y
806,cmc-0032,CM-005,201410180000,,12 hours 35 minutes,,20141018,Severe,1,9,0,0,0,1,0,0,1,0,1,1,1,0,3,1,Y,1,0,0,0,0,0,0,0,0,1,0,0,Y,2,,,,,0,0,1,1,Y,1,1,,,0,1,0,1,0,Y,1,0,0,0,0,0,0,0,0,0,0,0,0,0,0,0,0,1,0,0,0,0,0,0,0,1,,0,0,0,0,0,0,,N,1,1,2,,,N,N
238,cmc-0033,CM-006,201409211130,201409211500,3 hours and 30 minutes,,20140921,weakness,0,1,0,0,1,0,0,0,1,0,0,0,1,0,1,1,,0,0,0,0,0,0,0,0,0,0,0,0,Y,1,,,,,0,1,0,1,N,1,0,,,0,,,0,0,Y,1,0,0,0,0,0,1,0,0,0,1,0,0,0,0,0,0,0,0,0,0,0,0,0,0,0,,0,1,0,0,0,1,,N,1,1,2,,,N,N
354,cmc-0033,CM-006,201409281550,201409282359,8 hours 9 minutes,,20140928,weakness,0,2,0,0,0,1,0,0,1,0,0,1,0,0,1,0,,0,0,0,0,0,0,0,0,0,0,0,0,Y,,,,1,Sari Donjeong,0,1,0,1,N,1,0,,,0,,,0,0,Y,1,0,0,0,0,0,1,0,0,0,1,0,0,0,0,0,0,0,0,0,0,0,0,0,0,0,,0,0,0,0,0,0,,Y,0,1,1,0 hours 0 minutes,0 hours 10 minutes,,
1753,cmc-0042,M-026,201412051612,201412052359,7 hours 47 minutes,,20141205,middle,1,6,0,0,0,1,0,0,1,0,1,0,0,0,1,1,Y,1,0,0,0,0,0,0,0,0,1,0,0,Y,,,,2,Indenol tablets,1,0,0,1,Y,1,1,0,1,1,0,1,1,0,Y,1,0,0,0,0,0,1,0,0,0,1,0,0,0,0,0,0,0,0,0,0,0,0,0,0,0,,1,1,0,0,0,2,,N,1,1,2,,,,
2019,cmc-0042,M-026,201412161913,201412162359,4 hours 46 minutes,,20141216,Severe,1,7,0,0,0,1,0,0,1,0,1,0,0,0,1,1,Y,1,0,1,0,0,0,0,1,0,1,0,0,Y,,,,3,prescription drugs,1,0,0,1,Y,1,1,0,1,1,0,1,1,0,Y,1,0,0,0,0,0,0,0,0,0,0,1,0,0,0,0,1,0,0,0,0,0,0,0,0,0,,0,0,0,0,0,0,,Y,0,1,1,0 hours 0 minutes,0 hours 20 minutes,,
1510,cmc-0046,M-030,201411071300,201411071600,3 hours 0 minutes,,20141107,middle,1,6,0,0,0,0,0,1,1,0,0,0,1,0,1,1,Y,1,0,0,0,0,1,0,1,0,1,0,0,Y,,,1,,,0,0,1,1,Y,1,1,,,0,0,1,1,0,Y,1,0,0,0,0,0,0,0,0,0,0,0,0,0,0,0,0,0,1,0,0,0,0,0,0,1,,0,0,0,0,0,0,,N,1,1,2,,,N,N
2175,cmc-0046,M-030,201412231215,201412231424,2 hours 9 minutes,,20141223,weakness,0,4,0,0,0,1,0,0,1,0,0,0,1,0,1,1,,0,0,0,0,0,0,0,0,0,0,0,0,Y,,,1,,,0,0,1,1,N,1,0,,,0,,,0,0,Y,1,0,1,0,0,0,0,0,0,0,1,0,0,0,0,0,0,0,0,0,0,0,0,0,0,0,,0,0,0,0,0,0,,N,1,1,2,,,N,N
2268,cmc-0046,M-030,201412271500,201412271741,2 hours 41 minutes,,20141227,middle,1,5,0,0,0,1,0,0,1,0,0,0,1,0,1,1,,0,0,0,0,0,0,0,0,0,1,0,0,Y,,,1,,,0,0,1,1,,1,0,,,0,,,0,0,Y,1,0,1,0,0,0,0,0,0,0,1,0,0,0,0,0,0,0,0,0,0,0,0,0,0,0,,0,0,0,0,0,0,,N,1,1,2,,,N,N
2572,cmc-0046,M-030,201501101607,,1 hour 53 minutes,,20150110,weakness,0,6,0,0,0,1,0,0,1,0,0,0,1,0,1,1,,0,0,0,0,0,0,0,0,0,0,0,0,Y,,,1,,,0,0,1,1,,1,0,,,0,,,0,0,Y,1,0,1,0,0,0,0,0,0,0,1,0,0,0,0,0,0,0,0,0,0,0,0,0,0,0,,0,0,0,0,0,0,,N,1,1,2,,,N,N
2758,cmc-0046,M-030,201501162125,201501162325,2 hours 0 minutes,,20150116,weakness,0,6,0,0,0,1,1,0,2,0,1,0,1,0,2,1,,0,0,0,0,0,0,0,0,0,0,0,0,Y,,,1,,,0,0,1,1,,1,0,,,0,,,0,0,Y,1,1,0,0,0,0,0,0,0,0,1,0,0,0,0,0,0,0,0,0,0,0,0,0,0,0,,0,0,0,0,0,0,,N,1,1,2,,,N,N
2781,cmc-0046,M-030,201501181414,201501181614,2 hours 0 minutes,,20150118,weakness,0,6,0,0,0,1,0,0,1,0,0,0,1,0,1,1,,0,0,0,0,0,0,0,0,0,0,0,0,Y,,,1,,,0,0,1,1,,1,0,,,0,,,0,0,Y,1,0,1,0,0,0,0,0,0,0,1,0,0,0,0,0,0,0,0,0,0,0,0,0,0,0,,0,0,0,0,0,0,,N,1,1,2,,,N,N
2928,cmc-0046,M-030,201501231500,201501231600,1 hour 0 minutes,,20150123,weakness,0,5,0,0,0,1,0,0,1,0,0,0,1,0,1,1,,0,0,0,0,0,0,0,0,0,0,0,0,Y,,,1,,,0,0,1,1,,1,0,,,0,,,0,0,Y,1,0,0,0,0,0,0,0,0,0,0,0,0,0,0,0,0,0,1,0,0,0,0,0,0,1,,0,0,0,0,0,0,,N,1,1,2,,,N,N
2964,cmc-0046,M-030,201501251414,201501251514,1 hour 0 minutes,,20150125,,,6,0,0,0,1,0,0,1,0,0,0,1,0,1,1,,0,0,0,0,0,0,0,0,0,0,0,0,Y,,,1,,,0,0,1,1,,1,0,,,0,,,0,0,Y,1,0,0,0,0,0,0,0,0,0,0,0,0,0,0,0,0,0,1,0,0,0,0,0,0,1,,0,0,0,0,0,0,,N,1,1,2,,,N,N
3001,cmc-0046,M-030,201501262340,201501262359,19 minutes,,20150126,middle,1,7,0,0,0,1,0,0,1,0,0,0,1,0,1,1,,0,0,0,0,0,0,0,0,0,1,0,0,Y,,,1,,,1,0,0,1,,1,0,,,0,,,0,0,Y,1,1,0,0,0,0,0,0,0,0,1,0,0,0,0,0,0,0,0,0,0,0,0,0,0,0,,0,0,0,0,0,0,,N,1,1,2,,,N,Y
1922,cmc-0049,M-033,201412112030,201412112359,3 hours 29 minutes,,20141211,middle,1,6,0,0,1,0,0,1,2,0,0,1,0,1,2,0,N,0,0,0,0,0,0,0,0,0,0,0,0,Y,,,,1,prescription,0,1,0,1,N,1,0,,,0,,,0,0,Y,1,0,0,0,0,0,0,0,0,1,1,0,0,0,0,0,0,0,0,0,0,0,0,0,0,0,,0,1,0,0,0,1,,N,1,1,2,,,N,Y
2298,cmc-0049,M-033,201412291420,201412292030,6 hours 10 minutes,,20141229,middle,1,6,0,0,0,1,0,0,1,0,0,0,0,1,1,0,Y,1,0,0,0,0,0,0,0,0,1,0,0,Y,,2,,,,0,1,0,1,N,1,0,,,0,,,0,0,Y,1,1,0,0,0,0,0,0,0,0,1,0,0,0,0,0,0,0,0,0,0,0,0,0,0,0,,0,0,0,0,0,0,,N,1,1,2,,,N,N
2450,cmc-0063,M-036,201501040059,201501040359,3 hours 0 minutes,,20150104,middle,1,5,0,0,0,0,0,1,1,0,0,1,0,0,1,0,N,0,0,0,0,0,0,0,0,0,0,0,0,Y,,,1,,,0,0,1,1,N,1,0,,,0,,,0,0,Y,1,0,0,0,0,0,0,0,0,1,1,0,0,0,0,0,0,0,0,0,0,0,0,0,0,0,,1,0,0,0,0,1,,N,0,0,0,0 hours 0 minutes,0 hours 0 minutes,N,N
3234,cmc-0063,M-036,201502021800,201502022200,4 hours 0 minutes,,20150202,Severe,1,8,0,0,0,1,0,0,1,0,0,1,0,0,1,0,Y,1,0,0,0,0,0,0,0,0,1,0,0,Y,,,1,,,1,0,0,1,Y,1,1,,,0,1,0,1,0,Y,1,0,0,0,0,0,0,1,0,0,1,0,0,0,0,0,0,0,0,0,0,0,0,0,0,0,,1,0,0,0,1,2,Take motion sickness medication,N,1,1,2,,,N,N
3187,cmc-0064,M-037,201501270800,201501271300,5 hours 0 minutes,,20150127,weakness,0,2,0,0,0,0,1,0,1,0,1,0,0,0,1,1,N,0,1,0,0,1,0,0,1,0,0,1,0,Y,,,,1,,0,0,1,1,N,1,0,,,0,,,0,0,Y,1,0,0,0,0,0,1,0,0,0,1,0,0,0,0,0,0,0,0,0,0,0,0,0,0,0,,0,1,0,0,0,1,,Y,0,1,1,0 hours 0 minutes,1 hour 0 minutes,N,N
3695,cmc-0064,M-037,201502181335,201502181728,3 hours 53 minutes,,20150218,middle,1,5,0,0,1,0,0,0,1,0,1,0,0,0,1,1,N,0,0,0,0,0,0,0,0,0,1,0,0,Y,,,,1,hospital medicine,0,1,0,1,N,1,0,,,0,,,0,0,Y,1,0,0,1,0,0,0,0,0,0,1,0,0,0,0,0,0,0,0,0,0,0,0,0,0,0,,1,1,0,0,0,2,,N,1,1,2,,,N,N
2106,cmc-0068,M-041,201412211124,201412212359,12 hours 35 minutes,,20141221,middle,1,,0,0,1,0,0,0,1,0,1,0,0,0,1,1,Y,1,0,0,0,0,0,0,0,0,1,0,0,Y,1,,,,,0,0,1,1,N,1,0,,,0,,,0,0,Y,1,0,0,0,0,0,0,0,0,0,0,1,0,0,0,0,1,0,0,0,0,0,0,0,0,0,,0,1,0,0,0,1,,N,1,1,2,,,,
415,dha-0013,em13,201409271330,201409271500,1 hour 30 minutes,,20140927,weakness,0,,0,0,0,0,0,1,1,0,0,0,0,0,0,0,,0,0,0,0,0,0,0,0,0,0,0,0,Y,1,,,,,0,0,1,1,N,1,0,,,0,,,0,0,Y,1,1,0,0,0,0,0,0,0,0,1,0,0,0,0,0,0,0,0,0,0,0,0,0,0,0,,0,0,1,0,0,1,,Y,0,1,1,0 hours 0 minutes,0 hours 40 minutes,N,N
202,dha-0014,em14,201409081500,201409081721,2 hours 21 minutes,,20140908,middle,1,5,0,0,0,0,1,1,2,0,0,1,0,1,2,0,N,0,0,0,0,0,0,0,0,0,0,0,0,Y,,,,4,hospital prescription medication,0,0,1,1,N,1,0,,,0,,,0,0,Y,1,0,0,1,0,0,0,0,0,0,1,0,0,0,0,0,0,0,0,0,0,0,0,0,0,0,,0,1,0,0,0,1,,N,1,1,2,,,N,N
921,dha-0022,em22,201410291612,201410291730,1 hour 18 minutes,,20141029,weakness,0,1,0,0,0,0,1,0,1,0,1,0,0,0,1,1,,0,0,0,0,0,1,0,1,0,0,0,0,Y,,,1,,,0,0,1,1,N,1,0,,,0,,,0,0,Y,1,0,0,0,0,0,0,0,0,0,0,0,0,0,0,1,1,0,0,0,0,0,0,0,0,0,,0,0,0,0,0,0,,Y,0,1,1,0 hours 0 minutes,0 hours 10 minutes,N,N
500,dha-0023,EM23,201410040830,201410041030,2 hours 0 minutes,,20141004,weakness,0,,0,0,0,0,1,0,1,0,0,0,0,1,1,0,N,0,0,0,0,0,0,0,0,0,0,0,0,Y,,,,1,prescription drugs,0,0,1,1,N,1,0,,,0,,,0,0,Y,1,0,0,1,0,0,0,0,0,0,1,0,0,0,0,0,0,0,0,0,0,0,0,0,0,0,,0,0,0,0,1,1,prescription drugs,N,1,1,2,,,N,N
743,dha-0023,EM23,201410180930,201410181030,1 hour 0 minutes,,20141018,weakness,0,4,0,0,0,0,1,0,1,0,0,0,0,1,1,0,Y,1,0,1,0,0,0,0,1,0,0,0,0,Y,,,,1,prescription drugs,0,0,1,1,Y,1,1,,,0,0,1,1,0,Y,1,1,0,0,0,0,0,0,0,0,1,0,0,0,0,0,0,0,0,0,0,0,0,0,0,0,,0,1,0,0,0,1,,N,1,1,2,,,N,N
1408,dha-0023,EM23,201411240024,201411240220,1 hour 56 minutes,,20141124,,,,0,0,0,0,1,0,1,0,0,0,0,1,1,0,,0,0,0,0,0,0,0,0,0,0,0,0,Y,,,,1,Zomic Tablet,0,0,1,1,Y,1,1,,,0,0,1,1,0,Y,1,1,0,0,0,0,0,0,0,0,1,0,0,0,0,0,0,0,0,0,0,0,0,0,0,0,,0,1,0,0,0,1,,N,1,1,2,,,N,N
1409,dha-0023,EM23,201411251200,201411251526,3 hours 26 minutes,,20141125,middle,1,,0,0,0,0,1,0,1,0,0,1,0,0,1,0,,0,1,0,0,1,0,0,1,0,0,1,0,Y,,,,1,discouragement,0,0,1,1,Y,1,1,,,0,0,1,1,0,Y,1,1,0,0,0,0,0,0,0,0,1,0,0,0,0,0,0,0,0,0,0,0,0,0,0,0,,0,1,0,0,0,1,,N,1,1,2,,,N,N
626,dha-0027,EM27,201410121230,201410121800,5 hours 30 minutes,,20141012,middle,1,5,0,0,0,1,0,0,1,0,0,1,0,0,1,0,Y,1,0,0,0,0,0,0,0,0,1,0,0,Y,,,,1,,0,0,1,1,Y,1,1,,,0,0,1,1,0,Y,1,0,0,0,0,0,1,0,0,0,1,0,0,0,0,0,0,0,0,0,0,0,0,0,0,0,,0,1,0,0,0,1,,N,1,1,2,,,N,N
831,dha-0027,EM27,201410240700,201410241400,7 hours 0 minutes,,20141024,middle,1,4,0,0,0,1,0,0,1,0,0,1,0,0,1,0,,0,0,0,0,0,0,0,0,0,0,0,0,Y,,,,1,,0,0,1,1,Y,1,1,0,1,1,0,1,1,0,Y,1,1,0,0,0,0,0,0,0,0,1,0,0,0,0,0,0,0,0,0,0,0,0,0,0,0,,0,1,0,0,0,1,,N,1,1,2,,,N,N
1000,dha-0027,EM27,201411041009,201411041821,8 hours 12 minutes,,20141104,middle,1,4,0,0,0,1,0,0,1,0,0,0,1,0,1,1,Y,1,0,0,0,0,0,0,0,0,1,0,0,Y,,,,1,,0,0,1,1,Y,1,1,0,1,1,0,1,1,0,Y,1,0,0,0,0,0,1,0,0,0,1,0,0,0,0,0,0,0,0,0,0,0,0,0,0,0,,0,1,0,0,0,1,,N,1,1,2,,,N,N
1298,dha-0027,EM27,201411190800,201411191214,4 hours 14 minutes,,20141119,middle,1,5,0,0,0,1,0,0,1,0,0,0,1,0,1,1,Y,1,0,0,0,0,0,0,0,0,1,0,0,Y,,,,1,,0,0,1,1,,1,0,,,0,,,0,0,Y,1,0,0,0,0,0,0,0,0,0,0,0,0,0,0,0,0,1,0,0,0,0,0,0,0,1,,0,1,0,0,0,1,,N,1,1,2,,,N,N
1436,dha-0027,EM27,201411260630,201411261000,3 hours and 30 minutes,,20141126,middle,1,4,0,0,0,1,0,0,1,0,0,0,0,1,1,0,Y,1,0,0,0,0,0,0,0,0,1,0,0,Y,,,,1,,0,0,1,1,Y,1,1,,,0,0,1,1,0,Y,1,0,0,0,0,0,0,0,0,0,0,0,0,0,0,0,0,1,0,0,0,0,0,0,0,1,,0,1,0,0,0,1,,N,1,1,2,,,N,N
1456,dha-0027,EM27,201411280330,201411280730,4 hours 0 minutes,,20141128,middle,1,5,0,0,0,1,0,0,1,0,0,1,0,0,1,0,Y,1,0,0,0,0,0,0,0,0,1,0,0,Y,,,,1,,0,0,1,1,Y,1,1,,,0,0,1,1,0,Y,1,0,0,0,0,0,0,0,0,0,0,0,0,0,0,0,0,1,0,0,0,0,0,0,0,1,,0,1,0,0,0,1,,N,1,1,2,,,N,N
1470,dha-0027,EM27,201411290300,201411291100,8 hours 0 minutes,,20141129,middle,1,5,0,0,0,1,0,0,1,0,0,0,1,0,1,1,Y,1,0,0,0,0,0,0,0,0,1,0,0,Y,,,,1,,0,0,1,1,Y,1,1,,,0,0,1,1,0,Y,1,0,0,0,0,0,0,0,0,0,0,1,0,0,0,0,1,0,0,0,0,0,0,0,0,0,,0,1,0,0,0,1,,N,1,1,2,,,N,N
1492,dha-0027,EM27,201411300535,201411301140,6 hours 5 minutes,,20141130,middle,1,5,0,0,0,1,0,0,1,0,0,0,1,0,1,1,Y,1,0,0,0,0,0,0,0,0,1,0,0,Y,,,,1,,0,0,1,1,Y,1,1,,,0,0,1,1,0,Y,1,1,0,0,0,0,0,0,0,0,1,0,0,0,0,0,0,0,0,0,0,0,0,0,0,0,,0,1,0,0,0,1,,N,1,1,2,,,N,N
1716,dha-0027,EM27,201412080920,201412081820,9 hours 0 minutes,,20141208,middle,1,4,0,0,0,1,0,0,1,0,0,1,0,0,1,0,Y,1,0,0,0,0,0,0,0,0,1,0,0,Y,,,,1,,0,1,0,1,Y,1,1,0,1,1,0,1,1,0,Y,1,0,0,0,0,0,1,0,0,0,1,0,0,0,0,0,0,0,0,0,0,0,0,0,0,0,,0,1,0,0,0,1,,N,1,1,2,,,N,N
1463,dha-0033,em33,201411280202,201411282359,21 hours 57 minutes,,20141128,middle,1,6,0,0,1,0,0,0,1,0,0,0,0,0,0,0,,0,0,0,0,0,1,0,1,0,0,0,0,Y,3,3,,,,0,1,0,1,,1,0,,,0,,,0,0,Y,1,0,0,0,0,0,0,0,0,0,0,0,0,0,0,1,1,0,0,0,0,0,0,0,0,0,,0,0,0,0,1,1,hour,N,1,1,2,,,,
1204,dha-0042,em42,201411150755,201411152000,12 hours 5 minutes,,20141115,weakness,0,3,0,0,1,0,0,1,2,0,0,0,1,1,2,1,N,0,0,0,0,0,0,0,0,0,0,0,0,Y,3,,,,,0,0,1,1,N,1,0,,,0,,,0,0,Y,1,0,0,0,0,0,0,0,0,0,0,0,0,0,0,0,0,0,0,0,0,0,0,0,1,1,poor sleeping posture,0,0,0,0,1,1,dosage,N,1,1,2,,,N,N
1292,dha-0042,em42,201411201100,201411201600,5 hours 0 minutes,,20141120,weakness,0,2,0,0,1,0,0,1,2,0,0,0,1,1,2,1,N,0,0,0,0,0,0,0,0,0,0,0,0,Y,,,1,,,0,0,1,1,N,1,0,,,0,,,0,0,Y,1,0,0,0,0,0,0,0,0,0,0,0,0,0,0,0,0,0,0,0,0,0,0,0,1,1,poor posture,0,0,0,0,1,1,dosage,N,1,1,2,,,N,N
1941,dha-0042,em42,201412181400,201412181900,5 hours 0 minutes,,20141218,weakness,0,2,0,0,1,0,0,1,2,0,0,0,1,1,2,1,N,0,0,0,0,0,0,0,0,0,0,0,0,Y,,,1,,,0,0,1,1,N,1,0,,,0,,,0,0,Y,1,0,0,0,0,0,0,0,0,0,0,0,0,0,0,0,0,0,0,0,0,0,0,0,1,1,poor posture,0,0,0,0,1,1,dosage,N,1,1,2,,,N,N
2046,dha-0042,em42,201412221130,201412221800,6 hours 30 minutes,,20141222,middle,1,5,0,0,1,1,0,1,3,0,1,0,1,1,3,1,N,0,0,0,0,0,0,0,0,0,1,0,0,Y,1,,1,,,0,0,1,1,Y,1,1,0,1,1,,,0,0,Y,1,1,0,0,0,0,0,0,0,0,1,0,0,0,0,0,0,0,0,0,0,0,0,0,0,0,,0,0,0,0,1,1,dosage,N,1,1,2,,,N,N
998,dha-0044,em44,201411040730,201411041400,6 hours 30 minutes,,20141104,middle,1,5,0,0,0,1,0,1,2,0,0,0,1,0,1,1,N,0,0,0,0,0,0,0,0,0,1,0,0,Y,,,,4,Medicine prescribed by you,0,1,0,1,N,1,0,,,0,,,0,0,Y,1,0,0,0,0,0,1,0,0,0,1,0,0,0,0,0,0,0,0,0,0,0,0,0,0,0,,1,0,0,0,0,1,,N,1,1,2,,,N,N
1541,dha-0044,em44,201412022000,201412022359,3 hours 59 minutes,,20141202,weakness,0,4,0,0,0,0,0,1,1,0,0,0,1,0,1,1,N,0,0,0,0,0,0,0,0,0,0,0,0,Y,,,,4,Medicine prescribed by you,0,1,0,1,N,1,0,,,0,,,0,0,Y,1,0,0,0,0,0,0,0,0,0,0,1,0,0,0,0,1,0,0,0,0,0,0,0,0,0,,0,1,0,0,0,1,,N,1,1,2,,,N,Y
1767,dha-0044,em44,201412110800,201412112200,14 hours 0 minutes,,20141211,middle,1,6,0,0,0,0,0,1,1,0,0,0,0,1,1,0,N,0,0,0,0,0,0,0,0,0,0,0,0,Y,2,,,,,0,1,0,1,N,1,0,,,0,,,0,0,Y,1,1,0,0,0,0,0,0,0,0,1,0,0,0,0,0,0,0,0,0,0,0,0,0,0,0,,1,0,0,0,0,1,,N,1,1,2,,,N,N
1955,dha-0055,em55,201412201800,,4 hours 0 minutes,,20141220,weakness,0,2,0,0,1,0,0,0,1,0,0,0,0,1,1,0,N,0,0,0,0,0,0,0,0,0,0,0,0,Y,,1,,,,0,0,1,1,N,1,0,,,0,,,0,0,Y,1,0,0,0,0,0,0,0,0,0,0,0,0,0,0,0,0,0,0,0,0,0,0,0,1,1,cold,0,0,0,0,1,1,first aid kit,N,1,1,2,,,N,N
1996,dha-0055,em55,201412220530,201412220630,1 hour 0 minutes,,20141222,weakness,0,3,0,0,1,0,0,0,1,0,0,0,0,1,1,0,N,0,0,0,0,0,0,0,0,0,0,0,0,Y,1,,,,,0,0,1,1,N,1,0,,,0,,,0,0,Y,1,0,0,0,0,0,0,0,0,0,0,0,0,0,0,0,0,0,0,0,0,0,0,0,1,1,cold,0,0,0,0,0,0,,N,1,1,2,,,N,N
2092,dha-0055,em55,201412272000,201412272130,1 hour 30 minutes,,20141227,weakness,0,4,0,0,1,0,0,0,1,0,0,0,0,1,1,0,,0,0,0,0,0,0,0,0,0,0,0,0,Y,,1,,,,0,0,1,1,N,1,0,,,0,,,0,0,Y,1,0,0,0,0,0,0,0,0,0,0,0,0,0,0,0,0,0,0,0,0,0,0,0,1,1,cold,0,0,0,0,0,0,,N,1,1,2,,,N,N
2682,dha-0055,em55,201501211700,,1 hour 30 minutes,,20150121,weakness,0,3,0,0,1,0,0,0,1,0,0,0,0,1,1,0,,0,0,0,0,0,0,0,0,0,0,0,0,Y,1,,,,,0,0,1,1,N,1,0,,,0,,,0,0,Y,1,0,0,0,0,0,0,0,0,0,0,0,0,0,0,0,0,0,0,0,0,0,0,0,1,1,cold,0,0,0,0,0,0,,N,1,1,2,,,N,N
2982,dha-0055,em55,201502061731,201502062135,4 hours 4 minutes,,20150206,weakness,0,3,0,0,1,0,0,0,1,0,0,0,0,1,1,0,Y,1,0,0,0,0,0,0,0,0,0,0,0,Y,1,,,,,0,0,1,1,N,1,0,,,0,,,0,0,Y,1,0,0,0,0,0,0,0,0,0,0,0,0,0,0,0,0,0,0,0,0,0,0,0,1,1,cold,0,0,0,0,0,0,,N,1,1,2,,,N,N
3122,dha-0055,em55,201502191800,201502192050,2 hours 50 minutes,,20150219,weakness,0,2,0,0,1,0,0,0,1,0,0,1,0,0,1,0,Y,1,0,0,0,0,0,0,0,0,0,0,0,Y,1,,,,,0,0,1,1,N,1,0,,,0,,,0,0,Y,1,0,0,0,0,0,0,0,0,0,0,0,0,0,0,0,0,0,0,0,0,0,0,0,1,1,sore throat,0,0,0,0,0,0,,N,1,1,2,,,N,N
3123,dha-0055,em55,201502200900,201502201000,1 hour 0 minutes,,20150220,weakness,0,2,0,0,1,0,0,0,1,0,0,1,0,0,1,0,Y,1,0,0,0,0,0,0,0,0,0,0,0,Y,1,,,,,0,0,1,1,N,1,0,,,0,,,0,0,Y,1,0,0,0,0,0,0,0,0,0,0,0,0,0,0,0,0,0,0,0,0,0,0,0,1,1,sore throat,0,0,0,0,0,0,,N,1,1,2,,,N,N
3281,dha-0055,em55,201502282130,201502282236,1 hour 6 minutes,,20150228,weakness,0,3,0,0,1,0,0,0,1,0,0,0,1,0,1,1,N,0,0,0,0,0,0,0,0,0,0,0,0,Y,1,,,,,0,0,1,1,N,1,0,,,0,,,0,0,Y,1,0,0,0,0,0,0,0,0,0,0,0,0,0,0,0,0,0,0,0,0,0,0,0,1,1,cold,0,0,0,0,0,0,,N,1,1,2,,,N,N
3388,dha-0055,em55,201503090621,201503090721,1 hour 0 minutes,,20150309,weakness,0,3,0,0,0,0,0,0,0,0,0,0,0,0,0,0,,0,0,0,0,0,0,0,0,0,0,0,0,Y,1,,,,,0,0,1,1,,1,0,,,0,,,0,0,Y,1,0,0,0,0,0,0,0,0,0,0,0,0,0,0,0,0,0,0,0,0,0,0,0,1,1,cold,0,0,0,0,0,0,,Y,0,1,1,0 hours 0 minutes,0 hours 50 minutes,N,N
3188,dha-0057,em57,201502070800,201502072359,15 hours 59 minutes,,20150207,Severe,1,9,0,0,0,1,0,0,1,0,0,1,1,1,3,1,Y,1,0,0,0,0,0,0,0,0,1,0,0,Y,,1,1,,,0,1,0,1,Y,1,1,1,0,1,1,0,1,1,Y,1,0,0,0,0,0,0,1,0,0,1,0,0,0,0,0,0,0,0,0,0,0,0,0,0,0,,1,1,1,0,0,3,,N,1,1,2,,,N,Y
2044,dha-0060,em60,201412240530,201412240830,3 hours 0 minutes,,20141224,middle,1,6,0,0,0,1,0,0,1,0,1,0,0,0,1,1,Y,1,0,0,0,0,0,0,0,0,1,0,0,Y,,3,,1,Immigran,0,0,1,1,Y,1,1,,,0,0,1,1,0,Y,1,0,0,0,0,0,0,0,0,0,0,0,0,0,0,0,0,1,0,0,0,0,0,0,0,1,,0,0,1,0,0,1,,N,1,1,2,,,N,N
3374,dha-0060,em60,201503080156,201503080356,2 hours 0 minutes,,20150308,middle,1,7,0,0,0,1,0,0,1,0,0,0,0,1,1,0,N,0,0,0,0,0,0,1,1,0,0,0,0,Y,,5,,1,Immigran,0,0,1,1,N,1,0,,,0,,,0,0,Y,1,0,0,0,0,0,0,0,0,0,0,0,0,0,0,0,0,1,0,0,0,0,0,0,0,1,,1,0,0,0,0,1,,N,1,1,2,,,N,N
3391,dha-0061,EM61,201503091000,201503091400,4 hours 0 minutes,,20150309,weakness,0,2,0,0,1,0,0,0,1,0,0,0,1,1,2,1,Y,1,0,0,0,0,0,1,1,0,1,0,0,Y,1,,,1,Almogran,0,0,1,1,Y,1,1,0,1,1,0,1,1,0,Y,1,0,0,0,0,0,0,0,0,0,0,1,0,0,0,0,1,0,0,0,0,0,0,0,0,0,,0,1,0,0,0,1,,Y,1,1,2,0 hours 0 minutes 0 minutes,0 hours 20 minutes 20 minutes,N,N
2580,dha-0063,em63,201501172200,201501172359,1 hour 59 minutes,,20150117,weakness,0,3,0,0,1,1,0,0,2,0,0,0,1,0,1,1,Y,1,0,0,0,0,0,0,0,0,1,0,0,Y,,,1,,,0,1,0,1,Y,1,1,,,0,0,1,1,0,Y,1,1,0,0,0,0,0,0,0,0,1,0,0,0,0,0,0,0,0,0,0,0,0,0,0,0,,0,1,0,0,1,2,Taking medicine,N,1,1,2,,,N,Y
2842,dha-0063,em63,201501301515,201501301900,3 hours 45 minutes,,20150130,weakness,0,3,0,0,1,0,1,0,2,0,1,0,1,0,2,1,Y,1,0,0,0,0,0,0,0,0,1,0,0,Y,,,1,,,0,0,1,1,N,1,0,,,0,,,0,0,Y,1,0,0,0,0,0,0,1,0,0,1,0,0,0,0,0,0,0,0,0,0,0,0,0,0,0,,1,1,0,0,0,2,,N,1,1,2,,,N,N
459,cmc-0003,M-003,201410040000,201410040330,3 hours and 30 minutes,,20141004,middle,1,5,1,0,0,1,0,0,2,1,0,1,0,1,2,0,Y,1,0,0,0,0,0,0,0,0,1,0,0,Y,,,,1,ibuprofen,0,1,0,1,Y,1,1,0,1,1,,,0,0,Y,1,0,0,0,0,1,0,0,0,0,1,0,0,0,0,0,0,0,0,0,0,0,0,0,0,0,,1,0,0,0,0,1,,N,1,1,2,,,N,N
63,cmc-0008,M-007,201409031809,201409031812,3 minutes,,20140903,weakness,0,2,1,0,0,0,0,0,1,1,0,0,1,0,1,1,Y,1,0,0,0,0,0,0,0,0,1,0,0,Y,,,1,,,0,0,1,1,Y,1,1,,,0,0,1,1,0,Y,1,0,0,0,0,0,0,1,0,0,1,0,0,0,0,0,0,0,0,0,0,0,0,0,0,0,,0,1,0,0,0,1,,N,1,1,2,,,N,N
82,cmc-0008,M-007,201409040847,201409041047,2 hours 0 minutes,,20140904,weakness,0,2,1,0,0,0,0,0,1,1,0,0,1,0,1,1,Y,1,0,0,0,0,0,0,0,0,1,0,0,Y,,,2,,,0,0,1,1,Y,1,1,,,0,0,1,1,0,Y,1,0,0,0,0,0,0,1,0,0,1,0,0,0,0,0,0,0,0,0,0,0,0,0,0,0,,0,1,0,0,0,1,,N,1,1,2,,,N,N
131,cmc-0008,M-007,201409121213,,11 hours 0 minutes,,20140912,weakness,0,6,1,0,0,0,0,0,1,1,0,0,1,0,1,1,Y,1,0,0,0,0,0,0,0,0,1,0,0,Y,,,2,,,0,1,0,1,,1,0,,,0,,,0,0,Y,1,0,0,0,0,0,0,0,0,0,0,1,0,0,0,0,1,0,0,0,0,0,0,0,0,0,,1,1,0,0,0,2,,N,1,1,2,,,N,N
190,cmc-0009,M-008,201409170000,201409172359,23 hours 59 minutes,,20140917,middle,1,6,0,1,1,0,1,0,3,1,0,1,0,0,1,0,Y,1,0,1,0,0,0,0,1,0,1,0,0,Y,,,3,,,0,1,0,1,Y,1,1,,,0,0,1,1,0,Y,1,1,0,0,0,0,0,0,0,0,1,0,0,0,0,0,0,0,0,0,0,0,0,0,0,0,,0,0,0,0,0,0,,N,1,1,2,,,N,Y
175,cmc-0022,M-011,201409161100,201409161900,8 hours 0 minutes,,20140916,weakness,0,3,1,0,0,0,0,0,1,1,1,0,0,0,1,1,Y,1,0,0,0,0,0,0,0,0,1,0,0,Y,,,2,,,0,1,0,1,Y,1,1,,,0,0,1,1,0,Y,1,0,0,1,0,0,0,0,0,0,1,0,0,0,0,0,0,0,0,0,0,0,0,0,0,0,,0,0,0,0,0,0,,Y,0,1,1,0 hours 0 minutes,1 hour 0 minutes,N,N
429,cmc-0022,M-011,201410010930,201410011400,4 hours 30 minutes,,20141001,middle,1,6,1,0,0,0,0,0,1,1,1,0,0,0,1,1,Y,1,0,0,0,0,0,0,0,0,1,0,0,Y,,,2,,,0,0,1,1,Y,1,1,,,0,0,1,1,0,Y,1,0,0,0,0,0,0,0,0,0,0,1,0,0,0,0,1,0,0,0,0,0,0,0,0,0,,0,0,0,0,0,0,,Y,0,1,1,0 hours 0 minutes,1 hour 0 minutes,N,N
719,cmc-0022,M-011,201410160806,201410161323,5 hours 17 minutes,,20141016,middle,1,5,1,0,0,0,0,0,1,1,1,0,0,1,2,1,Y,1,0,0,0,0,0,0,0,0,1,0,0,Y,2,,1,,,0,1,0,1,Y,1,1,,,0,0,1,1,0,Y,1,0,0,0,0,0,0,0,0,0,0,0,0,0,0,0,0,0,0,0,0,0,0,0,1,1,Headache due to cold symptoms,0,0,0,0,0,0,,N,1,1,2,,,N,N
1056,cmc-0022,M-011,201410311200,201410311400,2 hours 0 minutes,,20141031,,,5,1,0,0,0,0,0,1,1,1,0,0,0,1,1,N,0,0,0,0,0,0,0,0,0,1,0,0,Y,,,1,,,0,0,1,1,Y,1,1,,,0,0,1,1,0,Y,1,0,0,0,0,0,0,0,0,0,0,0,0,0,0,0,0,0,0,0,0,0,0,0,1,1,cold,0,0,0,0,0,0,,N,1,1,2,,,N,N
1454,cmc-0022,M-011,201411141424,201411141600,1 hour 36 minutes,,20141114,middle,1,5,1,0,0,0,0,0,1,1,1,0,0,0,1,1,Y,1,0,0,0,0,0,0,0,0,1,0,0,Y,,,1,,,0,1,0,1,Y,1,1,,,0,0,1,1,0,Y,1,0,0,0,0,0,0,0,0,0,0,1,0,0,0,0,1,0,0,0,0,0,0,0,0,0,,0,0,0,0,0,0,,Y,0,1,1,0 hours 0 minutes,1 hour 0 minutes,N,N
1657,cmc-0022,M-011,201411270900,201411271100,2 hours 0 minutes,,20141127,middle,1,5,1,0,0,0,0,0,1,1,1,0,0,0,1,1,Y,1,0,0,0,0,0,0,0,0,1,0,0,Y,,,1,,,0,0,1,1,Y,1,1,,,0,0,1,1,0,Y,1,0,0,0,0,0,0,0,0,0,0,1,0,0,0,0,1,0,0,0,0,0,0,0,0,0,,0,0,0,0,0,0,,N,1,1,2,,,N,N
1999,cmc-0022,M-011,201412151600,201412151900,3 hours 0 minutes,,20141215,middle,1,4,1,0,0,0,0,0,1,1,1,0,0,0,1,1,Y,1,0,0,0,0,0,0,0,0,1,0,0,Y,,,1,,,0,1,0,1,Y,1,1,,,0,0,1,1,0,Y,1,0,0,0,0,0,0,0,0,0,0,1,0,0,0,0,1,0,0,0,0,0,0,0,0,0,,0,1,0,0,0,1,,N,1,1,2,,,N,N
697,cmc-0023,M-012,201410141204,201410142359,11 hours 55 minutes,,20141014,middle,1,6,0,1,0,0,1,1,3,1,0,1,1,1,3,1,Y,1,0,0,0,0,0,0,0,0,1,0,0,Y,1,,,,,0,1,0,1,Y,1,1,,,0,0,1,1,0,Y,1,0,0,0,0,0,0,0,0,0,0,0,0,0,0,0,0,0,0,0,0,0,0,0,1,1,1 glass of beer,0,0,0,0,1,1,doesn't exist,N,1,1,2,,,N,Y
716,cmc-0023,M-012,201410150820,201410152359,15 hours 39 minutes,,20141015,middle,1,6,1,0,0,0,1,1,3,1,0,1,1,1,3,1,Y,1,0,0,0,0,0,0,0,0,1,0,0,Y,1,,,,,1,0,0,1,Y,1,1,,,0,0,1,1,0,Y,1,0,0,0,0,0,0,0,0,0,0,0,0,0,0,0,0,0,0,0,0,0,0,0,1,1,The beer I drank yesterday,0,0,0,0,0,0,,N,1,1,2,,,N,Y
615,cmc-0024,CM-002,201410100756,,4 hours 0 minutes,,20141010,weakness,0,1,1,0,0,0,1,0,2,1,0,0,1,0,1,1,N,0,0,0,0,0,0,0,0,0,1,0,0,Y,1,1,1,,,0,0,1,1,Y,1,1,0,1,1,,,0,0,Y,1,1,0,0,0,0,0,0,0,0,1,0,0,0,0,0,0,0,0,0,0,0,0,0,0,0,,0,0,0,0,1,1,Taking medicine,N,1,1,2,,,N,N
671,cmc-0024,CM-002,201410121300,201410121428,1 hour 28 minutes,,20141012,weakness,0,,1,0,0,0,1,0,2,1,0,0,1,0,1,1,N,0,0,0,0,0,0,0,0,0,1,0,0,Y,1,1,1,,,0,1,0,1,N,1,0,,,0,,,0,0,Y,1,0,0,0,0,0,0,0,0,1,1,0,0,0,0,0,0,0,0,0,0,0,0,0,0,0,,0,0,0,0,1,1,Taking medicine,N,1,1,2,,,N,N
1099,cmc-0024,CM-002,201410311400,201410312359,9 hours 59 minutes,,20141031,weakness,0,2,1,0,0,0,1,0,2,1,0,0,1,0,1,1,,0,0,0,0,0,0,0,0,0,1,0,0,Y,1,1,1,,,0,1,0,1,N,1,0,,,0,,,0,0,Y,1,0,1,0,0,0,0,0,0,0,1,0,0,0,0,0,0,0,0,0,0,0,0,0,0,0,,0,1,0,0,1,2,Taking medicine,N,1,1,2,,,N,Y
1441,cmc-0024,CM-002,201411151136,201411151436,3 hours 0 minutes,,20141115,middle,1,3,1,0,0,0,1,0,2,1,0,0,0,1,1,0,Y,1,0,0,0,0,0,0,0,0,1,0,0,Y,1,1,1,,,0,0,1,1,Y,1,1,0,1,1,,,0,0,Y,1,0,0,0,0,0,0,0,0,1,1,0,0,0,0,0,0,0,0,0,0,0,0,0,0,0,,0,0,0,0,1,1,Taking medicine,N,1,1,2,,,N,N
1550,cmc-0024,CM-002,201411211144,201411211444,3 hours 0 minutes,,20141121,weakness,0,2,0,1,0,0,1,0,2,1,0,0,1,0,1,1,Y,1,0,0,0,0,0,0,0,0,1,0,0,Y,1,1,1,,,0,0,1,1,Y,1,1,0,1,1,,,0,0,Y,1,0,0,0,0,0,0,0,0,0,0,0,0,0,0,0,0,0,0,0,0,0,0,0,1,1,I'm not sure,0,0,0,0,1,1,Taking medicine,N,1,1,2,,,N,N
1823,cmc-0024,CM-002,201412051515,201412052016,5 hours 1 minute,,20141205,weakness,0,,0,1,0,0,1,0,2,1,0,1,0,0,1,0,Y,1,0,0,0,0,0,0,0,0,1,0,0,Y,1,1,1,,,0,0,1,1,Y,1,1,0,1,1,0,1,1,0,Y,1,0,0,0,0,0,0,0,0,1,1,0,0,0,0,0,0,0,0,0,0,0,0,0,0,0,,0,0,0,0,1,1,Taking medicine,N,1,1,2,,,N,N
288,cmc-0028,M-014,201409230800,201409231148,3 hours 48 minutes,,20140923,middle,1,5,0,1,0,0,0,1,2,1,1,0,0,1,2,1,Y,1,0,0,0,0,0,0,0,0,1,0,0,Y,,,,1,Almogran,0,0,1,1,Y,1,1,0,1,1,0,1,1,0,Y,1,0,0,1,0,0,0,0,0,0,1,0,0,0,0,0,0,0,0,0,0,0,0,0,0,0,,1,0,0,0,0,1,,Y,0,1,1,0 hours 0 minutes,0 hours 30 minutes,N,N
1316,cmc-0028,M-014,201410311251,201410311451,2 hours 0 minutes,,20141031,middle,1,,1,0,0,0,0,0,1,1,0,0,1,0,1,1,Y,1,0,0,0,0,0,0,0,0,1,0,0,Y,,,,1,Almogran,0,0,1,1,N,1,0,,,0,,,0,0,Y,1,0,0,0,0,0,0,1,0,0,1,0,0,0,0,0,0,0,0,0,0,0,0,0,0,0,,0,0,0,0,0,0,,N,1,1,2,,,N,N
1317,cmc-0028,M-014,201411010853,201411011053,2 hours 0 minutes,,20141101,middle,1,4,1,0,0,0,0,0,1,1,0,1,1,0,2,1,Y,1,0,0,0,0,0,0,0,0,1,0,0,Y,,,,1,Almogran,0,0,1,1,N,1,0,,,0,,,0,0,Y,1,0,0,0,0,0,0,1,0,0,1,0,0,0,0,0,0,0,0,0,0,0,0,0,0,0,,0,0,0,0,0,0,,N,1,1,2,,,N,N
1318,cmc-0028,M-014,201411020854,201411021054,2 hours 0 minutes,,20141102,middle,1,4,1,0,0,0,0,0,1,1,0,1,1,0,2,1,Y,1,0,0,0,0,0,0,0,0,1,0,0,Y,,,,1,Almogran,0,0,1,1,N,1,0,,,0,,,0,0,Y,1,0,0,0,0,0,0,1,0,0,1,0,0,0,0,0,0,0,0,0,0,0,0,0,0,0,,0,0,0,0,0,0,,N,1,1,2,,,N,N
1557,cmc-0033,CM-006,201411191443,201411191743,3 hours 0 minutes,,20141119,weakness,0,1,1,0,0,0,0,1,2,1,1,0,1,0,2,1,N,0,0,0,0,0,0,0,0,0,1,0,0,Y,,,,1,hospital medicine,0,0,1,1,N,1,0,,,0,,,0,0,Y,1,0,0,1,0,0,0,0,0,0,1,0,0,0,0,0,0,0,0,0,0,0,0,0,0,0,,0,0,0,0,0,0,,N,1,1,2,,,N,N
1558,cmc-0033,CM-006,201411201744,201411202144,4 hours 0 minutes,,20141120,weakness,0,3,1,0,0,1,0,1,3,1,1,1,1,0,3,1,N,0,0,0,0,0,0,0,0,0,1,0,0,Y,1,,,1,hospital medicine,0,1,0,1,N,1,0,,,0,,,0,0,Y,1,0,0,0,0,0,1,0,0,0,1,0,0,0,0,0,0,0,0,0,0,0,0,0,0,0,,0,0,0,0,0,0,,N,1,1,2,,,N,N
1690,cmc-0033,CM-006,201411301930,201411302030,1 hour 0 minutes,,20141130,weakness,0,1,0,1,0,0,0,0,1,1,1,0,0,0,1,1,Y,1,0,0,0,0,0,0,0,0,1,0,0,Y,,,,1,hospital evil,0,0,1,1,N,1,0,,,0,,,0,0,Y,1,0,0,0,0,0,0,0,0,0,0,0,0,0,0,0,0,0,0,0,0,0,0,0,1,1,Don't know,0,0,0,0,0,0,,N,1,1,2,,,N,N
1800,cmc-0033,CM-006,201412071534,201412072134,6 hours 0 minutes,,20141207,weakness,0,2,1,0,0,0,0,1,2,1,0,1,0,0,1,0,Y,1,0,0,0,0,0,0,0,0,1,0,0,Y,,,,1,hospital medicine,0,1,0,1,N,1,0,,,0,,,0,0,Y,1,0,0,0,0,0,1,0,0,0,1,0,0,0,0,0,0,0,0,0,0,0,0,0,0,0,,0,1,0,0,0,1,,N,1,1,2,,,N,N
1952,cmc-0033,CM-006,201412091835,201412092135,3 hours 0 minutes,,20141209,weakness,0,1,1,0,1,0,0,0,2,1,0,0,0,1,1,0,Y,1,0,0,0,0,0,0,0,0,1,0,0,Y,1,,,,,1,0,0,1,N,1,0,,,0,,,0,0,Y,1,1,0,0,0,0,0,0,0,0,1,0,0,0,0,0,0,0,0,0,0,0,0,0,0,0,,0,0,0,0,0,0,,N,1,1,2,,,N,N
1955,cmc-0033,CM-006,201412121536,201412122136,6 hours 0 minutes,,20141212,weakness,0,1,1,0,0,0,0,0,1,1,0,0,0,1,1,0,Y,1,0,1,0,0,0,0,1,0,1,0,0,Y,1,1,,,,1,0,0,1,Y,1,1,0,1,1,,,0,0,Y,1,0,0,1,0,0,0,0,0,0,1,0,0,0,0,0,0,0,0,0,0,0,0,0,0,0,,0,0,0,0,0,0,,N,1,1,2,,,N,N
2054,cmc-0046,M-030,201412162000,201412162335,3 hours 35 minutes,,20141216,Severe,1,8,1,0,0,0,0,0,1,1,0,0,1,0,1,1,Y,1,0,0,0,0,1,0,1,0,1,0,0,Y,,,1,,,0,0,1,1,Y,1,1,,,0,1,0,1,0,Y,1,0,0,0,0,0,0,0,0,0,0,1,0,0,0,0,1,0,0,0,0,0,0,0,0,0,,0,0,0,0,0,0,,N,1,1,2,,,N,N
2052,cmc-0063,M-036,201412170700,201412170930,2 hours 30 minutes,,20141217,weakness,0,3,1,0,0,0,0,0,1,1,0,0,1,0,1,1,Y,1,0,0,0,0,1,0,1,0,1,0,0,Y,,,1,,,0,0,1,1,N,1,0,,,0,,,0,0,Y,1,0,0,1,0,0,0,0,0,0,1,0,0,0,0,0,0,0,0,0,0,0,0,0,0,0,,0,0,0,0,0,0,,N,1,1,2,,,N,N
2271,cmc-0063,M-036,201412271600,201412272000,4 hours 0 minutes,,20141227,middle,1,5,1,0,0,0,0,0,1,1,1,0,0,0,1,1,Y,1,0,0,0,0,0,0,0,0,1,0,0,Y,,,,1,motion sickness medication,0,0,1,1,Y,1,1,,,0,0,1,1,0,Y,1,0,0,0,0,0,0,0,0,0,0,0,0,0,0,0,0,0,0,0,0,0,0,0,1,1,Watching TV for a long time,1,0,0,0,0,1,,N,1,1,2,,,N,N
3171,cmc-0063,M-036,201502011200,,1 hour 0 minutes,,20150201,weakness,0,2,1,0,0,0,0,0,1,1,0,0,1,0,1,1,N,0,0,0,0,0,0,0,0,0,1,0,0,Y,,,1,,,0,0,1,1,N,1,0,,,0,,,0,0,Y,1,0,0,0,0,0,0,1,0,0,1,0,0,0,0,0,0,0,0,0,0,0,0,0,0,0,,0,0,0,0,0,0,,N,1,1,2,,,N,N
2425,cmc-0067,M-040,201501031230,201501031715,4 hours 45 minutes,,20150103,weakness,0,10,0,1,0,0,0,0,1,1,0,0,1,0,1,1,N,0,0,0,0,0,0,0,0,0,1,0,0,Y,2,,,1,Hospital prescription medication 2 hours later,0,0,1,1,Y,1,1,0,1,1,,,0,0,Y,1,1,0,0,0,0,0,0,0,0,1,0,0,0,0,0,0,0,0,0,0,0,0,0,0,0,,0,0,0,0,1,1,prescription medication,Y,0,1,1,0 hours 0 minutes,1 hour 0 minutes,N,N
3075,cmc-0067,M-040,201501271730,201501272200,4 hours 30 minutes,,20150127,weakness,0,1,0,1,0,0,0,1,2,1,0,0,0,1,1,0,N,0,0,0,0,0,0,0,0,0,0,0,0,Y,,,,3,hospital prescription,0,0,1,1,N,1,0,,,0,,,0,0,Y,1,1,0,0,0,0,0,0,0,0,1,0,0,0,0,0,0,0,0,0,0,0,0,0,0,0,,0,1,0,1,0,2,,Y,0,1,1,0 hours 0 minutes,1 hour 0 minutes,N,N
3476,cmc-0067,M-040,201502111223,201502112359,11 hours 36 minutes,,20150211,middle,1,5,0,1,0,0,0,0,1,1,0,0,1,0,1,1,Y,1,0,0,0,0,0,0,0,0,1,0,0,Y,,,,1,prescription,0,0,1,1,Y,1,1,0,1,1,,,0,0,Y,1,0,0,0,0,0,1,0,0,0,1,0,0,0,0,0,0,0,0,0,0,0,0,0,0,0,,0,1,0,1,0,2,,N,1,1,2,,,N,Y
3881,cmc-0067,M-040,201502231519,201502231830,3 hours 11 minutes,,20150223,weakness,0,2,0,1,0,0,0,0,1,1,0,0,1,0,1,1,N,0,0,0,0,0,0,0,0,0,1,0,0,Y,,,,1,almogreen,0,0,1,1,N,1,0,,,0,,,0,0,Y,1,1,0,0,0,0,0,0,0,0,1,0,0,0,0,0,0,0,0,0,0,0,0,0,0,0,,0,1,0,0,0,1,,Y,0,1,1,0 hours 0 minutes,1 hour 0 minutes,N,N
3874,cmc-0067,M-040,201502250015,201502251015,10 hours 0 minutes,,20150225,Severe,1,8,1,0,0,0,0,0,1,1,0,0,1,0,1,1,N,0,0,0,0,0,0,0,0,0,1,0,0,Y,1,,,1,Migraine medication Almogreen,0,0,1,1,Y,1,1,0,1,1,,,0,0,Y,1,1,0,0,0,0,0,0,0,0,1,0,0,0,0,0,0,0,0,0,0,0,0,0,0,0,,0,1,0,0,0,1,,N,1,1,2,,,N,N
116,dha-0004,EM4,201408300831,201408301200,3 hours 29 minutes,,20140830,,,,1,0,0,0,0,0,1,1,0,0,0,1,1,0,N,0,0,0,0,0,0,0,0,0,0,0,0,Y,,,,1,hospital medicine,0,0,1,1,N,1,0,,,0,,,0,0,Y,1,1,0,0,0,0,0,0,0,0,1,0,0,0,0,0,0,0,0,0,0,0,0,0,0,0,,0,0,0,0,1,1,activity,Y,0,1,1,0 hours 0 minutes,4 hours 0 minutes,N,N
39,dha-0009,EM9,201408191400,201408192000,6 hours 0 minutes,,20140819,middle,1,5,0,1,0,0,0,0,1,1,0,0,1,0,1,1,Y,1,0,0,0,0,0,0,0,0,1,0,0,Y,,,,1,Almogran,0,0,1,1,Y,1,1,1,0,1,1,0,1,1,Y,1,1,0,0,0,0,0,0,0,0,1,0,0,0,0,0,0,0,0,0,0,0,0,0,0,0,,0,0,0,0,1,1,I took medicine,N,1,1,2,,,N,N
127,dha-0009,EM9,201409011730,201409010240,9 hours 10 minutes,,20140901,weakness,0,2,0,1,0,0,0,0,1,1,0,0,0,1,1,0,,0,0,0,0,0,0,0,0,0,0,0,0,Y,,,,1,Almogran,0,0,1,1,Y,1,1,0,1,1,0,1,1,0,Y,1,0,0,0,0,0,1,0,0,0,1,0,0,0,0,0,0,0,0,0,0,0,0,0,0,0,,0,0,0,0,0,0,,N,1,1,2,,,N,N
152,dha-0009,EM9,201409031630,201409032359,7 hours 29 minutes,,20140903,weakness,0,5,0,1,0,0,0,0,1,1,1,0,0,0,1,1,Y,1,0,0,0,0,0,0,0,0,1,0,0,Y,,,,2,Almogran,0,1,0,1,Y,1,1,0,1,1,,,0,0,Y,1,0,0,1,0,0,0,0,0,0,1,0,0,0,0,0,0,0,0,0,0,0,0,0,0,0,,0,0,0,0,0,0,,N,1,1,2,,,N,Y
246,dha-0009,EM9,201409121600,201409121800,2 hours 0 minutes,,20140912,weakness,0,2,0,1,0,0,0,0,1,1,0,0,0,1,1,0,N,0,0,0,0,0,0,0,0,0,0,0,0,Y,,,,1,Almogran,0,0,1,1,Y,1,1,0,1,1,,,0,0,Y,1,0,0,0,0,0,1,0,0,0,1,0,0,0,0,0,0,0,0,0,0,0,0,0,0,0,,0,0,0,0,0,0,,N,1,1,2,,,N,N
555,dha-0009,EM9,201410071400,201410071630,2 hours 30 minutes,,20141007,weakness,0,3,0,1,0,0,0,0,1,1,1,0,0,0,1,1,,0,0,0,0,0,0,0,0,0,1,0,0,Y,,,,1,Almogran,0,0,1,1,Y,1,1,0,1,1,0,1,1,0,Y,1,0,0,0,0,0,1,0,0,0,1,0,0,0,0,0,0,0,0,0,0,0,0,0,0,0,,0,0,0,0,0,0,,N,1,1,2,,,N,N
774,dha-0009,EM9,201410201500,201410201800,3 hours 0 minutes,,20141020,weakness,0,2,0,1,0,0,0,0,1,1,0,0,1,0,1,1,,0,0,0,0,0,0,0,0,0,1,0,0,Y,,,,1,Almogran,0,0,1,1,Y,1,1,0,1,1,0,1,1,0,Y,1,1,0,0,0,0,0,0,0,0,1,0,0,0,0,0,0,0,0,0,0,0,0,0,0,0,,0,0,0,0,0,0,,N,1,1,2,,,N,N
773,dha-0009,EM9,201410211200,201410211800,6 hours 0 minutes,,20141021,weakness,0,2,0,1,0,0,0,0,1,1,1,0,0,0,1,1,,0,0,0,0,0,0,0,0,0,1,0,0,Y,,,,1,Almogran,0,0,1,1,Y,1,1,0,1,1,0,1,1,0,Y,1,1,0,0,0,0,0,0,0,0,1,0,0,0,0,0,0,0,0,0,0,0,0,0,0,0,,0,0,0,0,0,0,,N,1,1,2,,,N,N
670,dha-0022,em22,201410151707,201410152007,3 hours 0 minutes,,20141015,weakness,0,1,1,0,0,0,0,0,1,1,0,1,0,0,1,0,,0,0,0,0,0,0,0,0,0,0,0,0,Y,,,1,,,0,0,1,1,N,1,0,,,0,,,0,0,Y,1,1,0,0,0,0,0,0,0,0,1,0,0,0,0,0,0,0,0,0,0,0,0,0,0,0,,0,0,0,0,0,0,,N,1,1,2,,,N,N
1279,dha-0022,em22,201411191700,201411192251,5 hours 51 minutes,,20141119,weakness,0,1,1,0,0,0,0,0,1,1,1,0,0,0,1,1,N,0,0,0,0,0,1,0,1,0,1,0,0,Y,,,1,,,0,0,1,1,N,1,0,,,0,,,0,0,Y,1,0,0,0,0,0,0,0,0,0,0,0,0,0,0,1,1,0,0,0,0,0,0,0,0,0,,0,0,0,0,0,0,,N,1,1,2,,,N,N
735,dha-0027,EM27,201410171100,201410171800,7 hours 0 minutes,,20141017,middle,1,5,0,1,0,0,0,0,1,1,0,1,0,0,1,0,Y,1,0,0,0,0,0,0,0,0,1,0,0,Y,,,,1,,0,0,1,1,,1,0,,,0,,,0,0,Y,1,0,0,0,0,0,1,0,0,0,1,0,0,0,0,0,0,0,0,0,0,0,0,0,0,0,,0,1,0,0,0,1,,N,1,1,2,,,N,N
1746,dha-0033,em33,201412100700,201412102100,14 hours 0 minutes,,20141210,weakness,0,4,1,0,0,0,0,0,1,1,0,1,0,0,1,0,,0,0,0,0,0,0,0,0,0,0,0,0,Y,1,1,,,,0,0,1,1,N,1,0,,,0,,,0,0,Y,1,1,0,0,0,0,0,0,0,0,1,0,0,0,0,0,0,0,0,0,0,0,0,0,0,0,,0,0,0,0,0,0,,N,1,1,2,,,N,N
990,dha-0042,em42,201411041130,201411041600,4 hours 30 minutes,,20141104,middle,1,4,0,1,1,0,0,1,3,1,0,0,1,1,2,1,N,0,0,0,0,0,0,0,0,0,1,0,0,Y,1,,1,,,0,0,1,1,Y,1,1,0,1,1,0,1,1,0,Y,1,0,0,0,0,0,0,0,0,0,0,0,0,0,0,0,0,0,0,0,0,0,0,0,1,1,Neck massage the day before,0,0,0,0,0,0,,N,1,1,2,,,N,N
1677,dha-0042,em42,201412070800,201412071230,4 hours 30 minutes,,20141207,weakness,0,2,1,0,1,0,0,1,3,1,0,0,1,0,1,1,N,0,0,0,0,0,0,0,0,0,1,0,0,Y,,,1,,,0,0,1,1,N,1,0,,,0,,,0,0,Y,1,0,1,0,0,0,0,0,0,0,1,0,0,0,0,0,0,0,0,0,0,0,0,0,0,0,,0,0,0,0,1,1,dosage,N,1,1,2,,,N,N
1822,dha-0042,em42,201412141230,201412142030,8 hours 0 minutes,,20141214,weakness,0,3,1,0,1,0,0,1,3,1,0,0,1,1,2,1,N,0,0,0,0,0,0,0,0,0,1,0,0,Y,1,,,,,0,0,1,1,N,1,0,,,0,,,0,0,Y,1,0,0,0,0,0,0,0,0,0,0,0,0,0,0,0,0,0,0,0,0,0,0,0,1,1,cold,0,0,0,0,1,1,dosage,N,1,1,2,,,N,N
2128,dha-0042,em42,201412290530,201412291800,12 hours 30 minutes,,20141229,middle,1,4,1,0,0,0,0,1,2,1,0,0,1,1,2,1,N,0,0,0,0,0,0,0,0,0,1,0,0,Y,1,,1,,,0,0,1,1,N,1,0,,,0,,,0,0,Y,1,0,0,0,0,0,0,0,0,0,0,0,0,0,0,0,0,0,0,0,0,0,0,0,1,1,nose cold,0,0,0,0,1,1,dosage,N,1,1,2,,,N,N
1789,dha-0049,em49,201412111700,,6 hours 40 minutes,,20141211,weakness,0,3,1,0,0,0,0,0,1,1,0,0,0,1,1,0,N,0,0,0,0,0,0,0,0,0,0,0,0,Y,,,1,,,0,0,1,1,N,1,0,,,0,,,0,0,Y,1,0,0,0,0,0,0,1,0,0,1,0,0,0,0,0,0,0,0,0,0,0,0,0,0,0,,1,1,0,0,0,2,,N,1,1,2,,,N,N
2766,dha-0049,em49,201501271800,201501272300,5 hours 0 minutes,,20150127,weakness,0,2,1,0,0,0,0,0,1,1,1,0,0,0,1,1,Y,1,0,0,0,0,0,0,0,0,1,0,0,Y,,,1,,,0,0,1,1,N,1,0,,,0,,,0,0,Y,1,0,0,0,0,0,0,0,0,0,0,1,0,0,0,0,1,0,0,0,0,0,0,0,0,0,,1,0,0,0,0,1,,N,1,1,2,,,N,N
2350,dha-0053,em53,201501080007,201501080807,8 hours 0 minutes,,20150108,weakness,0,2,1,0,0,0,0,0,1,1,1,0,0,0,1,1,N,0,0,0,0,0,0,0,0,0,1,0,0,Y,,,,1,Almogran,0,0,1,1,Y,1,1,0,1,1,0,1,1,0,Y,1,0,0,0,0,0,0,0,0,0,0,0,0,0,0,0,0,0,0,0,1,0,0,0,0,1,,0,0,0,0,1,1,Taking medicine,Y,1,0,1,0 hours 40 minutes,0 hours 0 minutes,N,N
3384,dha-0055,em55,201503051216,201503051330,1 hour 14 minutes,,20150305,weakness,0,3,1,0,0,0,0,0,1,1,0,0,0,0,0,0,,0,0,0,0,0,0,0,0,0,0,0,0,Y,1,,,,,0,0,1,1,,1,0,,,0,,,0,0,Y,1,0,0,0,0,0,0,0,0,0,0,0,0,0,0,0,0,0,0,0,0,0,0,0,1,1,menstruation,0,0,0,0,0,0,,Y,1,1,2,0 hours 0 minutes 0 minutes,0 hours 50 minutes 50 minutes,N,N
2413,dha-0057,em57,201501100400,201501102359,19 hours 59 minutes,,20150110,weakness,0,4,0,1,0,0,0,1,2,1,1,0,0,1,2,1,N,0,0,0,0,0,0,0,0,0,1,0,0,Y,,1,1,,,0,1,0,1,N,1,0,,,0,,,0,0,Y,1,0,0,0,0,0,0,1,0,0,1,0,0,0,0,0,0,0,0,0,0,0,0,0,0,0,,0,1,1,0,0,2,,N,1,1,2,,,N,Y
2947,dha-0061,EM61,201502071000,201502071400,4 hours 0 minutes,,20150207,weakness,0,1,1,0,0,0,0,0,1,1,1,0,0,0,1,1,Y,1,0,0,0,0,1,0,1,0,1,0,0,Y,1,,,1,Almogran,0,1,0,1,Y,1,1,0,1,1,0,1,1,0,Y,1,0,0,1,0,0,0,0,0,0,1,0,0,0,0,0,0,0,0,0,0,0,0,0,0,0,,0,0,0,0,1,1,time lapse,N,1,1,2,,,N,N
17,cmc-0002,M-002,201408281110,201408281440,3 hours and 30 minutes,,20140828,weakness,0,,0,0,1,1,1,1,4,0,1,1,0,1,3,1,Y,1,0,0,0,0,0,0,0,0,1,0,0,N,,,,,,,,,0,N,0,0,,,0,,,0,0,Y,2,0,0,0,0,0,0,1,0,0,1,0,1,0,0,0,1,0,0,0,0,0,0,0,0,0,,0,1,0,0,0,1,,Y,0,1,1,0 hours 0 minutes,0 hours 30 minutes,N,N
52,cmc-0002,M-002,201409021617,201409022100,4 hours 43 minutes,,20140902,weakness,0,,0,0,1,1,0,1,3,0,1,0,0,1,2,1,Y,1,0,1,0,0,1,0,2,0,1,0,0,N,,,,,,,,,0,N,0,0,,,0,,,0,0,Y,2,1,0,0,0,0,0,0,0,0,1,0,0,0,0,1,1,0,0,0,0,0,0,0,0,0,,0,1,0,0,0,1,,N,1,1,2,,,N,N
66,cmc-0002,M-002,201409031330,201409032359,10 hours 29 minutes,,20140903,weakness,0,,0,0,0,1,0,1,2,0,1,0,1,1,3,1,Y,1,0,1,0,0,0,0,1,0,1,0,0,N,,,,,,,,,0,Y,0,1,,,0,0,1,1,0,Y,2,1,0,0,0,0,0,0,0,0,1,1,0,0,0,0,1,0,0,0,0,0,0,0,0,0,,0,1,1,0,0,2,,N,1,1,2,,,N,Y
118,cmc-0003,M-003,201409092130,201409092359,2 hours 29 minutes,,20140909,weakness,0,3,0,0,0,1,1,0,2,0,0,0,1,0,1,1,N,0,0,0,0,0,0,0,0,0,0,0,0,N,,,,,,,,,0,N,0,0,,,0,,,0,0,Y,2,1,0,0,0,0,0,0,0,1,2,0,0,0,0,0,0,0,0,0,0,0,0,0,0,0,,0,1,0,0,0,1,,N,1,1,2,,,N,N
833,cmc-0003,M-003,201410121806,201410122100,2 hours 54 minutes,,20141012,middle,1,5,0,0,0,1,1,0,2,0,0,0,1,0,1,1,Y,1,0,0,0,0,0,0,0,0,1,0,0,N,,,,,,,,,0,Y,0,1,0,1,1,,,0,0,Y,2,1,0,0,0,0,1,0,0,0,2,0,0,0,0,0,0,0,0,0,0,0,0,0,0,0,,0,1,0,0,0,1,,N,1,1,2,,,N,N
829,cmc-0003,M-003,201410162000,,2 hours 0 minutes,,20141016,weakness,0,3,0,0,0,1,0,0,1,0,0,0,1,0,1,1,Y,1,0,0,0,0,0,0,0,0,1,0,0,N,,,,,,,,,0,N,0,0,,,0,,,0,0,Y,2,1,0,0,0,0,0,1,0,0,2,0,0,0,0,0,0,0,0,0,0,0,0,0,0,0,,0,0,0,0,0,0,,N,1,1,2,,,N,N
827,cmc-0003,M-003,201410201800,201410202030,2 hours 30 minutes,,20141020,middle,1,5,0,0,0,1,1,0,2,0,0,0,1,0,1,1,Y,1,0,0,0,0,0,1,1,0,1,0,0,N,,,,,,,,,0,N,0,0,,,0,,,0,0,Y,2,1,0,1,0,0,0,0,0,0,2,0,0,0,0,0,0,0,0,0,0,0,0,0,0,0,,0,1,0,0,0,1,,N,1,1,2,,,N,N
1625,cmc-0023,M-012,201411240830,201411242237,14 hours 7 minutes,,20141124,weakness,0,3,0,0,0,0,0,1,1,0,0,0,0,1,1,0,N,0,0,0,0,0,0,0,0,0,0,0,0,N,,,,,,,,,0,N,0,0,,,0,,,0,0,Y,2,1,0,1,0,0,0,0,0,0,2,0,0,0,0,0,0,0,0,0,0,0,0,0,0,0,,1,0,0,0,0,1,,N,1,1,2,,,N,N
360,cmc-0026,M-013,201409281035,201409281320,2 hours 45 minutes,,20140928,middle,1,6,0,0,0,0,0,1,1,0,1,0,0,0,1,1,Y,1,0,0,0,0,0,0,0,0,1,0,0,N,,,,,,,,,0,N,0,0,,,0,,,0,0,Y,2,0,1,0,0,0,0,0,0,0,1,0,0,0,0,0,0,0,0,0,0,0,0,0,1,1,Sore throat symptoms,0,1,0,1,0,2,,Y,0,1,1,0 hours 0 minutes,0 hours 40 minutes,N,N
763,cmc-0027,CM-004,201410171238,201410172038,8 hours 0 minutes,,20141017,middle,1,,0,0,1,1,0,0,2,0,1,0,0,1,2,1,,0,0,0,0,0,0,1,1,0,1,0,0,N,,,,,,,,,0,,0,0,,,0,,,0,0,Y,2,0,0,0,0,0,0,0,0,0,0,1,1,0,0,0,2,0,0,0,0,0,0,0,0,0,,1,1,0,0,0,2,,N,1,1,2,,,N,N
1113,cmc-0032,CM-005,201410300815,201410301300,4 hours 45 minutes,,20141030,weakness,0,2,0,0,0,1,0,0,1,0,0,0,1,0,1,1,N,0,1,0,0,1,0,0,1,0,0,1,0,N,,,,,,,,,0,N,0,0,,,0,,,0,0,Y,2,0,0,0,0,0,1,0,0,0,1,0,0,0,0,0,0,0,1,0,0,0,0,0,0,1,,0,1,0,0,0,1,,N,1,1,2,,,N,N
1833,cmc-0032,CM-005,201411201124,201411201217,53 minutes,,20141120,weakness,0,3,0,0,0,0,0,1,1,0,1,1,0,0,2,1,N,0,0,1,0,0,0,0,1,0,0,0,0,N,,,,,,,,,0,N,0,0,,,0,,,0,0,Y,2,1,0,0,0,1,0,0,0,0,2,0,0,0,0,0,0,0,0,0,0,0,0,0,0,0,,0,1,0,0,0,1,,N,1,1,2,,,N,N
1926,cmc-0032,CM-005,201412091130,201412091540,4 hours 10 minutes,,20141209,middle,1,6,0,0,0,1,0,1,2,0,0,1,1,0,2,1,N,0,0,1,0,0,1,0,2,0,1,0,0,N,,,,,,,,,0,N,0,0,,,0,,,0,0,Y,2,1,0,0,0,0,0,0,0,0,1,0,0,0,0,0,0,0,1,0,0,0,0,0,0,1,,0,1,0,0,0,1,,N,1,1,2,,,N,N
877,cmc-0042,M-026,201410230930,201410232359,14 hours 29 minutes,,20141023,middle,1,5,0,0,0,1,0,0,1,0,0,0,1,0,1,1,Y,1,0,1,0,0,0,0,1,0,1,0,0,N,,,,,,,,,0,Y,0,1,0,1,1,0,1,1,0,Y,2,0,0,0,0,0,1,0,0,0,1,0,0,1,0,0,1,0,0,0,0,0,0,0,0,0,,1,1,0,0,0,2,,N,1,1,2,,,N,Y
1431,cmc-0049,M-033,201411150700,201411151400,7 hours 0 minutes,,20141115,middle,1,,0,0,1,0,0,0,1,0,0,0,0,1,1,0,,0,0,0,0,0,0,0,0,0,0,0,0,,,,,,,,,,0,,0,0,,,0,,,0,0,Y,2,0,0,1,0,0,0,0,0,0,1,0,0,0,0,0,0,1,0,0,0,0,0,0,0,1,,0,0,0,0,0,0,,N,1,1,2,,,N,N
3824,cmc-0077,M-049,201502081600,201502082359,7 hours 59 minutes,,20150208,weakness,0,5,0,0,1,0,0,0,1,0,0,0,1,0,1,1,Y,1,0,0,0,0,0,0,0,0,1,0,0,N,,,,,,,,,0,N,0,0,,,0,,,0,0,Y,2,0,0,0,0,0,0,0,0,0,0,1,0,0,0,0,1,0,0,0,0,0,0,0,1,1,cold,0,0,0,0,0,0,,N,1,1,2,,,N,Y
3826,cmc-0077,M-049,201502211130,201502211530,4 hours 0 minutes,,20150221,weakness,0,3,0,0,1,0,0,0,1,0,0,0,1,0,1,1,N,0,1,0,0,1,0,0,1,0,0,1,0,N,,,,,,,,,0,N,0,0,,,0,,,0,0,Y,2,0,0,1,0,0,0,0,0,0,1,0,0,0,0,0,0,0,1,0,0,0,0,0,0,1,,0,1,0,0,0,1,,N,1,1,2,,,N,N
4492,cmc-0077,M-049,201503100800,201503101000,2 hours 0 minutes,,20150310,weakness,0,3,0,0,1,1,0,0,2,0,1,0,0,0,1,1,N,0,0,0,0,0,0,0,0,0,0,0,0,N,,,,,,,,,0,N,0,0,,,0,,,0,0,Y,2,0,1,0,0,0,0,0,0,0,1,0,0,0,0,0,0,0,1,0,0,0,0,0,0,1,,0,0,0,0,0,0,,N,1,1,2,,,N,N
4496,cmc-0077,M-049,201503140830,201503141100,2 hours 30 minutes,,20150314,weakness,0,3,0,0,0,1,0,0,1,0,0,0,1,0,1,1,N,0,1,0,0,1,0,0,1,0,0,1,0,N,,,,,,,,,0,N,0,0,,,0,,,0,0,Y,2,1,0,0,0,0,0,0,0,1,2,0,0,0,0,0,0,0,0,0,0,0,0,0,0,0,,0,1,0,0,0,1,,N,1,1,2,,,N,N
4497,cmc-0077,M-049,201503150900,201503151400,5 hours 0 minutes,,20150315,weakness,0,3,0,0,0,1,0,0,1,0,0,0,1,0,1,1,N,0,1,0,0,1,0,0,1,0,0,1,0,N,,,,,,,,,0,N,0,0,,,0,,,0,0,Y,2,0,0,0,0,0,0,0,0,0,0,0,0,0,0,0,0,0,1,0,0,0,0,0,1,2,quick meal,0,1,0,0,0,1,,N,1,1,2,,,N,N
2891,cmc-0078,M-050,201501220600,201501221908,13 hours 8 minutes,,20150122,weakness,0,2,0,0,0,1,0,1,2,0,0,0,0,1,1,0,N,0,0,1,0,0,1,0,2,0,0,0,0,N,,,,,,,,,0,Y,0,1,,,0,0,1,1,0,Y,2,0,0,1,0,0,0,0,0,0,1,1,0,0,0,0,1,0,0,0,0,0,0,0,0,0,,0,1,0,0,0,1,,N,1,1,2,,,,
3304,cmc-0078,M-050,201502050900,201502052200,13 hours 0 minutes,,20150205,weakness,0,2,0,0,0,1,0,0,1,0,0,0,0,1,1,0,N,0,0,1,0,0,1,0,2,0,0,0,0,N,,,,,,,,,0,N,0,0,,,0,,,0,0,Y,2,0,0,0,0,0,1,0,0,0,1,1,0,0,0,0,1,0,0,0,0,0,0,0,0,0,,0,1,0,0,0,1,,N,1,1,2,,,N,N
4088,cmc-0078,M-050,201503041100,201503041700,6 hours 0 minutes,,20150304,weakness,0,2,0,0,0,1,0,0,1,0,0,0,0,1,1,0,N,0,0,1,0,0,1,1,3,1,0,1,0,N,,,,,,,,,0,N,0,0,,,0,,,0,0,Y,2,1,0,1,0,0,0,0,0,0,2,0,0,0,0,0,0,0,0,0,0,0,0,0,0,0,,1,1,0,0,0,2,,N,1,1,2,,,N,N
4198,cmc-0078,M-050,201503091400,201503092359,9 hours 59 minutes,,20150309,weakness,0,3,0,0,0,1,0,1,2,0,0,0,0,1,1,0,N,0,0,1,0,0,1,1,3,1,0,1,0,N,,,,,,,,,0,Y,0,1,,,0,0,1,1,0,Y,2,0,0,0,0,0,1,1,0,0,2,0,0,0,0,0,0,0,0,0,0,0,0,0,0,0,,1,1,0,0,0,2,,N,1,1,2,,,,
204,dha-0018,EM18,201409090510,201409091441,9 hours 31 minutes,,20140909,weakness,0,1,0,0,0,1,0,0,1,0,1,0,0,1,2,1,N,0,0,0,0,0,0,0,0,0,0,0,0,N,,,,,,,,,0,N,0,0,,,0,,,0,0,Y,2,1,0,1,0,0,0,0,0,0,2,0,0,0,0,0,0,0,0,0,0,0,0,0,0,0,,0,1,0,0,0,1,,N,1,1,2,,,,
674,dha-0029,EM29,201410092115,201410092200,45 minutes,,20141009,middle,1,,0,0,0,1,0,0,1,0,1,0,0,0,1,1,Y,1,0,0,0,0,0,0,0,0,1,0,0,N,,,,,,,,,0,N,0,0,,,0,,,0,0,Y,2,0,0,0,0,0,1,0,0,0,1,0,0,0,0,0,0,0,0,0,0,0,0,0,1,1,During exercise,0,1,0,0,0,1,,Y,1,0,1,1 hour 0 minutes,0 hours 0 minutes,N,N
1366,dha-0029,EM29,201410250730,201410250810,40 minutes,,20141025,weakness,0,,0,0,0,1,0,0,1,0,1,0,0,0,1,1,Y,1,0,0,0,0,0,0,0,0,1,0,0,N,,,,,,,,,0,N,0,0,,,0,,,0,0,Y,2,0,0,0,1,0,0,0,0,0,1,1,0,0,0,0,1,0,0,0,0,0,0,0,0,0,,0,1,1,0,0,2,,Y,0,1,1,0 hours 0 minutes,1 hour 0 minutes,N,N
741,dha-0033,em33,201410190800,201410192100,13 hours 0 minutes,,20141019,,,2,0,0,1,0,0,0,1,0,0,0,0,1,1,0,N,0,0,0,0,0,0,0,0,0,0,0,0,N,,,,,,,,,0,N,0,0,,,0,,,0,0,Y,2,0,0,1,0,0,0,0,0,0,1,0,1,0,0,0,1,0,0,0,0,0,0,0,0,0,,0,0,0,1,0,1,,Y,1,1,2,2 hours 10 minutes,1 hour 0 minutes,N,N
988,dha-0041,em41,201411030800,201411030850,50 minutes,,20141103,weakness,0,,0,0,0,1,0,0,1,0,0,0,0,1,1,0,N,0,0,0,0,0,0,1,1,0,0,0,0,N,,,,,,,,,0,N,0,0,,,0,,,0,0,Y,2,0,0,0,0,0,0,1,0,0,1,0,0,0,0,0,0,0,0,0,0,0,0,0,1,1,Frequent waking up during sleep,0,0,0,1,1,2,busy schedule,Y,0,1,1,0 hours 0 minutes,1 hour 0 minutes,N,N
1051,dha-0041,em41,201411061010,201411061100,50 minutes,,20141106,weakness,0,1,0,0,0,1,1,0,2,0,0,0,0,1,1,0,N,0,0,0,0,0,0,1,1,0,0,0,0,N,,,,,,,,,0,N,0,0,,,0,,,0,0,Y,2,0,0,0,1,0,0,0,0,0,1,0,0,0,0,0,0,0,0,0,0,0,0,0,1,1,fitness,0,1,0,0,0,1,,Y,1,1,2,0 hours 0 minutes 0 minutes,1 hour 30 minutes 30 minutes,N,N
2129,dha-0060,em60,201412290538,201412290938,4 hours 0 minutes,,20141229,weakness,0,4,0,0,0,1,0,0,1,0,0,0,0,1,1,0,N,0,0,0,0,0,0,0,0,0,0,0,0,N,,,,,,,,,0,N,0,0,,,0,,,0,0,Y,2,0,0,1,0,0,0,0,0,0,1,0,0,0,0,0,0,0,0,0,1,0,0,0,0,1,,1,1,0,0,0,2,,N,1,1,2,,,N,N
2367,dha-0061,EM61,201501080100,,12 hours 36 minutes,,20150108,weakness,0,1,0,0,1,0,0,0,1,0,0,0,0,1,1,0,N,0,0,0,0,0,0,0,0,0,0,0,0,N,,,,,,,,,0,N,0,0,,,0,,,0,0,Y,2,0,0,1,0,0,0,0,0,1,2,0,0,0,0,0,0,0,0,0,0,0,0,0,0,0,,1,0,0,0,0,1,,N,1,1,2,,,N,N
2860,dha-0061,EM61,201501301500,201501301936,4 hours 36 minutes,,20150130,weakness,0,1,0,0,0,0,0,0,0,0,0,0,0,1,1,0,N,0,0,1,0,0,0,1,2,1,0,1,0,N,,,,,,,,,0,N,0,0,,,0,,,0,0,Y,2,1,0,0,0,0,0,0,0,0,1,1,0,0,0,0,1,0,0,0,0,0,0,0,0,0,,1,0,0,0,0,1,,N,1,1,2,,,N,N
235,cmc-0023,M-012,201409201700,201409202359,6 hours 59 minutes,,20140920,weakness,0,3,1,0,0,0,0,0,1,1,0,1,1,0,2,1,N,0,0,0,0,0,0,0,0,0,1,0,0,N,,,,,,,,,0,Y,0,1,0,1,1,0,1,1,0,Y,2,0,0,1,0,0,1,0,0,0,2,0,0,0,0,0,0,0,0,0,0,0,0,0,0,0,,0,0,0,0,0,0,,Y,0,1,1,0 hours 0 minutes,2 hours 0 minutes,N,N
285,cmc-0023,M-012,201409231625,201409232359,7 hours 34 minutes,,20140923,weakness,0,3,1,1,0,0,0,0,2,1,0,1,1,0,2,1,Y,1,0,0,0,0,0,0,0,0,1,0,0,N,,,,,,,,,0,Y,0,1,,,0,0,1,1,0,Y,2,1,0,1,0,0,0,0,0,0,2,0,0,0,0,0,0,0,0,0,0,0,0,0,0,0,,0,0,0,0,0,0,,N,1,1,2,,,,
320,cmc-0023,M-012,201409251030,201409252359,13 hours 29 minutes,,20140925,weakness,0,4,1,0,0,0,0,0,1,1,0,0,1,0,1,1,,0,0,0,0,0,0,0,0,0,1,0,0,N,,,,,,,,,0,Y,0,1,0,1,1,0,1,1,0,Y,2,1,0,1,0,0,0,0,0,0,2,0,0,0,0,0,0,0,0,0,0,0,0,0,0,0,,0,0,0,0,0,0,,N,1,1,2,,,,
411,cmc-0023,M-012,201409261100,201409262359,12 hours 59 minutes,,20140926,middle,1,4,1,0,0,0,0,0,1,1,0,1,1,0,2,1,N,0,0,0,0,0,0,0,0,0,1,0,0,N,,,,,,,,,0,N,0,0,,,0,,,0,0,Y,2,1,0,0,0,0,1,0,0,0,2,0,0,0,0,0,0,0,0,0,0,0,0,0,0,0,,1,0,0,0,0,1,,N,1,1,2,,,N,N
434,cmc-0023,M-012,201409291411,201409292359,9 hours 48 minutes,,20140929,weakness,0,3,1,0,0,0,0,0,1,1,0,1,1,0,2,1,Y,1,0,1,0,0,0,0,1,0,1,0,0,N,,,,,,,,,0,Y,0,1,0,1,1,0,1,1,0,Y,2,1,0,0,0,0,1,0,0,0,2,0,0,0,0,0,0,0,0,0,0,0,0,0,0,0,,0,1,0,0,0,1,,N,1,1,2,,,N,N
433,cmc-0023,M-012,201409301100,201409302359,12 hours 59 minutes,,20140930,weakness,0,3,1,0,0,0,0,0,1,1,0,1,1,0,2,1,Y,1,0,1,0,0,0,0,1,0,1,0,0,N,,,,,,,,,0,Y,0,1,0,1,1,0,1,1,0,Y,2,0,0,1,0,0,1,0,0,0,2,0,0,0,0,0,0,0,0,0,0,0,0,0,0,0,,0,1,0,0,0,1,,N,1,1,2,,,N,N
1465,cmc-0023,M-012,201411171603,201411171715,1 hour 12 minutes,,20141117,weakness,0,3,1,0,0,0,0,0,1,1,0,0,1,0,1,1,N,0,0,0,0,0,0,0,0,0,1,0,0,N,,,,,,,,,0,N,0,0,,,0,,,0,0,Y,2,0,0,1,0,0,0,1,0,0,2,0,0,0,0,0,0,0,0,0,0,0,0,0,0,0,,0,1,0,0,0,1,,N,1,1,2,,,N,N
1626,cmc-0023,M-012,201411250830,201411252359,15 hours 29 minutes,,20141125,weakness,0,4,1,0,0,0,0,0,1,1,0,0,1,0,1,1,N,0,0,0,0,0,0,0,0,0,1,0,0,N,,,,,,,,,0,N,0,0,,,0,,,0,0,Y,2,1,0,1,0,0,0,0,0,0,2,0,0,0,0,0,0,0,0,0,0,0,0,0,0,0,,0,0,0,0,0,0,,Y,0,1,1,0 hours 0 minutes,2 hours 0 minutes,N,Y
1658,cmc-0023,M-012,201411260830,201411262359,15 hours 29 minutes,,20141126,weakness,0,3,1,1,0,1,0,1,4,1,0,0,1,0,1,1,,0,0,1,0,0,0,0,1,0,1,0,0,N,,,,,,,,,0,Y,0,1,,,0,0,1,1,0,Y,2,1,0,1,0,0,0,0,0,0,2,0,0,0,0,0,0,0,0,0,0,0,0,0,0,0,,1,0,0,0,0,1,,N,1,1,2,,,N,N
1728,cmc-0023,M-012,201412031553,201412032359,8 hours 6 minutes,,20141203,,,7,1,0,0,0,0,0,1,1,0,1,1,0,2,1,Y,1,0,0,0,0,0,1,1,0,1,0,0,N,,,,,,,,,0,Y,0,1,,,0,0,1,1,0,Y,2,1,0,1,0,0,0,0,0,0,2,0,0,0,0,0,0,0,0,0,0,0,0,0,0,0,,0,0,0,0,0,0,,Y,0,1,1,0 hours 0 minutes,2 hours and 30 minutes,,
647,cmc-0025,CM-003,201410121328,201410122328,10 hours 0 minutes,,20141012,weakness,0,3,0,1,0,0,0,0,1,1,0,1,0,0,1,0,Y,1,0,0,0,0,1,0,1,0,1,0,0,N,,,,,,,,,0,N,0,0,,,0,,,0,0,Y,2,0,0,1,0,0,0,0,0,0,1,0,0,0,0,1,1,0,0,0,0,0,0,0,0,0,,0,1,0,0,0,1,,Y,0,1,1,0 hours 0 minutes,0 hours 50 minutes,N,N
1040,cmc-0025,CM-003,201410190604,201410191510,9 hours 6 minutes,,20141019,weakness,0,3,0,1,0,0,0,0,1,1,1,0,0,0,1,1,N,0,0,0,0,0,1,0,1,0,1,0,0,N,,,,,,,,,0,N,0,0,,,0,,,0,0,Y,2,0,0,1,0,0,0,0,0,0,1,0,0,0,0,1,1,0,0,0,0,0,0,0,0,0,,0,1,1,0,0,2,,N,1,1,2,,,N,N
184,cmc-0027,CM-004,201409161701,201409162301,6 hours 0 minutes,,20140916,middle,1,5,1,0,0,0,0,0,1,1,1,0,0,0,1,1,Y,1,0,0,0,0,1,0,1,0,1,0,0,N,,,,,,,,,0,Y,0,1,,,0,0,1,1,0,Y,2,1,0,0,0,0,0,0,0,0,1,0,0,0,0,1,1,0,0,0,0,0,0,0,0,0,,1,1,0,0,0,2,,N,1,1,2,,,N,N
226,cmc-0028,M-014,201409201038,201409201348,3 hours 10 minutes,,20140920,weakness,0,3,1,0,0,0,0,0,1,1,1,0,0,0,1,1,Y,1,0,0,0,0,0,0,0,0,1,0,0,N,,,,,,,,,0,Y,0,1,0,1,1,0,1,1,0,Y,2,1,0,1,0,0,0,0,0,0,2,0,0,0,0,0,0,0,0,0,0,0,0,0,0,0,,1,0,0,0,0,1,,Y,1,1,2,0 hours 0 minutes 0 minutes,0 hours 30 minutes 30 minutes,N,N
339,cmc-0029,M-015,201409260830,201409262359,15 hours 29 minutes,,20140926,middle,1,4,1,0,0,0,0,0,1,1,0,0,1,0,1,1,N,0,0,0,0,0,0,0,0,0,1,0,0,N,,,,,,,,,0,Y,0,1,,,0,0,1,1,0,Y,2,1,0,0,0,0,0,0,0,0,1,0,0,0,0,0,0,0,0,0,1,0,0,0,0,1,,0,1,0,0,0,1,,N,1,1,2,,,N,Y
904,cmc-0042,M-026,201410251130,201410252359,12 hours 29 minutes,,20141025,weakness,0,4,0,1,0,0,0,0,1,1,0,0,1,0,1,1,Y,1,0,1,0,0,0,0,1,0,1,0,0,N,,,,,,,,,0,Y,0,1,,,0,0,1,1,0,Y,2,1,0,0,0,0,1,0,0,0,2,0,0,0,0,0,0,0,0,0,0,0,0,0,0,0,,1,1,0,0,0,2,,Y,0,1,1,0 hours 0 minutes,1 hour 0 minutes,N,Y
3370,cmc-0067,M-040,201502071537,201502072200,6 hours 23 minutes,,20150207,weakness,0,2,1,0,0,0,0,1,2,1,0,0,1,0,1,1,,0,0,0,0,0,0,0,0,0,1,0,0,N,,,,,,,,,0,N,0,0,,,0,,,0,0,Y,2,0,0,1,0,0,1,0,0,0,2,0,0,0,0,0,0,0,0,0,0,0,0,0,0,0,,0,1,0,0,0,1,,N,1,1,2,,,N,N
3873,cmc-0067,M-040,201502241600,201502242359,7 hours 59 minutes,,20150224,Severe,1,8,1,0,0,0,0,0,1,1,0,0,1,0,1,1,,0,0,0,0,0,0,0,0,0,1,0,0,N,,,,,,,,,0,Y,0,1,0,1,1,0,1,1,0,Y,2,1,0,0,0,0,0,0,0,0,1,0,0,0,0,0,0,0,0,0,0,0,0,0,1,1,mental burden,1,0,0,0,0,1,,N,1,1,2,,,N,Y
2158,cmc-0068,M-041,201412230337,201412232359,20 hours 22 minutes,,20141223,weakness,0,2,0,1,0,0,0,0,1,1,0,0,1,0,1,1,N,0,0,0,0,0,0,0,0,0,1,0,0,N,,,,,,,,,0,N,0,0,,,0,,,0,0,Y,2,1,0,0,0,0,0,0,0,0,1,1,0,0,0,0,1,0,0,0,0,0,0,0,0,0,,0,0,0,0,1,1,hospital injection,N,1,1,2,,,N,Y
102,dha-0002,em2,201408130900,201408132059,32 days 11 hours 59 minutes,,20140813,weakness,0,3,0,1,0,0,0,0,1,1,0,0,1,0,1,1,Y,1,0,0,0,0,0,0,0,0,1,0,0,N,,,,,,,,,0,N,0,0,,,0,,,0,0,Y,2,1,0,0,0,0,0,0,0,0,1,1,0,0,0,0,1,0,0,0,0,0,0,0,0,0,,0,1,0,0,0,1,,N,1,1,2,,,N,N
1209,dha-0002,em2,201411160900,201411162230,13 hours 30 minutes,,20141116,weakness,0,3,0,1,1,0,1,0,3,1,0,0,1,0,1,1,Y,1,0,0,0,0,0,0,0,0,1,0,0,N,,,,,,,,,0,Y,0,1,,,0,0,1,1,0,Y,2,1,0,0,0,0,0,0,0,0,1,0,0,0,0,0,0,0,0,0,0,0,0,0,1,1,cold,0,0,0,0,1,1,"After taking cold medicine, the headache decreases but does not go away.",N,1,1,2,,,,
392,dha-0010,em10,201409251500,N,3 hours 43 minutes,,20140925,middle,1,6,0,1,1,0,0,1,3,1,1,0,1,0,2,1,N,0,0,0,0,0,0,1,1,0,1,0,0,N,,,,,,,,,0,N,0,0,,,0,,,0,0,Y,2,0,0,0,0,0,0,0,0,0,0,1,1,0,0,0,2,0,0,0,0,0,0,0,0,0,,0,1,0,0,0,1,,N,1,1,2,,,N,N
362,dha-0018,EM18,201409230435,201409231903,14 hours 28 minutes,,20140923,weakness,0,,1,0,0,0,0,0,1,1,1,0,0,0,1,1,Y,1,0,0,0,0,0,0,0,0,1,0,0,N,,,,,,,,,0,N,0,0,,,0,,,0,0,Y,2,1,0,1,0,0,0,0,0,0,2,0,0,0,0,0,0,0,0,0,0,0,0,0,0,0,,0,1,0,0,0,1,,N,0,0,0,0 hours 0 minutes,0 hours 0 minutes,,
846,dha-0018,EM18,201410260517,201410260917,4 hours 0 minutes,,20141026,weakness,0,3,1,0,0,0,0,0,1,1,1,1,1,0,3,1,N,0,0,0,0,0,0,0,0,0,1,0,0,N,,,,,,,,,0,N,0,0,,,0,,,0,0,Y,2,0,0,1,0,0,0,0,0,0,1,0,0,0,0,0,0,0,0,0,0,0,0,0,1,1,night shift,1,1,0,0,0,2,,N,1,1,2,,,N,N
678,dha-0029,EM29,201410131520,201410131600,40 minutes,,20141013,weakness,0,,0,1,0,0,0,0,1,1,0,0,1,0,1,1,Y,1,0,0,0,0,0,0,0,0,1,0,0,N,,,,,,,,,0,N,0,0,,,0,,,0,0,Y,2,0,0,0,0,0,1,0,0,1,2,0,0,0,0,0,0,0,0,0,0,0,0,0,0,0,,0,1,1,0,0,2,,Y,1,0,1,1 hour 0 minutes,0 hours 0 minutes,N,N
1405,dha-0032,em32,201411251626,201411252359,7 hours 33 minutes,,20141125,middle,1,4,1,0,0,0,0,0,1,1,0,1,1,0,2,1,N,0,0,0,0,0,0,0,0,0,1,0,0,N,,,,,,,,,0,N,0,0,,,0,,,0,0,Y,2,1,0,0,0,0,1,0,0,0,2,0,0,0,0,0,0,0,0,0,0,0,0,0,0,0,,0,0,0,0,0,0,,N,1,1,2,,,N,Y
1232,dha-0039,em39,201411171400,201411171830,4 hours 30 minutes,,20141117,middle,1,5,0,1,0,0,0,0,1,1,0,0,1,0,1,1,N,0,0,0,0,0,0,0,0,0,1,0,0,N,,,,,,,,,0,N,0,0,,,0,,,0,0,Y,2,0,0,0,0,0,1,0,0,0,1,0,0,0,0,0,0,0,0,0,0,0,0,0,1,1,something to worry about,0,0,0,0,1,1,improves over time,N,1,1,2,,,N,N
1446,dha-0039,em39,201411271030,201411271430,4 hours 0 minutes,,20141127,weakness,0,8,0,1,1,0,0,0,2,1,0,0,1,0,1,1,Y,1,0,0,0,0,1,0,1,0,1,0,0,N,,,,,,,,,0,N,0,0,,,0,,,0,0,Y,2,1,0,0,0,0,1,0,0,0,2,0,0,0,0,0,0,0,0,0,0,0,0,0,0,0,,0,1,0,0,0,1,,N,1,1,2,,,N,N
1507,dha-0049,em49,201411301530,201411302345,8 hours 15 minutes,,20141130,weakness,0,2,0,1,0,0,0,0,1,1,1,0,0,0,1,1,N,0,0,0,0,0,0,0,0,0,1,0,0,N,,,,,,,,,0,N,0,0,,,0,,,0,0,Y,2,0,0,1,0,0,1,0,0,0,2,0,0,0,0,0,0,0,0,0,0,0,0,0,0,0,,1,0,0,0,0,1,,N,1,1,2,,,N,N
503,cmc-0001,M-001,201410061904,201410062348,4 hours 44 minutes,,20141006,Severe,1,5,0,0,0,1,0,0,1,0,0,0,0,1,1,0,Y,1,0,1,0,0,1,0,2,0,1,0,0,Y,1,,,,,0,0,1,1,Y,1,1,0,1,1,,,0,0,Y,2,0,0,0,0,0,1,0,0,0,1,0,0,1,0,0,1,0,0,0,0,0,0,0,0,0,,0,1,0,0,0,1,,N,1,1,2,,,N,N
944,cmc-0011,M-010,201410271220,201410271922,7 hours 2 minutes,,20141027,,,6,0,0,0,0,1,0,1,0,0,1,0,0,1,0,Y,1,1,0,0,1,0,0,1,0,0,1,0,Y,,,1,,,0,1,0,1,Y,1,1,,,0,0,1,1,0,Y,2,0,0,0,0,0,0,1,0,0,1,0,0,0,0,0,0,0,1,0,0,0,0,0,0,1,,0,0,0,0,0,0,,N,0,0,0,0 hours 0 minutes,0 hours 0 minutes,N,N
452,cmc-0024,CM-002,201410031713,201410032213,5 hours 0 minutes,,20141003,weakness,0,2,0,0,1,0,0,0,1,0,0,1,0,0,1,0,N,0,0,1,0,0,0,1,2,1,0,1,0,Y,,,,2,General headache medication,0,1,0,1,Y,1,1,0,1,1,0,1,1,0,Y,2,0,0,0,0,0,0,0,0,0,0,0,0,1,0,0,1,0,0,0,0,0,0,0,1,1,There was nothing special,0,0,0,0,1,1,approximately,N,1,1,2,,,N,N
567,cmc-0025,CM-003,201409220600,201409222359,17 hours 59 minutes,,20140922,middle,1,5,0,0,1,0,0,0,1,0,0,1,1,0,2,1,,0,0,0,0,0,1,0,1,0,1,0,0,Y,1,,,,,0,1,0,1,Y,1,1,0,1,1,0,1,1,1,Y,2,1,0,0,0,0,0,0,0,0,1,0,0,0,0,1,1,0,0,0,0,0,0,0,0,0,,0,1,0,0,1,2,Do I have to take the prescribed medicine and Penzal together to relieve the headache? Sometimes I have to take one pill in the morning and two pills in the evening to relieve the headache.,N,1,1,2,,,N,Y
1043,cmc-0025,CM-003,201410231310,201410232310,10 hours 0 minutes,,20141023,middle,1,5,0,0,0,1,0,0,1,0,0,1,0,1,2,0,Y,1,0,0,0,0,0,0,0,0,1,0,0,Y,2,,,,,0,1,0,1,N,1,0,,,0,,,0,0,Y,2,0,0,0,0,0,0,0,0,0,0,0,0,0,0,1,1,0,0,0,0,0,0,0,1,1,"It was my day off, so I took a nap at home and woke up feeling dizzy as if my head was spinning, and then I started having a headache that felt like it was constricting.",1,1,0,0,0,2,,N,1,1,2,,,N,N
1046,cmc-0025,CM-003,201410261410,201410262313,9 hours 3 minutes,,20141026,middle,1,7,0,0,0,1,0,0,1,0,0,1,1,0,2,1,Y,1,0,0,0,0,1,0,1,0,1,0,0,Y,1,,,,,1,0,0,1,Y,1,1,0,1,1,0,1,1,1,Y,2,0,0,0,0,0,0,0,0,0,0,0,0,0,0,1,1,0,0,0,0,0,0,0,1,1,"I can hardly eat out to the point where I feel sick when I go out. Even when I meet friends or acquaintances, I often have to avoid meal times to meet them. This is because the smell of food and all these things often cause headaches.",1,1,0,0,0,2,,N,1,1,2,,,N,N
995,cmc-0029,M-015,201410270000,201410271100,11 hours 0 minutes,,20141027,weakness,0,3,0,0,0,1,0,0,1,0,0,0,1,0,1,1,N,0,0,0,0,0,1,0,1,0,0,0,0,Y,,,,1,prescribed medication,0,0,1,1,Y,1,1,0,1,1,,,0,0,Y,2,0,0,1,0,0,1,0,0,0,2,0,0,0,0,0,0,0,0,0,0,0,0,0,0,0,,0,0,0,0,1,1,Taking medicine,N,1,1,2,,,N,N
1131,cmc-0029,M-015,201411030000,201411031100,11 hours 0 minutes,,20141103,middle,1,4,0,0,0,1,0,0,1,0,0,0,0,1,1,0,N,0,0,0,0,0,0,0,0,0,0,0,0,Y,,,,1,prescribed medication,0,0,1,1,Y,1,1,0,1,1,,,0,0,Y,2,0,0,1,0,0,1,0,0,0,2,0,0,0,0,0,0,0,0,0,0,0,0,0,0,0,,0,0,0,0,1,1,Taking medicine,N,1,1,2,,,N,N
1140,cmc-0046,M-030,201411041102,201411041313,2 hours 11 minutes,,20141104,weakness,0,4,0,0,0,1,0,0,1,0,0,0,1,0,1,1,,0,0,0,0,0,0,0,0,0,0,0,0,Y,,,1,,,0,0,1,1,N,1,0,,,0,,,0,0,Y,2,0,0,1,0,0,0,0,0,0,1,0,0,0,0,0,0,0,1,0,0,0,0,0,0,1,,0,0,0,0,1,1,Taking medicine,N,1,1,2,,,N,N
2216,cmc-0046,M-030,201412251400,201412251625,2 hours 25 minutes,,20141225,weakness,0,5,0,0,0,0,0,1,1,0,0,0,0,1,1,0,,0,0,0,0,0,0,0,0,0,0,0,0,Y,,,1,,,0,0,1,1,,1,0,,,0,,,0,0,Y,2,0,1,0,0,0,0,0,1,0,2,0,0,0,0,0,0,0,0,0,0,0,0,0,0,0,,0,0,0,0,0,0,,N,1,1,2,,,N,N
2493,cmc-0046,M-030,201501051237,201501051855,6 hours 18 minutes,,20150105,Severe,1,9,0,0,0,1,0,0,1,0,0,1,1,0,2,1,Y,1,0,0,0,0,0,0,0,0,1,0,0,Y,,,2,,,0,0,1,1,Y,1,1,,,0,1,0,1,0,Y,2,0,1,0,0,0,0,1,0,0,2,0,0,0,0,0,0,0,0,0,0,0,0,0,0,0,,0,0,0,0,0,0,,N,1,1,2,,,N,N
2515,cmc-0046,M-030,201501061338,201501061838,5 hours 0 minutes,,20150106,Severe,1,9,0,0,0,1,0,1,2,0,1,0,1,0,2,1,Y,1,0,0,0,0,1,0,1,0,1,0,0,Y,,,2,,,0,0,1,1,Y,1,1,,,0,1,0,1,0,Y,2,0,1,0,0,0,0,1,0,0,2,0,0,0,0,0,0,0,0,0,0,0,0,0,0,0,,0,0,0,0,0,0,,N,1,1,2,,,N,N
2538,cmc-0046,M-030,201501081313,201501081513,2 hours 0 minutes,,20150108,weakness,0,4,0,0,0,1,0,0,1,0,0,0,1,0,1,1,,0,0,0,0,0,1,0,1,0,0,0,0,Y,,,1,,,0,0,1,1,,1,0,,,0,,,0,0,Y,2,1,0,0,0,0,0,1,0,0,2,0,0,0,0,0,0,0,0,0,0,0,0,0,0,0,,0,0,0,0,0,0,,N,1,1,2,,,N,N
3696,cmc-0064,M-037,201502191212,201502192137,9 hours 25 minutes,,20150219,middle,1,5,0,0,1,0,0,0,1,0,1,0,0,0,1,1,N,0,0,0,0,0,0,0,0,0,1,0,0,Y,,,,1,,0,0,1,1,Y,1,1,,,0,0,1,1,0,Y,2,0,0,1,0,0,0,0,0,0,1,0,0,0,0,1,1,0,0,0,0,0,0,0,0,0,,1,0,0,0,0,1,,N,1,1,2,,,N,N
3132,cmc-0067,M-040,201501301832,201501302220,3 hours 48 minutes,,20150130,weakness,0,3,0,0,0,0,1,1,2,0,0,0,1,0,1,1,N,0,0,0,0,0,0,0,0,0,0,0,0,Y,,,,1,prescription drugs,0,0,1,1,N,1,0,,,0,,,0,0,Y,2,0,0,1,0,0,1,0,0,0,2,0,0,0,0,0,0,0,0,0,0,0,0,0,0,0,,0,1,0,0,0,1,,N,1,1,2,,,N,N
3303,cmc-0078,M-050,201502040900,201502042359,14 hours 59 minutes,,20150204,weakness,0,3,0,0,0,1,0,1,2,0,0,0,1,1,2,1,N,0,0,1,0,0,1,1,3,1,0,1,0,Y,,,,2,,0,1,0,1,Y,1,1,0,1,1,0,1,1,0,Y,2,0,0,0,0,0,1,0,0,0,1,1,0,0,0,0,1,0,0,0,0,0,0,0,0,0,,1,1,0,0,0,2,,N,1,1,2,,,N,Y
3566,cmc-0078,M-050,201502141400,201502142205,8 hours 5 minutes,,20150214,,,5,0,0,0,1,0,1,2,0,0,0,1,1,2,1,N,0,0,1,0,0,1,1,3,1,0,1,0,Y,,,,2,,0,1,0,1,Y,1,1,0,1,1,0,1,1,0,Y,2,0,0,0,0,0,1,0,0,0,1,1,0,0,0,0,1,0,0,0,0,0,0,0,0,0,,0,1,0,0,0,1,,N,1,1,2,,,N,N
4536,cmc-0078,M-050,201503170900,201503172359,14 hours 59 minutes,,20150317,weakness,0,3,0,0,0,1,0,1,2,0,0,0,0,1,1,0,Y,1,0,1,0,0,1,1,3,1,0,1,0,Y,,,,2,,0,1,0,1,Y,1,1,0,1,1,0,1,1,0,Y,2,0,0,0,0,0,1,0,0,0,1,1,0,0,0,0,1,0,0,0,0,0,0,0,0,0,,1,1,0,0,0,2,,N,1,1,2,,,N,Y
488,dha-0002,em2,201410030800,201410031200,4 hours 0 minutes,,20141003,weakness,0,4,0,0,1,0,1,1,3,0,0,1,0,1,2,0,Y,1,0,1,0,0,0,1,2,1,0,1,0,Y,,,,1,One prescription medication (relieved one hour after taking),0,0,1,1,Y,1,1,,,0,1,0,1,0,Y,2,1,0,0,0,0,0,0,0,0,1,0,0,0,0,0,0,0,0,0,0,0,0,0,1,1,I was stressed the previous day (I had a mild headache) and had bad dreams.,0,1,0,0,1,2,Relieved one hour after taking the medicine,N,1,1,2,,,N,N
231,dha-0004,EM4,201409110630,201409111100,4 hours 30 minutes,,20140911,middle,1,5,0,0,0,1,0,0,1,0,0,0,1,0,1,1,Y,1,0,0,0,0,0,0,0,0,1,0,0,Y,,,,1,Hospital prescription medication (headache),0,0,1,1,Y,1,1,,,0,0,1,1,0,Y,2,1,0,1,0,0,0,0,0,0,2,0,0,0,0,0,0,0,0,0,0,0,0,0,0,0,,0,0,0,0,1,1,approximately,N,1,1,2,,,N,N
226,dha-0010,em10,201409111500,,5 hours 0 minutes,,20140911,weakness,0,5,0,0,0,1,0,1,2,0,1,0,0,0,1,1,N,0,0,0,0,0,0,1,1,0,0,0,0,Y,1,,,1,Naramik,0,1,0,1,Y,1,1,,,0,0,1,1,0,Y,2,0,0,1,0,0,0,0,0,0,1,0,1,0,0,0,1,0,0,0,0,0,0,0,0,0,,0,1,1,1,0,3,,Y,1,1,2,1 hour 0 minutes 0 minutes,1 hour 30 minutes 30 minutes,N,N
805,dha-0010,em10,201410231430,201410232359,9 hours 29 minutes,,20141023,middle,1,7,0,0,1,1,0,0,2,0,1,0,1,1,3,1,N,0,0,0,0,0,0,1,1,0,1,0,0,Y,1,,,,,0,1,0,1,N,1,0,,,0,,,0,0,Y,2,0,0,0,0,0,1,0,0,0,1,0,0,1,0,0,1,0,0,0,0,0,0,0,0,0,,0,1,0,1,0,2,,Y,1,1,2,0 hours 0 minutes 0 minutes,3 hours 0 minutes 0 minutes,N,Y
418,dha-0015,em15,201409271000,201409271900,9 hours 0 minutes,,20140927,Severe,1,8,0,0,1,1,0,1,3,0,0,1,0,1,2,0,Y,1,0,1,0,0,0,0,1,0,1,0,0,Y,,,,1,,0,0,1,1,Y,1,1,,,0,0,1,1,0,Y,2,0,0,1,0,0,1,0,0,0,2,0,0,0,0,0,0,0,0,0,0,0,0,0,0,0,,1,0,0,0,0,1,,N,1,1,2,,,N,N
1964,dha-0033,em33,201412212109,201412212359,2 hours 50 minutes,,20141221,middle,1,4,0,0,0,0,1,0,1,0,0,1,0,1,2,0,,0,0,0,0,0,0,0,0,0,0,0,0,Y,1,1,,,,1,0,0,1,N,1,0,,,0,,,0,0,Y,2,0,0,0,0,1,0,0,0,0,1,1,0,0,0,0,1,0,0,0,0,0,0,0,0,0,,0,0,0,1,0,1,,Y,0,1,1,0 hours 0 minutes,1 hour 30 minutes,N,Y
2750,dha-0041,em41,201501251200,201501251800,6 hours 0 minutes,,20150125,weakness,0,2,0,0,0,1,0,0,1,0,0,0,1,0,1,1,Y,1,0,0,0,0,0,1,1,0,1,0,0,Y,,,,1,Naramik,0,0,1,1,Y,1,1,,,0,0,1,1,0,Y,2,0,0,1,0,0,0,1,0,0,2,0,0,0,0,0,0,0,0,0,0,0,0,0,0,0,,1,1,0,0,0,2,,N,1,1,2,,,N,N
1147,dha-0042,em42,201411121130,201411121400,2 hours 30 minutes,,20141112,middle,1,4,0,0,1,0,0,0,1,0,0,0,1,1,2,1,N,0,0,0,0,0,0,0,0,0,1,0,0,Y,1,,,,,0,0,1,1,N,1,0,,,0,,,0,0,Y,2,0,0,1,0,0,0,0,0,0,1,0,0,0,0,0,0,0,1,0,0,0,0,0,0,1,,0,0,0,0,1,1,dosage,N,1,1,2,,,N,N
2252,dha-0042,em42,201501021130,201501021930,8 hours 0 minutes,,20150102,middle,1,4,0,0,1,0,0,1,2,0,0,0,1,1,2,1,N,0,0,0,0,0,0,0,0,0,1,0,0,Y,1,,1,,,0,0,1,1,Y,1,1,0,1,1,,,0,0,Y,2,1,0,0,0,0,0,0,0,0,1,0,0,0,0,0,0,0,0,0,0,0,0,0,1,1,Stiff posture while driving,0,0,0,0,1,1,dosage,N,1,1,2,,,N,N
2283,dha-0042,em42,201501041100,201501041600,5 hours 0 minutes,,20150104,weakness,0,3,0,0,1,0,0,1,2,0,0,0,1,1,2,1,N,0,0,0,0,0,0,0,0,0,0,0,0,Y,,,1,,,0,0,1,1,N,1,0,,,0,,,0,0,Y,2,1,0,1,0,0,0,0,0,0,2,0,0,0,0,0,0,0,0,0,0,0,0,0,0,0,,1,0,0,0,1,2,dosage,N,1,1,2,,,N,N
1189,dha-0044,em44,201411140900,201411141930,10 hours 30 minutes,,20141114,middle,1,6,0,0,0,1,0,0,1,0,0,0,1,0,1,1,N,0,0,0,0,0,0,0,0,0,1,0,0,Y,,,,4,Advil,0,1,0,1,N,1,0,,,0,,,0,0,Y,2,0,0,0,0,0,0,0,0,0,0,1,0,0,0,0,1,0,0,0,0,0,0,0,1,1,Drink makgeolli,1,0,0,0,0,1,,N,1,1,2,,,N,N
2641,dha-0044,em44,201501201630,201501202359,7 hours 29 minutes,,20150120,weakness,0,5,0,0,0,1,1,0,2,0,0,1,0,0,1,0,N,0,0,0,0,0,0,0,0,0,0,0,0,Y,2,,,,,0,1,0,1,N,1,0,,,0,,,0,0,Y,2,0,0,0,0,0,1,0,0,0,1,0,0,0,0,0,0,0,0,0,0,0,0,0,1,1,cold,0,1,0,0,0,1,,N,1,1,2,,,N,Y
2593,dha-0049,em49,201501171700,201501172359,6 hours 59 minutes,,20150117,weakness,0,1,0,0,0,1,0,0,1,0,0,0,0,1,1,0,N,0,0,0,0,0,0,0,0,0,0,0,0,Y,1,,,,,0,1,0,1,N,1,0,,,0,,,0,0,Y,2,0,0,1,0,0,0,0,0,0,1,1,0,0,0,0,1,0,0,0,0,0,0,0,0,0,,1,0,0,0,0,1,,N,1,1,2,,,N,Y
2853,dha-0049,em49,201502020545,201502020850,3 hours 5 minutes,,20150202,weakness,0,2,0,0,0,1,0,0,1,0,0,0,0,1,1,0,N,0,0,0,0,0,0,0,0,0,0,0,0,Y,,,1,,,0,0,1,1,N,1,0,,,0,,,0,0,Y,2,0,0,1,0,0,1,0,0,0,2,0,0,0,0,0,0,0,0,0,0,0,0,0,0,0,,1,0,0,0,0,1,,N,1,1,2,,,N,N
2227,dha-0055,em55,201501010900,201501011100,2 hours 0 minutes,,20150101,Severe,1,9,0,0,1,0,0,0,1,0,0,1,0,0,1,0,,0,1,0,1,1,0,0,2,0,0,1,0,Y,,2,,,,0,0,1,1,Y,1,1,,,0,1,0,1,0,Y,2,0,0,0,0,0,0,0,0,0,0,0,0,1,0,0,1,0,0,0,0,0,0,0,1,1,turbid air,0,0,0,0,1,1,approximately,N,1,1,2,,,N,N
2780,dha-0057,em57,201501270630,201501271200,5 hours 30 minutes,,20150127,weakness,0,6,0,0,0,0,0,1,1,0,0,0,1,0,1,1,N,0,0,1,0,0,1,1,3,1,0,1,0,Y,,1,1,,,0,1,0,1,N,1,0,,,0,,,0,0,Y,2,1,0,0,0,0,1,0,0,0,2,0,0,0,0,0,0,0,0,0,0,0,0,0,0,0,,1,1,0,0,0,2,,N,1,1,2,,,N,N
3191,dha-0057,em57,201502100900,201502102359,14 hours 59 minutes,,20150210,weakness,0,4,0,0,0,1,0,0,1,0,1,1,0,0,2,1,Y,1,0,0,0,0,0,1,1,0,1,0,0,Y,,,1,,,0,1,0,1,N,1,0,,,0,,,0,0,Y,2,1,0,0,0,0,0,1,0,0,2,0,0,0,0,0,0,0,0,0,0,0,0,0,0,0,,0,1,1,0,0,2,,Y,0,1,1,0 hours 0 minutes,0 hours 20 minutes,N,Y
2969,dha-0060,em60,201502070537,201502071630,10 hours 53 minutes,,20150207,middle,1,5,0,0,0,1,0,0,1,0,0,0,0,1,1,0,N,0,0,0,0,0,0,0,0,0,0,0,0,Y,,4,,1,Immigran,0,0,1,1,N,1,0,,,0,,,0,0,Y,2,1,0,0,0,0,0,0,0,0,1,1,0,0,0,0,1,0,0,0,0,0,0,0,0,0,,0,0,0,0,0,0,,Y,0,1,1,0 hours 0 minutes,0 hours 30 minutes,N,N
3593,dha-0061,EM61,201503211049,,13 hours 10 minutes,,20150321,middle,1,4,0,0,1,0,0,0,1,0,1,0,1,0,2,1,Y,1,0,0,0,0,0,1,1,0,1,0,0,Y,2,,,1,Almogran,1,0,0,1,Y,1,1,0,1,1,0,1,1,1,Y,2,1,0,0,0,0,0,0,0,0,1,1,0,0,0,0,1,0,0,0,0,0,0,0,0,0,,1,0,0,0,0,1,,Y,1,1,2,0 hours 0 minutes 0 minutes,0 hours 10 minutes 10 minutes,N,N
2920,dha-0063,em63,201502042310,201502042359,49 minutes,,20150204,weakness,0,3,0,0,1,0,0,0,1,0,0,0,1,0,1,1,Y,1,0,0,0,0,0,0,0,0,1,0,0,Y,,,1,,,1,0,0,1,Y,1,1,,,0,0,1,1,0,Y,2,1,0,0,0,0,1,0,0,0,2,0,0,0,0,0,0,0,0,0,0,0,0,0,0,0,,1,1,0,0,0,2,,Y,0,1,1,0 hours 0 minutes,0 hours 50 minutes,N,Y
2992,dha-0063,em63,201502082000,201502082359,3 hours 59 minutes,,20150208,weakness,0,3,0,0,1,0,0,0,1,0,0,0,0,1,1,0,N,0,0,0,0,0,0,0,0,0,0,0,0,Y,,,1,,,0,1,0,1,N,1,0,,,0,,,0,0,Y,2,1,0,0,0,0,0,0,0,1,2,0,0,0,0,0,0,0,0,0,0,0,0,0,0,0,,1,1,0,0,0,2,,N,1,1,2,,,N,Y
3262,dha-0063,em63,201502241900,201502242359,4 hours 59 minutes,,20150224,middle,1,5,0,0,0,1,0,0,1,0,0,0,0,1,1,0,Y,1,0,1,0,0,0,0,1,0,1,0,0,Y,,,1,,,0,0,1,1,Y,1,1,,,0,0,1,1,0,Y,2,1,0,0,0,0,1,0,0,0,2,0,0,0,0,0,0,0,0,0,0,0,0,0,0,0,,0,0,0,0,0,0,,N,1,1,2,,,N,Y
3777,dha-0063,em63,201503310700,201503311200,5 hours 0 minutes,,20150331,middle,1,5,0,0,0,1,0,0,1,0,0,0,1,1,2,1,Y,1,0,0,0,0,0,0,0,0,1,0,0,Y,,,1,,,0,1,0,1,Y,1,1,,,0,1,0,1,0,Y,2,1,0,0,0,0,0,1,0,0,2,0,0,0,0,0,0,0,0,0,0,0,0,0,0,0,,1,1,0,0,0,2,,N,1,1,2,,,N,N
782,cmc-0003,M-003,201410192200,201410192359,1 hour 59 minutes,,20141019,Severe,1,7,0,1,0,0,1,0,2,1,1,0,1,0,2,1,Y,1,0,0,0,0,0,1,1,0,1,0,0,Y,1,,,2,hospital prescription,1,0,0,1,Y,1,1,0,1,1,,,0,0,Y,2,1,0,0,0,0,0,0,0,1,2,0,0,0,0,0,0,0,0,0,0,0,0,0,0,0,,0,0,0,0,1,1,doesn't exist,N,1,1,2,,,N,Y
102,cmc-0008,M-007,201409052221,,0 minutes,,20140905,middle,1,2,1,0,0,0,0,0,1,1,0,0,1,0,1,1,Y,1,0,0,0,0,0,0,0,0,1,0,0,Y,,,1,,,0,0,1,1,Y,1,1,,,0,0,1,1,0,Y,2,1,0,0,0,0,0,1,0,0,2,0,0,0,0,0,0,0,0,0,0,0,0,0,0,0,,0,1,0,0,0,1,,N,1,1,2,,,N,N
92,cmc-0008,M-007,201409060306,201409062359,20 hours 53 minutes,,20140906,weakness,0,2,1,0,0,0,0,0,1,1,0,0,1,0,1,1,,0,0,0,0,0,0,0,0,0,1,0,0,Y,,,1,,,0,0,1,1,Y,1,1,,,0,0,1,1,0,Y,2,1,0,0,0,0,0,1,0,0,2,0,0,0,0,0,0,0,0,0,0,0,0,0,0,0,,0,1,0,0,0,1,,N,1,1,2,,,,
114,cmc-0008,M-007,201409091430,201409091840,4 hours 10 minutes,,20140909,weakness,0,4,0,1,0,0,0,0,1,1,0,0,1,0,1,1,Y,1,0,0,0,0,0,0,0,0,1,0,0,Y,,,2,,,0,0,1,1,Y,1,1,,,0,0,1,1,0,Y,2,0,0,0,0,0,0,0,0,0,0,1,0,0,0,0,1,0,0,0,0,0,0,0,1,1,air conditioning,1,1,0,0,0,2,,N,1,1,2,,,N,N
1217,cmc-0022,M-011,201411061100,201411061300,2 hours 0 minutes,,20141106,middle,1,6,1,0,0,0,0,1,2,1,1,0,0,1,2,1,,0,0,0,0,0,0,0,0,0,1,0,0,Y,,,1,,,0,1,0,1,Y,1,1,,,0,0,1,1,0,Y,2,0,0,0,0,0,1,1,0,0,2,0,0,0,0,0,0,0,0,0,0,0,0,0,0,0,,0,0,0,0,0,0,,N,1,1,2,,,N,N
357,cmc-0024,CM-002,201409261740,201409262200,4 hours 20 minutes,,20140926,weakness,0,7,1,0,0,0,1,0,2,1,0,0,1,0,1,1,Y,1,0,1,0,0,0,0,1,0,1,0,0,Y,1,1,1,,,0,0,1,1,N,1,0,,,0,,,0,0,Y,2,1,0,0,0,0,1,0,0,0,2,0,0,0,0,0,0,0,0,0,0,0,0,0,0,0,,0,1,0,0,0,1,,N,1,1,2,,,N,N
990,cmc-0024,CM-002,201410270119,201410271035,9 hours 16 minutes,,20141027,weakness,0,1,0,1,0,0,1,0,2,1,0,0,1,0,1,1,Y,1,0,1,0,0,0,0,1,0,1,0,0,Y,1,1,1,,,0,0,1,1,Y,1,1,0,1,1,0,1,1,0,Y,2,0,0,1,0,0,1,0,0,0,2,0,0,0,0,0,0,0,0,0,0,0,0,0,0,0,,0,0,0,0,1,1,Taking medicine,N,1,1,2,,,N,N
611,cmc-0025,CM-003,201410100033,201410102359,23 hours 26 minutes,,20141010,middle,1,,0,1,0,0,0,0,1,1,0,1,0,1,2,0,Y,1,0,1,0,0,1,0,2,0,1,0,0,Y,1,,,,,1,0,0,1,Y,1,1,0,1,1,0,1,1,0,Y,2,0,0,0,0,0,1,0,0,0,1,0,0,0,0,1,1,0,0,0,0,0,0,0,0,0,,0,1,0,0,1,2,"It hasn't subsided for a few days and the pain continues. I feel like my stomach is bloated and taking digestive medicine doesn't seem to help, so I buy a soda and drink a little.",N,1,1,2,,,N,Y
1421,cmc-0025,CM-003,201411111057,201411112257,12 hours 0 minutes,,20141111,middle,1,6,1,0,0,0,0,0,1,1,0,1,1,0,2,1,Y,1,0,0,0,0,1,0,1,0,1,0,0,Y,2,,,,,0,1,0,1,N,1,0,,,0,,,0,0,Y,2,0,0,0,0,0,0,0,0,0,0,0,0,1,0,1,2,0,0,0,0,0,0,0,0,0,,1,1,0,0,0,2,,N,1,1,2,,,N,N
1760,cmc-0029,M-015,201412040900,201412041100,2 hours 0 minutes,,20141204,weakness,0,3,1,0,0,0,0,0,1,1,1,0,0,0,1,1,Y,1,0,0,0,0,1,0,1,0,1,0,0,Y,2,,,1,Almogran,0,0,1,1,N,1,0,,,0,,,0,0,Y,2,1,0,0,0,0,0,0,0,0,1,0,0,1,0,0,1,0,0,0,0,0,0,0,0,0,,0,0,0,0,1,1,Taking medicine,N,1,1,2,,,N,N
1813,cmc-0029,M-015,201412062200,201412062330,1 hour 30 minutes,,20141206,weakness,0,3,1,0,0,0,0,0,1,1,1,0,1,0,2,1,Y,1,0,0,0,0,0,0,0,0,1,0,0,Y,2,,,,,0,0,1,1,N,1,0,,,0,,,0,0,Y,2,1,0,0,0,0,0,0,0,0,1,0,0,0,0,0,0,0,0,0,0,1,0,0,0,1,,1,0,0,0,0,1,,N,1,1,2,,,N,N
1560,cmc-0033,CM-006,201411221545,201411221741,1 hour 56 minutes,,20141122,weakness,0,1,1,0,0,0,0,0,1,1,1,0,0,0,1,1,,0,0,0,0,0,0,0,0,0,1,0,0,Y,,,,1,hospital medicine,0,0,1,1,,1,0,,,0,,,0,0,Y,2,0,0,1,0,0,1,0,0,0,2,0,0,0,0,0,0,0,0,0,0,0,0,0,0,0,,1,1,0,0,0,2,,N,1,1,2,,,N,N
1956,cmc-0033,CM-006,201412131837,201412132037,2 hours 0 minutes,,20141213,weakness,0,1,1,0,0,0,0,0,1,1,0,0,0,1,1,0,Y,1,0,0,0,0,0,0,0,0,1,0,0,Y,1,,,,,0,1,0,1,N,1,0,,,0,,,0,0,Y,2,1,0,1,0,0,0,0,0,0,2,0,0,0,0,0,0,0,0,0,0,0,0,0,0,0,,0,0,0,0,0,0,,N,1,1,2,,,N,N
1416,cmc-0042,M-026,201411141447,201411140136,3 days 10 hours 49 minutes,,20141114,middle,1,5,0,1,0,0,0,0,1,1,1,0,0,0,1,1,Y,1,0,1,0,0,0,0,1,0,1,0,0,Y,,,,2,Indenol tablet 10mg,0,0,1,1,Y,1,1,0,1,1,0,1,1,0,Y,2,1,0,0,0,0,0,0,0,0,1,0,0,1,0,0,1,0,0,0,0,0,0,0,0,0,,1,1,0,0,0,2,,N,1,1,2,,,N,N
1435,cmc-0042,M-026,201411161933,201411162359,4 hours 26 minutes,,20141116,weakness,0,4,0,1,0,0,0,0,1,1,1,0,0,0,1,1,Y,1,0,1,0,0,0,0,1,0,1,0,0,Y,,,,2,Indenol tablet 10mg,0,1,0,1,Y,1,1,0,1,1,0,1,1,0,Y,2,0,0,0,0,0,1,0,0,0,1,1,0,0,0,0,1,0,0,0,0,0,0,0,0,0,,1,1,0,0,0,2,,N,1,1,2,,,,
2292,cmc-0046,M-030,201412291400,201412291540,1 hour 40 minutes,,20141229,weakness,0,4,1,0,0,0,0,0,1,1,0,0,1,0,1,1,,0,0,0,0,0,0,0,0,0,1,0,0,Y,,,1,,,0,0,1,1,,1,0,,,0,,,0,0,Y,2,0,1,0,0,0,0,0,1,0,2,0,0,0,0,0,0,0,0,0,0,0,0,0,0,0,,0,0,0,0,0,0,,N,1,1,2,,,N,N
2380,cmc-0067,M-040,201501021012,201501021400,3 hours 48 minutes,,20150102,weakness,0,3,1,0,0,0,0,0,1,1,0,0,1,0,1,1,N,0,0,0,0,0,0,0,0,0,1,0,0,Y,,,,1,hospital prescription drugs,0,0,1,1,N,1,0,,,0,,,0,0,Y,2,0,0,1,0,1,0,0,0,0,2,0,0,0,0,0,0,0,0,0,0,0,0,0,0,0,,1,1,0,1,0,3,,Y,0,1,1,0 hours 0 minutes,1 hour 0 minutes,N,N
3366,cmc-0067,M-040,201502051732,201502052218,4 hours 46 minutes,,20150205,weakness,0,3,0,1,0,0,0,1,2,1,0,0,1,0,1,1,N,0,0,0,0,0,0,0,0,0,1,0,0,Y,,,,1,prescription drugs,0,0,1,1,N,1,0,,,0,,,0,0,Y,2,1,0,0,0,0,1,0,0,0,2,0,0,0,0,0,0,0,0,0,0,0,0,0,0,0,,0,1,0,0,0,1,,N,1,1,2,,,N,N
2490,cmc-0068,M-041,201501061335,201501061435,1 hour 0 minutes,,20150106,weakness,0,2,1,0,0,0,0,0,1,1,0,0,1,0,1,1,Y,1,0,0,0,0,0,0,0,0,1,0,0,Y,,,,2,hospital medicine,0,1,0,1,N,1,0,,,0,,,0,0,Y,2,0,0,1,0,0,0,0,0,0,1,1,0,0,0,0,1,0,0,0,0,0,0,0,0,0,,0,0,0,0,1,1,Taking medicine,N,1,1,2,,,N,N
2693,cmc-0068,M-041,201501150933,201501152359,14 hours 26 minutes,,20150115,weakness,0,8,0,1,0,0,0,0,1,1,0,0,0,1,1,0,N,0,0,0,0,0,0,0,0,0,0,0,0,Y,,,,1,medicine for illness,0,1,0,1,N,1,0,,,0,,,0,0,Y,2,0,0,1,0,0,0,0,0,0,1,1,0,0,0,0,1,0,0,0,0,0,0,0,0,0,,0,0,0,0,1,1,Taking medicine,N,1,1,2,,,N,Y
310,dha-0002,em2,201409180900,201409181200,3 hours 0 minutes,,20140918,weakness,0,3,0,1,0,0,0,0,1,1,0,1,0,0,1,0,Y,1,0,0,0,0,0,0,0,0,1,0,0,Y,,,,1,Take it 2:30 after the headache starts. Pain changes from 2 to 3 until 1 hour after the headache starts. Prescription medication disappears after 30 minutes.,0,0,1,1,Y,1,1,,,0,0,1,1,0,Y,2,1,0,0,0,0,0,0,0,0,1,0,0,0,0,0,0,0,0,0,0,0,0,0,1,1,"Problems with the child's school the day before, stress from driving as a beginner",0,1,0,0,1,2,Take prescription medication 2:30 after headache starts.,Y,0,1,1,0 hours 0 minutes,0 hours 10 minutes,N,N
727,dha-0002,em2,201410180800,,5 hours 0 minutes,,20141018,weakness,0,3,1,0,1,0,0,1,3,1,0,0,1,1,2,1,Y,1,0,1,0,0,1,0,2,0,1,0,0,Y,,,,1,병원처방약 약복용후1시간후 사라짐,0,0,1,1,Y,1,1,,,0,0,1,1,0,Y,2,0,0,1,0,0,0,0,0,0,1,0,0,0,0,0,0,0,0,0,0,0,0,0,1,1,Two beers the day before,0,0,0,0,1,1,Disappears one hour after taking the medicine,N,1,1,2,,,N,N
822,dha-0018,EM18,201410240651,201410241341,6 hours 50 minutes,,20141024,Severe,1,9,1,0,0,0,0,0,1,1,0,1,0,1,2,0,N,0,0,1,0,0,0,0,1,0,1,0,0,Y,,,1,,,0,1,0,1,Y,1,1,0,1,1,,,0,0,Y,2,1,0,0,0,0,0,0,0,0,1,0,0,0,0,0,0,0,0,0,0,0,0,0,1,1,toothache,1,1,0,0,0,2,,N,1,1,2,,,N,N
772,dha-0022,em22,201410210900,201410212000,11 hours 0 minutes,,20141021,weakness,0,1,1,0,0,0,0,0,1,1,1,0,0,0,1,1,,0,0,0,0,0,0,0,0,0,1,0,0,Y,,,1,,,0,0,1,1,N,1,0,,,0,,,0,0,Y,2,1,0,0,0,0,0,0,0,0,1,0,0,0,0,0,0,0,0,0,0,0,0,0,1,1,Roasted Garlic,0,0,0,0,0,0,,N,1,1,2,,,N,N
984,dha-0022,em22,201411020000,201411021800,18 hours 0 minutes,,20141102,middle,1,2,1,0,0,0,0,0,1,1,1,0,0,0,1,1,,0,0,0,0,0,0,0,0,0,1,0,0,Y,2,,,,,0,0,1,1,N,1,0,,,0,,,0,0,Y,2,1,0,0,0,0,0,0,0,0,1,0,0,0,0,0,0,0,0,0,0,0,0,0,1,1,cold,0,0,0,0,1,1,headache medicine,N,1,1,2,,,N,N
962,dha-0027,EM27,201411020735,201411022000,12 hours 25 minutes,,20141102,middle,1,4,0,1,0,0,0,0,1,1,0,0,1,0,1,1,Y,1,0,0,0,0,0,0,0,0,1,0,0,Y,,,,1,,0,0,1,1,,1,0,,,0,,,0,0,Y,2,1,0,0,0,0,1,0,0,0,2,0,0,0,0,0,0,0,0,0,0,0,0,0,0,0,,0,1,0,0,0,1,,N,1,1,2,,,N,N
1785,dha-0033,em33,201412121050,201412121350,3 hours 0 minutes,,20141212,weakness,0,2,1,0,0,0,0,0,1,1,0,0,1,0,1,1,Y,1,0,0,0,0,0,0,0,0,1,0,0,Y,1,,,,,0,0,1,1,N,1,0,,,0,,,0,0,Y,2,1,0,0,0,0,0,0,0,0,1,0,0,0,0,0,0,0,0,0,0,0,0,0,1,1,motion sickness,0,0,0,0,0,0,,N,1,1,2,,,N,N
1932,dha-0049,em49,201412190000,201412192359,23 hours 59 minutes,,20141219,weakness,0,2,1,0,0,0,0,0,1,1,0,0,0,1,1,0,Y,1,0,0,0,0,0,0,0,0,1,0,0,Y,,1,,,,0,1,0,1,N,1,0,,,0,,,0,0,Y,2,0,0,0,0,0,1,0,0,0,1,1,0,0,0,0,1,0,0,0,0,0,0,0,0,0,,1,0,0,0,0,1,,N,1,1,2,,,N,Y
2115,dha-0049,em49,201412272200,201412272359,1 hour 59 minutes,,20141227,weakness,0,2,1,0,0,0,0,0,1,1,0,0,0,1,1,0,N,0,0,0,0,0,0,1,1,0,0,0,0,Y,,,1,,,0,0,1,1,N,1,0,,,0,,,0,0,Y,2,0,0,1,0,0,0,0,0,0,1,1,0,0,0,0,1,0,0,0,0,0,0,0,0,0,,1,1,0,0,0,2,,N,1,1,2,,,N,Y
2382,dha-0049,em49,201501081600,201501082359,7 hours 59 minutes,,20150108,weakness,0,1,1,0,0,0,0,0,1,1,0,0,0,1,1,0,N,0,0,0,0,0,0,0,0,0,0,0,0,Y,,,1,,,0,0,1,1,N,1,0,,,0,,,0,0,Y,2,0,0,1,0,0,1,0,0,0,2,0,0,0,0,0,0,0,0,0,0,0,0,0,0,0,,1,0,0,0,0,1,,N,1,1,2,,,N,Y
2545,dha-0049,em49,201501152115,,2 hours 44 minutes,,20150115,weakness,0,2,1,0,0,0,0,0,1,1,0,0,0,1,1,0,N,0,0,0,0,0,0,0,0,0,0,0,0,Y,,,1,,,0,0,1,1,N,1,0,,,0,,,0,0,Y,2,0,0,1,0,0,1,0,0,0,2,0,0,0,0,0,0,0,0,0,0,0,0,0,0,0,,1,0,0,0,0,1,,N,1,1,2,,,N,N
2727,dha-0049,em49,201501241530,201501242300,7 hours 30 minutes,,20150124,weakness,0,1,1,0,0,0,0,0,1,1,0,0,0,1,1,0,Y,1,0,1,0,0,0,0,1,0,1,0,0,Y,,,1,,,0,0,1,1,N,1,0,,,0,,,0,0,Y,2,0,0,1,0,0,1,0,0,0,2,0,0,0,0,0,0,0,0,0,0,0,0,0,0,0,,0,1,0,0,0,1,,N,1,1,2,,,N,N
2849,dha-0049,em49,201501310500,201501310840,3 hours 40 minutes,,20150131,weakness,0,2,1,0,0,0,0,0,1,1,0,0,0,1,1,0,N,0,0,0,0,0,0,0,0,0,0,0,0,Y,,,1,,,0,0,1,1,N,1,0,,,0,,,0,0,Y,2,0,0,1,0,0,1,0,0,0,2,0,0,0,0,0,0,0,0,0,0,0,0,0,0,0,,0,0,0,0,0,0,,N,1,1,2,,,N,N
2915,dha-0049,em49,201502030630,201502031036,4 hours 6 minutes,,20150203,weakness,0,1,1,0,0,0,0,0,1,1,0,0,0,1,1,0,N,0,0,0,0,0,0,0,0,0,0,0,0,Y,,,1,,,0,0,1,1,N,1,0,,,0,,,0,0,Y,2,0,0,1,0,0,1,0,0,0,2,0,0,0,0,0,0,0,0,0,0,0,0,0,0,0,,1,0,0,0,0,1,,N,1,1,2,,,N,N
2966,dha-0049,em49,201502070330,201502071030,7 hours 0 minutes,,20150207,middle,1,4,1,0,0,0,0,0,1,1,1,0,0,0,1,1,N,0,0,0,0,0,0,0,0,0,1,0,0,Y,,,1,,,0,0,1,1,N,1,0,,,0,,,0,0,Y,2,0,0,1,0,0,1,0,0,0,2,0,0,0,0,0,0,0,0,0,0,0,0,0,0,0,,1,0,0,0,0,1,,N,1,1,2,,,N,N
3133,dha-0053,em53,201502181735,201502182335,6 hours 0 minutes,,20150218,weakness,0,3,0,1,0,0,0,0,1,1,1,1,0,0,2,1,,0,0,0,0,0,0,0,0,0,1,0,0,Y,,,,1,Almogran,0,0,1,1,Y,1,1,0,1,1,0,1,1,0,Y,2,0,0,0,0,0,1,1,0,0,2,0,0,0,0,0,0,0,0,0,0,0,0,0,0,0,,1,0,0,0,0,1,,N,1,1,2,,,N,N
1973,dha-0057,em57,201412211000,201412212300,13 hours 0 minutes,,20141221,weakness,0,7,0,1,0,0,0,0,1,1,0,0,0,1,1,0,N,0,0,0,0,0,0,0,0,0,0,0,0,Y,,1,1,,,0,1,0,1,N,1,0,,,0,,,0,0,Y,2,0,0,0,0,0,1,0,0,0,1,0,0,0,1,0,1,0,0,0,0,0,0,0,0,0,,1,1,1,0,0,3,,N,1,1,2,,,N,N
2157,dha-0057,em57,201412281500,201412281800,3 hours 0 minutes,,20141228,weakness,0,6,0,1,0,0,0,0,1,1,0,0,1,0,1,1,Y,1,0,1,0,0,1,0,2,0,1,0,0,Y,,1,1,,,0,0,1,1,N,1,0,,,0,,,0,0,Y,2,0,0,0,0,0,1,0,0,1,2,0,0,0,0,0,0,0,0,0,0,0,0,0,0,0,,1,1,0,0,0,2,,N,1,1,2,,,N,N
2251,dha-0060,em60,201501030234,201501030333,59 minutes,,20150103,weakness,0,4,1,0,0,1,0,0,2,1,0,0,0,1,1,0,N,0,1,0,0,1,0,0,1,0,0,1,0,Y,,2,,,,0,0,1,1,N,1,0,,,0,,,0,0,Y,2,0,0,1,0,0,0,0,0,0,1,0,0,0,0,0,0,0,0,1,0,0,0,0,0,1,,1,0,0,0,0,1,,N,1,1,2,,,N,N
3172,dha-0060,em60,201502181412,201502182212,8 hours 0 minutes,,20150218,middle,1,6,0,1,0,0,0,0,1,1,0,0,1,0,1,1,Y,1,0,0,0,0,0,1,1,0,1,0,0,Y,,5,,1,Immigran,0,1,0,1,Y,1,1,,,0,0,1,1,0,Y,2,1,0,0,0,0,0,0,0,1,2,0,0,0,0,0,0,0,0,0,0,0,0,0,0,0,,1,0,0,0,0,1,,N,1,1,2,,,N,N
3168,dha-0060,em60,201502191607,201502192307,7 hours 0 minutes,,20150219,middle,1,7,0,1,0,0,0,0,1,1,0,1,0,0,1,0,N,0,0,0,0,0,0,1,1,0,1,0,0,Y,,5,,1,Immigran,0,1,0,1,N,1,0,,,0,,,0,0,Y,2,1,0,0,0,0,0,0,0,1,2,0,0,0,0,0,0,0,0,0,0,0,0,0,0,0,,0,1,0,0,0,1,,N,1,1,2,,,N,N
2661,dha-0061,EM61,201501220100,201501220300,2 hours 0 minutes,,20150122,,,,0,1,0,0,0,0,1,1,0,0,1,0,1,1,N,0,0,0,0,0,0,1,1,0,1,0,0,Y,,,,1,Almogran,1,0,0,1,N,1,0,,,0,,,0,0,Y,2,1,0,1,0,0,0,0,0,0,2,0,0,0,0,0,0,0,0,0,0,0,0,0,0,0,,0,0,0,0,0,0,,N,1,1,2,,,,
2701,dha-0061,EM61,201501230800,201501231530,7 hours 30 minutes,,20150123,weakness,0,1,1,0,1,0,0,0,2,1,0,0,1,0,1,1,Y,1,0,0,0,0,0,1,1,0,1,0,0,Y,,,,1,Almogran,0,1,0,1,Y,1,1,,,0,0,1,1,0,Y,2,1,0,0,0,0,0,0,0,0,1,0,0,0,0,0,0,0,1,0,0,0,0,0,0,1,,1,0,0,0,0,1,,N,1,1,2,,,N,N
326,cmc-0001,M-001,201409251400,201409252359,9 hours 59 minutes,,20140925,weakness,0,2,0,0,0,1,0,0,1,0,0,0,0,1,1,0,Y,1,0,1,0,0,0,0,1,0,0,0,0,Y,,1,,,,0,0,1,1,N,1,0,,,0,,,0,0,Y,2,1,0,0,0,0,0,0,0,0,1,0,1,0,0,0,1,0,0,0,0,0,0,0,0,0,,1,1,1,0,0,3,,N,1,1,2,,,N,Y
378,cmc-0003,M-003,201409292310,201409292355,45 minutes,,20140929,weakness,0,2,0,0,0,1,0,0,1,0,0,0,1,0,1,1,N,0,0,0,0,0,0,0,0,0,0,0,0,N,,,,,,,,,0,N,0,0,,,0,,,0,0,Y,3,1,0,1,0,0,1,0,0,0,3,0,0,0,0,0,0,0,0,0,0,0,0,0,0,0,,0,1,0,0,0,1,,N,1,1,2,,,N,N
832,cmc-0003,M-003,201410131900,201410132330,4 hours 30 minutes,,20141013,middle,1,5,0,0,0,1,1,0,2,0,0,0,1,1,2,1,Y,1,0,0,0,0,0,0,0,0,1,0,0,N,,,,,,,,,0,N,0,0,,,0,,,0,0,Y,3,1,0,1,0,0,1,0,0,0,3,0,0,0,0,0,0,0,0,0,0,0,0,0,0,0,,1,0,0,0,0,1,,N,1,1,2,,,N,N
830,cmc-0003,M-003,201410151800,,3 hours 0 minutes,,20141015,weakness,0,3,0,0,0,1,0,0,1,0,0,0,1,0,1,1,Y,1,0,0,0,0,0,0,0,0,1,0,0,N,,,,,,,,,0,N,0,0,,,0,,,0,0,Y,3,0,0,0,0,1,1,1,0,0,3,0,0,0,0,0,0,0,0,0,0,0,0,0,0,0,,0,1,0,0,0,1,,N,1,1,2,,,N,N
699,cmc-0009,M-008,201410141146,201410142359,12 hours 13 minutes,,20141014,middle,1,5,0,0,1,1,0,0,2,0,1,1,0,0,2,1,Y,1,0,1,0,0,0,0,1,0,1,0,0,N,,,,,,,,,0,Y,0,1,,,0,0,1,1,0,Y,3,1,0,1,0,0,0,1,0,0,3,0,0,0,0,0,0,0,0,0,0,0,0,0,0,0,,0,0,0,0,0,0,,N,1,1,2,,,N,Y
563,cmc-0025,CM-003,201409181749,201409182359,6 hours 10 minutes,,20140918,weakness,0,5,0,0,1,0,0,0,1,0,1,0,0,0,1,1,Y,1,0,0,0,0,1,0,1,0,1,0,0,N,,,,,,,,,0,N,0,0,,,0,,,0,0,Y,3,0,0,0,0,0,1,0,0,0,1,0,0,1,0,1,2,0,0,0,0,0,0,0,0,0,,0,1,0,0,0,1,,N,1,1,2,,,N,Y
573,cmc-0025,CM-003,201409280530,201409282359,18 hours 29 minutes,,20140928,weakness,0,5,0,0,1,0,0,0,1,0,1,0,0,0,1,1,N,0,0,1,0,0,0,0,1,0,0,0,0,N,,,,,,,,,0,N,0,0,,,0,,,0,0,Y,3,0,0,0,0,0,1,0,0,0,1,0,0,1,0,0,1,0,0,0,1,0,0,0,0,1,,0,1,0,0,0,1,,Y,1,1,2,0 hours 0 minutes 0 minutes,0 hours 50 minutes 50 minutes,N,Y
587,cmc-0025,CM-003,201410061322,201410062359,10 hours 37 minutes,,20141006,weakness,0,8,0,0,1,0,0,0,1,0,1,0,0,0,1,1,N,0,0,0,0,0,1,0,1,0,0,0,0,N,,,,,,,,,0,N,0,0,,,0,,,0,0,Y,3,0,0,0,0,0,1,0,0,0,1,0,0,1,0,1,2,0,0,0,0,0,0,0,0,0,,0,1,1,0,0,2,,Y,1,1,2,0 hours 0 minutes 0 minutes,0 hours 40 minutes 40 minutes,N,Y
220,cmc-0026,M-013,201409190850,201409190930,40 minutes,,20140919,weakness,0,3,0,0,0,0,0,1,1,0,0,0,1,0,1,1,N,0,0,0,0,0,0,0,0,0,0,0,0,N,,,,,,,,,0,N,0,0,,,0,,,0,0,Y,3,0,0,1,0,0,1,0,0,0,2,0,0,0,0,0,0,0,0,1,0,0,0,0,0,1,,1,1,1,0,0,3,,N,1,1,2,,,N,N
426,cmc-0026,M-013,201410020643,201410020838,1 hour 55 minutes,,20141002,weakness,0,4,0,0,0,0,0,1,1,0,0,0,1,0,1,1,,0,0,0,0,0,0,0,0,0,0,0,0,,,,,,,,,,0,N,0,0,,,0,,,0,0,Y,3,0,0,1,0,0,1,0,0,0,2,0,0,0,0,0,0,1,0,0,0,0,0,0,0,1,,0,0,0,0,0,0,,N,1,1,2,,,N,N
428,cmc-0029,M-015,201410021300,201410022359,10 hours 59 minutes,,20141002,weakness,0,1,0,0,0,1,0,0,1,0,0,0,0,1,1,0,N,0,0,0,0,0,0,0,0,0,0,0,0,N,,,,,,,,,0,N,0,0,,,0,,,0,0,Y,3,1,0,0,0,0,1,0,0,1,3,0,0,0,0,0,0,0,0,0,0,0,0,0,0,0,,0,1,0,0,0,1,,N,1,1,2,,,N,Y
1114,cmc-0032,CM-005,201410312000,201410312300,3 hours 0 minutes,,20141031,weakness,0,2,0,0,0,0,0,1,1,0,1,0,0,0,1,1,N,0,1,0,0,1,0,0,1,0,0,1,0,N,,,,,,,,,0,N,0,0,,,0,,,0,0,Y,3,0,0,0,0,0,0,0,0,0,0,0,0,0,0,0,0,1,1,0,1,0,0,0,0,3,,0,0,0,0,0,0,,N,1,1,2,,,N,N
1405,cmc-0032,CM-005,201411091120,201411091500,3 hours 40 minutes,,20141109,middle,1,7,0,0,0,0,0,1,1,0,0,1,0,0,1,0,N,0,1,1,0,1,0,0,2,0,0,1,0,N,,,,,,,,,0,Y,0,1,0,1,1,,,0,0,Y,3,1,0,0,0,0,1,0,0,0,2,0,0,0,0,0,0,0,0,0,1,0,0,0,0,1,,0,1,0,0,0,1,,N,1,1,2,,,N,N
903,cmc-0042,M-026,201410241942,201410242359,4 hours 17 minutes,,20141024,weakness,0,4,0,0,0,1,0,0,1,0,0,0,1,0,1,1,Y,1,0,1,0,0,0,0,1,0,1,0,0,N,,,,,,,,,0,Y,0,1,,,0,0,1,1,0,Y,3,1,0,0,0,0,1,0,0,1,3,0,0,0,0,0,0,0,0,0,0,0,0,0,0,0,,0,1,0,0,0,1,,Y,0,1,1,0 hours 0 minutes,1 hour 0 minutes,N,Y
1279,cmc-0042,M-026,201411092320,201411092359,39 minutes,,20141109,middle,1,6,0,0,1,0,0,0,1,0,1,0,0,0,1,1,Y,1,0,1,0,0,0,0,1,0,1,0,0,N,,,,,,,,,0,Y,0,1,0,1,1,0,1,1,0,Y,3,1,0,0,0,0,1,0,0,0,2,0,0,1,0,0,1,0,0,0,0,0,0,0,0,0,,0,1,0,0,0,1,,N,1,1,2,,,N,Y
2972,cmc-0078,M-050,201501261000,201501261700,7 hours 0 minutes,,20150126,weakness,0,3,0,0,0,1,0,0,1,0,0,0,0,1,1,0,N,0,0,1,0,0,0,0,1,0,0,0,0,N,,,,,,,,,0,N,0,0,,,0,,,0,0,Y,3,0,0,1,0,0,1,0,0,0,2,1,0,0,0,0,1,0,0,0,0,0,0,0,0,0,,1,1,0,0,0,2,,N,1,1,2,,,,
3305,cmc-0078,M-050,201502060830,201502062359,15 hours 29 minutes,,20150206,weakness,0,3,0,0,0,1,0,1,2,0,0,0,1,1,2,1,N,0,0,1,0,0,1,1,3,1,0,1,0,N,,,,,,,,,0,Y,0,1,,,0,0,1,1,0,Y,3,0,0,1,0,0,1,0,0,0,2,1,0,0,0,0,1,0,0,0,0,0,0,0,0,0,,1,1,0,0,0,2,,N,1,1,2,,,N,Y
3537,cmc-0078,M-050,201502131600,201502132000,4 hours 0 minutes,,20150213,weakness,0,3,0,0,0,1,0,1,2,0,0,0,0,1,1,0,N,0,0,1,0,0,1,1,3,1,0,1,0,N,,,,,,,,,0,Y,0,1,0,1,1,0,1,1,0,Y,3,1,0,0,0,0,1,0,0,0,2,1,0,0,0,0,1,0,0,0,0,0,0,0,0,0,,0,1,0,0,0,1,,N,1,1,2,,,N,N
746,dha-0004,EM4,201410180607,201410182359,17 hours 52 minutes,,20141018,weakness,0,,0,0,0,1,0,0,1,0,0,0,0,1,1,0,N,0,0,0,0,0,0,0,0,0,0,0,0,N,,,,,,,,,0,Y,0,1,,,0,0,1,1,0,Y,3,1,0,0,0,0,0,0,0,0,1,0,0,0,0,0,0,1,0,0,0,0,0,0,1,2,alcohol,0,1,0,0,0,1,,Y,0,1,1,0 hours 0 minutes,1 hour 0 minutes,N,Y
1448,dha-0029,EM29,201411271630,201411271810,1 hour 40 minutes,,20141127,weakness,0,,0,0,1,0,0,0,1,0,0,0,0,1,1,0,N,0,0,0,0,0,0,0,0,0,0,0,0,N,,,,,,,,,0,N,0,0,,,0,,,0,0,Y,3,0,0,1,0,0,1,0,0,0,2,0,0,1,0,0,1,0,0,0,0,0,0,0,0,0,,0,0,0,1,0,1,,Y,0,1,1,0 hours 0 minutes,1 hour 20 minutes,N,N
1180,dha-0041,em41,201411130750,201411131000,2 hours 10 minutes,,20141113,weakness,0,3,0,0,0,1,0,0,1,0,0,0,1,0,1,1,N,0,1,0,0,1,0,0,1,0,0,1,0,N,,,,,,,,,0,N,0,0,,,0,,,0,0,Y,3,0,0,1,0,0,0,0,0,0,1,1,0,0,0,0,1,0,0,0,1,0,0,0,0,1,,0,0,0,1,0,1,,Y,0,1,1,0 hours 0 minutes,1 hour 0 minutes,N,N
1445,dha-0041,em41,201411271030,201411271530,5 hours 0 minutes,,20141127,weakness,0,1,0,0,0,1,1,0,2,0,0,0,0,1,1,0,N,0,0,0,0,0,0,1,1,0,0,0,0,N,,,,,,,,,0,N,0,0,,,0,,,0,0,Y,3,0,1,0,0,0,0,0,0,0,1,0,0,0,0,0,0,0,1,0,0,0,0,0,1,2,gym and nap,0,0,0,0,1,1,outing,Y,1,1,2,0 hours 40 minutes,1 hour 0 minutes,N,N
2850,dha-0049,em49,201502010600,201502012359,17 hours 59 minutes,,20150201,weakness,0,3,0,0,0,1,0,0,1,0,0,0,1,0,1,1,Y,1,0,0,0,0,0,0,0,0,1,0,0,N,,,1,,,0,1,0,1,Y,0,1,0,1,1,,,0,0,Y,3,0,0,1,0,0,1,0,0,0,2,1,0,0,0,0,1,0,0,0,0,0,0,0,0,0,,0,0,0,0,0,0,,N,1,1,2,,,N,Y
2748,dha-0050,EM50,201501251230,201501252359,11 hours 29 minutes,,20150125,weakness,0,1,0,0,0,1,1,0,2,0,0,0,0,1,1,0,N,0,1,0,0,1,0,0,1,0,0,1,0,N,,,,,,,,,0,N,0,0,,,0,,,0,0,Y,3,1,0,0,0,0,0,0,0,0,1,1,0,1,0,0,2,0,0,0,0,0,0,0,0,0,,1,1,0,0,0,2,,N,1,1,2,,,N,Y
197,cmc-0023,M-012,201409182020,201409182308,2 hours 48 minutes,,20140918,middle,1,5,1,0,0,0,0,0,1,1,1,0,1,0,2,1,,0,0,1,0,0,0,0,1,0,1,0,0,,,,,,,,,,0,Y,0,1,,,0,0,1,1,0,Y,3,1,0,1,0,0,0,0,1,0,3,0,0,0,0,0,0,0,0,0,0,0,0,0,0,0,,0,1,0,0,0,1,,N,1,1,2,,,N,N
413,cmc-0023,M-012,201409280900,201409282359,14 hours 59 minutes,,20140928,middle,1,4,1,0,0,0,0,0,1,1,0,1,1,0,2,1,Y,1,0,1,0,0,0,0,1,0,1,0,0,N,,,,,,,,,0,Y,0,1,0,1,1,0,1,1,0,Y,3,1,0,1,0,0,1,0,0,0,3,0,0,0,0,0,0,0,0,0,0,0,0,0,0,0,,0,1,0,0,0,1,,N,1,1,2,,,N,N
228,cmc-0027,CM-004,201409201100,,12 hours 59 minutes,,20140920,middle,1,6,1,0,0,0,0,0,1,1,1,0,1,0,2,1,,0,0,0,0,0,0,1,1,0,1,0,0,N,,,,,,,,,0,,0,0,,,0,,,0,0,Y,3,0,0,0,0,0,0,0,0,0,0,1,1,0,0,0,2,0,0,0,0,0,0,0,1,1,"Acute migraine begins, wearing a hat and sunlight",0,1,0,0,0,1,,N,1,1,2,,,N,N
559,cmc-0027,CM-004,201410071600,201410072359,7 hours 59 minutes,,20141007,weakness,0,4,1,0,0,0,0,0,1,1,0,0,0,1,1,0,,0,0,0,0,0,0,0,0,0,0,0,0,N,,,,,,,,,0,,0,0,,,0,,,0,0,Y,3,1,0,1,0,0,1,0,0,0,3,0,0,0,0,0,0,0,0,0,0,0,0,0,0,0,,1,1,0,0,0,2,,N,1,1,2,,,N,Y
2042,cmc-0027,cm-004,201412151622,201412152122,5 hours 0 minutes,,20141215,weakness,0,5,1,0,0,0,0,0,1,1,0,0,0,1,1,0,,0,0,0,0,0,0,0,0,0,0,0,0,N,,,,,,,,,0,,0,0,,,0,,,0,0,Y,3,0,0,0,0,0,1,0,0,0,1,1,0,0,0,0,1,0,0,0,0,0,0,0,1,1,cold,0,0,0,0,0,0,,Y,0,1,1,0 hours 0 minutes,1 hour 0 minutes,N,N
972,cmc-0033,CM-006,201410281103,201410282359,12 hours 56 minutes,,20141028,weakness,0,2,0,1,0,0,0,0,1,1,1,0,1,0,2,1,N,0,0,0,0,0,0,0,0,0,1,0,0,N,,,,,,,,,0,N,0,0,,,0,,,0,0,Y,3,0,0,0,0,0,1,0,0,0,1,0,0,0,0,0,0,0,1,0,1,0,0,0,0,2,,0,0,0,0,0,0,,N,1,1,2,,,,
3173,cmc-0068,M-041,201502020814,201502022359,15 hours 45 minutes,,20150202,weakness,0,1,0,1,0,0,0,0,1,1,0,0,0,1,1,0,N,0,0,0,0,0,1,0,1,0,0,0,0,N,,,,,,,,,0,N,0,0,,,0,,,0,0,Y,3,0,0,1,0,0,1,0,0,0,2,0,0,0,0,1,1,0,0,0,0,0,0,0,0,0,,0,0,0,0,0,0,,N,1,1,2,,,N,Y
1361,dha-0029,EM29,201411252111,,19 minutes,,20141125,weakness,0,,1,0,0,0,0,0,1,1,0,0,0,1,1,0,Y,1,0,1,0,0,0,0,1,0,1,0,0,N,,,,,,,,,0,N,0,0,,,0,,,0,0,Y,3,1,0,1,0,0,0,0,0,0,2,1,0,0,0,0,1,0,0,0,0,0,0,0,0,0,,0,1,0,0,0,1,,Y,0,1,1,0 hours 0 minutes,1 hour 20 minutes,N,N
1430,dha-0032,em32,201411260600,201411262359,17 hours 59 minutes,,20141126,weakness,0,4,1,0,0,0,1,0,2,1,0,1,1,0,2,1,N,0,0,0,0,0,0,0,0,0,1,0,0,N,,,,,,,,,0,N,0,0,,,0,,,0,0,Y,3,1,0,0,0,0,1,0,0,0,2,0,0,0,0,0,0,0,0,0,1,0,0,0,0,1,,0,0,0,0,0,0,,N,1,1,2,,,N,Y
1047,dha-0039,em39,201411061326,201411062359,10 hours 33 minutes,,20141106,middle,1,5,0,1,1,0,0,0,2,1,0,0,1,0,1,1,N,0,0,0,0,0,0,0,0,0,1,0,0,N,,,,,,,,,0,N,0,0,,,0,,,0,0,Y,3,0,0,1,0,0,1,0,0,0,2,0,0,0,0,0,0,0,0,0,0,0,0,0,1,1,cold,0,1,0,0,0,1,,N,1,1,2,,,N,Y
1529,cmc-0031,M-017,201411201420,201411201714,2 hours 54 minutes,,20141120,weakness,0,3,0,0,0,1,0,0,1,0,0,0,0,1,1,0,Y,1,1,0,0,1,0,0,1,0,0,1,0,Y,,,,1,prescription,0,0,1,1,Y,1,1,,,0,0,1,1,0,Y,3,1,0,1,0,0,0,0,0,0,2,0,0,0,0,0,0,0,1,0,0,0,0,0,0,1,,1,0,0,0,0,1,,N,1,1,2,,,N,N
1663,cmc-0042,M-026,201411281644,201411282359,7 hours 15 minutes,,20141128,middle,1,5,0,0,0,1,0,0,1,0,1,0,0,0,1,1,,0,0,0,0,0,0,0,0,0,1,0,0,Y,,,,2,Indenol tablet 10mg,0,1,0,1,Y,1,1,0,1,1,0,1,1,0,Y,3,0,0,1,0,0,1,0,0,0,2,1,0,0,0,0,1,0,0,0,0,0,0,0,0,0,,1,1,0,0,0,2,,Y,0,1,1,0 hours 0 minutes,0 hours 40 minutes,,
2525,cmc-0046,M-030,201501071451,201501071651,2 hours 0 minutes,,20150107,weakness,0,5,0,0,0,1,0,0,1,0,0,0,1,0,1,1,,0,0,0,0,0,0,0,0,0,0,0,0,Y,,,1,,,0,0,1,1,,1,0,,,0,,,0,0,Y,3,0,1,0,0,0,0,1,0,0,2,0,0,0,0,1,1,0,0,0,0,0,0,0,0,0,,0,0,0,0,0,0,,N,1,1,2,,,N,N
2722,cmc-0046,M-030,201501151233,201501151633,4 hours 0 minutes,,20150115,Severe,1,9,0,0,1,1,0,0,2,0,0,1,1,0,2,1,Y,1,0,0,0,0,1,0,1,0,1,0,0,Y,,,2,,,0,0,1,1,Y,1,1,,,0,1,0,1,0,Y,3,1,0,1,0,0,0,0,0,0,2,1,0,0,0,0,1,0,0,0,0,0,0,0,0,0,,1,0,0,0,0,1,,N,1,1,2,,,N,N
2708,cmc-0063,M-036,201501151530,201501151900,3 hours and 30 minutes,,20150115,weakness,0,3,0,0,0,1,0,0,1,0,0,1,0,0,1,0,N,0,0,0,0,0,0,0,0,0,0,0,0,Y,,,1,,,0,0,1,1,N,1,0,,,0,,,0,0,Y,3,1,0,1,0,0,0,0,0,1,3,0,0,0,0,0,0,0,0,0,0,0,0,0,0,0,,0,1,0,0,0,1,,N,1,1,2,,,N,N
3062,cmc-0078,M-050,201501281330,201501281800,4 hours 30 minutes,,20150128,weakness,0,3,0,0,0,1,1,1,3,0,0,0,1,0,1,1,N,0,0,1,0,0,1,0,2,0,0,0,0,Y,,,,2,,0,0,1,1,Y,1,1,,,0,0,1,1,0,Y,3,0,0,1,0,0,1,1,0,0,3,0,0,0,0,0,0,0,0,0,0,0,0,0,0,0,,1,1,0,0,0,2,,N,1,1,2,,,N,N
3095,cmc-0078,M-050,201501300810,201501301705,8 hours 55 minutes,,20150130,middle,1,4,0,0,0,1,0,1,2,0,0,0,1,1,2,1,N,0,0,1,0,0,1,0,2,0,1,0,0,Y,,,,2,,0,0,1,1,Y,1,1,,,0,0,1,1,0,Y,3,1,0,1,0,0,0,0,0,0,2,1,0,0,0,0,1,0,0,0,0,0,0,0,0,0,,1,1,0,0,0,2,,N,1,1,2,,,N,N
5018,cmc-0078,M-050,201504101000,201504102359,13 hours 59 minutes,,20150410,weakness,0,3,0,0,0,1,1,0,2,0,0,0,1,1,2,1,N,0,0,1,0,0,0,1,2,1,0,1,0,Y,,,,2,,0,1,0,1,Y,1,1,0,1,1,0,1,1,0,Y,3,0,0,1,0,0,1,1,0,0,3,0,0,0,0,0,0,0,0,0,0,0,0,0,0,0,,1,1,0,0,0,2,,N,1,1,2,,,,
103,dha-0010,em10,201408291151,201408292359,12 hours 8 minutes,,20140829,weakness,0,,0,0,0,1,0,0,1,0,0,0,0,1,1,0,Y,1,1,0,0,1,0,0,1,0,0,1,0,Y,,13,,,,0,0,1,1,Y,1,1,,,0,0,1,1,0,Y,3,0,0,1,0,0,1,1,0,0,3,0,0,0,0,0,0,0,0,0,0,0,0,0,0,0,,1,0,0,0,0,1,,N,1,1,2,,,N,Y
323,dha-0013,em13,201409171549,201409171849,3 hours 0 minutes,,20140917,weakness,0,,0,0,0,0,0,1,1,0,0,0,0,1,1,0,,0,0,0,0,0,0,0,0,0,0,0,0,Y,1,,,,,0,0,1,1,N,1,0,,,0,,,0,0,Y,3,0,0,0,0,1,0,0,0,1,2,0,0,0,0,0,0,0,1,0,0,0,0,0,0,1,,1,0,0,0,0,1,,N,1,1,2,,,N,N
1447,dha-0029,EM29,201411261530,,3 hours 10 minutes,,20141126,middle,1,,0,0,0,1,0,0,1,0,0,0,1,0,1,1,Y,1,0,0,0,0,0,0,0,0,1,0,0,Y,,1,,,,0,0,1,1,N,1,0,,,0,,,0,0,Y,3,1,0,1,0,0,0,0,0,0,2,0,0,0,0,0,0,0,0,0,0,0,0,1,0,1,,0,1,0,0,0,1,,Y,0,1,1,0 hours 0 minutes,0 hours 50 minutes,N,N
1175,dha-0033,em33,201411132142,201411132359,2 hours 17 minutes,,20141113,weakness,0,3,0,0,1,0,0,0,1,0,0,0,1,0,1,1,,0,0,0,0,0,0,0,0,0,0,0,0,Y,3,,,,,0,0,1,1,N,1,0,,,0,,,0,0,Y,3,0,0,0,0,0,1,0,0,0,1,1,0,0,0,0,1,0,0,0,0,0,0,0,1,1,cold,0,1,0,0,0,1,,N,1,1,2,,,,
1212,dha-0033,em33,201411161000,201411162359,13 hours 59 minutes,,20141116,weakness,0,3,0,0,1,0,0,0,1,0,0,0,1,0,1,1,,0,0,0,0,0,0,0,0,0,0,0,0,Y,1,2,,,,0,0,1,1,N,1,0,,,0,,,0,0,Y,3,0,0,0,0,0,1,0,0,0,1,0,0,0,0,0,0,0,0,0,0,0,0,1,1,2,motion sickness,0,0,0,0,0,0,,N,1,1,2,,,,
1961,dha-0044,em44,201412200735,201412202359,16 hours 24 minutes,,20141220,middle,1,6,0,0,0,1,0,0,1,0,1,0,0,0,1,1,N,0,0,0,0,0,0,0,0,0,1,0,0,Y,,,,4,cold medicine,0,1,0,1,N,1,0,,,0,,,0,0,Y,3,0,0,0,0,0,1,0,0,0,1,1,0,0,0,0,1,0,0,0,0,0,0,0,1,1,Cold body aches,0,1,0,0,0,1,,N,1,1,2,,,N,Y
1975,dha-0044,em44,201412211930,201412212359,4 hours 29 minutes,,20141221,middle,1,5,0,0,0,1,0,1,2,0,0,0,1,0,1,1,N,0,0,0,0,0,0,0,0,0,1,0,0,Y,,,,2,cold medicine,0,1,0,1,N,1,0,,,0,,,0,0,Y,3,0,0,0,0,0,1,0,0,0,1,1,0,0,0,0,1,0,0,0,0,0,0,0,1,1,Cold body aches,0,1,0,0,0,1,,N,1,1,2,,,N,Y
2684,dha-0044,em44,201501211330,201501212359,10 hours 29 minutes,,20150121,weakness,0,,0,0,0,1,0,0,1,0,0,0,1,0,1,1,N,0,0,0,0,0,0,0,0,0,0,0,0,Y,2,,,,,0,1,0,1,N,1,0,,,0,,,0,0,Y,3,0,0,1,0,0,0,0,0,0,1,1,0,0,0,0,1,0,0,0,0,0,0,0,1,1,body aches,1,0,0,0,0,1,,N,1,1,2,,,N,Y
2685,dha-0044,em44,201501221145,201501222359,12 hours 14 minutes,,20150122,middle,1,6,0,0,0,1,0,0,1,0,0,0,1,0,1,1,N,0,0,0,0,0,0,0,0,0,1,0,0,Y,4,,,,,0,1,0,1,N,1,0,,,0,,,0,0,Y,3,0,0,1,0,0,0,0,0,0,1,1,0,0,0,0,1,0,0,0,0,0,0,0,1,1,body aches,1,1,0,0,0,2,,N,1,1,2,,,N,Y
1218,dha-0050,EM50,201411161700,201411161900,2 hours 0 minutes,,20141116,,,2,0,0,0,0,1,0,1,0,0,0,0,1,1,0,N,0,1,1,0,1,0,0,2,0,0,1,0,Y,,1,,,,0,0,1,1,Y,1,1,,,0,0,1,1,0,Y,3,0,0,1,0,0,1,0,0,0,2,0,0,0,0,0,0,0,0,0,0,0,0,0,1,1,Enteritis 0,1,1,0,0,0,2,,N,1,1,2,,,N,N
2783,dha-0050,EM50,201501281500,201501281800,3 hours 0 minutes,,20150128,weakness,0,1,0,0,0,1,0,0,1,0,0,0,0,1,1,0,N,0,1,0,0,1,0,0,1,0,0,1,0,Y,,1,,,,0,0,1,1,N,1,0,,,0,,,0,0,Y,3,1,0,0,0,0,1,0,0,0,2,1,0,0,0,0,1,0,0,0,0,0,0,0,0,0,,1,1,0,0,0,2,,N,1,1,2,,,N,N
3020,dha-0060,em60,201502110617,201502112359,17 hours 42 minutes,,20150211,,,8,0,0,0,1,0,0,1,0,0,0,0,1,1,0,Y,1,0,1,0,0,0,1,2,1,0,1,0,Y,,6,,2,Immigran,0,1,0,1,Y,1,1,,,0,1,0,1,1,Y,3,1,0,0,0,0,0,0,0,1,2,0,1,0,0,0,1,0,0,0,0,0,0,0,0,0,,0,0,0,0,0,0,,N,1,1,2,,,N,Y
3252,dha-0060,em60,201502251845,201502252359,5 hours 14 minutes,,20150225,middle,1,6,0,0,0,1,0,0,1,0,0,0,1,0,1,1,Y,1,0,0,0,0,0,1,1,0,1,0,0,Y,,10,,2,Immigran,0,1,0,1,Y,1,1,,,0,1,0,1,0,Y,3,1,0,0,0,0,0,0,0,0,1,0,0,0,0,0,0,0,1,1,0,0,0,0,0,2,,1,0,0,0,0,1,,N,1,1,2,,,N,Y
2504,dha-0061,EM61,201501131000,201501131500,5 hours 0 minutes,,20150113,weakness,0,1,0,0,1,0,0,0,1,0,0,0,1,0,1,1,N,0,0,0,0,0,0,0,0,0,0,0,0,Y,1,,,,,0,1,0,1,N,1,0,,,0,,,0,0,Y,3,0,0,1,0,0,0,0,0,1,2,0,0,0,0,0,0,0,1,0,0,0,0,0,0,1,,0,0,0,0,0,0,,N,1,1,2,,,N,N
3155,dha-0061,EM61,201502161012,201502161312,3 hours 0 minutes,,20150216,weakness,0,2,0,0,0,1,0,0,1,0,0,0,0,1,1,0,N,0,0,1,0,0,0,1,2,1,0,1,0,Y,1,,,,,0,1,0,1,Y,1,1,0,1,1,1,0,1,0,Y,3,1,0,0,0,0,1,0,0,1,3,0,0,0,0,0,0,0,0,0,0,0,0,0,0,0,,1,0,0,0,0,1,,N,1,1,2,,,N,N
506,cmc-0001,M-001,201409090951,201409091451,5 hours 0 minutes,,20140909,weakness,0,3,0,1,0,0,0,0,1,1,0,0,1,0,1,1,Y,1,0,1,0,0,0,0,1,0,1,0,0,Y,,1,,,,0,0,1,1,Y,1,1,0,1,1,,,0,0,Y,3,1,0,0,0,0,1,0,0,0,2,0,0,1,0,0,1,0,0,0,0,0,0,0,0,0,,1,0,0,0,0,1,,N,1,1,2,,,N,N
150,cmc-0008,M-007,201409130934,201409131134,2 hours 0 minutes,,20140913,,,2,1,0,0,0,0,0,1,1,0,0,1,0,1,1,Y,1,0,0,0,0,0,0,0,0,1,0,0,Y,,,1,,,0,0,1,1,Y,1,1,,,0,0,1,1,0,Y,3,1,0,0,0,0,1,0,0,0,2,1,0,0,0,0,1,0,0,0,0,0,0,0,0,0,,1,1,0,0,0,2,,N,1,1,2,,,N,N
840,cmc-0008,M-007,201410210242,201410210642,4 hours 0 minutes,,20141021,weakness,0,2,1,0,0,0,0,0,1,1,1,0,0,0,1,1,Y,1,0,0,0,0,0,0,0,0,1,0,0,Y,,,1,,,0,0,1,1,Y,1,1,,,0,0,1,1,0,Y,3,1,0,0,0,0,0,0,1,0,2,1,0,0,0,0,1,0,0,0,0,0,0,0,0,0,,0,0,0,0,0,0,,N,1,1,2,,,N,N
878,cmc-0008,M-007,201410220230,201410220630,4 hours 0 minutes,,20141022,weakness,0,2,1,0,0,0,0,0,1,1,1,0,0,0,1,1,Y,1,0,0,0,0,0,0,0,0,1,0,0,Y,,,1,,,0,0,1,1,Y,1,1,0,1,1,0,1,1,0,Y,3,1,0,0,0,0,0,0,1,0,2,1,0,0,0,0,1,0,0,0,0,0,0,0,0,0,,1,1,0,0,0,2,,N,1,1,2,,,N,N
1245,cmc-0008,M-007,201411061000,201411061200,2 hours 0 minutes,,20141106,weakness,0,2,0,1,0,0,0,0,1,1,0,0,1,0,1,1,Y,1,0,0,0,0,0,0,0,0,1,0,0,Y,,,1,,,0,0,1,1,Y,1,1,0,1,1,0,1,1,0,Y,3,1,0,1,0,0,0,1,0,0,3,0,0,0,0,0,0,0,0,0,0,0,0,0,0,0,,1,1,0,0,0,2,,N,1,1,2,,,N,N
1244,cmc-0008,M-007,201411071558,201411071958,4 hours 0 minutes,,20141107,weakness,0,2,1,0,0,0,0,0,1,1,0,0,1,0,1,1,Y,1,0,0,0,0,0,0,0,0,1,0,0,Y,,,1,,,0,0,1,1,Y,1,1,0,1,1,0,1,1,0,Y,3,1,0,1,0,0,0,1,0,0,3,0,0,0,0,0,0,0,0,0,0,0,0,0,0,0,,1,1,0,0,0,2,,N,1,1,2,,,N,N
1257,cmc-0008,M-007,201411080905,201411081305,4 hours 0 minutes,,20141108,weakness,0,3,1,0,0,0,0,0,1,1,0,0,1,0,1,1,Y,1,0,0,0,0,0,0,0,0,1,0,0,Y,,,2,,,0,0,1,1,Y,1,1,0,1,1,0,1,1,0,Y,3,1,0,0,0,0,0,1,0,0,2,1,0,0,0,0,1,0,0,0,0,0,0,0,0,0,,1,1,0,0,0,2,,N,1,1,2,,,N,N
1358,cmc-0008,M-007,201411111314,201411111614,3 hours 0 minutes,,20141111,weakness,0,2,0,1,0,0,0,0,1,1,1,0,0,0,1,1,Y,1,0,1,0,0,0,0,1,0,1,0,0,Y,,,1,,,0,0,1,1,Y,1,1,0,1,1,0,1,1,0,Y,3,1,0,1,0,0,1,0,0,0,3,0,0,0,0,0,0,0,0,0,0,0,0,0,0,0,,0,0,0,0,0,0,,N,1,1,2,,,N,N
1383,cmc-0008,M-007,201411121001,201411121301,3 hours 0 minutes,,20141112,weakness,0,,0,1,0,0,0,0,1,1,1,0,0,0,1,1,Y,1,0,0,0,0,0,0,0,0,1,0,0,Y,,,1,,,0,0,1,1,Y,1,1,0,1,1,0,1,1,0,Y,3,1,0,1,0,0,1,0,0,0,3,0,0,0,0,0,0,0,0,0,0,0,0,0,0,0,,1,1,0,0,0,2,,N,1,1,2,,,N,N
1448,cmc-0008,M-007,201411161713,201411162013,3 hours 0 minutes,,20141116,weakness,0,2,1,0,0,0,0,0,1,1,1,0,0,0,1,1,Y,1,0,0,0,0,0,0,0,0,1,0,0,Y,,,1,,,0,0,1,1,Y,1,1,0,1,1,0,1,1,0,Y,3,1,0,0,0,0,0,0,1,0,2,1,0,0,0,0,1,0,0,0,0,0,0,0,0,0,,1,1,0,0,0,2,,N,1,1,2,,,N,N
1504,cmc-0008,M-007,201411171638,201411172038,4 hours 0 minutes,,20141117,weakness,0,2,1,0,0,0,0,0,1,1,1,0,0,0,1,1,Y,1,0,0,0,0,0,0,0,0,1,0,0,Y,,,1,,,0,0,1,1,Y,1,1,0,1,1,0,1,1,0,Y,3,1,0,0,0,0,1,0,0,0,2,1,0,0,0,0,1,0,0,0,0,0,0,0,0,0,,1,1,0,0,0,2,,N,1,1,2,,,N,N
672,cmc-0009,M-008,201410130730,201410132000,12 hours 30 minutes,,20141013,,,7,0,1,1,0,0,0,2,1,1,1,0,1,3,1,Y,1,0,0,0,0,0,0,0,0,1,0,0,Y,,,3,,,0,0,1,1,Y,1,1,,,0,0,1,1,0,Y,3,1,0,1,0,0,1,0,0,0,3,0,0,0,0,0,0,0,0,0,0,0,0,0,0,0,,0,0,0,0,1,1,Find something to focus on,N,1,1,2,,,N,N
421,cmc-0029,M-015,201410011000,201410011400,4 hours 0 minutes,,20141001,weakness,0,3,1,0,0,0,0,0,1,1,0,0,1,0,1,1,N,0,0,0,0,0,0,0,0,0,1,0,0,Y,2,,,,,0,0,1,1,Y,1,1,0,1,1,,,0,0,Y,3,1,0,0,0,0,1,0,0,1,3,0,0,0,0,0,0,0,0,0,0,0,0,0,0,0,,0,0,0,0,1,1,Taking medicine,N,1,1,2,,,N,N
1507,cmc-0029,M-015,201411160600,201411160900,3 hours 0 minutes,,20141116,middle,1,4,1,0,0,0,0,0,1,1,0,0,1,0,1,1,,0,0,0,0,0,0,0,0,0,1,0,0,Y,2,,,,,0,0,1,1,Y,1,1,0,1,1,,,0,0,Y,3,0,0,0,0,0,1,0,0,0,1,1,0,0,0,0,1,0,1,0,0,0,0,0,0,1,,0,0,0,0,1,1,Taking medicine,N,1,1,2,,,N,N
3365,cmc-0067,M-040,201502080005,,3 hours 27 minutes,,20150208,middle,1,4,1,0,0,0,0,1,2,1,0,0,1,0,1,1,Y,1,0,0,0,0,0,0,0,0,1,0,0,Y,,,,1,Almogran tablets,0,0,1,1,N,1,0,,,0,,,0,0,Y,3,0,0,1,0,1,1,0,0,0,3,0,0,0,0,0,0,0,0,0,0,0,0,0,0,0,,1,0,0,0,0,1,,N,1,1,2,,,N,N
2567,cmc-0068,M-041,201501100801,201501102359,15 hours 58 minutes,,20150110,weakness,0,1,1,0,0,0,0,0,1,1,0,0,0,1,1,0,N,0,0,0,0,0,0,0,0,0,0,0,0,Y,,,,2,hospital medicine,0,0,1,1,N,1,0,,,0,,,0,0,Y,3,0,0,1,0,0,0,0,0,1,2,1,0,0,0,0,1,0,0,0,0,0,0,0,0,0,,0,0,0,0,0,0,,N,1,1,2,,,N,Y
3253,cmc-0068,M-041,201502032310,201502032359,49 minutes,,20150203,middle,1,3,1,0,0,0,0,0,1,1,1,0,0,0,1,1,Y,1,0,0,0,0,1,0,1,0,1,0,0,Y,,,,1,hospital medicine,0,1,0,1,Y,1,1,0,1,1,0,1,1,0,Y,3,1,0,1,0,0,0,0,0,0,2,0,0,0,0,1,1,0,0,0,0,0,0,0,0,0,,0,1,0,0,0,1,,N,1,1,2,,,N,Y
207,dha-0002,em2,201409092130,,1 hour 18 minutes,,20140909,weakness,0,3,1,0,0,0,1,1,3,1,0,1,1,0,2,1,Y,1,0,0,0,0,0,0,0,0,1,0,0,Y,,,,1,prescription drugs,0,1,0,1,N,1,0,,,0,,,0,0,Y,3,1,0,0,0,0,0,0,0,0,1,1,0,0,0,0,1,0,0,0,0,0,0,0,1,1,Holidays ㅜㅜ Fatigue Stress,0,0,0,0,0,0,,N,1,1,2,,,N,N
307,dha-0004,EM4,201409171400,201409171600,2 hours 0 minutes,,20140917,weakness,0,3,1,0,0,0,0,0,1,1,0,0,1,0,1,1,,0,0,0,0,0,0,0,0,0,1,0,0,Y,,,,1,Hospital prescription headache medication,0,0,1,1,N,1,0,,,0,,,0,0,Y,3,1,0,0,0,0,0,0,0,0,1,1,0,0,0,0,1,0,0,0,0,0,0,0,1,1,fatigue,0,0,0,0,1,1,After taking medicine,Y,0,1,1,0 hours 0 minutes,1 hour 0 minutes,N,N
1073,dha-0040,EM40,201411071940,201411072359,4 hours 19 minutes,,20141107,,,3,0,1,0,0,0,0,1,1,0,1,0,0,1,0,Y,1,0,0,0,0,0,0,0,0,1,0,0,Y,1,,,,,0,1,0,1,N,1,0,,,0,,,0,0,Y,3,1,0,0,0,0,1,0,0,0,2,0,0,0,0,0,0,0,0,0,0,0,0,0,1,1,facial bruises,0,0,0,0,1,1,Working hard,N,1,1,2,,,N,Y
1311,dha-0040,EM40,201411210800,201411212359,15 hours 59 minutes,,20141121,middle,1,3,0,1,0,0,0,0,1,1,1,0,0,0,1,1,N,0,0,1,0,0,0,0,1,0,1,0,0,Y,2,,,,,0,1,0,1,N,1,0,,,0,,,0,0,Y,3,0,0,1,0,0,1,0,0,0,2,0,0,0,0,0,0,1,0,0,0,0,0,0,0,1,,0,0,0,0,0,0,,N,1,1,2,,,N,Y
1585,dha-0041,em41,201412041000,201412041410,4 hours 10 minutes,,20141204,weakness,0,3,1,0,0,0,1,0,2,1,1,0,1,0,2,1,Y,1,0,0,0,0,0,1,1,0,1,0,0,Y,,1,,,,0,1,0,1,Y,1,1,,,0,0,1,1,0,Y,3,0,0,0,1,0,0,1,0,0,2,0,0,0,0,0,0,0,0,0,0,0,0,0,1,1,siesta,0,0,0,0,1,1,approximately,Y,0,1,1,0 hours 0 minutes,1 hour 20 minutes,N,N
2242,dha-0049,em49,201501012200,201501012359,1 hour 59 minutes,,20150101,weakness,0,3,1,0,0,0,0,0,1,1,0,0,0,1,1,0,N,0,0,0,0,0,0,0,0,0,0,0,0,Y,,,1,,,0,0,1,1,N,1,0,,,0,,,0,0,Y,3,0,0,1,0,0,1,0,0,0,2,0,0,0,0,0,0,0,1,0,0,0,0,0,0,1,,1,1,0,0,0,2,,N,1,1,2,,,N,Y
2659,dha-0053,em53,201501212129,201501212359,2 hours 30 minutes,,20150121,weakness,0,2,0,1,0,0,0,0,1,1,0,1,0,0,1,0,N,0,0,0,0,0,0,0,0,0,0,0,0,Y,,,,1,Almogran,0,0,1,1,N,1,0,,,0,,,0,0,Y,3,0,0,0,0,0,1,1,0,0,2,0,0,0,0,0,0,0,0,0,1,0,0,0,0,1,,1,0,0,0,0,1,,Y,0,1,1,0 hours 0 minutes,0 hours 50 minutes,,
2976,dha-0053,em53,201502070000,201502072359,23 hours 59 minutes,,20150207,middle,1,4,1,0,0,0,0,0,1,1,1,0,0,0,1,1,N,0,0,0,0,0,0,0,0,0,1,0,0,Y,,,,1,Almogran,0,1,0,1,Y,1,1,0,1,1,0,1,1,0,Y,3,1,0,0,0,0,0,0,0,0,1,0,0,0,0,0,0,0,1,0,1,0,0,0,0,2,,1,0,0,0,0,1,,N,1,1,2,,,N,Y
3183,dha-0053,em53,201502221008,201502221508,5 hours 0 minutes,,20150222,weakness,0,2,1,0,0,0,0,0,1,1,1,0,0,0,1,1,N,0,0,0,0,0,0,0,0,0,1,0,0,Y,,,,1,Almogran,0,0,1,1,N,1,0,,,0,,,0,0,Y,3,0,0,0,0,0,0,1,0,0,1,0,0,0,0,0,0,1,0,1,0,0,0,0,0,2,,0,1,0,0,0,1,,N,1,1,2,,,N,N
3167,dha-0060,em60,201502170803,201502171303,5 hours 0 minutes,,20150217,middle,1,6,0,1,0,0,0,0,1,1,0,1,0,0,1,0,Y,1,0,0,0,0,0,1,1,0,1,0,0,Y,,5,,1,Immigran,0,0,1,1,Y,1,1,,,0,0,1,1,1,Y,3,1,0,0,0,0,1,0,0,1,3,0,0,0,0,0,0,0,0,0,0,0,0,0,0,0,,0,0,0,0,0,0,,N,1,1,2,,,N,N
3325,dha-0060,em60,201502260738,201502261838,11 hours 0 minutes,,20150226,middle,1,5,0,1,0,0,0,0,1,1,0,0,1,0,1,1,Y,1,0,0,0,0,0,1,1,0,1,0,0,Y,,5,,1,Immigran,0,1,0,1,Y,1,1,,,0,0,1,1,0,Y,3,1,0,1,0,0,0,0,0,0,2,0,0,0,0,0,0,0,1,0,0,0,0,0,0,1,,1,1,0,0,0,2,,N,1,1,2,,,N,N
2439,dha-0061,EM61,201501112130,201501112359,2 hours 29 minutes,,20150111,weakness,0,1,1,0,0,0,0,0,1,1,0,0,1,0,1,1,N,0,0,0,0,0,0,0,0,0,1,0,0,Y,,,,1,Almogran,1,0,0,1,N,1,0,,,0,,,0,0,Y,3,1,0,0,0,0,0,1,0,0,2,0,0,0,0,0,0,0,1,0,0,0,0,0,0,1,,1,0,0,0,0,1,,N,1,1,2,,,N,Y
2485,dha-0061,EM61,201501120000,201501121100,11 hours 0 minutes,,20150112,weakness,0,1,1,0,0,0,0,0,1,1,0,0,1,0,1,1,N,0,0,0,0,0,0,0,0,0,1,0,0,Y,1,,,1,Almogran,0,0,1,1,N,1,0,,,0,,,0,0,Y,3,1,0,0,0,0,0,1,0,0,2,0,0,0,0,0,0,0,1,0,0,0,0,0,0,1,,1,0,0,0,0,1,,N,1,1,2,,,N,N
290,cmc-0029,M-015,201409211300,201409212200,9 hours 0 minutes,,20140921,weakness,0,2,0,0,1,0,0,0,1,0,0,0,0,1,1,0,N,0,0,0,0,0,0,0,0,0,0,0,0,N,,,,,,,,,0,N,0,0,,,0,,,0,0,Y,4,1,0,1,0,0,0,0,0,0,2,0,0,0,0,0,0,0,1,0,1,0,0,0,0,2,,0,0,0,0,1,1,time lapse,N,1,1,2,,,N,N
1123,cmc-0029,M-015,201411021800,201411022200,4 hours 0 minutes,,20141102,weakness,0,3,0,0,0,1,0,1,2,0,1,0,1,1,3,1,,0,1,0,0,1,0,0,1,0,0,1,0,N,,,,,,,,,0,Y,0,1,,,0,0,1,1,0,Y,4,0,0,1,0,0,1,0,0,0,2,0,0,0,0,0,0,0,0,0,1,1,0,0,0,2,,1,1,0,0,0,2,,N,1,1,2,,,N,N
1838,cmc-0032,CM-005,201411250820,201411251030,2 hours 10 minutes,,20141125,weakness,0,2,0,0,0,0,0,1,1,0,0,1,0,0,1,0,N,0,0,0,0,0,0,0,0,0,0,0,0,N,,,,,,,,,0,N,0,0,,,0,,,0,0,Y,4,0,0,1,0,1,0,0,0,0,2,0,0,0,0,0,0,0,1,0,1,0,0,0,0,2,,0,0,0,0,0,0,,N,1,1,2,,,N,N
2951,cmc-0078,M-050,201501250200,201501250800,6 hours 0 minutes,,20150125,middle,1,4,0,0,0,1,0,1,2,0,0,0,1,0,1,1,N,0,0,0,0,0,0,0,0,0,1,0,0,N,,,,,,,,,0,Y,0,1,0,1,1,0,1,1,0,Y,4,0,0,0,0,0,1,0,0,0,1,1,0,0,0,0,1,0,1,1,0,0,0,0,0,2,,1,0,0,0,0,1,,N,1,1,2,,,N,N
2988,dha-0060,em60,201502090618,201502091718,11 hours 0 minutes,,20150209,weakness,0,3,0,0,0,0,0,1,1,0,0,0,0,1,1,0,N,0,0,0,0,0,0,0,0,0,0,0,0,N,,,,,,,,,0,N,0,0,,,0,,,0,0,Y,4,1,0,0,0,1,0,0,0,1,3,0,0,0,0,0,0,0,0,1,0,0,0,0,0,1,,0,1,1,0,0,2,,N,1,1,2,,,N,N
3176,dha-0060,em60,201502160816,201502161716,9 hours 0 minutes,,20150216,weakness,0,4,0,0,0,1,0,0,1,0,0,0,1,0,1,1,N,0,0,0,0,0,0,0,0,0,0,0,0,N,,,,,,,,,0,N,0,0,,,0,,,0,0,Y,4,1,0,0,0,0,1,0,0,1,3,0,0,0,0,0,0,0,1,0,0,0,0,0,0,1,,1,1,0,0,0,2,,N,1,1,2,,,N,N
223,cmc-0026,M-013,201409201313,N,49 minutes,,20140920,weakness,0,4,1,0,0,0,0,0,1,1,1,0,0,0,1,1,N,0,0,0,0,0,0,0,0,0,1,0,0,N,,,,,,,,,0,N,0,0,,,0,,,0,0,Y,4,0,0,1,1,0,1,0,0,0,3,1,0,0,0,0,1,0,0,0,0,0,0,0,0,0,,0,0,0,0,0,0,,Y,0,1,1,0 hours 0 minutes,1 hour 30 minutes,N,N
839,cmc-0027,CM-004,201410210600,,17 hours 55 minutes,,20141021,middle,1,6,1,0,0,0,0,0,1,1,0,0,1,0,1,1,,0,0,0,0,0,0,0,0,0,1,0,0,N,,,,,,,,,0,,0,0,,,0,,,0,0,Y,4,1,0,1,0,0,0,0,0,0,2,0,0,0,0,1,1,0,0,0,0,0,0,0,1,1,Acute migraine·Atom test,0,0,0,0,0,0,,N,1,1,2,,,N,N
107,dha-0002,em2,201408291630,,3 hours and 30 minutes,,20140829,weakness,0,3,0,1,0,0,0,0,1,1,0,0,1,0,1,1,Y,1,0,0,0,0,0,0,0,0,1,0,0,N,,,,,,,,,0,N,0,0,,,0,,,0,0,Y,4,1,0,0,0,0,1,0,0,0,2,1,1,0,0,0,2,0,0,0,0,0,0,0,0,0,,0,0,0,0,0,0,,N,1,1,2,,,N,N
658,dha-0004,EM4,201410141419,201410142359,9 hours 40 minutes,,20141014,middle,1,6,1,1,1,0,0,0,3,1,0,0,0,1,1,0,N,0,0,0,0,0,0,0,0,0,1,0,0,N,,,,,,,,,0,Y,0,1,0,1,1,,,0,0,Y,4,1,0,0,0,0,1,0,0,1,3,0,0,0,0,0,0,0,0,0,0,0,0,0,1,1,Changu death news,0,1,0,0,0,1,,Y,0,1,1,0 hours 0 minutes,1 hour 0 minutes,N,Y
1051,cmc-0025,CM-003,201410301028,201410302330,13 hours 2 minutes,,20141030,middle,1,7,0,0,0,1,0,0,1,0,1,1,1,0,3,1,Y,1,0,1,0,0,1,0,2,0,1,0,0,Y,2,,,,,1,0,0,1,N,1,0,,,0,,,0,0,Y,4,0,0,0,0,0,0,0,0,0,0,0,0,1,0,1,2,0,0,0,0,0,0,1,1,2,"I tend to take the bus, but I had no choice but to use the subway. It was hard on my body and I even got a headache, which made it twice as hard. I'm quite sensitive to the smell of food, cosmetics, and perfume, and I feel a little anxious when I take the subway.",1,1,0,0,1,3,"I wasn't able to exercise, but I met a friend and took a walk at a local park for about 30 minutes.",N,1,1,2,,,N,N
1584,cmc-0029,M-015,201411231600,201411232300,7 hours 0 minutes,,20141123,middle,1,5,0,0,0,1,0,0,1,0,1,0,1,0,2,1,Y,1,0,0,0,0,0,0,0,0,1,0,0,Y,,,,1,Almogran,1,0,0,1,Y,1,1,,,0,1,0,1,0,Y,4,1,0,1,0,0,0,0,0,0,2,1,0,0,0,0,1,0,0,0,0,1,0,0,0,1,,1,0,0,0,0,1,,N,1,1,2,,,N,N
681,dha-0004,EM4,201410150826,201410152359,15 hours 33 minutes,,20141015,middle,1,7,0,0,1,1,0,0,2,0,0,0,0,1,1,0,N,0,0,0,0,0,0,0,0,0,0,0,0,Y,,,,1,Hospital prescription headache medication,1,0,0,1,Y,1,1,0,1,1,,,0,0,Y,4,1,0,0,0,0,1,0,0,1,3,0,0,0,0,0,0,0,0,0,0,0,0,0,1,1,friend died,1,0,0,0,1,2,headache medicine,Y,0,1,1,0 hours 0 minutes,1 hour 0 minutes,N,Y
726,dha-0033,em33,201410180906,201410182359,14 hours 53 minutes,,20141018,,,5,0,0,1,0,0,0,1,0,0,1,0,0,1,0,,0,1,0,0,1,0,1,2,0,0,1,0,Y,,2,,,,0,1,0,1,N,1,0,,,0,,,0,0,Y,4,1,0,0,0,0,0,0,0,1,2,0,1,0,0,1,2,0,0,0,0,0,0,0,0,0,,1,1,0,0,0,2,,N,1,1,2,,,,
1277,cmc-0008,M-007,201411091258,201411091458,2 hours 0 minutes,,20141109,weakness,0,2,1,0,0,0,0,0,1,1,0,0,1,0,1,1,Y,1,0,0,0,0,0,0,0,0,1,0,0,Y,,,1,,,0,0,1,1,Y,1,1,0,1,1,0,1,1,0,Y,4,1,0,1,0,0,0,1,0,0,3,1,0,0,0,0,1,0,0,0,0,0,0,0,0,0,,1,1,0,0,0,2,,N,1,1,2,,,N,N
1575,cmc-0008,M-007,201411191200,201411191200,0 minutes,,20141119,weakness,0,,0,1,0,0,0,0,1,1,1,0,0,0,1,1,Y,1,0,1,0,0,0,0,1,0,1,0,0,Y,,,1,,,0,0,1,1,Y,1,1,0,1,1,0,1,1,0,Y,4,1,0,0,0,0,1,1,0,0,3,1,0,0,0,0,1,0,0,0,0,0,0,0,0,0,,1,1,0,0,0,2,,N,1,1,2,,,N,N
409,cmc-0029,M-015,201409300800,201409301600,8 hours 0 minutes,,20140930,middle,1,5,0,1,0,0,0,0,1,1,1,0,0,1,2,1,Y,1,0,0,0,0,1,0,1,0,1,0,0,Y,2,,,,,0,1,0,1,Y,1,1,0,1,1,,,0,0,Y,4,1,0,0,0,0,1,0,0,1,3,0,0,0,0,1,1,0,0,0,0,0,0,0,0,0,,0,0,0,0,1,1,Taking medicine,N,1,1,2,,,N,N
1302,cmc-0029,M-015,201411091600,201411092000,4 hours 0 minutes,,20141109,middle,1,4,1,0,0,0,0,0,1,1,1,0,0,0,1,1,N,0,0,0,0,0,0,0,0,0,1,0,0,Y,2,,,1,prescribed medication,0,0,1,1,Y,1,1,,,0,1,0,1,0,Y,4,0,0,1,0,0,1,0,0,0,2,1,1,0,0,0,2,0,0,0,0,0,0,0,0,0,,0,1,0,0,0,1,,N,1,1,2,,,N,N
2674,cmc-0042,M-026,201501141018,201501141426,4 hours 8 minutes,,20150114,Severe,1,9,0,1,0,0,0,0,1,1,1,0,0,0,1,1,Y,1,0,1,0,0,0,0,1,0,1,0,0,Y,,,,3,prescription drugs,1,0,0,1,Y,1,1,0,1,1,0,1,1,0,Y,4,1,0,1,0,0,1,0,0,0,3,0,0,1,0,0,1,0,0,0,0,0,0,0,0,0,,1,1,0,0,0,2,,Y,0,1,1,0 hours 0 minutes,0 hours 20 minutes,N,N
109,dha-0002,em2,201408300800,201408301400,6 hours 0 minutes,,20140830,weakness,0,3,0,1,0,0,0,1,2,1,0,1,0,1,2,0,Y,1,0,0,0,0,0,1,1,0,1,0,0,Y,,,,1,Take hospital prescribed medication around 12:30,0,0,1,1,Y,1,1,,,0,0,1,1,0,Y,4,1,0,1,0,0,1,0,0,0,3,1,0,0,0,0,1,0,0,0,0,0,0,0,0,0,,0,0,0,0,1,1,Taking medicine,N,1,1,2,,,N,N
524,dha-0015,em15,201410040800,201410041700,9 hours 0 minutes,,20141004,Severe,1,8,0,1,1,1,1,0,4,1,0,1,1,1,3,1,Y,1,0,0,0,0,0,0,0,0,1,0,0,Y,,,,1,,0,1,0,1,Y,1,1,,,0,0,1,1,0,Y,4,1,0,1,0,0,1,0,0,0,3,0,0,0,0,0,0,1,0,0,0,0,0,0,0,1,,1,1,0,0,0,2,,N,1,1,2,,,N,N
811,dha-0039,em39,201410231100,201410231825,7 hours 25 minutes,,20141023,middle,1,6,0,1,0,0,0,0,1,1,0,0,1,0,1,1,Y,1,0,0,0,0,1,0,1,0,1,0,0,Y,,,,1,prescribed medication,1,0,0,1,N,1,0,,,0,,,0,0,Y,4,1,0,0,0,0,1,0,0,0,2,0,0,0,0,1,1,0,0,0,0,0,0,0,1,1,long car ride,0,1,0,0,0,1,,N,1,1,2,,,N,N
2199,dha-0040,EM40,201412300840,201412301000,1 hour 20 minutes,,20141230,middle,1,4,0,1,0,0,0,0,1,1,0,1,0,0,1,0,Y,1,0,0,0,0,0,1,1,0,1,0,0,Y,1,,,,,0,1,0,1,N,1,0,,,0,,,0,0,Y,4,1,0,1,0,0,1,0,0,0,3,0,0,0,0,0,0,1,0,0,0,0,0,0,0,1,,1,0,0,0,0,1,,N,1,1,2,,,N,N
1892,dha-0057,em57,201412172130,201412172359,2 hours 29 minutes,,20141217,middle,1,7,0,1,0,0,0,0,1,1,1,0,1,1,3,1,N,0,0,0,0,0,0,1,1,0,1,0,0,Y,,1,1,,,0,1,0,1,N,1,0,,,0,,,0,0,Y,4,1,0,0,0,0,1,0,0,0,2,0,0,0,1,0,1,0,0,1,0,0,0,0,0,1,,1,1,1,0,0,3,,N,1,1,2,,,N,Y
562,cmc-0025,CM-003,201409170530,201409172359,18 hours 29 minutes,,20140917,middle,1,7,0,0,1,0,0,0,1,0,0,1,0,1,2,0,Y,1,0,1,0,0,1,0,2,0,1,0,0,Y,1,,,,,0,1,0,1,Y,1,1,0,1,1,0,1,1,0,Y,4,1,0,1,0,0,0,0,0,0,2,0,0,1,0,1,2,0,0,0,0,0,0,0,0,0,,1,0,0,0,0,1,,Y,0,1,1,0 hours 0 minutes,1 hour 0 minutes,N,Y
218,cmc-0025,CM-003,201409191359,201409192359,10 hours 0 minutes,,20140919,middle,1,7,0,0,0,1,0,0,1,0,1,1,0,1,3,1,Y,1,0,0,0,0,1,0,1,0,1,0,0,N,,,,,,,,,0,Y,0,1,0,1,1,0,1,1,0,Y,5,1,0,1,1,0,0,0,0,0,3,0,0,0,0,1,1,0,1,0,0,0,0,0,0,1,,1,1,0,0,0,2,,N,1,1,2,,,,
1159,cmc-0029,M-015,201411041200,201411042000,8 hours 0 minutes,,20141104,weakness,0,1,0,0,0,1,0,0,1,0,0,0,0,1,1,0,N,0,0,0,0,0,0,0,0,0,0,0,0,N,,,,,,,,,0,N,0,0,,,0,,,0,0,Y,5,1,0,1,0,0,1,0,0,1,4,0,0,0,0,0,0,0,0,0,0,1,0,0,0,1,,0,1,0,0,0,1,,N,1,1,2,,,N,N
1024,dha-0040,EM40,201411050100,201411052359,22 hours 59 minutes,,20141105,weakness,0,2,0,0,0,1,0,0,1,0,0,0,0,1,1,0,Y,1,0,1,0,0,0,1,2,1,0,1,0,N,,,,,,,,,0,N,0,0,,,0,,,0,0,Y,5,1,0,1,0,0,1,0,0,0,3,1,0,0,0,0,1,0,0,0,0,1,0,0,0,1,,0,1,0,0,0,1,,N,1,1,2,,,N,Y
662,cmc-0029,M-015,201410111100,201410111600,5 hours 0 minutes,,20141011,weakness,0,3,1,0,0,0,0,0,1,1,0,0,1,0,1,1,Y,1,0,0,0,0,0,0,0,0,1,0,0,N,,,,,,,,,0,N,0,0,,,0,,,0,0,Y,5,0,0,1,0,0,1,0,0,0,2,0,1,0,0,0,1,0,0,0,1,1,0,0,0,2,,0,1,0,0,0,1,,N,1,1,2,,,N,N
1989,cmc-0029,M-015,201412131600,201412131700,1 hour 0 minutes,,20141213,weakness,0,1,1,0,0,0,0,0,1,1,1,0,0,0,1,1,N,0,0,0,0,0,0,0,0,0,1,0,0,N,,,,,,,,,0,N,0,0,,,0,,,0,0,Y,5,0,0,1,0,0,1,0,0,0,2,1,1,0,0,0,2,0,0,0,0,1,0,0,0,1,,0,0,0,0,1,1,Feeling better after drinking coffee,N,1,1,2,,,N,N
580,cmc-0025,CM-003,201410050600,201410052359,17 hours 59 minutes,,20141005,middle,1,8,0,0,0,1,0,0,1,0,0,1,1,0,2,1,Y,1,0,1,0,0,1,0,2,0,1,0,0,Y,1,,,,,0,1,0,1,Y,1,1,0,1,1,0,1,1,0,Y,5,1,0,0,1,0,0,0,0,0,2,1,1,0,0,0,2,0,0,0,0,0,0,0,1,1,I got a headache after hiking and being exposed to sunlight for a long time.,1,1,1,0,0,3,,Y,1,0,1,2 hours 0 minutes,0 hours 0 minutes,N,Y
4276,cmc-0078,M-050,201503111200,201503112359,11 hours 59 minutes,,20150311,,,,0,0,0,1,0,1,2,0,0,0,0,1,1,0,N,0,0,1,0,0,1,1,3,1,0,1,0,Y,,,,2,,0,1,0,1,Y,1,1,0,1,1,0,1,1,0,Y,5,0,0,1,0,0,1,1,0,0,3,1,0,0,0,0,1,0,0,0,0,0,0,0,1,1,to,1,1,0,0,0,2,,N,1,1,2,,,,
837,dha-0033,em33,201410251200,201410251700,5 hours 0 minutes,,20141025,middle,1,4,0,0,1,0,0,0,1,0,0,0,0,1,1,0,,0,0,0,0,0,0,1,1,0,0,0,0,Y,,,1,,,0,0,1,1,N,1,0,,,0,,,0,0,Y,5,0,0,0,0,0,1,0,0,1,2,0,1,0,0,0,1,0,1,0,0,0,0,1,0,2,,0,0,0,0,0,0,,Y,1,0,1,1 hour 0 minutes,0 hours 0 minutes,N,N
1156,dha-0033,em33,201411120403,201411121403,10 hours 0 minutes,,20141112,weakness,0,3,0,0,0,0,1,0,1,0,1,0,0,0,1,1,,0,0,0,0,0,0,0,0,0,0,0,0,Y,1,,,,,0,1,0,1,N,1,0,,,0,,,0,0,Y,5,1,0,1,0,1,0,0,0,0,3,1,0,0,0,0,1,0,0,0,0,0,0,1,0,1,,1,0,0,1,0,2,,Y,1,0,1,1 hour 0 minutes,0 hours 0 minutes,N,N
685,cmc-0029,M-015,201410121000,201410122000,10 hours 0 minutes,,20141012,middle,1,4,1,0,0,0,0,0,1,1,1,0,1,0,2,1,Y,1,0,0,0,0,1,0,1,0,1,0,0,Y,4,,,,,0,1,0,1,Y,1,1,,,0,0,1,1,0,Y,5,0,0,1,0,0,1,0,0,0,2,0,0,0,0,0,0,0,1,0,1,1,0,0,0,3,,1,0,0,0,0,1,,N,1,1,2,,,N,N
1611,dha-0053,em53,201412051437,201412052359,9 hours 22 minutes,,20141205,middle,1,,0,1,0,0,0,0,1,1,1,0,0,0,1,1,N,0,0,0,0,0,1,0,1,0,1,0,0,Y,,,,1,Almogran,0,1,0,1,Y,1,1,,,0,0,1,1,1,Y,5,0,1,0,0,1,0,1,0,0,3,0,0,0,0,1,1,0,0,1,0,0,0,0,0,1,,0,1,0,0,0,1,,N,1,1,2,,,N,Y
169,cmc-0026,M-013,201409161030,,7 hours 30 minutes,,20140916,middle,1,7,0,0,0,0,0,1,1,0,1,0,0,0,1,1,Y,1,0,0,0,0,0,0,0,0,1,0,0,N,,,,,,,,,0,Y,0,1,0,1,1,0,1,1,0,Y,6,1,0,1,0,0,1,0,0,1,4,0,0,0,0,0,0,0,0,1,1,0,0,0,0,2,,1,1,0,1,0,3,,N,1,1,2,,,N,N
862,cmc-0042,M-026,201410220820,N,0 minutes,,20141022,middle,1,6,0,0,0,1,0,0,1,0,0,0,1,0,1,1,Y,1,0,1,0,0,0,0,1,0,1,0,0,Y,,,,3,prescription drugs,1,0,0,1,Y,1,1,0,1,1,0,1,1,0,Y,7,1,0,1,0,0,1,0,0,1,4,1,0,1,0,0,2,0,1,0,0,0,0,0,0,1,,1,1,0,0,0,2,,N,1,1,2,,,N,N
1070,dha-0041,em41,201411081900,201411082340,4 hours 40 minutes,,20141108,weakness,0,2,0,0,0,1,0,0,1,0,0,0,1,0,1,1,N,0,0,0,0,0,0,1,1,0,0,0,0,N,,,,,,,,,0,N,0,0,,,0,,,0,0,Y,8,0,0,0,0,0,1,0,0,0,1,1,0,1,0,1,3,0,1,1,0,0,0,1,1,4,a little drinking,0,1,0,0,0,1,,N,1,1,2,,,N,N
386,cmc-0032,CM-005,201409291134,201409291934,8 hours 0 minutes,,20140929,middle,1,5,0,0,0,0,0,1,1,0,0,1,0,0,1,0,Y,1,0,1,0,0,0,1,2,1,1,1,1,N,,,,,,,,,0,N,0,0,0,1,1,,,0,0,N,0,0,0,0,0,0,0,0,0,0,0,0,0,0,0,0,0,0,0,0,0,0,0,0,0,0,,0,1,0,0,0,1,,N,1,1,2,,,N,N
1842,cmc-0032,CM-005,201411291120,201411291440,3 hours 20 minutes,,20141129,middle,1,6,0,0,0,0,1,1,2,0,1,0,1,0,2,1,Y,1,0,1,0,0,0,1,2,1,1,1,1,N,,,,,,,,,0,N,0,0,,,0,,,0,0,N,0,0,0,0,0,0,0,0,0,0,0,0,0,0,0,0,0,0,0,0,0,0,0,0,0,0,,1,1,0,0,0,2,,N,1,1,2,,,N,N
2131,cmc-0027,cm-004,201412211018,201412212318,13 hours 0 minutes,,20141221,Severe,1,9,1,0,0,0,0,0,1,1,1,0,1,0,2,1,Y,1,0,1,0,0,0,1,2,1,1,1,1,N,,,,,,,,,0,Y,0,1,,,0,1,0,1,0,N,0,0,0,0,0,0,0,0,0,0,0,0,0,0,0,0,0,0,0,0,0,0,0,0,0,0,,1,1,0,0,0,2,,N,1,1,2,,,N,N
1424,cmc-0025,CM-003,201411140659,201411142359,17 hours 0 minutes,,20141114,middle,1,6,0,0,0,1,0,0,1,0,0,0,1,0,1,1,N,0,1,0,0,1,0,0,1,0,1,1,1,N,,,,,,,,,0,Y,0,1,0,1,1,0,1,1,0,Y,0,0,0,0,0,0,0,0,0,0,0,0,0,0,0,0,0,0,0,0,0,0,0,0,0,0,,1,1,0,0,0,2,,N,1,1,2,,,Y,N
1107,cmc-0032,CM-005,201410251824,201410252111,2 hours 47 minutes,,20141025,middle,1,5,0,0,0,1,1,0,2,0,1,0,1,1,3,1,N,0,1,1,0,1,0,1,3,1,1,1,1,N,,,,,,,,,0,Y,0,1,,,0,,,0,1,N,0,0,0,0,0,0,0,0,0,0,0,0,0,0,0,0,0,0,0,0,0,0,0,0,0,0,,1,1,0,0,0,2,,N,1,1,2,,,N,N
667,cmc-0006,CM-001,201410130001,201410132359,23 hours 58 minutes,,20141013,Severe,1,9,1,0,0,0,0,0,1,1,1,0,0,0,1,1,Y,1,1,0,0,1,0,0,1,0,1,1,1,N,,,,,,0,1,0,1,Y,0,1,,,0,0,1,1,0,N,0,0,0,0,0,0,0,0,0,0,0,0,0,0,0,0,0,0,0,0,0,0,0,0,0,0,,1,0,0,0,0,1,,N,1,1,2,,,N,Y
700,cmc-0011,M-010,201410150340,201410152359,20 hours 19 minutes,,20141015,middle,1,5,0,1,0,0,0,0,1,1,0,0,0,1,1,0,Y,1,1,0,0,1,0,1,2,0,1,1,1,N,,,,,,,,,0,Y,0,1,0,1,1,0,1,1,0,N,0,0,0,0,0,0,0,0,0,0,0,0,0,0,0,0,0,0,0,0,0,0,0,0,0,0,,0,0,0,0,0,0,,N,1,1,2,,,,
515,cmc-0027,CM-004,201409271100,201409272359,12 hours 59 minutes,,20140927,Severe,1,7,1,0,0,0,0,0,1,1,1,0,1,1,3,1,Y,1,0,1,0,0,1,1,3,1,1,1,1,N,,,,,,,,,0,Y,0,1,,,0,0,1,1,0,N,0,0,0,0,0,0,0,0,0,0,0,0,0,0,0,0,0,0,0,0,0,0,0,0,0,0,,0,0,0,0,0,0,,N,1,1,2,,,N,Y
901,cmc-0027,CM-004,201410230005,201410232359,23 hours 54 minutes,,20141023,Severe,1,8,1,0,0,0,0,0,1,1,0,0,1,0,1,1,Y,1,1,0,0,1,0,0,1,0,1,1,1,N,,,,,,,,,0,Y,0,1,,,0,0,1,1,0,N,0,0,0,0,0,0,0,0,0,0,0,0,0,0,0,0,0,0,0,0,0,0,0,0,0,0,,0,0,0,0,1,1,Continuous migraine,N,1,1,2,,,N,Y
2249,cmc-0064,M-037,201412260022,201412262359,23 hours 37 minutes,,20141226,weakness,0,2,1,0,1,0,0,0,2,1,1,0,0,0,1,1,N,0,1,0,0,1,1,0,2,0,1,1,1,N,,,,,,,,,0,Y,0,1,,,0,0,1,1,0,N,0,0,0,0,0,0,0,0,0,0,0,0,0,0,0,0,0,0,0,0,0,0,0,0,0,0,,1,1,0,0,0,2,,N,1,1,2,,,,
3046,cmc-0077,M-049,201501250800,201501251300,5 hours 0 minutes,,20150125,weakness,0,3,0,1,0,0,1,0,2,1,0,0,1,0,1,1,N,0,1,1,0,1,1,1,4,1,1,1,1,N,,,,,,,,,0,N,0,0,,,0,,,0,0,N,0,0,0,0,0,0,0,0,0,0,0,0,0,0,0,0,0,0,0,0,0,0,0,0,0,0,,0,1,0,0,0,1,,Y,0,1,1,0 hours 0 minutes,1 hour 0 minutes,N,N
1629,dha-0018,EM18,201411241158,201411241758,6 hours 0 minutes,,20141124,weakness,0,1,1,0,0,0,0,0,1,1,0,1,1,0,2,1,N,0,1,0,0,1,0,0,1,0,1,1,1,N,,,,,,,,,0,N,0,0,,,0,,,0,0,N,0,0,0,0,0,0,0,0,0,0,0,0,0,0,0,0,0,0,0,0,0,0,0,0,0,0,,0,1,0,0,0,1,,N,1,1,2,,,N,N
1613,dha-0018,EM18,201412030857,201412031057,2 hours 0 minutes,,20141203,weakness,0,1,1,0,0,0,0,0,1,1,0,1,1,0,2,1,N,0,1,0,0,1,0,0,1,0,1,1,1,N,,,,,,,,,0,N,0,0,,,0,,,0,0,N,0,0,0,0,0,0,0,0,0,0,0,0,0,0,0,0,0,0,0,0,0,0,0,0,0,0,,0,1,0,0,0,1,,N,1,1,2,,,N,N
2775,dha-0057,em57,201501220730,201501221700,9 hours 30 minutes,,20150122,middle,1,,0,1,0,0,0,0,1,1,0,0,1,1,2,1,Y,1,0,1,0,0,0,1,2,1,1,1,1,Y,,1,1,,,0,1,0,1,Y,1,1,0,1,1,0,1,1,1,N,0,0,0,0,0,0,0,0,0,0,0,0,0,0,0,0,0,0,0,0,0,0,0,0,0,0,,1,1,0,0,0,2,,N,1,1,2,,,N,N
1481,cmc-0006,CM-001,201411130001,201411132306,23 hours 5 minutes,,20141113,Severe,1,9,0,0,1,1,0,0,2,0,1,0,1,0,2,1,,0,1,0,0,1,0,0,1,0,1,1,1,Y,1,,,,,0,1,0,1,Y,1,1,,,0,0,1,1,0,N,0,0,0,0,0,0,0,0,0,0,0,0,0,0,0,0,0,0,0,0,0,0,0,0,0,0,,1,0,0,0,0,1,,N,1,1,2,,,N,N
889,cmc-0009,M-008,201410231122,201410232350,12 hours 28 minutes,,20141023,middle,1,7,0,0,1,1,0,0,2,0,1,1,0,0,2,1,Y,1,1,0,0,1,0,0,1,0,1,1,1,Y,,,3,,,1,0,0,1,Y,1,1,0,1,1,,,0,0,N,0,0,0,0,0,0,0,0,0,0,0,0,0,0,0,0,0,0,0,0,0,0,0,0,0,0,,0,0,0,0,0,0,,N,1,1,2,,,N,N
890,cmc-0009,M-008,201410240050,201410242350,23 hours 0 minutes,,20141024,,,7,0,0,1,1,0,0,2,0,1,1,0,0,2,1,Y,1,1,0,0,1,0,0,1,0,1,1,1,Y,,,3,,,0,0,1,1,Y,1,1,,,0,0,1,1,0,N,0,0,0,0,0,0,0,0,0,0,0,0,0,0,0,0,0,0,0,0,0,0,0,0,0,0,,0,0,0,0,0,0,,N,1,1,2,,,N,N
105,cmc-0011,M-010,201409090600,201409091853,12 hours 53 minutes,,20140909,middle,1,6,0,0,1,0,1,0,2,0,0,0,0,1,1,0,Y,1,1,1,0,1,0,0,2,0,1,1,1,Y,,,1,,,1,0,0,1,Y,1,1,,,0,0,1,1,1,N,0,0,0,0,0,0,0,0,0,0,0,0,0,0,0,0,0,0,0,0,0,0,0,0,0,0,,0,0,0,0,0,0,,N,1,1,2,,,,
1137,cmc-0011,M-010,201410280300,201410282300,20 hours 0 minutes,,20141028,Severe,1,,0,0,0,0,1,0,1,0,0,1,0,0,1,0,Y,1,1,1,0,1,0,1,3,1,1,1,1,Y,,,1,,,0,1,0,1,Y,1,1,0,1,1,,,0,0,N,0,0,0,0,0,0,0,0,0,0,0,0,0,0,0,0,0,0,0,0,0,0,0,0,0,0,,0,0,0,0,0,0,,N,1,1,2,,,N,N
1717,cmc-0011,M-010,201411280700,201411281200,5 hours 0 minutes,,20141128,middle,1,5,0,0,0,0,1,1,2,0,0,1,0,0,1,0,Y,1,1,1,0,1,1,1,4,1,1,1,1,Y,,,1,,,0,0,1,1,Y,1,1,0,1,1,,,0,0,N,0,0,0,0,0,0,0,0,0,0,0,0,0,0,0,0,0,0,0,0,0,0,0,0,0,0,,0,0,0,0,0,0,,N,1,1,2,,,N,N
3223,cmc-0031,M-017,201502021259,201502021559,3 hours 0 minutes,,20150202,weakness,0,3,0,0,0,1,0,0,1,0,1,0,0,0,1,1,Y,1,1,0,0,1,1,0,2,0,1,1,1,Y,,,,1,prescription,0,0,1,1,Y,1,1,0,1,1,,,0,0,N,0,0,0,0,0,0,0,0,0,0,0,0,0,0,0,0,0,0,0,0,0,0,0,0,0,0,,1,0,0,0,0,1,,N,1,1,2,,,N,N
1403,cmc-0032,CM-005,201411071000,201411071613,6 hours 13 minutes,,20141107,Severe,1,9,0,0,1,1,1,1,4,0,0,1,1,1,3,1,Y,1,1,1,0,1,1,1,4,1,1,1,1,Y,2,,,,,0,0,1,1,Y,1,1,0,1,1,,,0,1,N,0,0,0,0,0,0,0,0,0,0,0,0,0,0,0,0,0,0,0,0,0,0,0,0,0,0,,0,1,0,0,1,2,approximately,N,1,1,2,,,N,N
644,cmc-0033,CM-006,201410190000,201410191200,12 hours 0 minutes,,20141019,weakness,0,3,0,0,0,1,0,1,2,0,1,1,1,0,3,1,Y,1,1,1,0,1,0,0,2,0,1,1,1,Y,,,,1,hospital medicine,1,0,0,1,N,1,0,,,0,,,0,0,N,0,0,0,0,0,0,0,0,0,0,0,0,0,0,0,0,0,0,0,0,0,0,0,0,0,0,,0,0,0,0,1,1,doesn't exist,N,1,1,2,,,N,N
2530,cmc-0049,M-033,201501071323,201501072323,10 hours 0 minutes,,20150107,Severe,1,8,0,0,0,1,0,0,1,0,0,0,1,0,1,1,N,0,1,0,0,1,0,0,1,0,1,1,1,Y,,,,2,prescription,0,1,0,1,N,1,0,,,0,,,0,0,N,0,0,0,0,0,0,0,0,0,0,0,0,0,0,0,0,0,0,0,0,0,0,0,0,0,0,,1,0,0,0,0,1,,N,1,1,2,,,N,N
192,dha-0015,em15,201409051000,201409051900,9 hours 0 minutes,,20140905,middle,1,5,0,0,0,1,1,1,3,0,1,0,0,1,2,1,Y,1,1,0,0,1,0,0,1,0,1,1,1,Y,,,,1,,0,0,1,1,Y,1,1,,,0,0,1,1,0,N,0,0,0,0,0,0,0,0,0,0,0,0,0,0,0,0,0,0,0,0,0,0,0,0,0,0,,0,0,0,0,0,0,,N,1,1,2,,,N,N
173,dha-0018,EM18,201409060830,201409061225,3 hours 55 minutes,,20140906,Severe,1,7,0,0,0,1,0,1,2,0,1,1,0,0,2,1,Y,1,1,1,0,1,0,0,2,0,1,1,1,Y,,,1,,,0,1,0,1,Y,1,1,0,1,1,,,0,0,N,0,0,0,0,0,0,0,0,0,0,0,0,0,0,0,0,0,0,0,0,0,0,0,0,0,0,,0,1,0,0,0,1,,N,1,1,2,,,,
501,dha-0023,EM23,201410030800,,2 hours 0 minutes,,20141003,middle,1,,0,0,0,0,1,0,1,0,0,0,1,1,2,1,,0,1,0,0,1,0,0,1,0,1,1,1,Y,,,,1,prescription drugs,0,0,1,1,Y,1,1,,,0,0,1,1,0,N,0,0,0,0,0,0,0,0,0,0,0,0,0,0,0,0,0,0,0,0,0,0,0,0,0,0,,1,1,0,0,0,2,,Y,0,1,1,0 hours 0 minutes,0 hours 20 minutes,N,N
2979,dha-0041,em41,201502081500,201502081800,3 hours 0 minutes,,20150208,weakness,0,3,0,0,0,1,0,0,1,0,0,0,1,0,1,1,Y,1,1,0,0,1,0,1,2,0,1,1,1,Y,,,,1,Naramik,0,0,1,1,Y,1,1,,,0,0,1,1,0,N,0,0,0,0,0,0,0,0,0,0,0,0,0,0,0,0,0,0,0,0,0,0,0,0,0,0,,0,1,0,0,0,1,,N,1,1,2,,,N,N
1354,dha-0042,em42,201411241530,201411242359,8 hours 29 minutes,,20141124,middle,1,5,0,0,1,1,0,1,3,0,1,0,1,1,3,1,N,0,1,0,0,1,1,0,2,0,1,1,1,Y,2,,,,,0,1,0,1,Y,1,1,0,1,1,0,1,1,0,N,0,0,0,0,0,0,0,0,0,0,0,0,0,0,0,0,0,0,0,0,0,0,0,0,0,0,,0,0,0,0,0,0,,N,1,1,2,,,N,Y
1490,dha-0051,EM51,201411300830,201411301430,6 hours 0 minutes,,20141130,middle,1,4,0,0,0,0,1,1,2,0,0,1,0,0,1,0,Y,1,1,1,0,1,0,0,2,0,1,1,1,Y,,,,1,Almogran,0,0,1,1,Y,1,1,0,1,1,1,0,1,0,N,0,0,0,0,0,0,0,0,0,0,0,0,0,0,0,0,0,0,0,0,0,0,0,0,0,0,,0,0,0,0,1,1,approximately,N,1,1,2,,,N,N
81,cmc-0009,M-008,201409041500,201409042359,8 hours 59 minutes,,20140904,middle,1,5,1,0,0,0,1,0,2,1,1,1,0,0,2,1,Y,1,1,0,0,1,0,0,1,0,1,1,1,Y,,,3,,,1,0,0,1,Y,1,1,,,0,0,1,1,0,N,0,0,0,0,0,0,0,0,0,0,0,0,0,0,0,0,0,0,0,0,0,0,0,0,0,0,,0,0,0,0,0,0,,N,1,1,2,,,N,Y
323,cmc-0009,M-008,201409241200,201409242300,11 hours 0 minutes,,20140924,middle,1,8,0,1,1,0,0,0,2,1,0,1,0,1,2,0,Y,1,1,1,0,1,0,0,2,0,1,1,1,Y,,,3,,,0,0,1,1,Y,1,1,,,0,0,1,1,0,N,0,0,0,0,0,0,0,0,0,0,0,0,0,0,0,0,0,0,0,0,0,0,0,0,0,0,,1,0,0,0,0,1,,N,1,1,2,,,N,N
1226,cmc-0010,M-009,201411070153,201411071753,16 hours 0 minutes,,20141107,middle,1,5,1,0,0,0,0,0,1,1,1,0,1,0,2,1,Y,1,1,0,0,1,0,0,1,0,1,1,1,Y,,,,2,prescription station,0,0,1,1,Y,1,1,,,0,0,1,1,0,N,0,0,0,0,0,0,0,0,0,0,0,0,0,0,0,0,0,0,0,0,0,0,0,0,0,0,,1,1,0,0,1,3,station,N,1,1,2,,,N,N
96,cmc-0011,M-010,201409070000,201409072359,23 hours 59 minutes,,20140907,middle,1,,0,1,0,0,0,0,1,1,0,1,0,0,1,0,Y,1,1,1,1,1,0,0,3,0,1,1,1,Y,,,1,,,1,0,0,1,Y,1,1,,,0,,,0,1,N,0,0,0,0,0,0,0,0,0,0,0,0,0,0,0,0,0,0,0,0,0,0,0,0,0,0,,0,0,0,0,0,0,,N,1,1,2,,,N,Y
558,cmc-0011,M-010,201410030700,201410032000,13 hours 0 minutes,,20141003,middle,1,5,0,1,0,0,0,0,1,1,0,1,0,0,1,0,,0,0,1,0,0,1,1,3,1,1,1,1,Y,,,1,,,0,0,1,1,Y,1,1,0,1,1,0,1,1,0,N,0,0,0,0,0,0,0,0,0,0,0,0,0,0,0,0,0,0,0,0,0,0,0,0,0,0,,0,0,0,0,1,1,Take painkillers,N,1,1,2,,,N,N
373,cmc-0029,M-015,201409270000,201409271200,12 hours 0 minutes,,20140927,middle,1,4,1,0,0,0,0,0,1,1,1,0,0,0,1,1,N,0,1,0,0,1,0,0,1,0,1,1,1,Y,2,,,,,0,0,1,1,N,1,0,,,0,,,0,0,N,0,0,0,0,0,0,0,0,0,0,0,0,0,0,0,0,0,0,0,0,0,0,0,0,0,0,,0,0,0,0,1,1,Relieved 3 hours after taking the medicine,N,1,1,2,,,N,N
2783,cmc-0031,M-017,201501191300,201501191600,3 hours 0 minutes,,20150119,weakness,0,3,0,1,0,0,0,0,1,1,1,0,0,0,1,1,Y,1,1,0,0,1,0,0,1,0,1,1,1,Y,,,,1,prescription,0,0,1,1,Y,1,1,,,0,0,1,1,0,N,0,0,0,0,0,0,0,0,0,0,0,0,0,0,0,0,0,0,0,0,0,0,0,0,0,0,,1,0,0,0,0,1,,N,1,1,2,,,N,N
2918,cmc-0031,M-017,201501232004,201501232138,1 hour 34 minutes,,20150123,weakness,0,3,0,1,0,0,0,0,1,1,1,0,0,0,1,1,Y,1,1,0,0,1,1,0,2,0,1,1,1,Y,,,,1,prescription,0,0,1,1,Y,1,1,,,0,0,1,1,0,N,0,0,0,0,0,0,0,0,0,0,0,0,0,0,0,0,0,0,0,0,0,0,0,0,0,0,,1,0,0,0,0,1,,N,1,1,2,,,N,N
1589,cmc-0048,M-032,201411242050,201411242340,2 hours 50 minutes,,20141124,,,4,1,0,0,0,0,0,1,1,1,0,0,0,1,1,N,0,1,0,0,1,0,0,1,0,1,1,1,Y,,,1,,,1,0,0,1,N,1,0,,,0,,,0,0,N,0,0,0,0,0,0,0,0,0,0,0,0,0,0,0,0,0,0,0,0,0,0,0,0,0,0,,0,0,0,0,0,0,,Y,0,1,1,0 hours 0 minutes,1 hour 0 minutes,N,N
2322,cmc-0048,M-032,201412290000,201412290800,8 hours 0 minutes,,20141229,Severe,1,8,1,0,0,0,0,0,1,1,1,0,0,0,1,1,N,0,1,0,0,1,0,0,1,0,1,1,1,Y,,,13,,,0,0,1,1,Y,1,1,,,0,0,1,1,0,N,0,0,0,0,0,0,0,0,0,0,0,0,0,0,0,0,0,0,0,0,0,0,0,0,0,0,,0,1,0,0,0,1,,N,1,1,2,,,N,N
3136,cmc-0048,M-032,201501311700,201501312359,6 hours 59 minutes,,20150131,middle,1,6,1,0,0,0,0,0,1,1,0,0,0,1,1,0,Y,1,1,0,0,1,0,0,1,0,1,1,1,Y,,,1,,,1,0,0,1,Y,1,1,,,0,1,0,1,0,N,0,0,0,0,0,0,0,0,0,0,0,0,0,0,0,0,0,0,0,0,0,0,0,0,0,0,,1,1,0,0,0,2,,N,1,1,2,,,N,N
2108,cmc-0066,M-039,201412210900,201412211734,8 hours 34 minutes,,20141221,weakness,0,,1,0,0,0,0,0,1,1,1,0,0,0,1,1,N,0,1,0,0,1,0,0,1,0,1,1,1,Y,,,,2,,0,0,1,1,N,1,0,,,0,,,0,0,N,0,0,0,0,0,0,0,0,0,0,0,0,0,0,0,0,0,0,0,0,0,0,0,0,0,0,,0,0,0,0,0,0,,N,1,1,2,,,N,N
2613,cmc-0066,M-039,201501120720,201501121300,5 hours 40 minutes,,20150112,weakness,0,,0,1,0,0,0,0,1,1,1,0,0,0,1,1,Y,1,1,0,0,1,0,0,1,0,1,1,1,Y,2,,,,,0,0,1,1,N,1,0,,,0,,,0,0,N,0,0,0,0,0,0,0,0,0,0,0,0,0,0,0,0,0,0,0,0,0,0,0,0,0,0,,0,0,0,0,0,0,,N,1,1,2,,,N,N
2725,cmc-0066,M-039,201501160700,201501161411,7 hours 11 minutes,,20150116,middle,1,,1,0,0,0,0,0,1,1,0,0,1,0,1,1,N,0,1,0,0,1,0,0,1,0,1,1,1,Y,4,,,,,0,0,1,1,Y,1,1,0,1,1,0,1,1,0,N,0,0,0,0,0,0,0,0,0,0,0,0,0,0,0,0,0,0,0,0,0,0,0,0,0,0,,0,0,0,0,0,0,,N,1,1,2,,,N,N
2813,cmc-0066,M-039,201501170700,201501172200,15 hours 0 minutes,,20150117,weakness,0,,1,0,0,0,0,0,1,1,0,0,1,0,1,1,N,0,1,0,0,1,0,0,1,0,1,1,1,Y,4,,,,,0,0,1,1,N,1,0,,,0,,,0,0,N,0,0,0,0,0,0,0,0,0,0,0,0,0,0,0,0,0,0,0,0,0,0,0,0,0,0,,0,0,0,0,0,0,,N,1,1,2,,,N,N
2955,cmc-0068,M-041,201501251301,201501252359,10 hours 58 minutes,,20150125,middle,1,4,0,1,0,0,0,0,1,1,1,0,0,0,1,1,N,0,1,0,0,1,0,0,1,0,1,1,1,Y,,,,1,hospital,0,0,1,1,N,1,0,,,0,,,0,0,N,0,0,0,0,0,0,0,0,0,0,0,0,0,0,0,0,0,0,0,0,0,0,0,0,0,0,,0,0,0,0,1,1,approximately,N,1,1,2,,,N,Y
970,dha-0010,em10,201411011343,,2 hours 0 minutes,,20141101,middle,1,4,0,1,0,0,0,0,1,1,1,0,0,0,1,1,Y,1,1,0,0,1,0,0,1,0,1,1,1,Y,,1,,,,0,0,1,1,Y,1,1,,,0,0,1,1,0,Y,0,0,0,0,0,0,0,0,0,0,0,0,0,0,0,0,0,0,0,0,0,0,0,0,0,0,,1,1,0,0,0,2,,Y,0,1,1,0 hours 0 minutes,1 hour 0 minutes,Y,N
423,dha-0015,em15,201409280800,201409281800,10 hours 0 minutes,,20140928,Severe,1,8,0,1,1,0,1,1,4,1,1,0,1,1,3,1,Y,1,1,1,0,1,1,0,3,0,1,1,1,Y,,,,1,,0,1,0,1,Y,1,1,,,0,,,0,1,N,0,0,0,0,0,0,0,0,0,0,0,0,0,0,0,0,0,0,0,0,0,0,0,0,0,0,,1,1,0,0,0,2,,N,1,1,2,,,N,N
519,dha-0015,em15,201409291000,201409292000,10 hours 0 minutes,,20140929,Severe,1,7,0,1,1,0,1,1,4,1,1,1,1,1,4,1,Y,1,1,1,0,1,1,0,3,0,1,1,1,Y,,,,1,,0,1,0,1,Y,1,1,,,0,0,1,1,0,N,0,0,0,0,0,0,0,0,0,0,0,0,0,0,0,0,0,0,0,0,0,0,0,0,0,0,,1,0,0,0,0,1,,N,1,1,2,,,N,N
598,dha-0018,EM18,201410110658,201410111224,5 hours 26 minutes,,20141011,Severe,1,8,1,0,0,0,0,0,1,1,1,0,0,0,1,1,N,0,1,1,0,1,0,0,2,0,1,1,1,Y,,,,1,discouragement,0,1,0,1,N,1,0,,,0,,,0,0,N,0,0,0,0,0,0,0,0,0,0,0,0,0,0,0,0,0,0,0,0,0,0,0,0,0,0,,0,1,0,0,0,1,,N,1,1,2,,,,
2539,dha-0041,em41,201501151100,201501151530,4 hours 30 minutes,,20150115,weakness,0,3,1,0,0,0,0,0,1,1,0,0,1,0,1,1,Y,1,1,0,0,1,0,1,2,0,1,1,1,Y,,,,1,Naramik,0,0,1,1,Y,1,1,,,0,0,1,1,0,N,0,0,0,0,0,0,0,0,0,0,0,0,0,0,0,0,0,0,0,0,0,0,0,0,0,0,,0,1,0,0,0,1,,Y,0,1,1,0 hours 0 minutes,1 hour 0 minutes,N,N
2854,dha-0041,em41,201502011400,201502012300,9 hours 0 minutes,,20150201,middle,1,4,0,1,0,0,0,0,1,1,1,0,0,0,1,1,Y,1,1,1,0,1,0,1,3,1,1,1,1,Y,,,,1,Naramik,0,0,1,1,Y,1,1,,,0,0,1,1,0,N,0,0,0,0,0,0,0,0,0,0,0,0,0,0,0,0,0,0,0,0,0,0,0,0,0,0,,1,0,0,0,0,1,,N,1,1,2,,,N,N
977,dha-0042,em42,201411031230,201411031606,3 hours 36 minutes per day,,20141103,weakness,0,3,0,1,0,0,0,0,1,1,0,0,1,0,1,1,N,0,1,0,0,1,0,0,1,0,1,1,1,Y,1,,,,,0,0,1,1,N,1,0,,,0,,,0,0,N,0,0,0,0,0,0,0,0,0,0,0,0,0,0,0,0,0,0,0,0,0,0,0,0,0,0,,0,0,0,0,1,1,dosage,N,1,1,2,,,N,N
1839,dha-0050,EM50,201412141700,201412142200,5 hours 0 minutes,,20141214,weakness,0,2,1,0,0,0,0,0,1,1,0,0,1,0,1,1,N,0,1,0,0,1,0,0,1,0,1,1,1,Y,,1,,,,0,1,0,1,N,1,0,,,0,,,0,0,N,0,0,0,0,0,0,0,0,0,0,0,0,0,0,0,0,0,0,0,0,0,0,0,0,0,0,,1,0,0,0,0,1,,N,1,1,2,,,N,N
1717,dha-0055,em55,201412091730,201412091900,1 hour 30 minutes,,20141209,weakness,0,1,0,1,0,0,0,0,1,1,0,1,0,0,1,0,Y,1,1,0,0,1,0,0,1,0,1,1,1,Y,,2,,,,0,0,1,1,N,1,0,,,0,,,0,0,N,0,0,0,0,0,0,0,0,0,0,0,0,0,0,0,0,0,0,0,0,0,0,0,0,0,0,,0,0,0,0,0,0,,N,1,1,2,,,N,N
1909,dha-0055,em55,201412171800,201412171900,1 hour 0 minutes,,20141217,weakness,0,2,1,0,0,0,0,0,1,1,1,0,0,0,1,1,N,0,1,0,0,1,0,0,1,0,1,1,1,Y,,1,,,,0,0,1,1,N,1,0,,,0,,,0,0,N,0,0,0,0,0,0,0,0,0,0,0,0,0,0,0,0,0,0,0,0,0,0,0,0,0,0,,0,0,0,0,0,0,,Y,1,1,2,0 hours 0 minutes 0 minutes,0 hours 40 minutes 40 minutes,N,N
734,cmc-0032,CM-005,201410081424,201410081724,3 hours 0 minutes,,20141008,middle,1,6,0,0,0,0,0,1,1,0,0,1,1,0,2,1,Y,1,0,1,0,0,0,1,2,1,1,1,1,N,,,,,,,,,0,N,0,0,,,0,,,0,0,Y,1,1,0,0,0,0,0,0,0,0,1,0,0,0,0,0,0,0,0,0,0,0,0,0,0,0,,0,1,0,0,0,1,,Y,0,1,1,0 hours 0 minutes,1 hour 50 minutes,N,N
1844,cmc-0032,CM-005,201412011030,201412011330,3 hours 0 minutes,,20141201,middle,1,5,0,0,0,0,0,1,1,0,0,1,1,0,2,1,N,0,0,1,0,0,0,1,2,1,1,1,1,N,,,,,,,,,0,N,0,0,,,0,,,0,0,Y,1,1,0,0,0,0,0,0,0,0,1,0,0,0,0,0,0,0,0,0,0,0,0,0,0,0,,0,1,0,0,0,1,,N,1,1,2,,,N,N
4486,cmc-0077,M-049,201503040000,201503041700,17 hours 0 minutes,,20150304,middle,1,5,0,0,1,1,0,0,2,0,0,0,1,0,1,1,N,0,0,1,0,0,0,1,2,1,1,1,1,N,,,,,,,,,0,Y,0,1,0,1,1,,,0,0,Y,1,0,0,0,0,0,0,0,0,0,0,0,0,0,0,0,0,1,0,0,0,0,0,0,0,1,,0,1,0,0,0,1,,N,1,1,2,,,N,N
1581,cmc-0023,M-012,201411230830,201411231720,8 hours 50 minutes,,20141123,weakness,0,3,1,1,0,0,0,0,2,1,0,0,1,0,1,1,N,0,0,1,0,0,0,1,2,1,1,1,1,N,,,,,,,,,0,Y,0,1,,,0,0,1,1,0,Y,1,0,0,0,0,0,0,1,0,0,1,0,0,0,0,0,0,0,0,0,0,0,0,0,0,0,,1,0,0,0,0,1,,N,1,1,2,,,N,N
1256,cmc-0027,CM-004,201411080839,201411082359,15 hours 20 minutes,,20141108,middle,1,7,1,0,0,0,0,0,1,1,1,0,0,0,1,1,Y,1,0,1,0,0,0,1,2,1,1,1,1,N,,,,,,,,,0,,0,0,,,0,,,0,0,Y,1,0,0,0,0,0,0,0,0,0,0,0,0,0,0,0,0,0,0,0,0,0,0,0,1,1,Acute migraine persistent,1,1,0,0,0,2,,N,1,1,2,,,N,Y
9,cmc-0002,M-002,201408251400,201408251830,4 hours 30 minutes,,20140825,weakness,0,10,0,0,0,1,0,1,2,0,1,1,0,1,3,1,Y,1,0,1,0,0,1,1,3,1,1,1,1,N,,,,,,,,,0,N,0,0,,,0,,,0,0,Y,1,0,0,0,0,0,0,0,0,0,0,0,0,0,0,0,0,0,0,0,0,0,0,0,1,1,"After taking painkillers yesterday, I felt a slight headache after sedation.",0,1,0,0,0,1,,N,1,1,2,,,N,N
630,cmc-0002,M-002,201410112114,201410112359,2 hours 45 minutes,,20141011,middle,1,,0,0,1,1,0,0,2,0,1,0,1,0,2,1,Y,1,1,0,0,1,1,0,2,0,1,1,1,N,,,,,,,,,0,N,0,0,,,0,,,0,0,Y,1,0,0,0,0,0,0,0,0,0,0,0,0,0,0,0,0,0,1,0,0,0,0,0,0,1,,0,1,0,0,0,1,,N,1,1,2,,,N,Y
247,cmc-0003,M-003,201409210500,201409211000,5 hours 0 minutes,,20140921,weakness,0,3,0,0,0,1,0,0,1,0,0,0,1,1,2,1,Y,1,1,0,0,1,0,0,1,0,1,1,1,N,,,,,,,,,0,Y,0,1,0,1,1,,,0,0,Y,1,0,0,0,0,0,0,0,0,0,0,0,0,0,0,0,0,1,0,0,0,0,0,0,0,1,,1,1,0,0,0,2,,N,1,1,2,,,N,N
343,cmc-0032,CM-005,201409271918,201409272359,4 hours 41 minutes,,20140927,middle,1,6,0,0,0,0,1,0,1,0,1,0,1,0,2,1,Y,1,1,1,0,1,0,0,2,0,1,1,1,N,,,,,,,,,0,N,0,0,,,0,,,0,0,Y,1,1,0,0,0,0,0,0,0,0,1,0,0,0,0,0,0,0,0,0,0,0,0,0,0,0,,0,0,0,0,0,0,,N,1,1,2,,,,
550,cmc-0032,CM-005,201410071735,201410072359,6 hours 24 minutes,,20141007,middle,1,7,0,0,1,0,1,0,2,0,1,0,0,0,1,1,Y,1,1,0,0,1,0,0,1,0,1,1,1,N,1,,,,,,,,0,,0,0,,,0,,,0,0,Y,1,0,0,0,0,0,0,0,0,0,0,0,0,0,0,0,0,0,0,0,0,0,0,0,1,1,fever,1,0,0,0,0,1,,N,0,0,0,0 hours 0 minutes,0 hours 0 minutes,,
3416,cmc-0069,M-042,201502081027,201502082359,13 hours 32 minutes,,20150208,middle,1,5,0,0,0,1,1,0,2,0,0,0,1,1,2,1,N,0,1,0,0,1,1,0,2,0,1,1,1,N,,,,,,,,,0,Y,0,1,,,0,0,1,1,0,Y,1,0,0,0,0,0,0,1,0,0,1,0,0,0,0,0,0,0,0,0,0,0,0,0,0,0,,1,0,0,0,0,1,,N,1,1,2,,,N,Y
865,cmc-0011,M-010,201410230000,201410230831,8 hours 31 minutes,,20141023,middle,1,4,1,0,0,0,1,0,2,1,1,0,0,0,1,1,,0,1,0,0,1,0,1,2,0,1,1,1,N,,,,,,,,,0,N,0,0,,,0,,,0,0,Y,1,0,0,0,0,0,1,0,0,0,1,0,0,0,0,0,0,0,0,0,0,0,0,0,0,0,,0,0,0,0,0,0,,N,1,1,2,,,,
669,cmc-0023,M-012,201410131016,201410132359,13 hours 43 minutes,,20141013,middle,1,7,0,1,1,0,1,1,4,1,0,1,1,1,3,1,Y,1,1,1,0,1,1,1,4,1,1,1,1,N,,,,,,,,,0,Y,0,1,0,1,1,,,0,1,Y,1,0,0,0,0,0,0,0,0,0,0,0,0,0,0,0,0,0,0,0,0,0,0,0,1,1,doesn't exist,0,0,0,0,1,1,No improvement,N,1,1,2,,,N,Y
896,cmc-0023,M-012,201410240830,201410242359,15 hours 29 minutes,,20141024,Severe,1,9,1,1,1,1,1,1,6,1,1,0,0,0,1,1,Y,1,1,1,1,1,1,1,5,1,1,1,1,N,,,,,,,,,0,Y,0,1,,,0,1,0,1,1,Y,1,0,0,0,0,0,0,0,0,0,0,0,0,0,0,0,0,0,0,0,0,0,0,0,1,1,body aches,0,0,0,0,1,1,approximately,N,1,1,2,,,N,Y
1733,cmc-0023,M-012,201411301858,201411302358,5 hours 0 minutes,,20141130,weakness,0,3,1,1,1,1,0,0,4,1,0,1,1,0,2,1,Y,1,0,1,0,0,1,1,3,1,1,1,1,N,,,,,,,,,0,Y,0,1,,,0,0,1,1,0,Y,1,0,0,0,0,0,0,0,0,0,0,0,0,0,0,0,0,0,0,0,0,0,0,0,1,1,two beers,1,0,0,0,0,1,,N,1,1,2,,,N,N
2136,cmc-0023,M-012,201412191010,201412192359,13 hours 49 minutes,,20141219,weakness,0,3,1,1,1,1,1,1,6,1,0,1,1,1,3,1,Y,1,1,1,0,1,1,1,4,1,1,1,1,N,,,,,,,,,0,Y,0,1,,,0,0,1,1,0,Y,1,0,0,0,0,0,0,1,0,0,1,0,0,0,0,0,0,0,0,0,0,0,0,0,0,0,,0,0,0,0,0,0,,N,1,1,2,,,N,Y
2137,cmc-0023,M-012,201412201020,201412202359,13 hours 39 minutes,,20141220,weakness,0,3,1,1,1,1,1,1,6,1,0,1,1,1,3,1,Y,1,1,1,0,1,1,1,4,1,1,1,1,N,,,,,,,,,0,Y,0,1,,,0,0,1,1,0,Y,1,0,0,0,0,0,0,1,0,0,1,0,0,0,0,0,0,0,0,0,0,0,0,0,0,0,,0,0,0,0,0,0,,N,1,1,2,,,N,Y
2157,cmc-0023,M-012,201412230830,201412232359,15 hours 29 minutes,,20141223,weakness,0,4,1,0,1,0,1,1,4,1,0,1,1,1,3,1,Y,1,1,1,0,1,1,1,4,1,1,1,1,N,,,,,,,,,0,Y,0,1,,,0,0,1,1,0,Y,1,0,0,0,0,0,0,1,0,0,1,0,0,0,0,0,0,0,0,0,0,0,0,0,0,0,,0,0,0,0,0,0,,N,1,1,2,,,N,Y
1227,cmc-0027,CM-004,201411071230,201411072359,11 hours 29 minutes,,20141107,Severe,1,9,1,0,0,0,0,0,1,1,1,0,1,0,2,1,Y,1,1,0,0,1,0,0,1,0,1,1,1,N,,,,,,,,,0,Y,0,1,0,1,1,1,0,1,0,Y,1,0,0,0,0,0,0,0,0,0,0,0,0,0,0,0,0,0,0,0,0,0,0,0,1,1,Acute migraine persistent,0,0,0,0,0,0,,N,1,1,2,,,N,Y
759,cmc-0033,CM-006,201410172343,201410172359,16 minutes,,20141017,Severe,1,7,1,0,0,0,0,1,2,1,1,0,1,0,2,1,N,0,1,0,0,1,0,1,2,0,1,1,1,N,,,,,,,,,0,Y,0,1,0,1,1,,,0,0,Y,1,1,0,0,0,0,0,0,0,0,1,0,0,0,0,0,0,0,0,0,0,0,0,0,0,0,,0,0,0,0,0,0,,N,1,1,2,,,N,Y
2881,cmc-0077,M-049,201501211100,201501211700,6 hours 0 minutes,,20150121,weakness,0,5,1,1,0,0,0,0,2,1,0,0,1,0,1,1,N,0,1,0,0,1,1,1,3,0,1,1,1,N,,,,,,,,,0,Y,0,1,0,1,1,,,0,0,Y,1,0,0,0,0,0,0,0,0,0,0,0,0,0,0,0,0,1,0,0,0,0,0,0,0,1,,0,0,0,0,0,0,,N,1,1,2,,,N,N
4462,cmc-0077,M-049,201502061400,201502061800,4 hours 0 minutes,,20150206,middle,1,5,0,1,0,0,0,0,1,1,0,0,1,0,1,1,Y,1,1,0,0,1,1,1,3,0,1,1,1,N,,,,,,,,,0,Y,0,1,,,0,0,1,1,0,Y,1,0,0,0,0,0,0,0,0,0,0,1,0,0,0,0,1,0,0,0,0,0,0,0,0,0,,0,1,0,0,0,1,,N,1,1,2,,,N,N
4611,cmc-0077,M-049,201503220550,201503220750,2 hours 0 minutes,,20150322,weakness,0,2,0,1,0,0,0,0,1,1,0,0,1,0,1,1,N,0,1,0,0,1,0,0,1,0,1,1,1,N,,,,,,,,,0,N,0,0,,,0,,,0,0,Y,1,0,0,0,0,0,0,0,0,0,0,0,0,0,0,0,0,0,0,0,0,0,0,0,1,1,Don't know,0,1,0,0,0,1,,N,1,1,2,,,N,N
460,dha-0018,EM18,201410020607,201410020814,2 hours 7 minutes,,20141002,middle,1,4,1,0,0,0,0,0,1,1,0,1,1,0,2,1,Y,1,1,0,0,1,0,0,1,0,1,1,1,N,,,,,,,,,0,N,0,0,,,0,,,0,0,Y,1,1,0,0,0,0,0,0,0,0,1,0,0,0,0,0,0,0,0,0,0,0,0,0,0,0,,0,0,0,0,0,0,,N,1,1,2,,,,
1072,dha-0018,EM18,201411090838,201411092359,15 hours 21 minutes,,20141109,middle,1,8,1,0,0,0,0,0,1,1,1,0,0,0,1,1,N,0,1,0,0,1,0,0,1,0,1,1,1,N,,,,,,,,,0,Y,0,1,0,1,1,,,0,0,Y,1,0,0,0,0,0,0,0,0,0,0,0,0,0,0,0,0,0,0,0,0,0,0,0,1,1,stretching,0,1,0,0,0,1,,N,1,1,2,,,,
1321,dha-0018,EM18,201411231225,201411232359,11 hours 34 minutes,,20141123,weakness,0,1,1,0,0,0,0,0,1,1,1,0,0,0,1,1,N,0,1,0,0,1,0,0,1,0,1,1,1,N,,,,,,,,,0,N,0,0,,,0,,,0,0,Y,1,1,0,0,0,0,0,0,0,0,1,0,0,0,0,0,0,0,0,0,0,0,0,0,0,0,,0,1,0,0,0,1,,N,1,1,2,,,,
1607,dha-0018,EM18,201412050556,201412050856,3 hours 0 minutes,,20141205,weakness,0,1,1,0,0,0,0,0,1,1,1,0,1,0,2,1,N,0,1,0,0,1,0,0,1,0,1,1,1,N,,,,,,,,,0,N,0,0,,,0,,,0,0,Y,1,1,0,0,0,0,0,0,0,0,1,0,0,0,0,0,0,0,0,0,0,0,0,0,0,0,,0,1,0,0,0,1,,N,1,1,2,,,N,N
3090,dha-0061,EM61,201502151500,201502151939,4 hours 39 minutes,,20150215,weakness,0,2,0,0,1,0,0,0,1,0,1,0,1,0,2,1,Y,1,0,1,0,0,0,1,2,1,1,1,1,Y,1,,,1,Almogran,0,0,1,1,Y,1,1,0,1,1,0,1,1,0,Y,1,0,0,0,0,0,0,1,0,0,1,0,0,0,0,0,0,0,0,0,0,0,0,0,0,0,,0,1,0,0,0,1,,N,1,1,2,,,N,N
651,cmc-0023,M-012,201410091037,201410092359,13 hours 22 minutes,,20141009,middle,1,6,1,1,1,1,1,1,6,1,0,0,0,0,0,0,Y,1,0,1,0,0,0,1,2,1,1,1,1,Y,,,,3,Naramik,0,1,0,1,Y,1,1,0,1,1,0,1,1,0,Y,1,0,0,0,0,0,0,1,0,0,1,0,0,0,0,0,0,0,0,0,0,0,0,0,0,0,,1,1,0,0,0,2,,N,1,1,2,,,N,Y
652,cmc-0023,M-012,201410101238,201410102359,11 hours 21 minutes,,20141010,middle,1,6,1,1,1,1,1,1,6,1,0,1,1,0,2,1,Y,1,0,1,0,0,0,1,2,1,1,1,1,Y,,,,3,Naramik,0,1,0,1,Y,1,1,0,1,1,0,1,1,0,Y,1,0,0,0,0,0,0,1,0,0,1,0,0,0,0,0,0,0,0,0,0,0,0,0,0,0,,1,1,0,0,0,2,,N,1,1,2,,,N,Y
593,cmc-0024,CM-002,201410081812,201410082312,5 hours 0 minutes,,20141008,weakness,0,1,1,0,0,0,1,0,2,1,0,1,1,0,2,1,Y,1,0,1,0,0,0,1,2,1,1,1,1,Y,1,1,1,,,0,0,1,1,Y,1,1,,,0,0,1,1,0,Y,1,0,0,0,0,0,0,0,0,1,1,0,0,0,0,0,0,0,0,0,0,0,0,0,0,0,,0,0,0,0,1,1,Taking medicine,N,1,1,2,,,N,N
1972,dha-0057,em57,201412201000,201412202000,10 hours 0 minutes,,20141220,weakness,0,6,0,1,0,0,0,0,1,1,1,0,0,1,2,1,N,0,0,1,0,0,0,1,2,1,1,1,1,Y,,1,1,,,0,1,0,1,N,1,0,,,0,,,0,0,Y,1,1,0,0,0,0,0,0,0,0,1,0,0,0,0,0,0,0,0,0,0,0,0,0,0,0,,1,1,0,0,0,2,,Y,0,1,1,0 hours 0 minutes,1 hour 0 minutes,N,N
918,cmc-0002,M-002,201410251840,201410252230,3 hours 50 minutes,,20141025,Severe,1,,0,0,1,1,1,1,4,0,1,1,1,1,4,1,Y,1,1,1,0,1,1,0,3,0,1,1,1,Y,,,1,,,0,1,0,1,Y,1,1,,,0,1,0,1,0,Y,1,0,0,0,0,0,1,0,0,0,1,0,0,0,0,0,0,0,0,0,0,0,0,0,0,0,,0,1,0,0,0,1,,N,1,1,2,,,N,N
998,cmc-0002,M-002,201410281250,201410282000,7 hours 10 minutes,,20141028,Severe,1,,0,0,1,1,1,0,3,0,1,1,0,0,2,1,Y,1,1,1,0,1,1,0,3,0,1,1,1,Y,,,1,,,0,1,0,1,Y,1,1,,,0,1,0,1,0,Y,1,0,0,0,0,0,0,0,0,1,1,0,0,0,0,0,0,0,0,0,0,0,0,0,0,0,,0,0,0,0,0,0,,N,1,1,2,,,N,N
845,cmc-0009,M-008,201410211400,201410212359,9 hours 59 minutes,,20141021,middle,1,7,0,0,1,1,0,0,2,0,1,1,0,0,2,1,Y,1,1,0,0,1,0,0,1,0,1,1,1,Y,,,3,,,0,0,1,1,Y,1,1,,,0,0,1,1,0,Y,1,0,0,0,0,0,0,0,0,0,0,0,0,0,0,0,0,0,0,0,0,0,0,0,1,1,"tension, nerves",1,0,0,0,0,1,,N,1,1,2,,,N,N
1138,cmc-0011,M-010,201410290300,201410292300,20 hours 0 minutes,,20141029,Severe,1,,0,0,0,1,0,0,1,0,0,1,0,0,1,0,Y,1,1,1,0,1,0,1,3,1,1,1,1,Y,,,2,,,0,0,1,1,Y,1,1,0,1,1,,,0,0,Y,1,0,0,0,0,0,0,1,0,0,1,0,0,0,0,0,0,0,0,0,0,0,0,0,0,0,,0,0,0,0,0,0,,N,1,1,2,,,N,N
1139,cmc-0011,M-010,201410300302,201410302350,20 hours 48 minutes,,20141030,Severe,1,,0,0,0,1,0,0,1,0,0,1,0,0,1,0,Y,1,1,1,0,1,0,0,2,0,1,1,1,Y,,,2,,,0,1,0,1,Y,1,1,1,0,1,,,0,0,Y,1,0,0,0,0,0,0,1,0,0,1,0,0,0,0,0,0,0,0,0,0,0,0,0,0,0,,0,0,0,0,0,0,,N,1,1,2,,,N,N
1747,cmc-0011,M-010,201412040400,201412041000,6 hours 0 minutes,,20141204,middle,1,5,0,0,0,1,0,0,1,0,0,0,0,1,1,0,Y,1,1,1,0,1,1,0,3,0,1,1,1,Y,,,1,,,0,0,1,1,N,1,0,,,0,,,0,0,Y,1,0,0,0,0,0,0,0,1,0,1,0,0,0,0,0,0,0,0,0,0,0,0,0,0,0,,0,0,0,0,0,0,,N,1,1,2,,,N,N
445,cmc-0032,CM-005,201410022023,201410022359,3 hours 36 minutes,,20141002,Severe,1,9,0,0,0,1,0,1,2,0,1,1,1,0,3,1,Y,1,0,1,0,0,1,1,3,1,1,1,1,Y,1,,,,,0,0,1,1,Y,1,1,,,0,1,0,1,0,Y,1,0,0,0,0,0,0,0,0,0,0,0,0,0,0,0,0,1,0,0,0,0,0,0,0,1,,0,0,0,0,0,0,,N,1,1,2,,,N,N
446,cmc-0032,CM-005,201410030000,201410030800,8 hours 0 minutes,,20141003,Severe,1,8,0,0,0,1,0,1,2,0,1,1,1,0,3,1,Y,1,0,1,0,0,1,1,3,1,1,1,1,Y,1,,,,,0,0,1,1,Y,1,1,,,0,1,0,1,0,Y,1,0,0,0,0,0,0,0,0,0,0,0,0,0,0,0,0,1,0,0,0,0,0,0,0,1,,1,0,0,0,0,1,,N,1,1,2,,,N,N
1104,cmc-0032,CM-005,201410221309,201410221909,6 hours 0 minutes,,20141022,Severe,1,8,0,0,0,0,0,1,1,0,0,1,1,1,3,1,Y,1,0,1,0,0,1,1,3,1,1,1,1,Y,1,,,,,0,0,1,1,Y,1,1,0,1,1,,,0,1,Y,1,1,0,0,0,0,0,0,0,0,1,0,0,0,0,0,0,0,0,0,0,0,0,0,0,0,,0,1,0,0,0,1,,Y,0,1,1,0 hours 0 minutes,1 hour 0 minutes,N,N
1745,cmc-0042,M-026,201412021428,201412022200,7 hours 32 minutes,,20141202,middle,1,6,0,0,0,1,0,1,2,0,1,0,0,1,2,1,Y,1,1,0,0,1,0,0,1,0,1,1,1,Y,,,,2,Indenol tablets,1,0,0,1,Y,1,1,0,1,1,0,1,1,0,Y,1,0,0,0,0,0,1,0,0,0,1,0,0,0,0,0,0,0,0,0,0,0,0,0,0,0,,1,1,0,0,0,2,,N,1,1,2,,,N,N
1786,cmc-0042,M-026,201412071518,201412072359,8 hours 41 minutes,,20141207,weakness,0,4,0,0,0,1,0,0,1,0,1,0,0,0,1,1,Y,1,1,0,0,1,0,0,1,0,1,1,1,Y,,,,2,Indenol tablets,1,0,0,1,Y,1,1,0,1,1,0,1,1,0,Y,1,0,0,0,0,0,1,0,0,0,1,0,0,0,0,0,0,0,0,0,0,0,0,0,0,0,,1,1,0,0,0,2,,N,1,1,2,,,,
2163,cmc-0063,M-036,201412231700,201412232100,4 hours 0 minutes,,20141223,Severe,1,7,0,0,0,1,0,0,1,0,0,1,0,0,1,0,Y,1,1,0,0,1,0,0,1,0,1,1,1,Y,,,1,,,0,1,0,1,Y,1,1,,,0,1,0,1,1,Y,1,1,0,0,0,0,0,0,0,0,1,0,0,0,0,0,0,0,0,0,0,0,0,0,0,0,,1,1,0,0,0,2,,N,1,1,2,,,N,N
3415,cmc-0069,M-042,201502090750,,1 hour 57 minutes,,20150209,middle,1,5,0,0,0,0,1,0,1,0,0,1,1,0,2,1,N,0,1,0,0,1,0,0,1,0,1,1,1,Y,,,,2,,0,0,1,1,Y,1,1,,,0,0,1,1,0,Y,1,0,0,0,0,0,0,1,0,0,1,0,0,0,0,0,0,0,0,0,0,0,0,0,0,0,,1,0,0,0,0,1,,N,1,1,2,,,N,N
3206,cmc-0078,M-050,201502030830,201502032359,15 hours 29 minutes,,20150203,middle,1,4,0,0,0,1,0,1,2,0,0,0,1,1,2,1,N,0,0,1,0,0,1,1,3,1,1,1,1,Y,,,,2,,0,1,0,1,Y,1,1,,,0,0,1,1,0,Y,1,0,0,0,0,0,0,0,0,0,0,1,0,0,0,0,1,0,0,0,0,0,0,0,0,0,,0,1,0,0,0,1,,N,1,1,2,,,N,Y
182,dha-0010,em10,201409061059,201409061932,8 hours 33 minutes,,20140906,middle,1,,0,0,0,1,0,0,1,0,1,0,0,0,1,1,Y,1,1,0,0,1,0,0,1,0,1,1,1,Y,,1,,,,0,1,0,1,Y,1,1,,,0,0,1,1,0,Y,1,0,0,0,0,0,0,0,0,0,0,0,0,0,0,0,0,0,0,0,0,0,0,0,1,1,cold,1,1,0,0,0,2,,N,1,1,2,,,N,N
2450,dha-0039,em39,201501031000,201501031400,4 hours 0 minutes,,20150103,middle,1,4,0,0,0,1,0,0,1,0,0,0,1,0,1,1,Y,1,1,0,0,1,0,0,1,0,1,1,1,Y,,,,1,Almogran,0,1,0,1,Y,1,1,,,0,0,1,1,0,Y,1,0,0,0,0,0,1,0,0,0,1,0,0,0,0,0,0,0,0,0,0,0,0,0,0,0,,0,1,0,0,1,2,approximately,N,1,1,2,,,N,N
2359,dha-0057,em57,201501051300,201501052359,10 hours 59 minutes,,20150105,Severe,1,8,0,0,0,0,0,0,0,0,1,0,1,1,3,1,Y,1,1,1,1,1,0,1,4,1,1,1,1,Y,,1,1,,,0,1,0,1,Y,1,1,1,0,1,1,0,1,1,Y,1,0,0,0,0,0,0,1,0,0,1,0,0,0,0,0,0,0,0,0,0,0,0,0,0,0,,1,1,1,0,0,3,,N,1,1,2,,,N,Y
2653,dha-0063,em63,201501211200,,5 hours 0 minutes,,20150121,middle,1,5,0,0,1,1,0,0,2,0,0,0,1,1,2,1,Y,1,1,0,0,1,0,0,1,0,1,1,1,Y,,,1,1,pharmaceutical,0,0,1,1,Y,1,1,,,0,1,0,1,0,Y,1,0,0,0,0,0,0,0,0,0,0,0,0,0,0,0,0,0,0,0,0,0,0,0,1,1,gastritis,1,1,0,0,1,3,Taking medicine,N,1,1,2,,,N,N
392,cmc-0002,M-002,201409300630,201409301340,7 hours 10 minutes,,20140930,Severe,1,,0,1,1,1,1,1,5,1,1,1,1,1,4,1,Y,1,0,1,1,1,1,0,3,0,1,1,1,Y,,,1,,,0,0,1,1,Y,1,1,,,0,1,0,1,0,Y,1,1,0,0,0,0,0,0,0,0,1,0,0,0,0,0,0,0,0,0,0,0,0,0,0,0,,0,1,0,0,0,1,,N,1,1,2,,,N,N
766,cmc-0010,M-009,201410180528,201410181228,7 hours 0 minutes,,20141018,middle,1,5,1,0,0,0,0,0,1,1,1,1,0,0,2,1,Y,1,1,1,0,1,0,0,2,0,1,1,1,Y,,,,1,hospital prescription medication,0,0,1,1,Y,1,1,,,0,0,1,1,0,Y,1,1,0,0,0,0,0,0,0,0,1,0,0,0,0,0,0,0,0,0,0,0,0,0,0,0,,1,1,0,0,0,2,,N,1,1,2,,,N,N
1265,cmc-0010,M-009,201411090500,201411092142,16 hours 42 minutes,,20141109,Severe,1,8,1,0,0,0,0,0,1,1,1,1,1,0,3,1,Y,1,1,1,1,1,1,0,4,0,1,1,1,Y,,,,2,Advanced medicine,0,0,1,1,Y,1,1,,,0,1,0,1,1,Y,1,0,0,0,0,0,0,0,0,0,0,0,0,0,0,0,0,0,0,0,0,0,0,0,1,1,I'm not sure,1,1,0,0,1,3,station,N,1,1,2,,,N,N
89,cmc-0011,M-010,201409060640,201409062359,17 hours 19 minutes,,20140906,Severe,1,9,0,1,0,0,0,1,2,1,0,1,0,0,1,0,Y,1,1,1,1,1,0,0,3,0,1,1,1,Y,,,2,,,1,0,0,1,Y,1,1,0,1,1,1,0,1,0,Y,1,0,0,1,0,0,0,0,0,0,1,0,0,0,0,0,0,0,0,0,0,0,0,0,0,0,,1,0,0,0,1,2,Taking painkillers,N,1,1,2,,,N,Y
510,cmc-0023,M-012,201410060830,201410062359,15 hours 29 minutes,,20141006,,,5,1,1,1,1,1,1,6,1,0,1,1,1,3,1,Y,1,0,1,0,0,1,1,3,1,1,1,1,Y,,,,3,Almograan + prescription drugs,0,1,0,1,Y,1,1,0,1,1,0,1,1,1,Y,1,0,0,0,0,0,0,1,0,0,1,0,0,0,0,0,0,0,0,0,0,0,0,0,0,0,,0,0,0,0,1,1,approximately,N,1,1,2,,,N,Y
650,cmc-0023,M-012,201410111135,201410112359,12 hours 24 minutes,,20141011,middle,1,8,1,1,1,1,1,1,6,1,0,1,1,1,3,1,Y,1,1,1,0,1,1,1,4,1,1,1,1,Y,,,,3,Naramik,0,1,0,1,Y,1,1,0,1,1,0,1,1,0,Y,1,0,0,0,0,0,0,1,0,0,1,0,0,0,0,0,0,0,0,0,0,0,0,0,0,0,,1,0,0,0,0,1,,N,1,1,2,,,N,Y
773,cmc-0023,M-012,201410190920,201410192359,14 hours 39 minutes,,20141019,Severe,1,8,1,0,0,0,0,1,2,1,0,1,1,1,3,1,Y,1,1,1,0,1,1,0,3,0,1,1,1,Y,,,,1,Almogran,0,1,0,1,Y,1,1,,,0,1,0,1,0,Y,1,1,0,0,0,0,0,0,0,0,1,0,0,0,0,0,0,0,0,0,0,0,0,0,0,0,,1,0,1,0,0,2,,N,1,1,2,,,N,Y
897,cmc-0023,M-012,201410250745,201410252359,16 hours 14 minutes,,20141025,Severe,1,10,1,1,1,1,1,1,6,1,1,0,0,0,1,1,Y,1,1,1,1,1,1,1,5,1,1,1,1,Y,,,,1,almogram,1,0,0,1,Y,1,1,,,0,1,0,1,1,Y,1,0,0,0,0,0,0,0,0,0,0,0,0,0,0,0,0,0,0,0,0,0,0,0,1,1,body aches,0,0,0,0,1,1,approximately,N,1,1,2,,,N,Y
1020,cmc-0023,M-012,201410260832,201410262359,15 hours 27 minutes,,20141026,Severe,1,10,1,1,1,1,1,1,6,1,1,0,0,0,1,1,Y,1,1,1,0,1,1,1,4,1,1,1,1,Y,,,,2,almogram,0,1,0,1,Y,1,1,,,0,1,0,1,0,Y,1,0,0,0,0,0,0,0,0,0,0,0,0,0,0,0,0,0,0,0,0,0,0,0,1,1,body aches,0,0,0,0,1,1,approximately,N,1,1,2,,,N,Y
2135,cmc-0023,M-012,201412211330,201412212359,10 hours 29 minutes,,20141221,middle,1,7,1,1,1,1,1,1,6,1,0,0,1,1,2,1,Y,1,1,1,0,1,0,1,3,1,1,1,1,Y,,,,1,Naramik,0,1,0,1,Y,1,1,,,0,1,0,1,0,Y,1,0,0,0,0,0,0,1,0,0,1,0,0,0,0,0,0,0,0,0,0,0,0,0,0,0,,0,0,0,0,0,0,,N,1,1,2,,,N,Y
2156,cmc-0023,M-012,201412220836,201412222359,15 hours 23 minutes,,20141222,middle,1,7,1,1,1,1,1,1,6,1,0,1,1,1,3,1,Y,1,1,1,0,1,1,1,4,1,1,1,1,Y,,,,1,Naramik,0,1,0,1,Y,1,1,,,0,0,1,1,0,Y,1,0,0,0,0,0,0,1,0,0,1,0,0,0,0,0,0,0,0,0,0,0,0,0,0,0,,0,0,0,0,0,0,,N,1,1,2,,,N,Y
1182,cmc-0025,CM-003,201411061420,201411062359,9 hours 39 minutes,,20141106,middle,1,6,1,0,0,0,0,0,1,1,0,1,1,0,2,1,N,0,1,0,0,1,0,0,1,0,1,1,1,Y,1,,,,,1,0,0,1,N,1,0,,,0,,,0,0,Y,1,0,0,0,0,0,0,0,0,0,0,0,0,1,0,0,1,0,0,0,0,0,0,0,0,0,,1,1,0,0,0,2,,Y,0,1,1,0 hours 0 minutes,0 hours 50 minutes,,
1180,cmc-0027,cm-004,201411061136,201411062359,12 hours 23 minutes,,20141106,Severe,1,9,1,1,1,1,0,0,4,1,1,1,1,0,3,1,Y,1,1,1,0,1,0,1,3,1,1,1,1,Y,,3,,,,0,1,0,1,Y,1,1,,,0,1,0,1,0,Y,1,0,0,0,0,0,0,0,0,0,0,0,0,0,0,0,0,0,0,0,0,0,0,0,1,1,home repairs,0,0,0,0,0,0,,N,1,1,2,,,N,N
1881,cmc-0028,M-014,201411240910,201411241410,5 hours 0 minutes,,20141124,middle,1,4,1,0,0,0,0,1,2,1,0,0,1,0,1,1,Y,1,0,0,1,1,0,0,1,0,1,1,1,Y,,,,1,Almogran,0,1,0,1,N,1,0,,,0,,,0,0,Y,1,0,0,0,0,0,0,0,0,0,0,0,0,0,0,0,0,1,0,0,0,0,0,0,0,1,,1,0,0,0,0,1,,N,1,1,2,,,N,N
1890,cmc-0028,M-014,201412030912,201412031312,4 hours 0 minutes,,20141203,middle,1,4,1,0,1,0,0,1,3,1,0,0,1,0,1,1,Y,1,0,0,1,1,0,0,1,0,1,1,1,Y,,,,1,Almogran,0,1,0,1,N,1,0,,,0,,,0,0,Y,1,0,0,0,0,0,0,0,0,0,0,0,0,0,0,0,0,1,0,0,0,0,0,0,0,1,,1,0,0,0,0,1,,N,1,1,2,,,N,N
2366,cmc-0048,M-032,201501010130,201501011110,9 hours 40 minutes,,20150101,weakness,0,3,1,0,0,0,0,0,1,1,1,0,0,0,1,1,N,0,1,0,0,1,0,0,1,0,1,1,1,Y,,,1,,,0,1,0,1,N,1,0,,,0,,,0,0,Y,1,0,0,0,0,0,0,0,0,0,0,1,0,0,0,0,1,0,0,0,0,0,0,0,0,0,,0,1,0,0,0,1,,Y,0,1,1,0 hours 0 minutes,2 hours 0 minutes,N,N
2605,cmc-0048,M-032,201501111900,201501112359,4 hours 59 minutes,,20150111,Severe,1,8,1,0,0,0,0,0,1,1,1,0,0,0,1,1,N,0,1,0,0,1,0,1,2,0,1,1,1,Y,,,1,,,0,0,1,1,Y,1,1,,,0,0,1,1,0,Y,1,0,0,0,1,0,0,0,0,0,1,0,0,0,0,0,0,0,0,0,0,0,0,0,0,0,,0,0,0,0,1,1,Take headache medication 8 hours after headache starts. Headache gradually decreases after 1 hour,Y,0,1,1,0 hours 0 minutes,3 hours 0 minutes,N,Y
2211,cmc-0063,M-036,201412250000,201412250300,3 hours 0 minutes,,20141225,middle,1,5,1,0,0,0,0,0,1,1,1,0,0,0,1,1,Y,1,1,0,0,1,0,0,1,0,1,1,1,Y,,,1,,,0,0,1,1,Y,1,1,,,0,0,1,1,0,Y,1,0,0,0,0,0,0,0,0,0,0,0,0,0,0,0,0,0,0,0,0,0,0,0,1,1,Long-term computer use,1,0,0,0,0,1,,N,1,1,2,,,N,N
278,dha-0002,em2,201409150000,201409150930,9 hours 30 minutes,,20140915,weakness,0,3,1,1,1,0,0,1,4,1,1,1,1,1,4,1,Y,1,0,1,0,0,1,1,3,1,1,1,1,Y,,,,1,prescription drugs,0,0,1,1,Y,1,1,,,0,0,1,1,0,Y,1,1,0,0,0,0,0,0,0,0,1,0,0,0,0,0,0,0,0,0,0,0,0,0,0,0,,0,0,0,0,1,1,Taking medicine,Y,0,1,1,0 hours 0 minutes,0 hours 10 minutes,N,N
164,dha-0010,em10,201409051733,201409051933,2 hours 0 minutes,,20140905,middle,1,,1,0,0,0,0,0,1,1,1,0,0,0,1,1,Y,1,1,0,0,1,0,0,1,0,1,1,1,Y,,1,,,,0,0,1,1,Y,1,1,,,0,0,1,1,0,Y,1,0,1,0,0,0,0,0,0,0,1,0,0,0,0,0,0,0,0,0,0,0,0,0,0,0,,0,1,0,0,0,1,,N,1,1,2,,,N,N
537,dha-0010,em10,201409071537,201409071837,3 hours 0 minutes,,20140907,middle,1,,0,1,0,0,0,0,1,1,0,1,0,0,1,0,Y,1,1,0,0,1,0,0,1,0,1,1,1,Y,,1,,,,0,1,0,1,,1,0,,,0,,,0,0,Y,1,0,0,0,0,0,1,0,0,0,1,0,0,0,0,0,0,0,0,0,0,0,0,0,0,0,,1,1,0,0,0,2,,N,1,1,2,,,N,N
691,dha-0018,EM18,201410151630,201410151730,1 hour 0 minutes,,20141015,Severe,1,8,0,1,0,0,0,0,1,1,1,0,1,0,2,1,Y,1,1,1,0,1,0,0,2,0,1,1,1,Y,,,,1,discouragement,0,1,0,1,Y,1,1,0,1,1,,,0,0,Y,1,1,0,0,0,0,0,0,0,0,1,0,0,0,0,0,0,0,0,0,0,0,0,0,0,0,,0,1,0,0,0,1,,N,1,1,2,,,N,N
835,dha-0018,EM18,201410250726,201410252359,16 hours 33 minutes,,20141025,Severe,1,9,1,0,0,0,0,0,1,1,1,1,1,0,3,1,N,0,1,1,0,1,0,0,2,0,1,1,1,Y,,,1,,,0,1,0,1,Y,1,1,0,1,1,,,0,0,Y,1,1,0,0,0,0,0,0,0,0,1,0,0,0,0,0,0,0,0,0,0,0,0,0,0,0,,0,1,0,0,0,1,,N,0,0,0,0 hours 0 minutes,0 hours 0 minutes,,
551,dha-0027,EM27,201410060600,201410062359,17 hours 59 minutes,,20141006,middle,1,5,0,1,0,0,0,0,1,1,0,1,0,0,1,0,Y,1,1,0,0,1,0,0,1,0,1,1,1,Y,,,,1,,0,0,1,1,Y,1,1,,,0,0,1,1,0,Y,1,0,0,0,0,0,0,0,0,0,0,0,0,0,0,0,0,1,0,0,0,0,0,0,0,1,,0,0,0,0,0,0,,N,1,1,2,,,N,Y
2611,dha-0050,EM50,201501181914,201501182214,3 hours 0 minutes,,20150118,weakness,0,2,1,0,0,0,1,0,2,1,1,0,0,0,1,1,Y,1,1,0,0,1,0,0,1,0,1,1,1,Y,,1,,,,0,1,0,1,N,1,0,,,0,,,0,0,Y,1,0,0,0,0,0,1,0,0,0,1,0,0,0,0,0,0,0,0,0,0,0,0,0,0,0,,1,1,0,0,0,2,,N,1,1,2,,,N,N
2715,dha-0053,em53,201501240052,201501242359,23 hours 7 minutes,,20150124,Severe,1,5,1,0,0,0,0,0,1,1,1,0,1,0,2,1,Y,1,1,0,0,1,0,0,1,0,1,1,1,Y,,,,2,Almogran,0,0,1,1,Y,1,1,,,0,1,0,1,1,Y,1,0,0,0,0,0,0,1,0,0,1,0,0,0,0,0,0,0,0,0,0,0,0,0,0,0,,1,1,0,0,1,3,Taking medicine,N,1,1,2,,,N,Y
1748,dha-0057,em57,201412090700,201412092359,16 hours 59 minutes,,20141209,Severe,1,9,1,0,0,0,0,0,1,1,1,0,0,0,1,1,Y,1,1,1,1,1,1,1,5,1,1,1,1,Y,,,1,,,0,1,0,1,Y,1,1,0,1,1,1,0,1,1,Y,1,0,0,0,0,0,0,1,0,0,1,0,0,0,0,0,0,0,0,0,0,0,0,0,0,0,,1,1,0,0,0,2,,N,0,0,0,0 hours 0 minutes,0 hours 0 minutes,N,Y
2275,dha-0057,em57,201501021500,201501022359,8 hours 59 minutes,,20150102,middle,1,8,0,1,0,0,0,0,1,1,0,0,1,1,2,1,Y,1,1,0,0,1,0,1,2,0,1,1,1,Y,,1,1,,,0,1,0,1,Y,1,1,0,1,1,0,1,1,1,Y,1,0,0,0,0,0,0,0,1,0,1,0,0,0,0,0,0,0,0,0,0,0,0,0,0,0,,1,1,0,0,0,2,,N,1,1,2,,,N,Y
2273,dha-0057,em57,201501041000,201501042359,13 hours 59 minutes,,20150104,middle,1,7,1,0,0,0,0,0,1,1,1,0,0,1,2,1,N,0,1,1,0,1,1,1,4,1,1,1,1,Y,,1,1,,,0,1,0,1,N,1,0,,,0,,,0,0,Y,1,0,0,0,0,0,1,0,0,0,1,0,0,0,0,0,0,0,0,0,0,0,0,0,0,0,,1,1,0,0,0,2,,Y,1,0,1,3 hours 0 minutes,0 hours 0 minutes,,
2360,dha-0057,em57,201501060730,201501062200,14 hours 30 minutes,,20150106,Severe,1,8,0,1,0,0,0,0,1,1,1,1,1,0,3,1,Y,1,1,1,1,1,0,1,4,1,1,1,1,Y,,1,1,,,0,1,0,1,Y,1,1,1,0,1,1,0,1,1,Y,1,0,0,0,0,0,0,1,0,0,1,0,0,0,0,0,0,0,0,0,0,0,0,0,0,0,,1,1,1,0,0,3,,N,1,1,2,,,N,N
2362,dha-0057,em57,201501070630,201501072300,16 hours 30 minutes,,20150107,Severe,1,9,0,1,0,0,0,0,1,1,1,1,1,1,4,1,Y,1,1,1,1,1,0,1,4,1,1,1,1,Y,,1,1,,,0,1,0,1,Y,1,1,1,0,1,1,0,1,1,Y,1,0,0,0,0,0,0,1,0,0,1,0,0,0,0,0,0,0,0,0,0,0,0,0,0,0,,1,1,1,0,0,3,,N,1,1,2,,,N,N
2361,dha-0057,em57,201501080630,201501082300,16 hours 30 minutes,,20150108,Severe,1,9,0,1,0,0,0,0,1,1,1,1,1,1,4,1,Y,1,1,1,1,1,0,1,4,1,1,1,1,Y,,1,1,,,0,1,0,1,Y,1,1,0,1,1,1,0,1,1,Y,1,0,0,0,0,0,0,1,0,0,1,0,0,0,0,0,0,0,0,0,0,0,0,0,0,0,,1,1,1,0,0,3,,N,1,1,2,,,N,N
2779,dha-0057,em57,201501261030,201501262359,13 hours 29 minutes,,20150126,middle,1,8,0,1,0,0,0,1,2,1,1,0,0,1,2,1,Y,1,1,1,0,1,0,1,3,1,1,1,1,Y,,1,,,,0,1,0,1,Y,1,1,0,1,1,0,1,1,1,Y,1,0,0,1,0,0,0,0,0,0,1,0,0,0,0,0,0,0,0,0,0,0,0,0,0,0,,1,0,0,0,0,1,,N,1,1,2,,,N,Y
3185,dha-0057,em57,201502041000,201502042359,13 hours 59 minutes,,20150204,middle,1,7,0,1,0,0,0,0,1,1,0,1,1,0,2,1,Y,1,1,1,0,1,1,1,4,1,1,1,1,Y,,1,1,,,0,1,0,1,Y,1,1,1,0,1,1,0,1,1,Y,1,0,0,0,0,0,0,1,0,0,1,0,0,0,0,0,0,0,0,0,0,0,0,0,0,0,,0,1,1,0,0,2,,Y,0,1,1,0 hours 0 minutes,0 hours 20 minutes,N,Y
3186,dha-0057,em57,201502050800,201502052359,15 hours 59 minutes,,20150205,Severe,1,5,0,1,0,0,0,0,1,1,1,1,1,0,3,1,Y,1,1,1,1,1,1,1,5,1,1,1,1,Y,,1,1,,,0,1,0,1,Y,1,1,1,0,1,1,0,1,1,Y,1,0,0,0,0,0,0,1,0,0,1,0,0,0,0,0,0,0,0,0,0,0,0,0,0,0,,0,1,1,0,0,2,,N,1,1,2,,,N,Y
753,cmc-0032,CM-005,201410131252,201410131742,4 hours 50 minutes,,20141013,middle,1,6,0,0,0,0,0,1,1,0,0,1,1,0,2,1,Y,1,0,1,0,0,0,1,2,1,1,1,1,N,,,,,,,,,0,N,0,0,,,0,,,0,0,Y,2,1,0,0,0,0,0,0,0,0,1,0,0,0,0,0,0,1,0,0,0,0,0,0,0,1,,0,1,0,0,0,1,,Y,0,1,1,0 hours 0 minutes,2 hours 0 minutes,N,N
1532,cmc-0023,M-012,201411201157,201411201457,3 hours 0 minutes,,20141120,weakness,0,3,1,0,0,0,0,0,1,1,0,0,1,0,1,1,N,0,0,1,0,0,0,1,2,1,1,1,1,N,,,,,,,,,0,N,0,0,,,0,,,0,0,Y,2,0,0,0,1,0,0,1,0,0,2,0,0,0,0,0,0,0,0,0,0,0,0,0,0,0,,0,0,0,0,0,0,,Y,0,1,1,0 hours 0 minutes,2 hours 0 minutes,N,N
268,dha-0002,em2,201409141900,201409142359,4 hours 59 minutes,,20140914,weakness,0,2,1,0,1,0,0,0,2,1,1,1,0,0,2,1,Y,1,0,1,0,0,0,1,2,1,1,1,1,N,,,,,,,,,0,Y,0,1,,,0,0,1,1,0,Y,2,1,0,0,0,0,0,1,0,0,2,0,0,0,0,0,0,0,0,0,0,0,0,0,0,0,,1,1,0,0,0,2,,N,1,1,2,,,N,Y
377,cmc-0002,M-002,201409291704,201409292359,6 hours 55 minutes,,20140929,middle,1,,0,0,1,1,1,1,4,0,1,1,1,0,3,1,Y,1,0,0,1,1,0,0,1,0,1,1,1,N,,,,,,,,,0,Y,0,1,,,0,0,1,1,0,Y,2,0,0,0,0,0,0,1,0,0,1,1,0,0,0,0,1,0,0,0,0,0,0,0,0,0,,0,1,0,0,0,1,,N,1,1,2,,,N,Y
161,cmc-0006,CM-001,201409150008,201409152359,23 hours 51 minutes,,20140915,middle,1,5,0,0,0,1,1,1,3,0,1,0,1,0,2,1,N,0,1,0,0,1,1,0,2,0,1,1,1,N,,,,,,,,,0,Y,0,1,,,0,0,1,1,0,Y,2,0,0,0,0,0,0,1,0,0,1,0,0,0,0,1,1,0,0,0,0,0,0,0,0,0,,1,0,0,0,0,1,,N,1,1,2,,,N,Y
666,cmc-0006,CM-001,201410120001,201410122359,23 hours 58 minutes,,20141012,Severe,1,10,0,0,1,1,1,1,4,0,0,0,1,0,1,1,Y,1,0,0,1,1,0,0,1,0,1,1,1,N,,,,,,0,1,0,1,Y,0,1,,,0,0,1,1,0,Y,2,0,0,0,0,0,0,1,0,0,1,1,0,0,0,0,1,0,0,0,0,0,0,0,0,0,,1,0,0,0,0,1,,N,1,1,2,,,N,Y
1290,cmc-0025,CM-003,201411090639,201411092039,14 hours 0 minutes,,20141109,middle,1,6,0,0,0,1,0,0,1,0,0,1,1,0,2,1,N,0,1,0,0,1,0,0,1,0,1,1,1,N,,,,,,,,,0,N,0,0,,,0,,,0,0,Y,2,0,0,0,0,0,0,0,0,0,0,0,0,1,0,1,2,0,0,0,0,0,0,0,0,0,,1,1,0,0,0,2,,N,1,1,2,,,N,N
256,cmc-0032,CM-005,201409220918,201409221218,3 hours 0 minutes,,20140922,middle,1,5,0,0,0,0,0,1,1,0,0,1,1,0,2,1,Y,1,0,1,0,0,1,1,3,1,1,1,1,N,,,,,,,,,0,N,0,0,,,0,,,0,0,Y,2,1,0,1,0,0,0,0,0,0,2,0,0,0,0,0,0,0,0,0,0,0,0,0,0,0,,0,1,0,0,0,1,,N,1,1,2,,,N,N
808,cmc-0032,CM-005,201410200936,201410201436,5 hours 0 minutes,,20141020,middle,1,6,0,0,0,0,0,1,1,0,0,1,1,0,2,1,N,0,0,1,0,0,1,1,3,1,1,1,1,N,,,,,,,,,0,N,0,0,,,0,,,0,0,Y,2,1,0,1,0,0,0,0,0,0,2,0,0,0,0,0,0,0,0,0,0,0,0,0,0,0,,0,1,0,0,0,1,,N,1,1,2,,,N,N
331,cmc-0033,CM-006,201409251610,201409251710,1 hour 0 minutes,,20140925,weakness,0,1,0,0,0,0,0,1,1,0,1,0,0,0,1,1,Y,1,1,0,0,1,0,0,1,0,1,1,1,N,,,,,,,,,0,N,0,0,,,0,,,0,0,Y,2,1,0,0,0,0,1,0,0,0,2,0,0,0,0,0,0,0,0,0,0,0,0,0,0,0,,0,0,0,0,0,0,,N,1,1,2,,,N,N
1980,cmc-0042,M-026,201412131205,201412132359,11 hours 54 minutes,,20141213,middle,1,6,0,0,0,1,0,0,1,0,1,0,0,0,1,1,Y,1,1,1,0,1,0,0,2,0,1,1,1,N,,,,,,,,,0,Y,0,1,0,1,1,0,1,1,0,Y,2,1,0,0,0,0,1,0,0,0,2,0,0,0,0,0,0,0,0,0,0,0,0,0,0,0,,1,1,0,0,0,2,,Y,0,1,1,0 hours 0 minutes,0 hours 30 minutes,N,Y
3822,cmc-0077,M-049,201502090000,201502092359,23 hours 59 minutes,,20150209,Severe,1,10,0,0,1,1,0,0,2,0,0,1,0,0,1,0,Y,1,0,1,0,0,1,1,3,1,1,1,1,N,,,,,,,,,0,Y,0,1,,,0,1,0,1,0,Y,2,0,0,0,0,0,0,0,0,0,0,1,0,0,0,0,1,0,0,0,0,0,0,0,1,1,cold,0,0,0,0,0,0,,N,1,1,2,,,N,Y
4468,cmc-0077,M-049,201502181600,201502181900,3 hours 0 minutes,,20150218,middle,1,4,0,0,1,0,0,0,1,0,0,0,1,0,1,1,Y,1,1,0,0,1,0,0,1,0,1,1,1,N,,,,,,,,,0,Y,0,1,,,0,0,1,1,0,Y,2,1,0,0,0,0,0,1,0,0,2,0,0,0,0,0,0,0,0,0,0,0,0,0,0,0,,0,1,0,0,0,1,,N,0,1,1,0 hours 0 minutes,0 hours 30 minutes,N,N
1881,dha-0032,em32,201412160606,201412162036,14 hours 30 minutes,,20141216,middle,1,,0,0,0,1,0,0,1,0,1,0,1,0,2,1,N,0,1,0,0,1,0,0,1,0,1,1,1,N,,,,,,,,,0,Y,0,1,0,1,1,0,1,1,0,Y,2,1,0,0,0,0,1,0,0,0,2,0,0,0,0,0,0,0,0,0,0,0,0,0,0,0,,0,0,0,1,0,1,,Y,1,0,1,1 hour 0 minutes,0 hours 0 minutes,N,N
1136,dha-0039,em39,201411111130,201411112359,12 hours 29 minutes,,20141111,middle,1,5,0,0,0,1,0,0,1,0,0,0,1,0,1,1,N,0,1,0,0,1,1,0,2,0,1,1,1,N,,,,,,,,,0,N,0,0,,,0,,,0,0,Y,2,0,0,1,0,0,0,0,0,0,1,0,0,0,0,1,1,0,0,0,0,0,0,0,0,0,,1,0,0,0,0,1,,N,1,1,2,,,N,Y
1335,dha-0039,em39,201411212100,201411212330,2 hours 30 minutes,,20141121,middle,1,5,0,0,0,1,0,0,1,0,0,0,1,0,1,1,Y,1,1,0,0,1,1,0,2,0,1,1,1,N,,,,,,,,,0,N,0,0,,,0,,,0,0,Y,2,0,0,0,0,0,0,0,0,0,0,0,0,0,0,0,0,0,0,0,0,0,0,1,1,2,Using the car for long periods of time,0,1,0,0,0,1,,N,1,1,2,,,N,N
665,cmc-0006,CM-001,201410112257,201410112359,1 hour 2 minutes,,20141011,Severe,1,9,0,1,0,0,1,0,2,1,1,0,0,1,2,1,Y,1,1,0,0,1,0,0,1,0,1,1,1,N,,,,,,0,1,0,1,Y,0,1,,,0,0,1,1,0,Y,2,0,0,0,0,0,0,1,0,0,1,1,0,0,0,0,1,0,0,0,0,0,0,0,0,0,,1,0,0,0,0,1,,N,1,1,2,,,N,Y
868,cmc-0027,CM-004,201410220150,201410222103,6 days 19 hours 13 minutes,,20141022,middle,1,6,1,0,0,0,0,0,1,1,1,0,1,0,2,1,Y,1,1,1,0,1,1,1,4,1,1,1,1,N,,,,,,,,,0,Y,0,1,0,1,1,0,1,1,0,Y,2,0,0,0,0,0,1,0,0,0,1,0,0,0,0,0,0,0,0,0,0,0,0,0,1,1,"Atom test the day before, motion sickness, acute headache persisting",0,0,0,0,1,1,No improvement,N,1,1,2,,,N,N
4461,cmc-0077,M-049,201502071100,201502071400,3 hours 0 minutes,,20150207,middle,1,5,0,1,0,0,0,0,1,1,0,0,1,0,1,1,Y,1,1,0,0,1,0,1,2,0,1,1,1,N,,,,,,,,,0,Y,0,1,,,0,0,1,1,0,Y,2,0,0,1,0,0,0,0,0,0,1,0,0,0,0,0,0,0,1,0,0,0,0,0,0,1,,0,1,0,0,0,1,,N,0,0,0,0 hours 0 minutes,0 hours 0 minutes,N,N
3816,cmc-0077,M-049,201502231300,201502232359,10 hours 59 minutes,,20150223,weakness,0,3,1,0,0,0,0,0,1,1,0,0,1,0,1,1,Y,1,1,0,0,1,0,1,2,0,1,1,1,N,,,,,,,,,0,N,0,0,,,0,,,0,0,Y,2,0,0,1,0,0,0,0,0,0,1,0,0,0,0,0,0,0,0,1,0,0,0,0,0,1,,0,1,0,0,0,1,,N,1,1,2,,,,
5103,cmc-0077,M-049,201504050900,201504051300,4 hours 0 minutes,,20150405,middle,1,5,0,1,0,0,0,0,1,1,0,0,1,0,1,1,N,0,1,0,0,1,0,1,2,0,1,1,1,N,,,,,,,,,0,N,0,0,,,0,,,0,0,Y,2,0,0,1,0,0,0,0,0,0,1,0,0,0,0,1,1,0,0,0,0,0,0,0,0,0,,0,1,0,0,0,1,,N,1,1,2,,,N,N
187,dha-0004,EM4,201409070830,201409072359,15 hours 29 minutes,,20140907,middle,1,5,1,0,0,0,1,0,2,1,0,0,0,1,1,0,Y,1,1,0,0,1,0,0,1,0,1,1,1,N,,,,,,,,,0,Y,0,1,,,0,0,1,1,0,Y,2,0,0,0,0,0,0,0,0,0,0,0,0,0,0,0,0,1,0,0,0,0,0,1,0,2,,0,1,0,0,0,1,,Y,0,1,1,0 hours 0 minutes,1 hour 0 minutes,N,Y
1027,dha-0018,EM18,201411060726,201411060929,2 hours 3 minutes,,20141106,middle,1,6,1,0,0,0,0,0,1,1,1,0,0,0,1,1,N,0,1,1,0,1,1,0,3,0,1,1,1,N,,,,,,,,,0,Y,0,1,0,1,1,,,0,0,Y,2,1,0,0,0,0,1,0,0,0,2,0,0,0,0,0,0,0,0,0,0,0,0,0,0,0,,0,1,0,0,0,1,,N,1,1,2,,,,
1161,dha-0031,em31,201411122240,201411122307,27 minutes,,20141112,weakness,0,1,1,0,0,0,0,0,1,1,0,0,1,0,1,1,N,0,1,0,0,1,0,0,1,0,1,1,1,N,,,,,,,,,0,N,0,0,,,0,,,0,0,Y,2,0,0,1,0,0,0,0,0,0,1,1,0,0,0,0,1,0,0,0,0,0,0,0,0,0,,0,1,0,0,0,1,,N,0,0,0,0 hours 0 minutes,0 hours 0 minutes,N,N
1573,dha-0031,em31,201412021233,,27 minutes,,20141202,weakness,0,1,1,0,0,0,0,0,1,1,1,0,0,0,1,1,N,0,1,0,0,1,0,0,1,0,1,1,1,N,,,,,,,,,0,N,0,0,,,0,,,0,0,Y,2,0,0,0,0,0,0,0,1,0,1,1,0,0,0,0,1,0,0,0,0,0,0,0,0,0,,0,1,0,0,0,1,,N,1,1,2,,,N,N
610,dha-0010,em10,201410121200,201410121800,6 hours 0 minutes,,20141012,middle,1,6,0,0,0,1,1,1,3,0,1,0,1,0,2,1,,0,0,1,0,0,0,1,2,1,1,1,1,Y,,,,1,Naramik,0,0,1,1,N,1,0,,,0,,,0,0,Y,2,0,0,0,0,0,0,0,0,0,0,1,1,0,0,0,2,0,0,0,0,0,0,0,0,0,,0,1,0,0,0,1,,Y,0,1,1,0 hours 0 minutes,2 hours 0 minutes,N,N
557,cmc-0023,M-012,201410070830,201410072359,15 hours 29 minutes,,20141007,middle,1,5,1,1,1,1,1,1,6,1,0,1,1,0,2,1,Y,1,0,1,0,0,0,1,2,1,1,1,1,Y,,,,3,Almograan + prescription drugs,0,1,0,1,Y,1,1,0,1,1,1,0,1,1,Y,2,1,0,0,0,0,0,1,0,0,2,0,0,0,0,0,0,0,0,0,0,0,0,0,0,0,,1,1,0,0,0,2,,N,1,1,2,,,N,Y
295,dha-0002,em2,201409161500,,4 hours 0 minutes,,20140916,weakness,0,3,0,1,1,0,0,0,2,1,0,0,1,0,1,1,Y,1,0,1,0,0,0,1,2,1,1,1,1,Y,,,,1,Prescription medication (taken about 2 hours after headache starts),0,0,1,1,Y,1,1,,,0,0,1,1,0,Y,2,1,0,0,0,0,0,0,0,0,1,0,0,0,0,0,0,0,0,0,0,0,0,0,1,1,child problem,0,0,0,0,1,1,Disappears one hour after taking medication,Y,0,1,1,0 hours 0 minutes,0 hours 10 minutes,N,N
838,dha-0002,em2,201410260700,,2 hours 0 minutes,,20141026,middle,1,5,1,0,1,0,0,0,2,1,0,1,1,0,2,1,Y,1,0,1,0,0,0,1,2,1,1,1,1,Y,,,,1,Hospital prescribed medication (taken one hour after headache starts),0,1,0,1,Y,1,1,,,0,0,1,1,0,Y,2,1,0,0,0,0,0,0,0,0,1,0,0,0,0,0,0,0,0,0,0,0,0,0,1,1,Climbing the day before,0,0,0,0,1,1,Gets better an hour after taking the medicine,N,0,1,1,0 hours 0 minutes,0 hours 20 minutes,N,N
245,dha-0010,em10,201409121030,201409120704,20 hours 34 minutes per day,,20140912,Severe,1,8,0,1,0,0,1,1,3,1,1,1,1,1,4,1,N,0,0,1,0,0,0,1,2,1,1,1,1,Y,,,,1,Naramik,0,0,1,1,Y,1,1,0,1,1,0,1,1,0,Y,2,0,0,0,0,0,0,0,0,0,0,1,1,0,0,0,2,0,0,0,0,0,0,0,0,0,,1,1,0,1,0,3,,Y,0,1,1,0 hours 0 minutes,2 hours and 30 minutes,N,N
2073,dha-0057,em57,201412260900,201412262335,14 hours 35 minutes,,20141226,middle,1,7,1,0,0,0,0,0,1,1,1,0,0,0,1,1,Y,1,0,1,0,0,0,1,2,1,1,1,1,Y,,1,1,,,0,1,0,1,N,1,0,,,0,,,0,0,Y,2,0,0,0,0,0,1,0,0,0,1,0,0,0,0,0,0,1,0,0,0,0,0,0,0,1,,1,1,0,0,0,2,,N,1,1,2,,,N,N
2276,dha-0057,em57,201501031300,201501032200,9 hours 0 minutes,,20150103,middle,1,7,1,0,0,0,0,0,1,1,1,0,1,0,2,1,Y,1,0,1,0,0,0,1,2,1,1,1,1,Y,,1,28,,,0,1,0,1,Y,1,1,0,1,1,1,0,1,1,Y,2,0,0,0,0,0,0,0,1,0,1,0,0,0,1,0,1,0,0,0,0,0,0,0,0,0,,1,0,0,0,0,1,,N,1,1,2,,,N,N
3192,dha-0057,em57,201502110700,201502112359,16 hours 59 minutes,,20150211,weakness,0,5,0,1,0,0,0,0,1,1,1,0,1,0,2,1,,0,0,1,0,0,0,1,2,1,1,1,1,Y,,1,1,,,0,1,0,1,Y,1,1,0,1,1,0,1,1,1,Y,2,1,0,0,0,0,0,1,0,0,2,0,0,0,0,0,0,0,0,0,0,0,0,0,0,0,,0,1,1,0,0,2,,N,1,1,2,,,N,Y
159,cmc-0022,M-011,201409150800,201409152111,13 hours 11 minutes,,20140915,Severe,1,8,0,0,0,0,0,0,0,0,1,0,0,0,1,1,Y,1,1,0,0,1,0,0,1,0,1,1,1,Y,,,1,2,Pontal Tablet Neurontin,0,1,0,1,Y,1,1,,,0,1,0,1,0,Y,2,0,0,1,0,0,0,0,0,0,1,1,0,0,0,0,1,0,0,0,0,0,0,0,0,0,,0,1,0,0,1,2,Headache medicine. injection prescription,Y,0,1,1,0 hours 0 minutes,0 hours 50 minutes,N,N
1463,cmc-0025,CM-003,201411160505,201411162305,18 hours 0 minutes,,20141116,Severe,1,8,0,0,0,1,0,0,1,0,0,1,1,0,2,1,Y,1,1,0,1,1,1,0,3,0,1,1,1,Y,2,,,,,1,0,0,1,Y,1,1,1,0,1,1,0,1,0,Y,2,0,0,0,0,0,0,0,0,0,0,0,0,1,0,1,2,0,0,0,0,0,0,0,0,0,,1,1,0,0,1,3,I vomited about 6 times from dawn to night and couldn't eat anything.,N,1,1,2,,,N,N
1125,cmc-0031,M-017,201411031230,201411032359,11 hours 29 minutes,,20141103,weakness,0,8,0,0,0,0,1,0,1,0,0,0,1,0,1,1,Y,1,1,0,0,1,0,0,1,0,1,1,1,Y,,,,1,prescription medication,0,0,1,1,Y,1,1,,,0,0,1,1,0,Y,2,1,0,0,0,0,0,0,0,0,1,0,0,0,0,0,0,0,1,0,0,0,0,0,0,1,,0,1,0,0,0,1,,Y,0,1,1,0 hours 0 minutes,1 hour 30 minutes,,
1665,cmc-0031,M-017,201411282232,201411282359,1 hour 27 minutes,,20141128,middle,1,,0,0,0,1,0,0,1,0,1,0,0,0,1,1,Y,1,1,0,0,1,0,0,1,0,1,1,1,Y,,,,2,prescription,0,0,1,1,Y,1,1,,,0,0,1,1,0,Y,2,0,0,0,0,0,0,0,1,1,2,0,0,0,0,0,0,0,0,0,0,0,0,0,0,0,,1,0,0,0,0,1,,N,1,1,2,,,,
1787,cmc-0031,M-017,201412070333,,2 hours 36 minutes,,20141207,middle,1,5,0,0,0,1,0,0,1,0,1,0,0,0,1,1,Y,1,1,0,0,1,0,0,1,0,1,1,1,Y,,,,1,prescription,0,0,1,1,Y,1,1,0,1,1,0,1,1,0,Y,2,1,0,0,0,0,0,0,0,0,1,0,0,0,0,0,0,0,1,0,0,0,0,0,0,1,,0,1,0,0,0,1,,N,1,1,2,,,N,N
1943,cmc-0031,M-017,201412121230,201412121530,3 hours 0 minutes,,20141212,middle,1,5,0,0,0,1,0,0,1,0,1,0,0,0,1,1,Y,1,1,1,0,1,0,0,2,0,1,1,1,Y,,,,1,prescription,0,0,1,1,Y,1,1,,,0,1,0,1,0,Y,2,1,0,0,0,0,0,1,0,0,2,0,0,0,0,0,0,0,0,0,0,0,0,0,0,0,,1,0,0,0,0,1,,N,1,1,2,,,N,N
2356,cmc-0031,M-017,201412311251,201412311454,2 hours 3 minutes,,20141231,weakness,0,2,0,0,0,1,0,0,1,0,0,0,1,0,1,1,Y,1,1,0,0,1,0,0,1,0,1,1,1,Y,,,,1,prescription,0,0,1,1,Y,1,1,,,0,0,1,1,0,Y,2,0,0,1,0,0,0,0,0,0,1,0,0,0,0,0,0,0,1,0,0,0,0,0,0,1,,1,1,0,0,0,2,,N,1,1,2,,,N,N
2694,cmc-0031,M-017,201501151604,201501152104,5 hours 0 minutes,,20150115,weakness,0,4,0,0,0,1,0,0,1,0,1,0,0,0,1,1,Y,1,1,0,0,1,0,0,1,0,1,1,1,Y,,,,1,prescription,0,0,1,1,Y,1,1,,,0,0,1,1,0,Y,2,1,0,0,0,0,0,1,0,0,2,0,0,0,0,0,0,0,0,0,0,0,0,0,0,0,,0,1,0,0,0,1,,N,1,1,2,,,N,N
209,cmc-0032,CM-005,201409190934,201409191527,5 hours 53 minutes,,20140919,Severe,1,8,0,0,0,0,1,1,2,0,1,0,1,0,2,1,Y,1,1,1,0,1,1,0,3,0,1,1,1,Y,2,,,,,0,0,1,1,,1,0,,,0,,,0,0,Y,2,0,0,1,0,0,0,0,0,0,1,0,0,0,0,0,0,1,0,0,0,0,0,0,0,1,,1,1,0,0,0,2,,N,1,1,2,,,N,N
1111,cmc-0032,CM-005,201410281430,201410282213,7 hours 43 minutes,,20141028,Severe,1,9,0,0,0,0,0,1,1,0,0,1,1,1,3,1,Y,1,1,1,0,1,1,1,4,1,1,1,1,Y,2,,,,,0,0,1,1,Y,1,1,,,0,1,0,1,1,Y,2,1,0,0,0,0,1,0,0,0,2,0,0,0,0,0,0,0,0,0,0,0,0,0,0,0,,0,1,0,0,1,2,I took medicine,N,1,1,2,,,N,N
1011,cmc-0033,CM-006,201410290913,201410292013,11 hours 0 minutes,,20141029,middle,1,4,0,0,1,1,0,0,2,0,0,0,0,1,1,0,Y,1,1,0,0,1,0,0,1,0,1,1,1,Y,3,,,2,hospital fluid,0,1,0,1,Y,1,1,0,1,1,,,0,0,Y,2,0,0,0,0,0,0,0,0,0,0,1,0,0,0,0,1,0,0,0,0,0,0,0,1,1,cold body shingles,1,0,0,0,0,1,,N,0,0,0,0 hours 0 minutes,0 hours 0 minutes,N,N
1519,cmc-0042,M-026,201411181637,201411182359,7 hours 22 minutes,,20141118,middle,1,5,0,0,0,1,0,0,1,0,1,0,0,0,1,1,Y,1,1,1,0,1,0,0,2,0,1,1,1,Y,,,,2,Indenol tablet 10mg,0,1,0,1,Y,1,1,0,1,1,0,1,1,0,Y,2,0,0,0,0,0,1,0,0,0,1,0,0,0,0,0,0,0,1,0,0,0,0,0,0,1,,1,1,0,0,0,2,,N,1,1,2,,,N,Y
1744,cmc-0042,M-026,201412031643,201412032359,7 hours 16 minutes,,20141203,middle,1,7,0,0,0,1,0,0,1,0,1,0,0,1,2,1,Y,1,1,0,0,1,0,0,1,0,1,1,1,Y,,,,2,Indenol tablets,1,0,0,1,Y,1,1,0,1,1,0,1,1,0,Y,2,0,0,1,0,0,1,0,0,0,2,0,0,0,0,0,0,0,0,0,0,0,0,0,0,0,,1,1,0,0,0,2,,Y,0,1,1,0 hours 0 minutes,0 hours 40 minutes,N,Y
2667,cmc-0046,M-030,201501141352,201501141652,3 hours 0 minutes,,20150114,Severe,1,8,0,0,0,1,0,1,2,0,0,1,1,0,2,1,Y,1,1,0,0,1,0,0,1,0,1,1,1,Y,,,1,,,0,0,1,1,Y,1,1,,,0,1,0,1,0,Y,2,1,1,0,0,0,0,0,0,0,2,0,0,0,0,0,0,0,0,0,0,0,0,0,0,0,,0,0,0,0,0,0,,N,1,1,2,,,N,N
2509,cmc-0048,M-032,201501040700,,11 hours 0 minutes,,20150104,middle,1,4,0,0,1,0,0,0,1,0,0,0,1,0,1,1,N,0,1,0,0,1,0,0,1,0,1,1,1,Y,,,1,,,1,0,0,1,Y,1,1,,,0,0,1,1,1,Y,2,0,0,1,0,0,0,0,0,0,1,0,0,0,0,0,0,0,0,1,0,0,0,0,0,1,,0,1,0,0,0,1,,N,1,1,2,,,N,N
1799,cmc-0063,M-036,201412081700,201412082000,3 hours 0 minutes,,20141208,middle,1,5,0,0,0,1,0,0,1,0,0,0,1,0,1,1,Y,1,1,0,0,1,0,0,1,0,1,1,1,Y,,,1,,,0,1,0,1,Y,1,1,0,1,1,0,1,1,0,Y,2,1,0,0,0,0,0,0,0,0,1,0,0,0,0,0,0,0,0,0,0,0,0,0,1,1,cold,1,1,0,0,0,2,,N,1,1,2,,,N,N
3007,cmc-0063,M-036,201501251700,201501252300,6 hours 0 minutes,,20150125,Severe,1,8,0,0,0,1,0,0,1,0,1,0,0,0,1,1,Y,1,1,0,1,1,0,0,2,0,1,1,1,Y,,,1,,,1,0,0,1,Y,1,1,,,0,1,0,1,0,Y,2,1,0,0,0,0,0,0,0,1,2,0,0,0,0,0,0,0,0,0,0,0,0,0,0,0,,0,1,0,0,0,1,,N,1,1,2,,,N,N
3823,cmc-0077,M-049,201502100000,201502102359,23 hours 59 minutes,,20150210,Severe,1,10,0,0,1,1,0,0,2,0,0,0,0,1,1,0,Y,1,0,1,0,0,1,1,3,1,1,1,1,Y,,2,,,,0,1,0,1,Y,1,1,,,0,1,0,1,0,Y,2,0,0,0,0,0,0,0,0,0,0,1,0,0,0,0,1,0,0,0,0,0,0,0,1,1,cold,0,0,0,0,0,0,,N,1,1,2,,,N,Y
274,dha-0015,em15,201409131000,201409131700,7 hours 0 minutes,,20140913,middle,1,6,0,0,0,1,1,1,3,0,1,1,0,1,3,1,Y,1,1,1,0,1,1,0,3,0,1,1,1,Y,,,,1,,0,0,1,1,N,1,0,,,0,,,0,0,Y,2,0,0,1,0,0,1,0,0,0,2,0,0,0,0,0,0,0,0,0,0,0,0,0,0,0,,1,1,1,1,0,4,,N,1,1,2,,,N,N
277,dha-0018,EM18,201409150625,201409150826,2 hours 1 minute,,20140915,Severe,1,,0,0,0,1,0,1,2,0,0,1,0,1,2,0,Y,1,1,1,0,1,0,0,2,0,1,1,1,Y,,,,1,NSAIDs,0,1,0,1,Y,1,1,0,1,1,,,0,0,Y,2,1,0,0,0,0,0,0,0,0,1,0,0,1,0,0,1,0,0,0,0,0,0,0,0,0,,0,1,0,0,0,1,,N,1,1,2,,,,
1496,dha-0033,em33,201411292105,201411292359,2 hours 54 minutes,,20141129,middle,1,6,0,0,1,0,0,0,1,0,1,0,0,0,1,1,,0,1,0,0,1,0,0,1,0,1,1,1,Y,3,3,,,,0,1,0,1,N,1,0,,,0,,,0,0,Y,2,0,0,0,0,0,1,0,0,0,1,0,0,0,0,1,1,0,0,0,0,0,0,0,0,0,,0,1,0,0,0,1,,N,1,1,2,,,N,Y
1579,dha-0039,em39,201412031210,201412031430,2 hours 20 minutes,,20141203,middle,1,5,0,0,0,1,0,0,1,0,0,0,1,0,1,1,N,0,1,0,0,1,0,0,1,0,1,1,1,Y,,,,2,Medicine prescribed today,0,1,0,1,N,1,0,,,0,,,0,0,Y,2,1,0,0,0,0,0,0,0,1,2,0,0,0,0,0,0,0,0,0,0,0,0,0,0,0,,0,1,0,0,1,2,"After taking the medicine, I got better. After 8 p.m., I had another headache, so I took the medication and it lasted until 11 p.m.",N,1,1,2,,,N,N
1749,dha-0057,em57,201412100800,201412102359,15 hours 59 minutes,,20141210,middle,1,7,0,0,0,1,0,0,1,0,1,0,0,0,1,1,Y,1,1,1,1,1,1,1,5,1,1,1,1,Y,,1,2,,,0,1,0,1,Y,1,1,0,1,1,0,1,1,0,Y,2,0,0,0,0,0,0,1,0,0,1,0,0,0,0,0,0,0,0,0,1,0,0,0,0,1,,1,1,1,0,0,3,,N,1,1,2,,,N,Y
3195,dha-0057,em57,201502200800,201502202359,15 hours 59 minutes,,20150220,Severe,1,9,0,0,0,1,0,0,1,0,1,1,1,0,3,1,Y,1,1,1,1,1,0,1,4,1,1,1,1,Y,,1,1,,,0,1,0,1,Y,1,1,1,0,1,1,0,1,1,Y,2,1,0,0,0,0,0,0,0,1,2,0,0,0,0,0,0,0,0,0,0,0,0,0,0,0,,1,1,1,0,0,3,,N,1,1,2,,,N,Y
67,cmc-0003,M-003,201409031420,201409032130,7 hours 10 minutes,,20140903,Severe,1,8,0,1,0,1,1,1,4,1,1,0,1,0,2,1,Y,1,1,0,0,1,0,1,2,0,1,1,1,Y,,,,1,Advil,0,1,0,1,Y,1,1,0,1,1,,,0,0,Y,2,0,0,0,0,0,0,0,1,0,1,0,0,0,0,0,0,0,0,0,0,0,0,0,1,1,Eye fatigue and heat caused by lenses,0,0,0,0,1,1,analgesic,N,1,1,2,,,N,N
325,cmc-0004,M-004,201409251400,201409252300,9 hours 0 minutes,,20140925,weakness,0,3,0,1,1,0,0,0,2,1,0,0,0,1,1,0,Y,1,1,0,0,1,0,0,1,0,1,1,1,Y,,,,1,Cutlet Myeongsu,1,0,0,1,N,1,0,,,0,,,0,0,Y,2,0,0,0,0,0,0,1,0,0,1,0,0,0,0,0,0,0,0,1,0,0,0,0,0,1,,0,1,0,0,0,1,,N,1,1,2,,,N,N
600,cmc-0008,M-007,201410071503,201410072003,5 hours 0 minutes,,20141007,weakness,0,3,1,0,0,0,0,0,1,1,0,0,1,0,1,1,Y,1,1,0,0,1,0,0,1,0,1,1,1,Y,,,2,,,0,1,0,1,Y,1,1,0,1,1,0,1,1,0,Y,2,0,0,0,0,0,0,0,0,0,0,1,0,0,0,0,1,0,0,0,0,0,0,0,1,1,air conditioner performance,0,1,0,0,0,1,,N,1,1,2,,,N,N
601,cmc-0008,M-007,201410101107,201410101807,7 hours 0 minutes,,20141010,weakness,0,2,1,0,0,0,0,0,1,1,0,0,1,0,1,1,Y,1,1,0,0,1,0,0,1,0,1,1,1,Y,,,1,,,0,0,1,1,Y,1,1,0,1,1,0,1,1,0,Y,2,0,0,0,0,0,0,0,0,0,0,1,0,0,0,0,1,0,0,0,0,0,0,0,1,1,vehicle air conditioner,1,1,0,0,0,2,,N,1,1,2,,,N,N
423,cmc-0010,M-009,201410020530,201410021052,5 hours 22 minutes,,20141002,middle,1,6,1,0,0,0,0,0,1,1,1,1,1,0,3,1,Y,1,1,0,1,1,0,0,2,0,1,1,1,Y,,,,1,hospital prescription medication,0,0,1,1,Y,1,1,,,0,0,1,1,0,Y,2,1,0,1,0,0,0,0,0,0,2,0,0,0,0,0,0,0,0,0,0,0,0,0,0,0,,0,0,0,0,1,1,stress,N,1,1,2,,,N,N
1055,cmc-0010,M-009,201410310532,201410311232,7 hours 0 minutes,,20141031,middle,1,5,1,0,0,0,0,0,1,1,1,1,0,0,2,1,Y,1,1,1,0,1,0,0,2,0,1,1,1,Y,,,,1,hospital prescription medication,0,0,1,1,Y,1,1,,,0,0,1,1,0,Y,2,1,0,0,0,0,0,0,0,1,2,0,0,0,0,0,0,0,0,0,0,0,0,0,0,0,,1,0,0,0,1,2,hospital medicine,N,1,1,2,,,N,N
1187,cmc-0010,M-009,201411060129,201411062029,19 hours 0 minutes,,20141106,middle,1,5,1,0,0,0,0,0,1,1,1,0,0,0,1,1,Y,1,1,0,0,1,0,0,1,0,1,1,1,Y,,,,2,prescription drugs,0,0,1,1,Y,1,1,,,0,0,1,1,0,Y,2,1,0,0,0,0,1,0,0,0,2,0,0,0,0,0,0,0,0,0,0,0,0,0,0,0,,1,1,0,0,0,2,,N,1,1,2,,,N,N
1585,cmc-0010,M-009,201411240500,201411241256,7 hours 56 minutes,,20141124,middle,1,5,1,0,0,0,0,0,1,1,1,0,0,1,2,1,Y,1,1,0,0,1,1,0,2,0,1,1,1,Y,,,,1,prescription drugs,0,0,1,1,Y,1,1,,,0,0,1,1,0,Y,2,0,0,1,0,0,1,0,0,0,2,0,0,0,0,0,0,0,0,0,0,0,0,0,0,0,,1,1,0,0,1,3,approximately,N,1,1,2,,,N,N
1609,cmc-0010,M-009,201411250436,201411251336,9 hours 0 minutes,,20141125,middle,1,5,1,0,0,0,0,0,1,1,1,1,0,0,2,1,Y,1,1,0,0,1,1,0,2,0,1,1,1,Y,,,,1,prescription drugs,0,0,1,1,Y,1,1,,,0,0,1,1,0,Y,2,0,0,1,0,0,1,0,0,0,2,0,0,0,0,0,0,0,0,0,0,0,0,0,0,0,,1,1,0,0,1,3,hospital medicine,N,1,1,2,,,N,N
1643,cmc-0010,M-009,201411260416,201411261216,8 hours 0 minutes,,20141126,middle,1,5,1,0,0,0,0,0,1,1,0,0,1,1,2,1,Y,1,1,0,0,1,0,0,1,0,1,1,1,Y,,,,1,prescription drugs,0,0,1,1,Y,1,1,,,0,0,1,1,0,Y,2,1,0,0,0,0,1,0,0,0,2,0,0,0,0,0,0,0,0,0,0,0,0,0,0,0,,1,1,0,0,1,3,approximately,N,1,1,2,,,N,N
484,cmc-0023,M-012,201410050930,201410052359,14 hours 29 minutes,,20141005,Severe,1,9,1,1,1,1,1,1,6,1,0,1,1,1,3,1,Y,1,1,1,1,1,1,1,5,1,1,1,1,Y,,,,3,Almograan + prescription drugs,0,1,0,1,Y,1,1,1,0,1,1,0,1,1,Y,2,0,1,0,0,0,0,1,0,0,2,0,0,0,0,0,0,0,0,0,0,0,0,0,0,0,,0,0,0,0,1,1,approximately,N,1,1,2,,,N,Y
2076,cmc-0023,M-012,201412181230,201412182359,11 hours 29 minutes,,20141218,middle,1,6,1,1,1,1,1,0,5,1,0,1,1,0,2,1,Y,1,1,1,0,1,1,1,4,1,1,1,1,Y,,,,1,Naramik,0,1,0,1,Y,1,1,,,0,0,1,1,0,Y,2,1,0,0,0,0,0,1,0,0,2,0,0,0,0,0,0,0,0,0,0,0,0,0,0,0,,0,0,0,0,0,0,,N,1,1,2,,,N,Y
1077,cmc-0025,CM-003,201411010737,201411012037,13 hours 0 minutes,,20141101,middle,1,8,0,1,0,0,0,0,1,1,0,1,0,0,1,0,Y,1,0,0,1,1,0,0,1,0,1,1,1,Y,2,,,,,1,0,0,1,,1,0,,,0,,,0,0,Y,2,0,0,0,0,0,0,0,0,0,0,0,0,0,0,1,1,0,0,0,0,0,0,0,1,1,I don't know exactly what caused it. I suddenly started feeling sick again. It felt like my head was being squeezed. I vomited about 3 times and it subsided a little.,0,1,0,0,1,2,,N,1,1,2,,,N,N
1133,cmc-0025,CM-003,201411031023,201411032350,13 hours 27 minutes,,20141103,middle,1,5,1,0,0,0,0,0,1,1,0,1,0,0,1,0,N,0,0,0,1,1,0,0,1,0,1,1,1,Y,1,,,,,1,0,0,1,N,1,0,,,0,,,0,0,Y,2,0,0,1,0,0,0,0,0,0,1,0,0,0,0,1,1,0,0,0,0,0,0,0,0,0,,1,1,0,0,0,2,,N,1,1,2,,,N,N
767,cmc-0031,M-017,201410182258,201410182359,1 hour 1 minute,,20141018,weakness,0,,1,0,0,0,0,0,1,1,1,0,0,0,1,1,Y,1,1,1,0,1,0,0,2,0,1,1,1,Y,,,,4,prescription medication,0,0,1,1,Y,1,1,,,0,0,1,1,0,Y,2,0,0,0,0,0,0,1,0,0,1,0,0,1,0,0,1,0,0,0,0,0,0,0,0,0,,0,1,0,0,0,1,,N,1,1,2,,,,
2882,cmc-0031,M-017,201501211210,201501211410,2 hours 0 minutes,,20150121,weakness,0,3,0,1,0,0,0,0,1,1,1,0,0,0,1,1,Y,1,1,0,0,1,1,0,2,0,1,1,1,Y,,,,1,Cheobingjeon,0,0,1,1,Y,1,1,,,0,0,1,1,0,Y,2,0,0,0,0,0,0,1,0,0,1,0,0,0,0,0,0,0,1,0,0,0,0,0,0,1,,1,1,0,0,0,2,,N,1,1,2,,,N,N
2963,cmc-0031,M-017,201501251106,201501252206,11 hours 0 minutes,,20150125,weakness,0,4,1,0,0,0,0,0,1,1,1,0,0,0,1,1,Y,1,1,0,0,1,1,0,2,0,1,1,1,Y,,,,1,prescription,0,1,0,1,Y,1,1,0,1,1,0,1,1,0,Y,2,1,0,1,0,0,0,0,0,0,2,0,0,0,0,0,0,0,0,0,0,0,0,0,0,0,,0,1,0,1,0,2,,N,1,1,2,,,N,N
760,cmc-0033,CM-006,201410180002,201410182359,23 hours 57 minutes,,20141018,Severe,1,8,1,0,0,0,0,1,2,1,1,1,1,0,3,1,Y,1,1,1,0,1,0,1,3,1,1,1,1,Y,1,,,,,1,0,0,1,Y,1,1,0,1,1,0,1,1,0,Y,2,1,0,0,0,0,0,0,0,0,1,0,0,0,0,0,0,0,0,0,0,0,0,0,1,1,Unknown,0,0,0,0,0,0,,N,1,1,2,,,N,Y
2749,cmc-0068,M-041,201501170210,201501171910,17 hours 0 minutes,,20150117,middle,1,5,0,1,0,0,0,0,1,1,1,0,0,0,1,1,Y,1,1,0,0,1,0,0,1,0,1,1,1,Y,,,,1,hospital medicine,0,1,0,1,Y,1,1,,,0,0,1,1,0,Y,2,1,0,0,0,0,0,0,0,0,1,0,0,0,0,0,0,1,0,0,0,0,0,0,0,1,,0,0,0,0,1,1,Taking medicine,N,1,1,2,,,N,N
3885,cmc-0068,M-041,201502250757,201502252359,16 hours 2 minutes,,20150225,Severe,1,7,1,0,0,0,0,0,1,1,1,0,1,0,2,1,Y,1,1,0,0,1,0,0,1,0,1,1,1,Y,,,,2,hospital prescription,0,0,1,1,Y,1,1,0,1,1,1,0,1,0,Y,2,0,0,1,0,0,0,0,0,0,1,1,0,0,0,0,1,0,0,0,0,0,0,0,0,0,,1,0,0,0,0,1,,N,1,1,2,,,N,Y
148,dha-0010,em10,201409031130,,10 hours 29 minutes,,20140903,middle,1,,1,0,0,0,0,0,1,1,0,0,0,1,1,0,Y,1,1,0,0,1,0,0,1,0,1,1,1,Y,,1,,,,0,1,0,1,Y,1,1,,,0,0,1,1,0,Y,2,0,0,0,0,0,1,0,0,0,1,0,0,0,0,0,0,0,0,0,0,0,0,0,1,1,going out for a long time,0,1,0,0,0,1,,N,1,1,2,,,N,N
865,dha-0010,em10,201410250923,,5 hours 1 minute,,20141025,middle,1,,1,0,0,0,0,0,1,1,0,0,1,0,1,1,Y,1,1,0,0,1,0,0,1,0,1,1,1,Y,1,,,,,0,1,0,1,Y,1,1,,,0,0,1,1,0,Y,2,0,0,0,0,0,1,0,0,0,1,0,0,0,0,0,0,0,0,0,0,0,0,0,1,1,cold,1,1,0,0,0,2,,N,1,1,2,,,N,N
1631,dha-0018,EM18,201411200759,201411201648,8 hours 49 minutes,,20141120,middle,1,5,1,0,0,0,0,0,1,1,0,1,1,0,2,1,N,0,1,0,0,1,0,0,1,0,1,1,1,Y,1,,,,,0,1,0,1,Y,1,1,0,1,1,,,0,0,Y,2,1,0,0,0,0,0,0,0,0,1,0,0,0,0,0,0,0,0,0,0,0,0,0,1,1,cold,0,1,0,0,0,1,,N,1,1,2,,,N,N
1787,dha-0032,em32,201412120600,201412121410,8 hours 10 minutes,,20141212,Severe,1,,1,0,0,0,1,0,2,1,0,1,1,0,2,1,N,0,1,0,1,1,0,0,2,0,1,1,1,Y,,,,1,Cramingjeong Pavilion,0,0,1,1,Y,1,1,0,1,1,0,1,1,0,Y,2,1,0,0,0,0,0,1,0,0,2,0,0,0,0,0,0,0,0,0,0,0,0,0,0,0,,0,0,0,0,0,0,,Y,1,0,1,1 hour 0 minutes,0 hours 0 minutes,N,N
1134,dha-0040,EM40,201411112100,201411112300,2 hours 0 minutes,,20141111,weakness,0,3,0,1,0,0,0,0,1,1,1,0,0,0,1,1,Y,1,1,0,0,1,0,0,1,0,1,1,1,Y,1,,,,,0,1,0,1,N,1,0,,,0,,,0,0,Y,2,1,0,0,0,0,0,0,0,0,1,0,0,0,0,0,0,1,0,0,0,0,0,0,0,1,,0,0,0,0,1,1,Take medicine and work,N,1,1,2,,,N,N
1081,dha-0050,EM50,201411091508,201411092208,7 hours 0 minutes,,20141109,middle,1,4,1,0,0,0,1,0,2,1,0,0,1,0,1,1,Y,1,1,0,0,1,0,0,1,0,1,1,1,Y,,1,,,,0,1,0,1,Y,1,1,,,0,0,1,1,0,Y,2,1,0,0,0,0,1,0,0,0,2,0,0,0,0,0,0,0,0,0,0,0,0,0,0,0,,1,1,0,0,0,2,,N,1,1,2,,,N,N
1977,dha-0053,em53,201412201433,201412202033,6 hours 0 minutes,,20141220,middle,1,4,1,0,0,0,0,0,1,1,1,0,0,0,1,1,,0,1,0,0,1,0,0,1,0,1,1,1,Y,,,,1,Almogran,0,0,1,1,Y,1,1,,,0,0,1,1,0,Y,2,0,1,0,0,0,0,0,0,0,1,0,0,0,0,0,0,0,1,0,0,0,0,0,0,1,,0,0,0,0,1,1,approximately,N,1,1,2,,,N,N
2406,dha-0053,em53,201501091406,201501091706,3 hours 0 minutes,,20150109,weakness,0,2,1,0,0,0,0,0,1,1,1,0,0,0,1,1,Y,1,1,0,0,1,0,0,1,0,1,1,1,Y,,,,1,Panpyrinev,0,0,1,1,N,1,0,,,0,,,0,0,Y,2,1,1,0,0,0,0,0,0,0,2,0,0,0,0,0,0,0,0,0,0,0,0,0,0,0,,0,0,0,0,0,0,,Y,1,0,1,0 hours 50 minutes,0 hours 0 minutes,N,N
2072,dha-0057,em57,201412250800,201412252230,14 hours 30 minutes,,20141225,middle,1,7,0,1,0,0,0,0,1,1,1,0,0,1,2,1,Y,1,1,0,1,1,0,0,2,0,1,1,1,Y,,1,1,,,0,1,0,1,Y,1,1,0,1,1,0,1,1,1,Y,2,0,0,0,0,0,0,0,0,0,0,0,0,0,0,0,0,1,0,1,0,0,0,0,0,2,,1,1,0,0,0,2,,N,1,1,2,,,N,N
2692,dha-0057,em57,201501210700,201501211200,5 hours 0 minutes,,20150121,weakness,0,3,0,1,0,0,0,0,1,1,0,0,1,0,1,1,Y,1,0,1,0,0,1,1,3,1,1,1,1,Y,,,1,,,0,1,0,1,N,1,0,,,0,,,0,0,Y,2,0,0,0,0,0,0,0,0,0,0,0,0,0,0,0,0,1,0,1,0,0,0,0,0,2,,1,1,1,0,0,3,,N,1,1,2,,,N,N
2875,dha-0057,em57,201501290830,201501292200,13 hours 30 minutes,,20150129,middle,1,8,0,1,0,0,0,0,1,1,0,0,1,0,1,1,Y,1,0,1,0,0,1,1,3,1,1,1,1,Y,,1,1,,,0,1,0,1,N,1,0,,,0,,,0,0,Y,2,1,0,1,0,0,0,0,0,0,2,0,0,0,0,0,0,0,0,0,0,0,0,0,0,0,,1,1,0,0,0,2,,N,1,1,2,,,N,N
2878,dha-0057,em57,201502010900,201502011900,10 hours 0 minutes,,20150201,weakness,0,5,1,1,0,0,0,0,2,1,1,0,1,0,2,1,Y,1,0,1,0,0,1,1,3,1,1,1,1,Y,,1,1,,,0,1,0,1,Y,1,1,0,1,1,,,0,0,Y,2,1,0,1,0,0,0,0,0,0,2,0,0,0,0,0,0,0,0,0,0,0,0,0,0,0,,1,1,0,0,0,2,,Y,0,1,1,0 hours 0 minutes,0 hours 20 minutes,N,N
3187,dha-0057,em57,201502060800,201502062359,15 hours 59 minutes,,20150206,Severe,1,9,1,0,0,0,0,0,1,1,1,1,0,1,3,1,Y,1,1,1,1,1,1,1,5,1,1,1,1,Y,,1,1,,,0,1,0,1,Y,1,1,1,0,1,1,0,1,1,Y,2,1,0,0,0,0,0,1,0,0,2,0,0,0,0,0,0,0,0,0,0,0,0,0,0,0,,1,1,1,0,0,3,,N,1,1,2,,,N,Y
3189,dha-0057,em57,201502080700,201502082359,16 hours 59 minutes,,20150208,middle,1,8,0,1,1,0,0,0,2,1,1,0,0,1,2,1,Y,1,1,1,1,1,0,1,4,1,1,1,1,Y,,1,1,,,0,1,0,1,Y,1,1,1,0,1,1,0,1,1,Y,2,1,0,0,0,0,0,1,0,0,2,0,0,0,0,0,0,0,0,0,0,0,0,0,0,0,,1,1,1,0,0,3,,N,1,1,2,,,N,Y
3196,dha-0057,em57,201502120800,201502122359,15 hours 59 minutes,,20150212,Severe,1,10,1,0,0,0,0,0,1,1,1,1,1,0,3,1,Y,1,0,1,1,1,0,1,3,1,1,1,1,Y,,1,1,,,0,1,0,1,Y,1,1,1,0,1,1,0,1,1,Y,2,1,0,0,0,0,0,0,0,1,2,0,0,0,0,0,0,0,0,0,0,0,0,0,0,0,,1,1,1,0,0,3,,N,1,1,2,,,N,Y
3197,dha-0057,em57,201502131000,201502132359,13 hours 59 minutes,,20150213,middle,1,8,1,0,0,0,0,0,1,1,1,0,1,0,2,1,Y,1,1,1,0,1,0,1,3,1,1,1,1,Y,,1,1,,,0,1,0,1,Y,1,1,1,0,1,1,0,1,1,Y,2,1,0,0,0,0,0,0,0,1,2,0,0,0,0,0,0,0,0,0,0,0,0,0,0,0,,1,1,1,0,0,3,,N,1,1,2,,,N,Y
3199,dha-0057,em57,201502150700,201502152359,16 hours 59 minutes,,20150215,middle,1,7,0,1,0,0,0,0,1,1,0,1,1,0,2,1,N,0,1,0,0,1,0,1,2,0,1,1,1,Y,,1,1,,,0,1,0,1,Y,1,1,1,0,1,0,1,1,1,Y,2,1,0,0,0,0,0,0,0,1,2,0,0,0,0,0,0,0,0,0,0,0,0,0,0,0,,1,1,1,0,0,3,,N,1,1,2,,,N,Y
3194,dha-0057,em57,201502210900,201502212359,14 hours 59 minutes,,20150221,middle,1,7,1,0,0,0,0,0,1,1,1,0,1,0,2,1,Y,1,1,1,0,1,0,1,3,1,1,1,1,Y,1,,,,,1,0,0,1,Y,1,1,1,0,1,1,0,1,1,Y,2,1,0,0,0,0,0,0,0,1,2,0,0,0,0,0,0,0,0,0,0,0,0,0,0,0,,1,1,1,0,0,3,,N,1,1,2,,,N,Y
3193,dha-0057,em57,201502220900,201502222359,14 hours 59 minutes,,20150222,weakness,0,5,1,0,0,0,0,0,1,1,1,0,0,0,1,1,N,0,1,0,0,1,0,1,2,0,1,1,1,Y,2,,,,,1,0,0,1,Y,1,1,1,0,1,1,0,1,1,Y,2,1,0,0,0,0,0,0,0,1,2,0,0,0,0,0,0,0,0,0,0,0,0,0,0,0,,0,1,1,0,0,2,,N,1,1,2,,,N,Y
3184,dha-0057,em57,201502231000,N,8 hours 58 minutes,,20150223,weakness,0,6,1,0,0,0,0,0,1,1,1,0,1,1,3,1,N,0,1,1,0,1,1,1,4,1,1,1,1,Y,1,,,,,1,0,0,1,Y,1,1,0,1,1,0,1,1,0,Y,2,1,0,0,0,0,0,0,0,1,2,0,0,0,0,0,0,0,0,0,0,0,0,0,0,0,,0,1,1,0,0,2,,Y,0,1,1,0 hours 0 minutes,0 hours 20 minutes,N,N
2667,dha-0060,em60,201501200650,201501201450,8 hours 0 minutes,,20150120,middle,1,7,0,1,0,0,0,0,1,1,0,0,1,0,1,1,Y,1,1,0,0,1,0,0,1,0,1,1,1,Y,,4,,1,Immigran,0,1,0,1,Y,1,1,,,0,0,1,1,0,Y,2,0,0,0,0,0,0,0,0,0,0,1,0,0,0,0,1,0,0,1,0,0,0,0,0,1,,0,0,0,0,1,1,approximately,N,1,1,2,,,N,N
2644,dha-0063,em63,201501202100,201501202359,2 hours 59 minutes,,20150120,weakness,0,3,1,0,1,0,0,0,2,1,0,0,1,0,1,1,Y,1,1,0,0,1,0,0,1,0,1,1,1,Y,,,1,,,1,0,0,1,Y,1,1,,,0,0,1,1,0,Y,2,1,0,0,0,0,0,0,0,0,1,0,0,0,0,0,0,0,0,0,0,0,0,0,1,1,gastritis,1,1,0,0,0,2,,N,1,1,2,,,N,Y
3331,dha-0063,em63,201503041100,201503041530,4 hours 30 minutes,,20150304,Severe,1,8,0,1,0,0,1,0,2,1,1,0,0,1,2,1,Y,1,1,1,0,1,0,0,2,0,1,1,1,Y,,,1,,pharmaceutical,0,1,0,1,Y,1,1,,,0,0,1,1,0,Y,2,0,0,0,0,0,1,1,0,0,2,0,0,0,0,0,0,0,0,0,0,0,0,0,0,0,,0,1,0,0,1,2,Taking medicine,N,1,1,2,,,N,N
1284,cmc-0042,M-026,201411101640,201411102359,7 hours 19 minutes,,20141110,middle,1,,0,0,0,1,0,0,1,0,0,1,0,0,1,0,Y,1,0,1,0,0,0,1,2,1,1,1,1,N,,,,,,,,,0,Y,0,1,0,1,1,0,1,1,0,Y,3,1,0,0,0,0,1,0,0,0,2,0,0,1,0,0,1,0,0,0,0,0,0,0,0,0,,1,1,0,0,0,2,,N,1,1,2,,,N,Y
1184,cmc-0032,CM-005,201411040900,201411041347,4 hours 47 minutes,,20141104,middle,1,6,0,0,0,0,0,1,1,0,0,1,1,1,3,1,N,0,0,1,0,0,1,1,3,1,1,1,1,N,,,,,,,,,0,N,0,0,,,0,,,0,0,Y,3,1,0,1,0,0,0,0,0,0,2,0,0,0,0,0,0,0,0,0,1,0,0,0,0,1,,0,1,0,0,0,1,,N,1,1,2,,,N,N
1846,cmc-0032,CM-005,201412031230,201412032025,7 hours 55 minutes,,20141203,middle,1,7,0,0,0,1,1,1,3,0,0,1,1,1,3,1,Y,1,0,1,0,0,1,1,3,1,1,1,1,N,,,,,,,,,0,Y,0,1,0,1,1,,,0,0,Y,3,1,0,1,0,0,1,0,0,0,3,0,0,0,0,0,0,0,0,0,0,0,0,0,0,0,,0,1,0,0,0,1,,N,1,1,2,,,N,N
1524,cmc-0042,M-026,201411201542,201411202359,8 hours 17 minutes,,20141120,middle,1,5,0,0,0,1,0,0,1,0,0,0,0,1,1,0,Y,1,1,1,0,1,0,0,2,0,1,1,1,N,,,,,,,,,0,Y,0,1,0,1,1,0,1,1,0,Y,3,1,0,0,0,0,1,0,0,0,2,0,0,1,0,0,1,0,0,0,0,0,0,0,0,0,,0,1,0,0,0,1,,Y,0,1,1,0 hours 0 minutes,0 hours 40 minutes,,
1917,cmc-0042,M-026,201412090830,201412092359,15 hours 29 minutes,,20141209,middle,1,5,0,0,1,1,0,0,2,0,1,0,0,0,1,1,Y,1,1,0,0,1,0,0,1,0,1,1,1,,,,,,,,,,0,Y,0,1,0,1,1,0,1,1,0,Y,3,0,0,1,0,0,1,0,0,0,2,1,0,0,0,0,1,0,0,0,0,0,0,0,0,0,,1,1,0,0,0,2,,Y,0,1,1,0 hours 0 minutes,0 hours 30 minutes,N,Y
4479,cmc-0077,M-049,201502270900,201502271400,5 hours 0 minutes,,20150227,weakness,0,3,0,0,1,0,0,0,1,0,0,0,1,0,1,1,Y,1,1,0,0,1,0,1,2,0,1,1,1,N,,,,,,,,,0,N,0,0,,,0,,,0,0,Y,3,1,1,0,0,0,0,0,0,0,2,0,0,0,0,0,0,0,1,0,0,0,0,0,0,1,,0,1,0,0,0,1,,N,1,1,2,,,N,N
1202,dha-0002,em2,201411141200,201411141400,2 hours 0 minutes,,20141114,weakness,0,2,0,0,1,1,1,0,3,0,0,0,1,0,1,1,Y,1,0,1,0,0,1,1,3,1,1,1,1,N,,,,,,,,,0,Y,0,1,,,0,0,1,1,0,Y,3,0,0,0,0,0,1,1,0,0,2,0,0,0,0,0,0,0,0,0,0,0,0,0,1,1,tonsillitis,0,0,0,0,1,1,Tonsillitis relieved after taking medication,N,1,1,2,,,N,N
1867,cmc-0023,M-012,201412060907,201412062359,14 hours 52 minutes,,20141206,weakness,0,4,1,1,0,1,0,0,3,1,0,1,1,1,3,1,Y,1,1,1,0,1,0,1,3,1,1,1,1,N,,,,,,,,,0,Y,0,1,,,0,0,1,1,0,Y,3,1,0,1,0,0,1,0,0,0,3,0,0,0,0,0,0,0,0,0,0,0,0,0,0,0,,0,0,0,0,0,0,,N,1,1,2,,,N,Y
1866,cmc-0023,M-012,201412070830,201412072359,15 hours 29 minutes,,20141207,weakness,0,4,1,1,0,1,0,0,3,1,0,1,1,1,3,1,Y,1,1,1,0,1,0,1,3,1,1,1,1,N,,,,,,,,,0,Y,0,1,,,0,0,1,1,0,Y,3,1,0,1,0,0,1,0,0,0,3,0,0,0,0,0,0,0,0,0,0,0,0,0,0,0,,0,0,0,0,0,0,,N,1,1,2,,,N,Y
1865,cmc-0023,M-012,201412080830,,15 hours 29 minutes,,20141208,weakness,0,4,1,1,0,1,0,0,3,1,0,1,1,1,3,1,N,0,1,1,0,1,0,1,3,1,1,1,1,N,,,,,,,,,0,Y,0,1,,,0,0,1,1,0,Y,3,1,0,1,0,0,1,0,0,0,3,0,0,0,0,0,0,0,0,0,0,0,0,0,0,0,,0,0,0,0,0,0,,N,1,1,2,,,N,N
1039,cmc-0025,CM-003,201410180600,201410182359,17 hours 59 minutes,,20141018,middle,1,4,0,1,0,0,0,0,1,1,0,1,0,0,1,0,N,0,1,0,0,1,0,0,1,0,1,1,1,N,,,,,,,,,0,N,0,0,,,0,,,0,0,Y,3,0,0,1,0,0,0,0,0,0,1,0,0,0,0,1,1,0,0,0,0,0,0,0,1,1,The vomiting symptoms have improved compared to yesterday and I feel lighter. I am not in a state of complete recovery yet.,1,0,0,1,0,2,,Y,0,1,1,0 hours 0 minutes,0 hours 50 minutes,N,Y
556,cmc-0023,M-012,201410081000,201410082359,13 hours 59 minutes,,20141008,middle,1,6,1,0,0,0,1,0,2,1,0,0,1,0,1,1,Y,1,0,1,0,0,0,1,2,1,1,1,1,Y,,,,3,Naramik + prescription drugs,0,1,0,1,Y,1,1,0,1,1,0,1,1,0,Y,3,1,0,1,0,0,0,1,0,0,3,0,0,0,0,0,0,0,0,0,0,0,0,0,0,0,,0,0,0,0,1,1,approximately,N,1,1,2,,,,
2225,dha-0057,em57,201412311000,201412311830,8 hours 30 minutes,,20141231,middle,1,7,1,1,0,0,0,0,2,1,1,0,1,1,3,1,Y,1,0,1,0,0,0,1,2,1,1,1,1,Y,,1,1,,,0,1,0,1,Y,1,1,0,1,1,0,1,1,1,Y,3,1,0,0,0,0,0,0,0,0,1,0,0,0,1,0,1,0,0,1,0,0,0,0,0,1,,0,1,1,0,0,2,,N,1,1,2,,,N,N
123,cmc-0003,M-003,201409100000,201409100600,6 hours 0 minutes,,20140910,Severe,1,8,0,0,0,1,1,0,2,0,0,0,1,1,2,1,Y,1,1,0,0,1,0,0,1,0,1,1,1,Y,,,,1,Almogran,0,1,0,1,Y,1,1,0,1,1,,,0,0,Y,3,1,0,0,0,0,0,0,0,1,2,0,0,0,0,0,0,0,0,1,0,0,0,0,0,1,,1,0,0,0,0,1,,N,1,1,2,,,N,N
577,cmc-0025,CM-003,201410020605,201410022359,17 hours 54 minutes,,20141002,middle,1,7,0,0,0,1,0,0,1,0,0,1,1,0,2,1,Y,1,1,0,1,1,1,0,3,0,1,1,1,Y,1,,,,,1,0,0,1,Y,1,1,0,1,1,0,1,1,0,Y,3,1,0,0,0,0,1,0,0,0,2,0,0,1,0,0,1,0,0,0,0,0,0,0,0,0,,1,1,0,0,0,2,,N,1,1,2,,,N,Y
1423,cmc-0025,CM-003,201411130358,201411131858,15 hours 0 minutes,,20141113,Severe,1,9,0,0,0,1,0,0,1,0,0,1,1,1,3,1,Y,1,1,0,1,1,0,0,2,0,1,1,1,Y,2,,,,,1,0,0,1,Y,1,1,0,1,1,1,0,1,1,Y,3,0,0,1,0,0,0,0,0,0,1,0,0,1,0,1,2,0,0,0,0,0,0,0,0,0,,0,0,0,0,0,0,,N,1,1,2,,,N,N
1062,cmc-0031,M-017,201411010022,201411012359,23 hours 37 minutes,,20141101,middle,1,6,0,0,0,1,0,0,1,0,1,0,0,0,1,1,Y,1,1,0,0,1,0,0,1,0,1,1,1,Y,,,,1,prescription,0,0,1,1,Y,1,1,,,0,0,1,1,0,Y,3,0,0,1,0,0,0,0,0,0,1,0,0,1,0,0,1,0,1,0,0,0,0,0,0,1,,1,0,0,0,0,1,,N,1,1,2,,,,
1091,cmc-0031,M-017,201411021000,201411022359,13 hours 59 minutes,,20141102,weakness,0,4,0,0,0,1,0,0,1,0,1,0,0,0,1,1,Y,1,1,0,0,1,0,0,1,0,1,1,1,Y,,,,1,hospital medicine,0,0,1,1,Y,1,1,,,0,0,1,1,0,Y,3,1,0,1,0,0,0,0,0,0,2,0,0,1,0,0,1,0,0,0,0,0,0,0,0,0,,1,1,0,0,0,2,,N,1,1,2,,,N,Y
1908,cmc-0031,M-017,201412100600,201412100757,1 hour 57 minutes,,20141210,weakness,0,3,0,0,0,1,0,0,1,0,0,0,1,0,1,1,Y,1,1,0,0,1,0,0,1,0,1,1,1,Y,,,,1,prescription,0,0,1,1,N,1,0,,,0,,,0,0,Y,3,1,0,1,0,0,0,1,0,0,3,0,0,0,0,0,0,0,0,0,0,0,0,0,0,0,,1,1,0,0,0,2,,N,1,1,2,,,N,N
1968,cmc-0031,M-017,201412141130,201412141330,2 hours 0 minutes,,20141214,weakness,0,3,0,0,0,1,0,0,1,0,1,0,0,0,1,1,Y,1,1,0,0,1,0,0,1,0,1,1,1,Y,,,,1,prescription,0,0,1,1,Y,1,1,,,0,0,1,1,0,Y,3,1,0,1,0,0,0,1,0,0,3,0,0,0,0,0,0,0,0,0,0,0,0,0,0,0,,1,1,0,0,0,2,,N,1,1,2,,,N,N
1185,cmc-0032,CM-005,201411051415,201411051608,1 hour 53 minutes,,20141105,Severe,1,9,0,0,0,1,0,1,2,0,0,1,1,1,3,1,Y,1,1,1,0,1,1,1,4,1,1,1,1,Y,2,,,,,0,0,1,1,Y,1,1,0,1,1,,,0,1,Y,3,1,0,0,0,0,1,0,0,0,2,0,0,0,0,0,0,0,0,0,1,0,0,0,0,1,,0,0,0,0,0,0,,N,1,1,2,,,N,N
1409,cmc-0032,CM-005,201411131430,201411131720,2 hours 50 minutes,,20141113,Severe,1,8,0,0,1,1,1,1,4,0,0,1,1,1,3,1,Y,1,1,1,0,1,1,1,4,1,1,1,1,Y,2,,,,,0,0,1,1,Y,1,1,,,0,,,0,1,Y,3,1,0,0,0,0,0,0,0,0,1,1,0,0,0,0,1,0,0,0,1,0,0,0,0,1,,1,1,0,0,1,3,approximately,N,1,1,2,,,N,N
1469,cmc-0042,M-026,201411171806,,5 hours 53 minutes,,20141117,middle,1,5,0,0,0,1,0,0,1,0,1,0,0,0,1,1,Y,1,1,0,0,1,0,0,1,0,1,1,1,Y,,,,2,Indenol tablet 10mg,0,1,0,1,Y,1,1,0,1,1,0,1,1,0,Y,3,0,0,1,0,0,1,0,0,0,2,0,0,1,0,0,1,0,0,0,0,0,0,0,0,0,,1,1,0,0,0,2,,N,1,1,2,,,N,N
3463,cmc-0078,M-050,201502111300,201502112359,10 hours 59 minutes,,20150211,middle,1,4,0,0,0,1,0,0,1,0,0,0,1,1,2,1,N,0,0,1,0,0,1,1,3,1,1,1,1,Y,,,,2,,0,1,0,1,Y,1,1,,,0,0,1,1,0,Y,3,1,0,1,0,0,1,0,0,0,3,0,0,0,0,0,0,0,0,0,0,0,0,0,0,0,,1,1,0,0,0,2,,N,1,1,2,,,,
4355,cmc-0078,M-050,201503131000,201503132300,13 hours 0 minutes,,20150313,middle,1,10,0,0,0,1,0,1,2,0,0,0,1,1,2,1,N,0,0,1,0,0,1,1,3,1,1,1,1,Y,,,,2,,1,0,0,1,Y,1,1,0,1,1,0,1,1,0,Y,3,0,0,1,0,0,1,0,0,0,2,1,0,0,0,0,1,0,0,0,0,0,0,0,0,0,,1,1,0,0,0,2,,N,1,1,2,,,N,N
200,dha-0004,EM4,201409080700,,13 hours 0 minutes,,20140908,middle,1,5,0,0,1,0,1,0,2,0,0,0,1,0,1,1,,0,1,0,0,1,0,0,1,0,1,1,1,Y,,,,2,Geborin,0,0,1,1,Y,1,1,,,0,,,0,1,Y,3,0,0,0,0,0,0,0,0,0,0,0,0,0,0,0,0,1,0,0,0,0,0,1,1,3,Canned Beer 3,0,0,0,0,1,1,Take 2 doses of Geborin,N,1,1,2,,,N,N
371,dha-0015,em15,201409200800,201409202000,12 hours 0 minutes,,20140920,Severe,1,8,0,0,0,1,1,1,3,0,0,1,1,1,3,1,Y,1,1,1,0,1,0,1,3,1,1,1,1,Y,,,,1,,0,1,0,1,Y,1,1,,,0,0,1,1,0,Y,3,0,0,1,0,0,1,0,0,0,2,0,0,0,0,0,0,0,0,0,0,0,0,1,0,1,,1,1,0,0,0,2,,N,1,1,2,,,N,N
1096,dha-0033,em33,201411100101,201411102359,22 hours 58 minutes,,20141110,Severe,1,8,0,0,0,0,1,0,1,0,1,0,0,0,1,1,N,0,1,0,0,1,0,0,1,0,1,1,1,Y,2,3,,,,1,0,0,1,Y,1,1,,,0,0,1,1,0,Y,3,1,0,0,0,0,0,0,0,0,1,0,0,0,0,1,1,0,0,0,0,0,0,1,0,1,,1,0,0,1,0,2,,N,1,1,2,,,,
1504,dha-0050,EM50,201411300920,201411301601,6 hours 41 minutes,,20141130,middle,1,4,0,0,0,1,1,1,3,0,0,0,0,1,1,0,Y,1,1,0,0,1,0,0,1,0,1,1,1,Y,,1,,,,0,1,0,1,Y,1,1,0,1,1,,,0,0,Y,3,1,0,1,0,0,0,0,0,0,2,1,0,0,0,0,1,0,0,0,0,0,0,0,0,0,,1,1,0,0,0,2,,N,1,1,2,,,N,N
2576,dha-0063,em63,201501151700,201501151915,2 hours 15 minutes,,20150115,weakness,0,2,0,0,1,0,0,0,1,0,0,0,1,0,1,1,Y,1,1,0,0,1,0,0,1,0,1,1,1,Y,,,1,,,0,1,0,1,Y,1,1,,,0,0,1,1,0,Y,3,1,0,0,0,0,1,0,0,1,3,0,0,0,0,0,0,0,0,0,0,0,0,0,0,0,,0,1,0,0,1,2,Taking medicine,N,1,1,2,,,N,N
3606,dha-0063,em63,201503201540,201503201900,3 hours 20 minutes,,20150320,middle,1,5,0,0,0,1,1,0,2,0,0,0,0,1,1,0,Y,1,1,0,0,1,1,0,2,0,1,1,1,Y,,,1,1,pharmaceutical,0,1,0,1,Y,1,1,,,0,0,1,1,0,Y,3,1,0,0,1,0,1,0,0,0,3,0,0,0,0,0,0,0,0,0,0,0,0,0,0,0,,0,1,0,0,0,1,,Y,0,1,1,0 hours 0 minutes,0 hours 50 minutes,N,N
20,cmc-0004,M-004,201408261000,201408262000,10 hours 0 minutes,,20140826,Severe,1,6,0,1,0,0,0,0,1,1,0,0,1,0,1,1,Y,1,1,0,1,1,0,0,2,0,1,1,1,Y,,,,1,injection prescription,1,0,0,1,Y,1,1,,,0,0,1,1,0,Y,3,0,0,0,0,0,0,1,0,0,1,0,0,1,0,0,1,0,1,0,0,0,0,0,0,1,,1,0,0,0,0,1,,Y,0,1,1,0 hours 0 minutes,0 hours 40 minutes,,
1359,cmc-0008,M-007,201411101616,201411102116,5 hours 0 minutes,,20141110,weakness,0,2,1,0,0,0,0,0,1,1,1,0,0,0,1,1,Y,1,1,0,0,1,0,0,1,0,1,1,1,Y,,,1,,,0,0,1,1,Y,1,1,0,1,1,0,1,1,0,Y,3,1,0,1,0,0,1,0,0,0,3,0,0,0,0,0,0,0,0,0,0,0,0,0,0,0,,0,0,0,0,0,0,,N,1,1,2,,,N,N
355,cmc-0010,M-009,201409280500,201409281734,12 hours 34 minutes,,20140928,weakness,0,4,1,0,0,0,0,0,1,1,1,1,0,0,2,1,Y,1,1,0,0,1,1,0,2,0,1,1,1,Y,,,,1,hospital prescription medication,0,0,1,1,Y,1,1,,,0,0,1,1,1,Y,3,1,0,1,0,0,0,0,0,0,2,0,0,0,0,0,0,0,1,0,0,0,0,0,0,1,,1,1,0,0,0,2,,N,1,1,2,,,N,N
613,cmc-0010,M-009,201410101701,201410102301,6 hours 0 minutes,,20141010,middle,1,5,1,0,0,0,0,0,1,1,1,1,0,0,2,1,Y,1,1,1,1,1,0,0,3,0,1,1,1,Y,,,,1,hospital prescription medication,0,0,1,1,Y,1,1,0,1,1,0,1,1,0,Y,3,0,0,1,0,0,1,0,0,0,2,0,0,0,0,0,0,0,0,0,0,0,0,1,0,1,,1,1,0,0,0,2,,N,1,1,2,,,N,N
624,cmc-0010,M-009,201410110529,201410111329,8 hours 0 minutes,,20141011,middle,1,5,1,0,0,0,0,0,1,1,1,1,0,0,2,1,Y,1,1,0,0,1,1,0,2,0,1,1,1,Y,,,,1,hospital prescription medication,0,0,1,1,Y,1,1,,,0,0,1,1,0,Y,3,1,0,0,0,0,1,0,0,0,2,0,0,0,0,0,0,0,0,0,0,0,0,0,1,1,sudden tension,1,1,0,0,0,2,,N,1,1,2,,,N,N
820,cmc-0010,M-009,201410210530,201410211241,7 hours 11 minutes,,20141021,middle,1,5,1,0,0,0,0,0,1,1,1,1,1,0,3,1,Y,1,1,0,1,1,0,0,2,0,1,1,1,Y,,,,16,hospital prescription medication,0,0,1,1,Y,1,1,,,0,0,1,1,0,Y,3,1,0,1,0,0,0,0,0,1,3,0,0,0,0,0,0,0,0,0,0,0,0,0,0,0,,1,1,0,0,0,2,,N,1,1,2,,,N,N
458,cmc-0023,M-012,201410041500,,3 hours and 30 minutes,,20141004,middle,1,6,1,0,0,0,1,0,2,1,0,1,1,0,2,1,Y,1,1,1,0,1,0,0,2,0,1,1,1,Y,,,,3,Almograan + prescription drugs,0,1,0,1,Y,1,1,0,1,1,1,0,1,1,Y,3,0,0,1,0,0,0,0,0,0,1,1,0,0,0,0,1,0,0,0,0,0,0,0,1,1,Cold body aches,1,1,0,0,0,2,,N,1,1,2,,,N,N
649,cmc-0023,M-012,201410120933,201410122359,14 hours 26 minutes,,20141012,Severe,1,9,1,1,1,1,1,1,6,1,1,1,1,1,4,1,Y,1,1,1,1,1,0,1,4,1,1,1,1,Y,,,,3,Naramik,1,0,0,1,Y,1,1,1,0,1,1,0,1,1,Y,3,1,0,0,0,0,0,0,0,1,2,0,0,0,0,0,0,0,0,0,0,0,0,0,1,1,pissed off,0,1,0,0,0,1,,N,1,1,2,,,N,Y
1134,cmc-0025,CM-003,201411040826,201411042326,15 hours 0 minutes,,20141104,middle,1,6,1,0,0,0,0,0,1,1,0,1,1,0,2,1,Y,1,1,0,1,1,0,0,2,0,1,1,1,Y,2,,,,,0,1,0,1,N,1,0,,,0,,,0,0,Y,3,0,0,1,0,0,0,1,0,0,2,0,0,0,0,1,1,0,0,0,0,0,0,0,0,0,,1,1,0,0,0,2,,Y,0,1,1,0 hours 0 minutes,0 hours 50 minutes,N,N
2284,cmc-0048,M-032,201412281830,201412282359,5 hours 29 minutes,,20141228,Severe,1,8,1,0,0,0,0,0,1,1,1,0,0,0,1,1,Y,1,1,0,0,1,0,0,1,0,1,1,1,Y,,,1,,,1,0,0,1,Y,1,1,,,0,0,1,1,0,Y,3,0,0,0,1,0,1,0,0,0,2,0,0,0,0,0,0,0,0,0,0,0,0,0,1,1,Climbing with the wind,0,1,0,0,0,1,,Y,0,1,1,0 hours 0 minutes,3 hours 0 minutes,N,Y
2940,cmc-0048,M-032,201501231700,201501232359,6 hours 59 minutes,,20150123,middle,1,6,1,0,0,0,0,0,1,1,0,0,0,1,1,0,N,0,1,0,0,1,0,0,1,0,1,1,1,Y,,,1,,,0,1,0,1,Y,1,1,,,0,0,1,1,0,Y,3,0,0,1,0,1,0,0,0,0,2,0,0,0,0,0,0,0,0,0,0,0,0,1,0,1,,1,1,0,0,0,2,,N,1,1,2,,,N,N
2105,cmc-0064,M-037,201412180929,201412182037,11 hours 8 minutes,,20141218,middle,1,5,0,1,1,0,0,0,2,1,1,0,0,0,1,1,Y,1,1,0,0,1,1,0,2,0,1,1,1,Y,1,,,,,0,0,1,1,Y,1,1,,,0,0,1,1,0,Y,3,0,0,1,0,0,1,0,0,0,2,0,0,0,0,0,0,0,1,0,0,0,0,0,0,1,,1,1,0,0,0,2,,Y,1,1,2,0 hours 30 minutes,0 hours 30 minutes,N,N
5095,cmc-0077,M-049,201504040800,201504042200,14 hours 0 minutes,,20150404,Severe,1,8,0,1,0,0,0,0,1,1,0,0,1,0,1,1,N,0,1,0,1,1,1,1,4,0,1,1,1,Y,,,,1,prescription drugs,0,0,1,1,Y,1,1,0,1,1,,,0,1,Y,3,0,0,0,0,0,0,0,0,0,0,0,0,1,0,1,2,0,0,0,0,0,0,1,0,1,,1,0,0,0,0,1,,N,1,1,2,,,N,N
1054,dha-0002,em2,201411070600,201411070942,3 hours 42 minutes,,20141107,middle,1,4,0,1,1,0,0,1,3,1,0,1,1,1,3,1,Y,1,0,1,0,0,1,1,3,1,1,1,1,Y,,,,1,Disappears 1 hour after taking one tablet of prescription medication,0,0,1,1,Y,1,1,,,0,0,1,1,0,Y,3,1,0,0,0,0,1,0,0,0,2,0,0,0,0,0,0,0,0,0,0,0,0,0,1,1,It was hot and stinging in the stuffy space.,0,0,0,0,1,1,1 hour after taking medicine,Y,0,1,1,0 hours 0 minutes,0 hours 10 minutes,N,N
523,dha-0015,em15,201410031000,201410032100,11 hours 0 minutes,,20141003,Severe,1,7,0,1,1,1,0,1,4,1,0,1,1,1,3,1,Y,1,1,0,0,1,0,0,1,0,1,1,1,Y,,,,1,,0,1,0,1,Y,1,1,,,0,0,1,1,0,Y,3,1,0,1,0,0,1,0,0,0,3,0,0,0,0,0,0,0,0,0,0,0,0,0,0,0,,0,0,0,0,0,0,,N,1,1,2,,,N,N
956,dha-0018,EM18,201411011000,201411011800,8 hours 0 minutes,,20141101,middle,1,6,1,0,0,0,0,0,1,1,0,1,1,0,2,1,N,0,1,0,0,1,1,0,2,0,1,1,1,Y,,,1,,,1,0,0,1,Y,1,1,0,1,1,,,0,0,Y,3,1,0,0,0,0,1,0,0,0,2,0,0,0,0,0,0,0,1,0,0,0,0,0,0,1,,0,1,0,0,0,1,,N,1,1,2,,,N,N
1614,dha-0018,EM18,201412022000,201412022358,3 hours 58 minutes,,20141202,middle,1,5,1,0,0,0,0,0,1,1,0,1,1,0,2,1,N,0,1,0,0,1,0,0,1,0,1,1,1,Y,,,1,,,0,0,1,1,N,1,0,,,0,,,0,0,Y,3,1,0,1,0,0,0,0,0,0,2,0,0,0,0,0,0,0,1,0,0,0,0,0,0,1,,0,1,0,0,0,1,,N,1,1,2,,,N,N
971,dha-0039,em39,201411011100,201411011930,8 hours 30 minutes,,20141101,middle,1,6,1,1,0,0,0,0,2,1,0,0,1,0,1,1,Y,1,1,1,0,1,0,0,2,0,1,1,1,Y,,,,1,Prescribed medication (multiple pills),0,0,1,1,N,1,0,,,0,,,0,0,Y,3,1,0,1,0,0,0,0,0,0,2,0,0,1,0,0,1,0,0,0,0,0,0,0,0,0,,0,0,0,0,1,1,"It hurts after going out, but after coming home and taking medicine, it got better.",N,1,1,2,,,N,N
2083,dha-0041,em41,201412260800,201412260900,1 hour 0 minutes,,20141226,weakness,0,4,1,0,0,0,0,0,1,1,1,0,0,0,1,1,Y,1,1,0,0,1,0,1,2,0,1,1,1,Y,,,,1,Naramik,0,0,1,1,Y,1,1,,,0,0,1,1,0,Y,3,0,0,0,0,0,0,0,0,0,0,0,0,1,0,0,1,0,0,1,0,0,0,0,1,2,I was nervous the day before,0,0,0,0,0,0,,N,1,1,2,,,N,N
2271,dha-0041,em41,201501041030,201501042359,13 hours 29 minutes,,20150104,,,,1,0,0,0,0,0,1,1,1,0,0,0,1,1,,0,0,1,0,0,1,1,3,1,1,1,1,Y,,,,1,Naramik tablets,0,1,0,1,Y,1,1,,,0,1,0,1,0,Y,3,0,1,0,0,1,0,0,0,0,2,0,0,0,0,0,0,0,0,0,0,0,0,0,1,1,irregular life,0,0,0,0,1,1,Take medicine and sleep well,N,1,1,2,,,,
1486,dha-0050,EM50,201411290500,201411291000,5 hours 0 minutes,,20141129,weakness,0,3,1,0,0,0,0,0,1,1,0,0,0,1,1,0,Y,1,1,0,0,1,0,0,1,0,1,1,1,Y,,1,,,,0,1,0,1,Y,1,1,0,1,1,,,0,0,Y,3,1,0,1,0,0,0,0,0,0,2,0,0,0,0,0,0,0,1,0,0,0,0,0,0,1,,1,1,0,0,0,2,,N,1,1,2,,,N,N
1945,dha-0057,em57,201412191500,201412192300,8 hours 0 minutes,,20141219,weakness,0,6,1,0,0,0,0,0,1,1,0,0,1,0,1,1,Y,1,0,1,0,0,1,1,3,1,1,1,1,Y,,1,1,,,0,1,0,1,N,1,0,,,0,,,0,0,Y,3,1,0,0,0,0,0,0,0,0,1,0,0,0,1,0,1,0,0,1,0,0,0,0,0,1,,1,1,0,0,0,2,,N,1,1,2,,,N,N
1995,cmc-0023,M-012,201412120820,201412122359,15 hours 39 minutes,,20141212,weakness,0,4,1,1,0,1,0,0,3,1,0,0,1,1,2,1,N,0,0,1,0,0,0,1,2,1,1,1,1,N,,,,,,,,,0,Y,0,1,,,0,0,1,1,0,Y,4,1,0,1,0,0,1,0,0,0,3,0,0,0,0,0,0,0,1,0,0,0,0,0,0,1,,0,0,0,0,0,0,,N,1,1,2,,,N,N
2107,dha-0039,em39,201412222200,201412222359,1 hour 59 minutes,,20141222,middle,1,,0,0,0,1,0,0,1,0,1,0,0,0,1,1,Y,1,1,0,1,1,0,0,2,0,1,1,1,N,,,,,,,,,0,N,0,0,,,0,,,0,0,Y,4,1,0,1,0,0,1,0,0,0,3,0,0,0,0,0,0,0,0,0,0,0,0,0,1,1,Cold body aches,0,1,0,0,1,2,Taking cold medicine,N,1,1,2,,,N,Y
2108,dha-0039,em39,201412230928,201412232300,13 hours 32 minutes,,20141223,middle,1,5,0,0,0,1,0,0,1,0,1,0,1,0,2,1,Y,1,1,0,1,1,0,0,2,0,1,1,1,N,,,,,,,,,0,N,0,0,,,0,,,0,0,Y,4,1,0,1,0,0,1,0,0,0,3,0,0,0,0,0,0,0,0,0,0,0,0,0,1,1,Cold body aches,0,1,0,0,1,2,cold medicine injection,N,1,1,2,,,N,N
2059,cmc-0023,M-012,201412170830,201412172359,15 hours 29 minutes,,20141217,weakness,0,4,1,1,1,1,0,0,4,1,0,1,1,1,3,1,Y,1,1,1,0,1,1,1,4,1,1,1,1,N,,,,,,,,,0,Y,0,1,,,0,1,0,1,0,Y,4,1,0,1,0,0,0,1,0,1,4,0,0,0,0,0,0,0,0,0,0,0,0,0,0,0,,0,0,0,0,0,0,,N,1,1,2,,,N,Y
420,cmc-0031,M-017,201410012215,201410012359,1 hour 44 minutes,,20141001,weakness,0,3,1,0,0,0,0,0,1,1,0,0,1,0,1,1,Y,1,1,0,0,1,0,0,1,0,1,1,1,N,,,,,,,,,0,N,0,0,,,0,,,0,0,Y,4,0,0,0,0,0,0,0,0,1,1,1,0,0,0,1,2,0,1,0,0,0,0,0,0,1,,0,1,0,0,0,1,,Y,0,1,1,0 hours 0 minutes,1 hour 10 minutes,,
253,dha-0018,EM18,201409131409,201409131811,4 hours 2 minutes,,20140913,middle,1,4,0,1,0,0,0,1,2,1,0,1,0,1,2,0,N,0,1,0,0,1,0,0,1,0,1,1,1,N,,,,,,,,,0,N,0,0,,,0,,,0,0,Y,4,1,1,0,0,0,0,0,0,0,2,0,0,0,0,0,0,0,1,0,0,0,0,0,1,2,Night shift changes day and night,0,0,1,0,0,1,,N,1,1,2,,,,
1771,dha-0032,em32,201412110602,201412112359,17 hours 57 minutes,,20141211,Severe,1,,1,0,0,0,1,0,2,1,0,1,1,0,2,1,N,0,1,0,0,1,0,0,1,0,1,1,1,N,,,,,,,,,0,Y,0,1,0,1,1,0,1,1,1,Y,4,1,0,1,0,0,0,1,0,0,3,0,0,0,0,0,0,0,0,1,0,0,0,0,0,1,,0,0,0,0,0,0,,N,1,1,2,,,N,Y
664,dha-0015,em15,201410121000,201410122000,10 hours 0 minutes,,20141012,Severe,1,7,0,0,0,1,0,1,2,0,1,0,1,1,3,1,Y,1,0,1,0,0,0,1,2,1,1,1,1,Y,,,,1,,0,1,0,1,Y,1,1,0,1,1,,,0,0,Y,4,0,0,0,0,0,1,0,0,0,1,0,1,1,0,0,2,0,0,0,0,0,0,1,0,1,,1,1,0,0,0,2,,N,0,0,0,0 hours 0 minutes,0 hours 0 minutes,N,N
566,cmc-0025,CM-003,201409210600,201409212359,17 hours 59 minutes,,20140921,middle,1,7,0,0,0,1,0,0,1,0,1,1,0,0,2,1,Y,1,1,0,1,1,0,0,2,0,1,1,1,Y,2,,,,,1,0,0,1,Y,1,1,0,1,1,0,1,1,1,Y,4,0,0,1,0,0,0,0,0,0,1,0,0,0,0,1,1,0,0,1,0,0,1,0,0,2,,0,1,0,0,0,1,,N,1,1,2,,,N,Y
571,cmc-0025,CM-003,201409260615,201409262359,17 hours 44 minutes,,20140926,middle,1,7,0,0,0,1,0,0,1,0,0,1,1,0,2,1,,0,0,0,1,1,1,0,2,0,1,1,1,Y,1,,,,,0,1,0,1,Y,1,1,0,1,1,0,1,1,0,Y,4,0,0,1,0,0,0,1,0,0,2,0,0,0,0,1,1,0,0,0,0,0,1,0,0,1,,1,1,0,0,0,2,,Y,0,1,1,0 hours 0 minutes,0 hours 30 minutes,N,Y
590,cmc-0025,CM-003,201410090434,201410092359,19 hours 25 minutes,,20141009,middle,1,7,0,0,0,1,0,0,1,0,1,1,0,0,2,1,Y,1,1,0,1,1,1,0,3,0,1,1,1,Y,2,,,,,1,0,0,1,Y,1,1,0,1,1,0,1,1,0,Y,4,0,0,1,0,0,1,0,0,0,2,0,0,0,0,1,1,0,0,0,0,0,0,0,1,1,"It seems a little better than yesterday, but it's still hard.",1,1,0,0,0,2,,N,1,1,2,,,N,Y
1841,cmc-0032,CM-005,201411281630,201411282115,4 hours 45 minutes,,20141128,Severe,1,9,0,0,0,1,1,1,3,0,1,1,1,1,4,1,Y,1,1,1,0,1,0,1,3,1,1,1,1,Y,2,,,,,0,0,1,1,Y,1,1,,,0,1,0,1,1,Y,4,1,0,0,0,1,1,0,0,0,3,0,0,0,0,0,0,0,1,0,0,0,0,0,0,1,,0,1,0,0,1,2,I took medicine,N,1,1,2,,,N,N
1849,cmc-0032,CM-005,201412061830,201412062230,4 hours 0 minutes,,20141206,Severe,1,9,0,0,0,1,1,1,3,0,1,1,1,1,4,1,Y,1,1,1,0,1,1,1,4,1,1,1,1,Y,2,,,,,0,0,1,1,Y,1,1,,,0,1,0,1,0,Y,4,1,0,0,0,0,1,0,0,0,2,0,0,0,0,0,0,1,1,0,0,0,0,0,0,2,,1,0,0,0,1,2,approximately,N,1,1,2,,,N,N
4019,cmc-0064,M-037,201502270520,201502270920,4 hours 0 minutes,,20150227,middle,1,3,0,0,1,0,0,0,1,0,1,0,0,0,1,1,N,0,1,0,0,1,1,0,2,0,1,1,1,Y,,,1,,,0,1,0,1,Y,1,1,,,0,0,1,1,0,Y,4,1,0,1,0,0,1,0,0,0,3,0,0,0,0,1,1,0,0,0,0,0,0,0,0,0,,1,1,0,0,0,2,,N,1,1,2,,,N,N
21,dha-0010,em10,201408251125,,5 hours 55 minutes,,20140825,middle,1,,0,0,0,1,0,0,1,0,1,0,0,0,1,1,Y,1,1,0,0,1,0,0,1,0,1,1,1,Y,,3,,,,0,0,1,1,Y,1,1,0,1,1,0,1,1,0,Y,4,0,0,0,0,0,1,0,1,0,2,0,0,0,0,1,1,0,1,0,0,0,0,0,0,1,,1,0,0,0,0,1,,N,1,1,2,,,N,N
504,dha-0010,em10,201410041036,,6 hours 59 minutes,,20141004,middle,1,,0,0,0,1,0,0,1,0,1,1,0,0,2,1,Y,1,1,0,0,1,0,0,1,0,1,1,1,Y,1,1,,,,0,0,1,1,Y,1,1,,,0,0,1,1,0,Y,4,0,0,0,0,0,1,1,0,0,2,0,1,0,0,0,1,0,0,0,0,0,0,0,1,1,manual labor,1,1,0,0,0,2,,N,1,1,2,,,N,N
518,dha-0010,em10,201410051337,201410052359,14 hours 29 minutes,,20141005,middle,1,,0,0,0,1,0,0,1,0,0,1,0,0,1,0,Y,1,1,0,0,1,0,0,1,0,1,1,1,Y,,1,,,,0,0,1,1,Y,1,1,,,0,0,1,1,0,Y,4,0,0,0,0,0,1,1,0,0,2,0,1,0,0,0,1,0,0,0,0,0,0,0,1,1,manual labor,1,1,0,0,0,2,,N,1,1,2,,,,
1046,dha-0039,em39,201411051930,201411052324,3 hours 54 minutes,,20141105,middle,1,6,0,0,0,1,0,0,1,0,0,0,1,0,1,1,Y,1,1,0,0,1,0,0,1,0,1,1,1,Y,,,,1,prescribed medication,0,1,0,1,N,1,0,,,0,,,0,0,Y,4,1,0,1,0,0,1,0,0,0,3,0,0,0,0,0,0,0,0,0,0,0,0,0,1,1,The child continues to spin around next to him.,0,1,0,0,1,2,Taking medicine,N,1,1,2,,,N,N
322,cmc-0010,M-009,201409251339,201409252359,10 hours 20 minutes,,20140925,middle,1,7,1,0,0,0,0,0,1,1,1,1,1,0,3,1,Y,1,1,1,0,1,1,0,3,0,1,1,1,Y,,,,1,Hospital pharmaceuticals,0,0,1,1,Y,1,1,0,1,1,1,0,1,0,Y,4,1,0,1,0,0,1,0,0,0,3,0,0,0,0,1,1,0,0,0,0,0,0,0,0,0,,1,0,0,0,0,1,,N,1,1,2,,,N,Y
340,cmc-0010,M-009,201409271622,201409272359,7 hours 37 minutes,,20140927,weakness,0,4,1,0,0,0,0,0,1,1,1,1,0,0,2,1,Y,1,1,0,0,1,0,0,1,0,1,1,1,Y,,,,1,hospital prescription station,0,0,1,1,Y,1,1,,,0,0,1,1,0,Y,4,1,0,0,0,0,0,0,0,1,2,0,0,0,0,1,1,0,1,0,0,0,0,0,0,1,,0,1,0,0,0,1,,N,1,1,2,,,N,Y
179,cmc-0025,CM-003,201409160330,201409162158,18 hours 28 minutes,,20140916,middle,1,4,0,1,0,0,0,0,1,1,1,1,0,0,2,1,Y,1,0,0,1,1,1,0,2,0,1,1,1,Y,1,,,,,1,0,0,1,Y,1,1,0,1,1,0,1,1,0,Y,4,1,0,1,0,0,0,0,0,0,2,0,0,1,0,1,2,0,0,0,0,0,0,0,0,0,,0,1,0,0,0,1,,N,1,1,2,,,,
1038,cmc-0025,CM-003,201410170310,201410172359,20 hours 49 minutes,,20141017,middle,1,6,0,1,0,0,0,0,1,1,0,1,1,0,2,1,Y,1,0,0,1,1,0,0,1,0,1,1,1,Y,1,,,,,1,0,0,1,Y,1,1,0,1,1,0,1,1,0,Y,4,1,0,1,0,0,0,0,0,0,2,0,0,0,0,1,1,0,0,0,0,0,0,0,1,1,The smell of the rice noodle soup I ate with my friend gave me a headache. I seem to be sensitive to food and smells.,1,1,0,0,0,2,,N,1,1,2,,,N,Y
1418,cmc-0029,M-015,201411130200,201411130900,7 hours 0 minutes,,20141113,middle,1,4,1,0,0,0,0,0,1,1,1,0,1,0,2,1,Y,1,1,0,0,1,0,0,1,0,1,1,1,Y,2,,,,,0,0,1,1,Y,1,1,0,1,1,,,0,0,Y,4,0,0,1,0,0,1,0,0,0,2,0,0,1,0,0,1,0,0,0,0,1,0,0,0,1,,0,0,0,0,1,1,Taking medicine,N,1,1,2,,,N,N
1129,dha-0033,em33,201411112101,201411112359,2 hours 58 minutes,,20141111,middle,1,6,0,1,0,0,0,0,1,1,0,0,0,1,1,0,,0,1,0,0,1,0,0,1,0,1,1,1,Y,,1,,,,1,0,0,1,,1,0,,,0,,,0,0,Y,4,1,0,1,0,0,0,0,0,0,2,0,0,0,0,1,1,0,0,0,0,0,0,1,0,1,,1,1,0,1,0,3,,N,1,1,2,,,N,Y
1449,dha-0050,EM50,201411270827,201411271027,2 hours 0 minutes,,20141127,middle,1,3,1,0,0,0,1,0,2,1,0,0,1,0,1,1,Y,1,1,1,0,1,0,0,2,0,1,1,1,Y,,1,,,,0,1,0,1,Y,1,1,0,1,1,,,0,0,Y,4,1,0,1,0,0,0,0,0,1,3,0,0,0,0,0,0,0,1,0,0,0,0,0,0,1,,1,1,0,0,0,2,,N,1,1,2,,,N,N
1754,dha-0053,em53,201412100402,201412102359,19 hours 57 minutes,,20141210,middle,1,5,1,0,0,0,0,0,1,1,1,0,0,0,1,1,Y,1,1,0,0,1,1,0,2,0,1,1,1,Y,,,,2,Almogran,0,0,1,1,Y,1,1,,,0,0,1,1,0,Y,4,0,0,0,0,0,1,0,0,0,1,0,0,0,0,1,1,0,1,1,0,0,0,0,0,2,,1,1,0,0,0,2,,Y,1,0,1,0 hours 50 minutes,0 hours 0 minutes,N,Y
2704,dha-0053,em53,201501231027,201501232359,13 hours 32 minutes,,20150123,middle,1,,0,1,0,0,0,0,1,1,0,0,1,0,1,1,Y,1,1,0,0,1,0,0,1,0,1,1,1,Y,,,,1,Almogran,0,0,1,1,N,1,0,,,0,,,0,0,Y,4,1,0,1,0,0,0,1,0,0,3,0,0,0,0,0,0,0,0,0,1,0,0,0,0,1,,0,0,0,0,0,0,,Y,1,0,1,0 hours 50 minutes,0 hours 0 minutes,N,Y
1747,dha-0057,em57,201412081100,201412082359,12 hours 59 minutes,,20141208,Severe,1,9,0,1,0,0,0,0,1,1,1,0,0,0,1,1,Y,1,1,1,1,1,1,1,5,1,1,1,1,Y,,,2,,,0,1,0,1,Y,1,1,0,1,1,1,0,1,1,Y,4,0,0,0,0,0,0,1,0,0,1,0,0,0,0,0,0,1,0,1,1,0,0,0,0,3,,1,1,0,0,0,2,,N,1,1,2,,,N,Y
1829,dha-0057,em57,201412111300,201412112000,7 hours 0 minutes,,20141211,middle,1,8,0,1,0,0,0,0,1,1,1,0,0,0,1,1,Y,1,1,0,1,1,0,0,2,0,1,1,1,Y,,1,1,,,0,1,0,1,Y,1,1,0,1,1,0,1,1,0,Y,4,0,0,0,0,0,0,1,0,0,1,0,0,0,0,0,0,1,0,1,1,0,0,0,0,3,,1,1,0,0,0,2,,Y,0,1,1,0 hours 0 minutes,1 hour 0 minutes,N,N
1832,dha-0057,em57,201412140900,201412141900,10 hours 0 minutes,,20141214,weakness,0,5,1,0,0,0,0,0,1,1,0,0,1,0,1,1,Y,1,0,1,0,0,1,1,3,1,1,1,1,Y,2,,,,,1,0,0,1,Y,1,1,0,1,1,0,1,1,1,Y,4,0,0,1,0,0,1,1,0,0,3,0,0,0,0,0,0,1,0,0,0,0,0,0,0,1,,1,1,0,0,0,2,,Y,0,1,1,0 hours 0 minutes,2 hours 0 minutes,N,N
1877,dha-0057,em57,201412160300,201412162359,20 hours 59 minutes,,20141216,Severe,1,9,0,1,0,0,1,0,2,1,1,0,1,1,3,1,Y,1,1,1,1,1,0,1,4,1,1,1,1,Y,4,1,1,,,0,1,0,1,Y,1,1,0,1,1,0,1,1,0,Y,4,1,0,1,0,0,1,0,0,0,3,0,0,0,1,0,1,0,0,0,0,0,0,0,0,0,,1,1,1,0,0,3,,N,1,1,2,,,N,Y
890,dha-0040,EM40,201410280900,201410281000,1 hour 0 minutes,,20141028,weakness,0,2,0,1,0,0,0,0,1,1,0,0,1,0,1,1,Y,1,1,1,0,1,0,0,2,0,1,1,1,N,,,,,,,,,0,N,0,0,,,0,,,0,0,Y,5,1,0,1,0,0,0,0,0,0,2,1,0,1,0,0,2,0,0,0,0,1,0,0,0,1,,0,1,0,0,0,1,,N,1,1,2,,,N,N
572,cmc-0025,CM-003,201409270617,201409272359,17 hours 42 minutes,,20140927,middle,1,6,0,0,1,0,0,0,1,0,1,1,0,0,2,1,Y,1,1,0,1,1,0,0,2,0,1,1,1,N,,,,,,,,,0,Y,0,1,0,1,1,0,1,1,0,Y,5,0,0,1,0,0,1,0,0,0,2,0,0,1,0,1,2,0,0,0,0,0,1,0,0,1,,1,1,0,0,0,2,,N,1,1,2,,,N,Y
556,dha-0018,EM18,201410080617,201410082359,17 hours 42 minutes,,20141008,middle,1,5,1,0,0,0,0,1,2,1,1,1,0,0,2,1,Y,1,1,1,0,1,0,0,2,0,1,1,1,N,,,,,,,,,0,Y,0,1,0,1,1,,,0,0,Y,5,1,0,1,0,1,1,0,0,0,4,0,0,1,0,0,1,0,0,0,0,0,0,0,0,0,,0,0,0,0,0,0,,N,1,1,2,,,,
1740,dha-0032,em32,201412101300,201412102359,10 hours 59 minutes,,20141210,middle,1,,0,1,0,0,1,1,3,1,0,0,0,1,1,0,N,0,1,0,0,1,0,0,1,0,1,1,1,N,,,,,,,,,0,N,0,0,,,0,,,0,0,Y,5,1,0,0,1,0,0,1,0,0,3,0,0,0,0,0,0,0,1,0,1,0,0,0,0,2,,0,0,0,0,0,0,,Y,1,0,1,1 hour 0 minutes,0 hours 0 minutes,N,Y
570,cmc-0025,CM-003,201409250600,201409252359,17 hours 59 minutes,,20140925,Severe,1,8,0,0,0,1,0,0,1,0,1,1,1,0,3,1,Y,1,0,1,1,1,1,0,3,0,1,1,1,Y,2,,,,,1,0,0,1,Y,1,1,1,0,1,1,0,1,1,Y,5,0,0,1,0,0,0,1,0,0,2,0,0,1,0,1,2,0,0,0,0,0,1,0,0,1,,1,1,0,0,0,2,,N,1,1,2,,,N,Y
576,cmc-0025,CM-003,201410010523,201410012359,18 hours 36 minutes,,20141001,middle,1,6,0,0,0,1,0,0,1,0,0,1,1,0,2,1,Y,1,0,1,1,1,1,0,3,0,1,1,1,Y,1,,,,,0,1,0,1,Y,1,1,0,1,1,0,1,1,0,Y,5,0,0,1,0,0,0,0,0,1,2,0,0,1,0,1,2,0,1,0,0,0,0,0,0,1,,1,1,0,0,0,2,,N,1,1,2,,,N,Y
2058,cmc-0023,M-012,201412161400,201412162359,9 hours 59 minutes,,20141216,middle,1,6,1,1,1,1,0,0,4,1,0,1,1,1,3,1,Y,1,1,1,0,1,1,1,4,1,1,1,1,Y,2,,,,,1,0,0,1,Y,1,1,,,0,1,0,1,0,Y,5,1,0,1,0,0,1,1,0,1,5,0,0,0,0,0,0,0,0,0,0,0,0,0,0,0,,0,0,0,0,0,0,,N,1,1,2,,,N,Y
578,cmc-0025,CM-003,201410030631,201410032359,17 hours 28 minutes,,20141003,middle,1,7,0,0,1,0,0,0,1,0,1,0,1,0,2,1,Y,1,0,0,1,1,1,0,2,0,1,1,1,N,,,,,,,,,0,Y,0,1,0,1,1,0,1,1,0,Y,6,1,0,1,0,0,1,0,0,0,3,0,0,1,0,1,2,0,1,0,0,0,0,0,0,1,,1,1,0,0,0,2,,Y,1,1,2,0 hours 0 minutes 0 minutes 0 minutes,0 hours 30 minutes 30 minutes 30 minutes,N,Y
2492,dha-0041,em41,201501110800,201501111530,7 hours 30 minutes,,20150111,weakness,0,3,0,1,0,0,0,0,1,1,0,0,1,0,1,1,Y,1,1,0,0,1,0,1,2,0,1,1,1,Y,,,,1,Naramik,0,1,0,1,Y,1,1,,,0,0,1,1,0,Y,6,0,0,1,0,0,1,0,0,1,3,1,0,0,0,0,1,0,0,0,0,0,0,1,1,2,Fatigue and drinking from the previous day,1,1,0,0,0,2,,N,1,1,2,,,N,N
589,cmc-0025,CM-003,201410080310,201410082359,20 hours 49 minutes,,20141008,Severe,1,9,0,0,1,1,0,0,2,0,0,1,0,1,2,0,Y,1,0,1,1,1,1,0,3,0,1,1,1,Y,2,,,,,1,0,0,1,Y,1,1,1,0,1,1,0,1,0,Y,7,0,0,1,0,0,1,0,0,0,2,1,0,1,0,1,3,0,1,0,0,0,0,0,1,2,"I went out to eat and went out to eat pork belly and drank a glass of soju. Three hours later, my head hurt like it was going to explode, I vomited, and the pain was so bad that I couldn't even drink water. Even when I lie down, my head shakes and I can't do anything.",1,1,0,0,0,2,,N,1,1,2,,,N,Y
564,cmc-0025,CM-003,201409200300,201409202359,20 hours 59 minutes,,20140920,Severe,1,9,0,0,0,1,0,0,1,0,1,1,0,0,2,1,Y,1,1,0,1,1,1,0,3,0,1,1,1,Y,2,,,,,1,0,0,1,Y,1,1,1,0,1,1,0,1,1,Y,9,0,0,1,0,0,1,0,0,1,3,0,1,1,0,1,3,0,1,0,0,0,1,0,1,3,I ate the fried food my mom brought me and vomited all night. My head still hurts.,1,1,0,0,1,3,I emptied my stomach and didn't eat anything.,N,1,1,2,,,N,Y
,,,,,,,,,,,,,,,,,,,,,,,,,,,,,,,,,,,,,,,,,,,,,,,,,,,,,,,,,,,,304,25,224,15,15,227,114,14,64,1002,109,22,47,6,61,245,38,64,25,25,10,5,17,148,332,,,,,,,,,,,,,,,,
