Unnamed: 0,Unnamed: 1,Unnamed: 2,Unnamed: 3,Unnamed: 4,Unnamed: 5,Unnamed: 6,Unnamed: 7,Unnamed: 8,Unnamed: 9,Unnamed: 10,Unnamed: 11,Unnamed: 12,Unnamed: 13,Unnamed: 14,Unnamed: 15,Unnamed: 16,Unnamed: 17,Unnamed: 18,Unnamed: 19,Unnamed: 20,Unnamed: 21,Unnamed: 22,Unnamed: 23,Unnamed: 24,Unnamed: 25,Unnamed: 26,Unnamed: 27,Unnamed: 28,Unnamed: 29,Unnamed: 30,Unnamed: 31,Unnamed: 32,Unnamed: 33,Unnamed: 34,Dataset of 4579 Diary Records.,Unnamed: 36,Unnamed: 37,Unnamed: 38,Unnamed: 39,Unnamed: 40,Unnamed: 41,Unnamed: 42,Unnamed: 43,Unnamed: 44,Unnamed: 45,Unnamed: 46,Unnamed: 47,Unnamed: 48,Unnamed: 49,Unnamed: 50,Unnamed: 51,Unnamed: 52,Unnamed: 53,Unnamed: 54,Unnamed: 55,Unnamed: 56,Unnamed: 57,Unnamed: 58,Unnamed: 59,Unnamed: 60,Unnamed: 61,Unnamed: 62,Unnamed: 63,Unnamed: 64,Unnamed: 65,Unnamed: 66,Unnamed: 67,Unnamed: 68,Unnamed: 69,Unnamed: 70,Unnamed: 71,Unnamed: 72,Unnamed: 73,Unnamed: 74,Unnamed: 75,Unnamed: 76,Unnamed: 77,Unnamed: 78,Unnamed: 79,Unnamed: 80,Unnamed: 81,Unnamed: 82,Unnamed: 83,Unnamed: 84,Unnamed: 85,Unnamed: 86,Unnamed: 87,Unnamed: 88,Unnamed: 89,Unnamed: 90,Unnamed: 91,Unnamed: 92,Unnamed: 93,Unnamed: 94,Unnamed: 95,Unnamed: 96,Unnamed: 97,Unnamed: 98,Unnamed: 99,Unnamed: 100,Unnamed: 101,Unnamed: 102,Unnamed: 103,Unnamed: 104
number,Registration number,Unique number,Use of preventive medicine,start time,,End time,,duration,Duration (minutes),date,degree,,jisoo,sore spot,,,,,,,,form,,,,,,Headache worsens with movement,,accompanying symptoms,,,,,,,,,,,Use first aid kit,Tylenol,composite,Triptan agent,etc,Other drug names,First aid effect,,,,Lifestyle disruption,,school or work,,,in the house,,,Gatherings/leisure activities,Trigger factor,,endogenous factors,,,,,,,,,,external factors,,,,,,etc,,,,,,,,,Other triggers,improvement factor,,,,,,Improvement factors Other,Whether to exercise or not,intensity of exercise,,,vigorous exercise,Vigorous exercise (minutes),moderate exercise,Moderate exercise (minutes),A headache-free day,Whether the headache persists
,,,,,start time,,End time,,,,,robbery,,left head,right head,middle,both sides,around the eyes,Around the back of the neck,total,laterality,throbbing headache,a constricting headache,a pounding headache,dull heavy headache,total,Park Dong-seong,,movement 1,Gourmet food,Becoming sensitive to sound,puke,Nausea/Vomiting,Becoming sensitive to smells,Sensitivity to light,total,Light/noise sensitivity,major premise,minor premise,Presence or absence of migraine,,,,,,,First aid medication has no effect,Headaches reduced by more than half,headache goes away,total,,obstacle,Missed work or missed school,Work or academic efficiency has decreased by less than half,total,Couldn't do any household chores,Housework efficiency has decreased by less than half.,total,I had a plan but couldn't participate.,,Number of triggers,stress,excessive sleep,lack of sleep,work out,not exercising,physical fatigue,Menstrual cycle: menstruation,Menstrual cycle: ovulation,excessive emotional changes,total,Weather/temperature changes,excessive sunlight,noise,inadequate lighting,"Specific odors (cosmetic perfume, etc.)",total,excessive drinking,Irregular eating (e.g. on an empty stomach),surfeit,excessively caffeinated drinks,excessive smoking,cheese chocolate,travel,etc,total,,sleep,rest,massage or stretching,work out,etc,total,,,vigorous exercise,moderate exercise,total,,,,,,
911,cmc-0003,M-003,0,201410251830,18,201410252320,23,4 hours 50 minutes,290,20141025,middle,1,6,0,0,0,1,1,0,2,0,1,0,1,0,2,1,Y,1,0,0,0,0,0,1,1,0,1,0,0,Y,,,,1,Advil,0,0,1,1,Y,1,0,1,1,,,0,0,N,0,0,0,0,0,0,0,0,0,0,0,0,0,0,0,0,0,0,0,0,0,0,0,0,0,0,,0,0,0,0,1,1,approximately,N,0,0,0,0 minutes,0,0 minutes,0,N,N
511,dha-0014,em14,0,201410031430,14,201410032157,21,7 hours 27 minutes,447,20141003,middle,1,7,0,0,0,0,1,1,2,0,0,1,1,0,2,1,N,0,0,0,0,0,0,0,0,0,1,0,0,Y,,,,4,prescription drugs,0,0,1,1,Y,1,,,0,0,1,1,0,N,0,0,0,0,0,0,0,0,0,0,0,0,0,0,0,0,0,0,0,0,0,0,0,0,0,0,,1,0,0,0,0,1,,N,0,0,0,0 minutes,0,0 minutes,0,N,N
231,cmc-0022,M-011,1,201409201404,14,201409201704,17,3 hours 0 minutes,180,20140920,middle,1,4,1,0,0,0,0,0,1,1,1,0,0,0,1,1,,0,0,0,0,0,0,0,0,0,1,0,0,Y,,,1,,,0,0,1,1,Y,1,,,0,0,1,1,0,N,0,0,0,0,0,0,0,0,0,0,0,0,0,0,0,0,0,0,0,0,0,0,0,0,0,0,,0,1,0,0,0,1,,Y,0,1,1,0 hours 0 minutes,0,0 hours 40 minutes,40,N,N
280,cmc-0022,M-011,1,201409220857,08,201409221257,12,4 hours 0 minutes,240,20140922,middle,1,5,1,0,0,0,0,0,1,1,1,0,0,0,1,1,Y,1,0,0,0,0,0,0,0,0,1,0,0,Y,,,1,,,0,0,1,1,Y,1,,,0,0,1,1,0,N,0,0,0,0,0,0,0,0,0,0,0,0,0,0,0,0,0,0,0,0,0,0,0,0,0,0,,0,1,1,0,0,2,,Y,0,1,1,0 hours 0 minutes,0,1 hour 0 minutes,60,N,N
307,cmc-0022,M-011,1,201409231800,18,201409232000,20,2 hours 0 minutes,120,20140923,middle,1,4,1,0,0,0,0,0,1,1,1,0,0,0,1,1,N,0,0,0,0,0,0,0,0,0,1,0,0,Y,,,13,,,0,0,1,1,Y,1,,,0,0,1,1,0,N,0,0,0,0,0,0,0,0,0,0,0,0,0,0,0,0,0,0,0,0,0,0,0,0,0,0,,0,1,0,0,0,1,,Y,0,1,1,0 hours 0 minutes,0,1 hour 0 minutes,60,N,N
1048,cmc-0025,CM-003,1,201410271024,10,201410271724,17,7 hours 0 minutes,420,20141027,weakness,0,4,0,0,0,1,0,0,1,0,0,0,1,0,1,1,N,0,0,0,0,0,1,0,1,0,0,0,0,N,,,,,,,,,0,N,0,,,0,,,0,0,N,0,0,0,0,0,0,0,0,0,0,0,0,0,0,0,0,0,0,0,0,0,0,0,0,0,0,,0,1,1,0,1,3,"On days when I don't have a bad headache, I go for a nearby hike.",Y,0,1,1,0 hours 0 minutes,0,1 hour 30 minutes,90,N,N
772,cmc-0027,CM-004,1,201410181811,18,201410182311,23,5 hours 0 minutes,300,20141018,weakness,0,4,0,0,1,0,0,0,1,0,0,0,0,1,1,0,,0,0,0,0,0,0,0,0,0,0,0,0,N,,,,,,,,,0,,0,,,0,,,0,0,N,0,0,0,0,0,0,0,0,0,0,0,0,0,0,0,0,0,0,0,0,0,0,0,0,0,0,,0,1,0,0,0,1,,Y,0,1,1,0 hours 0 minutes,0,0 hours 30 minutes,30,N,N
1372,cmc-0027,CM-004,1,201411120939,09,201411121939,19,10 hours 0 minutes,600,20141112,weakness,0,3,1,0,0,0,0,0,1,1,0,0,0,1,1,0,,0,0,0,0,0,0,0,0,0,0,0,0,N,,,,,,,,,0,,0,,,0,,,0,0,N,0,0,0,0,0,0,0,0,0,0,0,0,0,0,0,0,0,0,0,0,0,0,0,0,0,0,,0,0,0,0,0,0,,Y,0,1,1,0 hours 0 minutes,0,1 hour 0 minutes,60,N,N
1506,cmc-0027,CM-004,1,201411181321,13,201411182221,22,9 hours 0 minutes,540,20141118,weakness,0,4,1,0,0,0,0,0,1,1,0,0,0,1,1,0,,0,0,0,0,0,0,0,0,0,0,0,0,N,,,,,,,,,0,,0,,,0,,,0,0,N,0,0,0,0,0,0,0,0,0,0,0,0,0,0,0,0,0,0,0,0,0,0,0,0,0,0,,1,1,0,0,0,2,,Y,0,1,1,0 hours 0 minutes,0,1 hour 0 minutes,60,N,N
312,cmc-0028,M-014,0,201409241659,16,201409242100,21,4 hours 1 minute,241,20140924,weakness,0,2,1,0,0,0,0,0,1,1,1,0,0,0,1,1,Y,1,0,0,0,0,0,0,0,0,1,0,0,N,,,,,,,,,0,,0,,,0,,,0,0,N,0,0,0,0,0,0,0,0,0,0,0,0,0,0,0,0,0,0,0,0,0,0,0,0,0,0,,0,0,0,0,0,0,,Y,0,1,1,0 hours 0 minutes,0,0 hours 30 minutes,30,,
486,cmc-0028,M-014,0,201410050650,06,201410050850,08,2 hours 0 minutes,120,20141005,weakness,0,1,0,0,0,1,0,0,1,0,0,0,1,0,1,1,N,0,0,0,0,0,0,0,0,0,0,0,0,Y,,,,1,Almogran,0,0,1,1,N,0,,,0,,,0,0,N,0,0,0,0,0,0,0,0,0,0,0,0,0,0,0,0,0,0,0,0,0,0,0,0,0,0,,0,0,0,0,0,0,,Y,0,1,1,0 hours 0 minutes,0,1 hour 0 minutes,60,N,N
482,cmc-0033,CM-006,1,201410041453,14,201410041853,18,4 hours 0 minutes,240,20141004,weakness,0,1,1,0,0,0,0,0,1,1,0,1,0,0,1,0,N,0,0,0,0,0,0,0,0,0,0,0,0,N,,,,,,,,,0,N,0,,,0,,,0,0,N,0,0,0,0,0,0,0,0,0,0,0,0,0,0,0,0,0,0,0,0,0,0,0,0,0,0,,0,1,0,0,0,1,,Y,0,1,1,0 hours 0 minutes,0,1 hour 0 minutes,60,N,N
614,cmc-0033,CM-006,1,201410101620,16,201410102359,23,7 hours 39 minutes,459,20141010,weakness,0,2,1,0,0,0,0,0,1,1,0,0,1,0,1,1,N,0,0,0,0,0,0,0,0,0,1,0,0,Y,,,,1,hospital medicine,0,1,0,1,N,0,,,0,,,0,0,N,0,0,0,0,0,0,0,0,0,0,0,0,0,0,0,0,0,0,0,0,0,0,0,0,0,0,,0,0,0,0,0,0,,Y,0,1,1,0 hours 0 minutes,0,1 hour 0 minutes,60,,
692,cmc-0033,CM-006,1,201410131930,19,201410132330,23,4 hours 0 minutes,240,20141013,weakness,0,1,1,0,0,0,0,0,1,1,0,1,0,0,1,0,N,0,0,0,0,0,0,0,0,0,0,0,0,N,,,,,,,,,0,N,0,,,0,,,0,0,N,0,0,0,0,0,0,0,0,0,0,0,0,0,0,0,0,0,0,0,0,0,0,0,0,0,0,,0,0,0,0,0,0,,Y,0,1,1,0 hours 0 minutes,0,1 hour 0 minutes,60,N,N
2009,cmc-0064,M-037,1,201412162000,20,201412162100,21,1 hour 0 minutes,60,20141216,weakness,0,3,0,0,1,0,0,0,1,0,1,0,0,0,1,1,,0,1,0,0,1,0,0,1,0,0,1,0,Y,1,,,,,0,1,0,1,N,0,,,0,,,0,0,N,0,0,0,0,0,0,0,0,0,0,0,0,0,0,0,0,0,0,0,0,0,0,0,0,0,0,,1,1,0,0,0,2,,Y,0,1,1,0 hours 0 minutes,0,0 hours 20 minutes,20,N,N
290,dha-0009,EM9,0,201409161448,14,201409161740,17,2 hours 52 minutes,172,20140916,weakness,0,2,0,1,0,0,0,0,1,1,0,0,0,1,1,0,N,0,0,0,0,0,0,0,0,0,0,0,0,Y,,,,1,Almogran,0,0,1,1,Y,1,0,1,1,0,1,1,0,N,0,0,0,0,0,0,0,0,0,0,0,0,0,0,0,0,0,0,0,0,0,0,0,0,0,0,,0,0,0,0,0,0,,Y,0,1,1,0 hours 0 minutes,0,1 hour 0 minutes,60,N,N
386,dha-0009,EM9,0,201409240520,05,201409240700,07,1 hour 40 minutes,100,20140924,weakness,0,1,0,1,0,0,0,0,1,1,0,0,1,0,1,1,,0,0,0,0,0,0,0,0,0,1,0,0,Y,,,,1,Almogran,0,0,1,1,Y,1,0,1,1,0,1,1,0,N,0,0,0,0,0,0,0,0,0,0,0,0,0,0,0,0,0,0,0,0,0,0,0,0,0,0,,0,0,0,0,0,0,,Y,0,1,1,0 hours 0 minutes,0,1 hour 0 minutes,60,N,N
225,dha-0010,em10,1,201409101130,11,201409101906,19,7 hours 36 minutes per day,456,20140910,middle,1,7,0,1,0,0,1,1,3,1,1,0,0,1,2,1,Y,1,0,1,0,0,0,0,1,0,1,0,0,Y,,,,1,Narimik,0,0,1,1,Y,1,0,1,1,0,1,1,0,N,0,0,0,0,0,0,0,0,0,0,0,0,0,0,0,0,0,0,0,0,0,0,0,0,0,0,,1,0,0,0,0,1,,Y,0,1,1,0 hours 0 minutes,0,1 hour 10 minutes,70,N,N
313,dha-0010,em10,1,201409171300,13,,,5 hours 46 minutes per day,346,20140917,weakness,0,3,0,1,0,0,0,1,2,1,1,0,0,1,2,1,N,0,0,0,0,0,0,0,0,0,1,0,0,N,,,,,,,,,0,N,0,,,0,,,0,0,N,0,0,0,0,0,0,0,0,0,0,0,0,0,0,0,0,0,0,0,0,0,0,0,0,0,0,,0,0,0,0,0,0,,Y,0,1,1,0 hours 0 minutes,0,2 hours 0 minutes,120,N,N
312,dha-0010,em10,1,201409181000,10,N,,8 hours 46 minutes,526,20140918,weakness,0,3,0,0,0,1,0,0,1,0,0,0,0,1,1,0,N,0,0,0,0,0,0,0,0,0,0,0,0,N,,,,,,,,,0,N,0,,,0,,,0,0,N,0,0,0,0,0,0,0,0,0,0,0,0,0,0,0,0,0,0,0,0,0,0,0,0,0,0,,1,1,0,0,0,2,,Y,0,1,1,0 hours 0 minutes,0,4 hours 0 minutes,240,N,N
335,dha-0010,em10,1,201409191500,15,201409191900,19,4 hours 0 minutes,240,20140919,middle,1,8,0,0,1,1,0,1,3,0,1,0,1,0,2,1,N,0,0,0,0,0,0,0,0,0,1,0,0,Y,,,,1,Naramik,0,0,1,1,N,0,,,0,,,0,0,N,0,0,0,0,0,0,0,0,0,0,0,0,0,0,0,0,0,0,0,0,0,0,0,0,0,0,,1,1,0,1,0,3,,Y,0,1,1,0 hours 0 minutes,0,1 hour 30 minutes,90,N,N
336,dha-0010,em10,1,201409201100,11,201409202359,23,12 hours 59 minutes,779,20140920,weakness,0,4,0,1,0,0,0,1,2,1,1,0,0,1,2,1,N,0,0,0,0,0,0,0,0,0,1,0,0,N,,,,,,,,,0,N,0,,,0,,,0,0,N,0,0,0,0,0,0,0,0,0,0,0,0,0,0,0,0,0,0,0,0,0,0,0,0,0,0,,0,0,0,1,0,1,,Y,0,1,1,0 hours 0 minutes,0,1 hour 10 minutes,70,N,Y
342,dha-0010,em10,1,201409211300,13,N,,4 hours 47 minutes,287,20140921,middle,1,7,0,0,1,1,0,1,3,0,1,0,1,0,2,1,N,0,0,1,0,0,0,0,1,0,1,0,0,N,,,,,,,,,0,N,0,,,0,,,0,0,N,0,0,0,0,0,0,0,0,0,0,0,0,0,0,0,0,0,0,0,0,0,0,0,0,0,0,,0,0,0,0,0,0,,Y,0,1,1,0 hours 0 minutes,0,2 hours 0 minutes,120,N,N
375,dha-0010,em10,1,201409231700,17,201409232200,22,5 hours 0 minutes,300,20140923,,,5,0,0,0,1,0,1,2,0,1,0,1,0,2,1,N,0,0,0,0,0,0,0,0,0,0,0,0,N,,,,,,,,,0,N,0,,,0,,,0,0,N,0,0,0,0,0,0,0,0,0,0,0,0,0,0,0,0,0,0,0,0,0,0,0,0,0,0,,0,0,0,1,0,1,,Y,0,1,1,0 hours 0 minutes,0,3 hours 0 minutes,180,,
406,dha-0010,em10,1,201409271100,11,201409271830,18,7 hours 30 minutes,450,20140927,weakness,0,3,0,1,1,0,0,1,3,1,0,0,0,1,1,0,N,0,0,0,0,0,0,0,0,0,0,0,0,N,,,,,,,,,0,N,0,,,0,,,0,0,N,0,0,0,0,0,0,0,0,0,0,0,0,0,0,0,0,0,0,0,0,0,0,0,0,0,0,,0,0,0,1,0,1,,Y,0,1,1,0 hours 0 minutes,0,4 hours 10 minutes,250,N,N
450,dha-0010,em10,1,201409300950,09,201409302359,23,14 hours 9 minutes,849,20140930,weakness,0,3,0,0,1,0,0,0,1,0,0,0,0,1,1,0,N,0,0,1,0,0,0,0,1,0,0,0,0,N,,,,,,,,,0,N,0,,,0,,,0,0,N,0,0,0,0,0,0,0,0,0,0,0,0,0,0,0,0,0,0,0,0,0,0,0,0,0,0,,0,0,0,0,0,0,,Y,0,1,1,0 hours 0 minutes,0,2 hours and 30 minutes,150,N,Y
485,dha-0010,em10,1,201410020900,09,201410022359,23,14 hours 59 minutes,899,20141002,weakness,0,4,0,0,0,1,0,0,1,0,0,1,0,0,1,0,N,0,0,1,0,0,0,0,1,0,0,0,0,N,,,,,,,,,0,N,0,,,0,,,0,0,N,0,0,0,0,0,0,0,0,0,0,0,0,0,0,0,0,0,0,0,0,0,0,0,0,0,0,,1,0,0,0,0,1,,Y,0,1,1,0 hours 0 minutes,0,2 hours 0 minutes,120,N,Y
486,dha-0010,em10,1,201410030900,09,201410032359,23,14 hours 59 minutes,899,20141003,middle,1,5,0,0,0,1,0,1,2,0,0,1,0,0,1,0,N,0,0,1,0,0,0,0,1,0,0,0,0,N,,,,,,,,,0,N,0,,,0,,,0,0,N,0,0,0,0,0,0,0,0,0,0,0,0,0,0,0,0,0,0,0,0,0,0,0,0,0,0,,0,0,0,0,0,0,,Y,0,1,1,0 hours 0 minutes,0,1 hour 30 minutes,90,N,Y
628,dha-0010,em10,1,201410071400,14,201410072359,23,9 hours 59 minutes,599,20141007,,,,0,1,1,0,0,1,3,1,0,0,0,1,1,0,N,0,0,0,0,0,0,1,1,0,0,0,0,N,,,,,,,,,0,N,0,,,0,,,0,0,N,0,0,0,0,0,0,0,0,0,0,0,0,0,0,0,0,0,0,0,0,0,0,0,0,0,0,,0,0,0,0,0,0,,Y,0,1,1,0 hours 0 minutes,0,1 hour 20 minutes,80,N,Y
573,dha-0010,em10,1,201410091100,11,201410092359,23,12 hours 59 minutes,779,20141009,weakness,0,4,0,0,1,1,1,1,4,0,1,0,0,1,2,1,N,0,0,1,0,0,0,1,2,1,0,1,0,N,,,,,,,,,0,N,0,,,0,,,0,0,N,0,0,0,0,0,0,0,0,0,0,0,0,0,0,0,0,0,0,0,0,0,0,0,0,0,0,,0,0,0,1,0,1,,Y,0,1,1,0 hours 0 minutes,0,4 hours and 30 minutes,270,N,Y
592,dha-0010,em10,1,201410101300,13,201410102359,23,10 hours 59 minutes,659,20141010,weakness,0,4,0,1,1,0,0,1,3,1,1,0,0,1,2,1,Y,1,0,0,0,0,0,1,1,0,1,0,0,N,,,,,,,,,0,N,0,,,0,,,0,0,N,0,0,0,0,0,0,0,0,0,0,0,0,0,0,0,0,0,0,0,0,0,0,0,0,0,0,,0,0,0,0,0,0,,Y,0,1,1,0 hours 0 minutes,0,4 hours 0 minutes,240,N,Y
609,dha-0010,em10,1,201410111000,10,201410112359,23,13 hours 59 minutes,839,20141011,weakness,0,4,0,0,1,1,1,1,4,0,1,0,0,1,2,1,N,0,0,0,0,0,0,1,1,0,0,0,0,N,,,,,,,,,0,N,0,,,0,,,0,0,N,0,0,0,0,0,0,0,0,0,0,0,0,0,0,0,0,0,0,0,0,0,0,0,0,0,0,,0,0,0,0,0,0,,Y,0,1,1,0 hours 0 minutes,0,5 hours 0 minutes,300,N,Y
724,dha-0010,em10,1,201410171100,11,201410171800,18,7 hours 0 minutes,420,20141017,middle,1,7,0,0,1,1,0,1,3,0,0,0,1,1,2,1,N,0,0,1,0,0,0,0,1,0,1,0,0,Y,,,,1,Naramik,0,0,1,1,N,0,,,0,,,0,0,N,0,0,0,0,0,0,0,0,0,0,0,0,0,0,0,0,0,0,0,0,0,0,0,0,0,0,,1,0,0,0,0,1,,Y,0,1,1,0 hours 0 minutes,0,1 hour 0 minutes,60,N,N
779,dha-0010,em10,1,201410190800,08,201410191500,15,7 hours 0 minutes,420,20141019,middle,1,5,0,0,1,1,0,1,3,0,1,0,0,1,2,1,N,0,0,1,0,0,0,0,1,0,1,0,0,Y,,,,1,Naramik,0,0,1,1,N,0,,,0,,,0,0,N,0,0,0,0,0,0,0,0,0,0,0,0,0,0,0,0,0,0,0,0,0,0,0,0,0,0,,0,1,0,1,0,2,,Y,0,1,1,0 hours 0 minutes,0,4 hours 0 minutes,240,N,N
864,dha-0010,em10,1,201410241500,15,201410242200,22,7 hours 0 minutes,420,20141024,middle,1,,0,0,1,1,0,0,2,0,0,0,1,1,2,1,N,0,0,1,0,0,0,0,1,0,1,0,0,Y,,,,1,Naramik,0,0,1,1,N,0,,,0,,,0,0,N,0,0,0,0,0,0,0,0,0,0,0,0,0,0,0,0,0,0,0,0,0,0,0,0,0,0,,0,1,0,1,0,2,,Y,0,1,1,0 hours 0 minutes,0,1 hour 30 minutes,90,N,N
887,dha-0010,em10,1,201410281300,13,201410282359,23,10 hours 59 minutes,659,20141028,weakness,0,4,0,0,1,1,1,0,3,0,0,0,0,1,1,0,N,0,0,1,0,0,0,0,1,0,0,0,0,N,,,,,,,,,0,N,0,,,0,,,0,0,N,0,0,0,0,0,0,0,0,0,0,0,0,0,0,0,0,0,0,0,0,0,0,0,0,0,0,,0,0,0,1,0,1,,Y,0,1,1,0 hours 0 minutes,0,1 hour 0 minutes,60,N,Y
933,dha-0010,em10,1,201410311400,14,201410312359,23,9 hours 59 minutes,559,20141031,weakness,0,4,0,0,1,0,1,0,2,0,0,0,0,1,1,0,N,0,0,0,0,0,0,0,0,0,0,0,0,N,,,,,,,,,0,N,0,,,0,,,0,0,N,0,0,0,0,0,0,0,0,0,0,0,0,0,0,0,0,0,0,0,0,0,0,0,0,0,0,,0,0,0,0,0,0,,Y,0,1,1,0 hours 0 minutes,0,1 hour 30 minutes,90,N,Y
994,dha-0010,em10,1,201411040900,09,201411042359,23,6 hours 4 minutes,244,20141104,weakness,0,,0,0,1,1,0,0,2,0,0,0,0,1,1,0,N,0,0,0,0,0,0,0,0,0,0,0,0,N,,,,,,,,,0,N,0,,,0,,,0,0,N,0,0,0,0,0,0,0,0,0,0,0,0,0,0,0,0,0,0,0,0,0,0,0,0,0,0,,0,0,0,1,0,1,,Y,0,1,1,0 hours 0 minutes,0,1 hour 30 minutes,90,,
420,dha-0013,em13,0,201409281100,11,201409281400,14,3 hours 0 minutes,180,20140928,weakness,0,,0,0,1,0,0,0,1,0,0,0,0,1,1,0,Y,1,0,0,0,0,0,0,0,0,0,0,0,Y,2,,,,,0,0,1,1,N,0,,,0,,,0,0,N,0,0,0,0,0,0,0,0,0,0,0,0,0,0,0,0,0,0,0,0,0,0,0,0,0,0,,0,0,0,0,0,0,,Y,0,1,1,0 hours 0 minutes,0,0 hours 30 minutes,30,N,N
759,dha-0013,em13,0,201410201300,13,201410201700,17,4 hours 0 minutes,240,20141020,weakness,0,,0,0,1,0,0,0,1,0,0,0,0,1,1,0,Y,1,0,0,0,0,0,0,0,0,0,0,0,Y,2,,,,,0,0,1,1,N,0,,,0,,,0,0,N,0,0,0,0,0,0,0,0,0,0,0,0,0,0,0,0,0,0,0,0,0,0,0,0,0,0,,0,0,0,0,0,0,,Y,0,1,1,0 hours 0 minutes,0,0 hours 30 minutes,30,N,N
1057,dha-0013,em13,0,201411071750,17,201411071920,19,1 hour 30 minutes,90,20141107,weakness,0,,0,0,0,0,0,1,1,0,0,0,0,1,1,0,Y,1,0,0,0,0,0,0,0,0,0,0,0,Y,1,,,,,0,0,1,1,N,0,,,0,,,0,0,N,0,0,0,0,0,0,0,0,0,0,0,0,0,0,0,0,0,0,0,0,0,0,0,0,0,0,,0,0,0,0,0,0,,Y,0,1,1,0 hours 0 minutes,0,0 hours 30 minutes,30,N,N
1237,dha-0013,em13,0,201411181550,15,201411181800,18,2 hours 10 minutes,130,20141118,weakness,0,,1,0,0,0,0,0,1,1,0,0,0,1,1,0,N,0,0,0,0,0,0,0,0,0,0,0,0,Y,2,,,,,0,0,1,1,N,0,,,0,,,0,0,N,0,0,0,0,0,0,0,0,0,0,0,0,0,0,0,0,0,0,0,0,0,0,0,0,0,0,,0,0,0,0,0,0,,Y,0,1,1,0 hours 0 minutes,0,0 hours 20 minutes,20,N,N
1300,dha-0013,em13,0,201411211700,17,201411211809,18,1 hour 9 minutes,69,20141121,weakness,0,,1,0,0,0,0,0,1,1,0,0,0,1,1,0,N,0,0,0,0,0,0,0,0,0,0,0,0,Y,2,,,,,0,0,1,1,N,0,,,0,,,0,0,N,0,0,0,0,0,0,0,0,0,0,0,0,0,0,0,0,0,0,0,0,0,0,0,0,0,0,,0,0,0,0,0,0,,Y,0,1,1,0 hours 0 minutes,0,0 hours 20 minutes,20,N,N
476,dha-0022,em22,0,201410020530,05,201410021000,10,4 hours 30 minutes,270,20141002,weakness,0,1,0,0,0,0,1,0,1,0,0,0,1,0,1,1,N,0,0,0,0,0,0,0,0,0,0,0,0,Y,1,,,,,0,0,1,1,N,0,,,0,,,0,0,N,0,0,0,0,0,0,0,0,0,0,0,0,0,0,0,0,0,0,0,0,0,0,0,0,0,0,,0,0,0,0,0,0,,Y,0,1,1,0 hours 0 minutes,0,0 hours 10 minutes,10,N,N
1130,dha-0031,em31,0,201411112045,20,201411112359,23,3 hours 14 minutes,194,20141111,weakness,0,1,1,0,1,0,0,0,2,1,1,0,0,0,1,1,N,0,0,0,0,0,0,0,0,0,1,0,0,N,,,,,,,,,0,N,0,,,0,,,0,0,N,0,0,0,0,0,0,0,0,0,0,0,0,0,0,0,0,0,0,0,0,0,0,0,0,0,0,,0,1,0,0,0,1,,Y,0,1,1,0 hours 0 minutes,0,3 hours 0 minutes,180,N,Y
1170,dha-0031,em31,0,201411131800,18,201411132359,23,5 hours 59 minutes,359,20141113,weakness,0,1,1,0,0,0,0,0,1,1,1,0,0,0,1,1,N,0,0,1,0,0,0,0,1,0,1,0,0,N,,,,,,,,,0,N,0,,,0,,,0,0,N,0,0,0,0,0,0,0,0,0,0,0,0,0,0,0,0,0,0,0,0,0,0,0,0,0,0,,0,1,0,0,0,1,,Y,0,1,1,0 hours 0 minutes,0,1 hour 0 minutes,60,N,Y
1454,dha-0032,em32,0,201411270600,06,201411271343,13,7 hours 43 minutes,463,20141127,weakness,0,3,1,0,0,0,0,0,1,1,0,1,0,0,1,0,N,0,0,0,0,0,0,0,0,0,0,0,0,N,,,,,,,,,0,N,0,,,0,,,0,0,N,0,0,0,0,0,0,0,0,0,0,0,0,0,0,0,0,0,0,0,0,0,0,0,0,0,0,,0,0,0,0,0,0,,Y,1,0,1,1 hour 0 minutes,60,0 hours 0 minutes,0,N,N
1213,dha-0044,em44,0,201411161800,18,201411162241,22,4 hours 41 minutes,281,20141116,weakness,0,4,0,0,1,0,1,0,2,0,0,1,0,0,1,0,N,0,0,1,0,0,0,0,1,0,0,0,0,N,,,,,,,,,0,N,0,,,0,,,0,0,N,0,0,0,0,0,0,0,0,0,0,0,0,0,0,0,0,0,0,0,0,0,0,0,0,0,0,,0,1,0,0,0,1,,Y,0,1,1,0 hours 0 minutes,0,0 hours 30 minutes,30,N,N
1934,dha-0044,em44,0,201412181335,13,201412182235,22,9 hours 0 minutes,540,20141218,weakness,0,3,0,0,0,1,0,0,1,0,0,0,1,0,1,1,N,0,0,0,0,0,0,0,0,0,0,0,0,N,,,,,,,,,0,N,0,,,0,,,0,0,N,0,0,0,0,0,0,0,0,0,0,0,0,0,0,0,0,0,0,0,0,0,0,0,0,0,0,,1,0,0,0,0,1,,Y,0,1,1,0 hours 0 minutes,0,0 hours 20 minutes,20,N,N
2546,dha-0044,em44,0,201501141330,13,201501142359,23,10 hours 29 minutes,629,20150114,weakness,0,4,0,0,0,1,0,1,2,0,0,0,0,1,1,0,N,0,0,0,0,0,0,0,0,0,0,0,0,Y,2,,,,,0,1,0,1,N,0,,,0,,,0,0,N,0,0,0,0,0,0,0,0,0,0,0,0,0,0,0,0,0,0,0,0,0,0,0,0,0,0,,0,1,0,0,0,1,,Y,0,1,1,0 hours 0 minutes,0,0 hours 30 minutes,30,N,Y
1992,dha-0060,em60,0,201412230650,06,201412232359,23,17 hours 9 minutes,1029,20141223,weakness,0,3,0,1,0,0,0,0,1,1,0,0,0,1,1,0,N,0,0,0,0,0,0,0,0,0,0,0,0,N,,,,,,,,,0,N,0,,,0,,,0,0,N,0,0,0,0,0,0,0,0,0,0,0,0,0,0,0,0,0,0,0,0,0,0,0,0,0,0,,0,1,0,0,0,1,,Y,0,1,1,0 hours 0 minutes,0,1 hour 0 minutes,60,N,Y
2140,dha-0061,EM61,0,201412290800,08,201412292359,23,15 hours 59 minutes,959,20141229,weakness,0,1,0,0,0,1,0,0,1,0,0,0,1,0,1,1,N,0,0,0,0,0,0,0,0,0,0,0,0,Y,2,,,1,Almogran,0,1,0,1,N,0,,,0,,,0,0,N,0,0,0,0,0,0,0,0,0,0,0,0,0,0,0,0,0,0,0,0,0,0,0,0,0,0,,0,0,0,0,0,0,,Y,0,1,1,0 hours 0 minutes,0,0 hours 10 minutes,10,N,Y
3572,dha-0061,EM61,0,201503200615,06,201503200922,09,3 hours 7 minutes,187,20150320,weakness,0,1,0,0,1,0,0,0,1,0,0,0,0,0,0,0,N,0,0,0,0,0,0,0,0,0,0,0,0,Y,,,,1,Almogran,0,0,1,1,N,0,,,0,,,0,0,N,0,0,0,0,0,0,0,0,0,0,0,0,0,0,0,0,0,0,0,0,0,0,0,0,0,0,,0,0,0,0,0,0,,Y,0,1,1,0 hours 0 minutes,0,0 hours 10 minutes,10,N,N
1291,cmc-0001,M-001,1,201411091241,12,201411091741,17,5 hours 0 minutes,300,20141109,weakness,0,1,0,0,0,0,0,1,1,0,0,0,0,1,1,0,Y,1,0,0,0,0,0,0,0,0,0,0,0,Y,1,,,,,0,0,1,1,N,0,,,0,,,0,0,N,0,0,0,0,0,0,0,0,0,0,0,0,0,0,0,0,0,0,0,0,0,0,0,0,0,0,,0,1,0,0,0,1,,N,1,1,2,,,,,N,N
153,cmc-0002,M-002,1,201409141430,14,201409142240,22,8 hours 10 minutes,490,20140914,weakness,0,,0,0,0,1,0,1,2,0,0,0,0,1,1,0,Y,1,0,1,0,0,0,0,1,0,0,0,0,N,,,,,,,,,0,Y,1,,,0,0,1,1,0,N,0,0,0,0,0,0,0,0,0,0,0,0,0,0,0,0,0,0,0,0,0,0,0,0,0,0,,0,1,0,0,0,1,,N,1,1,2,,,,,N,N
328,cmc-0002,M-002,1,201409251610,16,201409251855,18,2 hours 45 minutes,165,20140925,middle,1,,0,0,0,1,1,1,3,0,1,1,0,1,3,1,Y,1,0,1,0,0,1,0,2,0,1,0,0,N,,,,,,,,,0,Y,1,0,1,1,0,1,1,0,N,0,0,0,0,0,0,0,0,0,0,0,0,0,0,0,0,0,0,0,0,0,0,0,0,0,0,,0,1,0,0,0,1,,N,1,1,2,,,,,N,N
250,cmc-0003,M-003,0,201409191800,18,201409192330,23,5 hours 30 minutes,330,20140919,weakness,0,4,1,0,0,0,0,0,1,1,0,0,1,0,1,1,Y,1,0,0,0,0,0,0,0,0,1,0,0,N,,,,,,,,,0,N,0,,,0,,,0,0,N,0,0,0,0,0,0,0,0,0,0,0,0,0,0,0,0,0,0,0,0,0,0,0,0,0,0,,1,1,0,0,0,2,,N,1,1,2,,,,,N,N
826,cmc-0003,M-003,0,201410212200,22,201410212356,23,1 hour 56 minutes,116,20141021,weakness,0,3,0,1,1,0,0,0,2,1,0,0,1,0,1,1,N,0,0,0,0,0,0,0,0,0,1,0,0,N,,,,,,,,,0,N,0,,,0,,,0,0,N,0,0,0,0,0,0,0,0,0,0,0,0,0,0,0,0,0,0,0,0,0,0,0,0,0,0,,0,1,0,0,0,1,,N,1,1,2,,,,,N,N
935,cmc-0003,M-003,0,201410261730,17,201410262000,20,2 hours 30 minutes,150,20141026,middle,1,4,0,0,0,1,0,0,1,0,0,0,1,0,1,1,Y,1,0,0,0,0,0,0,0,0,1,0,0,Y,,,,1,Advil,0,0,1,1,Y,1,0,1,1,,,0,0,N,0,0,0,0,0,0,0,0,0,0,0,0,0,0,0,0,0,0,0,0,0,0,0,0,0,0,,0,0,0,0,1,1,approximately,N,1,1,2,,,,,N,N
1001,cmc-0003,M-003,0,201410281830,18,201410282359,23,5 hours 29 minutes,329,20141028,weakness,0,4,1,0,0,0,1,0,2,1,0,0,1,0,1,1,Y,1,0,0,0,0,0,0,0,0,1,0,0,N,,,,,,,,,0,Y,1,0,1,1,,,0,0,N,0,0,0,0,0,0,0,0,0,0,0,0,0,0,0,0,0,0,0,0,0,0,0,0,0,0,,0,1,0,0,0,1,,N,1,1,2,,,,,N,Y
1117,cmc-0003,M-003,0,201411021600,16,201411022359,23,7 hours 59 minutes,479,20141102,middle,1,6,0,1,0,0,1,0,2,1,1,0,1,0,2,1,Y,1,0,0,0,0,0,1,1,0,1,0,0,Y,,,,2,Advil,0,1,0,1,Y,1,0,1,1,,,0,0,N,0,0,0,0,0,0,0,0,0,0,0,0,0,0,0,0,0,0,0,0,0,0,0,0,0,0,,0,0,0,0,1,1,approximately,N,1,1,2,,,,,N,Y
1155,cmc-0003,M-003,0,201411031820,18,201411032120,21,3 hours 0 minutes,180,20141103,middle,1,5,0,1,0,0,1,0,2,1,0,0,1,0,1,1,Y,1,0,0,0,0,0,0,0,0,1,0,0,Y,,,,1,Advil,0,0,1,1,Y,1,0,1,1,,,0,0,N,0,0,0,0,0,0,0,0,0,0,0,0,0,0,0,0,0,0,0,0,0,0,0,0,0,0,,0,0,0,0,1,1,approximately,N,1,1,2,,,,,N,N
761,cmc-0004,M-004,0,201410171700,17,201410172359,23,6 hours 59 minutes,419,20141017,weakness,0,3,0,1,0,0,0,0,1,1,0,0,1,0,1,1,Y,1,0,0,0,0,0,0,0,0,1,0,0,N,,,,,,,,,0,N,0,,,0,,,0,0,N,0,0,0,0,0,0,0,0,0,0,0,0,0,0,0,0,0,0,0,0,0,0,0,0,0,0,,0,1,0,0,0,1,,N,1,1,2,,,,,N,Y
70,cmc-0006,CM-001,1,201409041100,11,201409041400,14,3 hours 0 minutes,180,20140904,weakness,0,3,0,0,0,0,1,0,1,0,0,0,1,0,1,1,N,0,0,0,0,0,1,0,1,0,0,0,0,N,,,,,,,,,0,N,0,,,0,,,0,0,N,0,0,0,0,0,0,0,0,0,0,0,0,0,0,0,0,0,0,0,0,0,0,0,0,0,0,,0,1,0,0,0,1,,N,1,1,2,,,,,N,N
147,cmc-0006,CM-001,1,201409132212,22,201409132359,23,1 hour 47 minutes,107,20140913,middle,1,5,0,1,0,0,0,0,1,1,0,0,1,0,1,1,N,0,0,1,0,0,0,0,1,0,1,0,0,N,,,,,,,,,0,N,0,,,0,,,0,0,N,0,0,0,0,0,0,0,0,0,0,0,0,0,0,0,0,0,0,0,0,0,0,0,0,0,0,,0,0,0,0,1,1,Sangni Middle School,N,1,1,2,,,,,N,Y
617,cmc-0006,CM-001,1,201410081004,10,201410082359,23,13 hours 55 minutes,835,20141008,middle,1,6,0,1,0,0,0,0,1,1,0,0,1,0,1,1,N,0,0,0,0,0,1,0,1,0,1,0,0,N,,,,,,,,,0,N,0,,,0,,,0,0,N,0,0,0,0,0,0,0,0,0,0,0,0,0,0,0,0,0,0,0,0,0,0,0,0,0,0,,0,0,0,0,0,0,,N,1,1,2,,,,,N,Y
618,cmc-0006,CM-001,1,201410090100,01,201410092359,23,22 hours 59 minutes,1379,20141009,middle,1,7,0,1,0,0,0,0,1,1,0,0,1,0,1,1,N,0,0,0,0,0,0,0,0,0,1,0,0,N,,,,,,,,,0,N,0,,,0,,,0,0,N,0,0,0,0,0,0,0,0,0,0,0,0,0,0,0,0,0,0,0,0,0,0,0,0,0,0,,0,0,0,0,0,0,,N,1,1,2,,,,,N,Y
743,cmc-0006,CM-001,1,201410140001,00,201410142359,23,23 hours 58 minutes,1438,20141014,middle,1,5,0,1,0,0,0,0,1,1,1,0,1,0,2,1,N,0,0,0,0,0,1,0,1,0,1,0,0,N,,,,,,,,,0,N,0,,,0,,,0,0,N,0,0,0,0,0,0,0,0,0,0,0,0,0,0,0,0,0,0,0,0,0,0,0,0,0,0,,0,1,0,0,0,1,,N,1,1,2,,,,,N,Y
744,cmc-0006,CM-001,1,201410150001,00,201410152359,23,23 hours 58 minutes,1438,20141015,,,,1,0,0,0,0,0,1,1,0,0,0,1,1,0,N,0,0,0,0,0,1,0,1,0,0,0,0,N,,,,,,,,,0,N,0,,,0,,,0,0,N,0,0,0,0,0,0,0,0,0,0,0,0,0,0,0,0,0,0,0,0,0,0,0,0,0,0,,0,1,0,0,0,1,,N,1,1,2,,,,,N,Y
745,cmc-0006,CM-001,1,201410160001,00,201410162359,23,23 hours 58 minutes,1438,20141016,middle,1,6,0,0,0,0,1,0,1,0,0,0,0,1,1,0,N,0,0,0,0,0,1,0,1,0,0,0,0,N,,,,,,,,,0,N,0,,,0,,,0,0,N,0,0,0,0,0,0,0,0,0,0,0,0,0,0,0,0,0,0,0,0,0,0,0,0,0,0,,0,1,0,0,0,1,,N,1,1,2,,,,,N,Y
742,cmc-0006,CM-001,1,201410170001,00,201410172359,23,23 hours 58 minutes,1438,20141017,middle,1,5,1,0,0,0,0,0,1,1,1,0,0,0,1,1,N,0,0,0,0,0,1,0,1,0,1,0,0,N,,,,,,,,,0,N,0,,,0,,,0,0,N,0,0,0,0,0,0,0,0,0,0,0,0,0,0,0,0,0,0,0,0,0,0,0,0,0,0,,1,0,0,0,0,1,,N,1,1,2,,,,,N,Y
788,cmc-0006,CM-001,1,201410180001,00,201410182359,23,23 hours 58 minutes,1438,20141018,middle,1,6,0,1,0,0,0,0,1,1,1,0,0,0,1,1,N,0,0,0,0,0,1,0,1,0,1,0,0,Y,,,,1,,0,1,0,1,Y,1,,,0,0,1,1,0,N,0,0,0,0,0,0,0,0,0,0,0,0,0,0,0,0,0,0,0,0,0,0,0,0,0,0,,1,0,0,0,0,1,,N,1,1,2,,,,,N,Y
789,cmc-0006,CM-001,1,201410190001,00,201410192359,23,23 hours 58 minutes,1438,20141019,Severe,1,10,0,0,0,1,0,1,2,0,0,0,1,0,1,1,,0,0,1,0,0,1,0,2,0,1,0,0,Y,,,,2,,0,1,0,1,Y,1,,,0,0,1,1,0,N,0,0,0,0,0,0,0,0,0,0,0,0,0,0,0,0,0,0,0,0,0,0,0,0,0,0,,1,0,0,0,0,1,,N,1,1,2,,,,,N,Y
790,cmc-0006,CM-001,1,201410200001,00,201410202359,23,23 hours 58 minutes,1438,20141020,middle,1,6,0,0,0,1,0,0,1,0,0,0,0,1,1,0,N,0,0,0,0,0,1,0,1,0,0,0,0,N,,,,,,,,,0,N,0,,,0,,,0,0,N,0,0,0,0,0,0,0,0,0,0,0,0,0,0,0,0,0,0,0,0,0,0,0,0,0,0,,1,0,0,0,0,1,,N,1,1,2,,,,,N,Y
224,cmc-0009,M-008,1,201409191200,12,201409192100,21,9 hours 0 minutes,540,20140919,middle,1,7,0,1,1,0,1,0,3,1,1,0,0,0,1,1,Y,1,0,1,0,0,0,0,1,0,1,0,0,Y,,,3,,,0,1,0,1,Y,1,,,0,0,1,1,0,N,0,0,0,0,0,0,0,0,0,0,0,0,0,0,0,0,0,0,0,0,0,0,0,0,0,0,,0,0,0,0,0,0,,N,1,1,2,,,,,N,N
232,cmc-0009,M-008,1,201409201400,14,201409202000,20,6 hours 0 minutes,360,20140920,weakness,0,4,0,0,1,0,0,0,1,0,1,0,0,0,1,1,Y,1,0,0,0,0,0,0,0,0,1,0,0,N,,,,,,,,,0,N,0,,,0,,,0,0,N,0,0,0,0,0,0,0,0,0,0,0,0,0,0,0,0,0,0,0,0,0,0,0,0,0,0,,0,0,0,0,0,0,,N,1,1,2,,,,,N,N
332,cmc-0009,M-008,1,201409251358,13,201409252058,20,7 hours 0 minutes,420,20140925,middle,1,4,0,0,1,0,0,0,1,0,1,0,0,0,1,1,Y,1,0,1,0,0,0,0,1,0,1,0,0,N,,,,,,,,,0,N,0,,,0,,,0,0,N,0,0,0,0,0,0,0,0,0,0,0,0,0,0,0,0,0,0,0,0,0,0,0,0,0,0,,0,0,0,0,0,0,,N,1,1,2,,,,,N,N
768,cmc-0009,M-008,1,201410181101,11,201410182359,23,12 hours 58 minutes,778,20141018,middle,1,6,0,0,1,1,0,0,2,0,1,0,0,0,1,1,Y,1,0,0,0,0,0,0,0,0,1,0,0,Y,,,3,,,1,0,0,1,Y,1,,,0,0,1,1,0,N,0,0,0,0,0,0,0,0,0,0,0,0,0,0,0,0,0,0,0,0,0,0,0,0,0,0,,1,0,0,0,0,1,,N,1,1,2,,,,,N,Y
895,cmc-0011,M-010,1,201410250909,09,201410252359,23,14 hours 50 minutes,890,20141025,,,4,0,0,0,0,1,0,1,0,0,0,1,0,1,1,,0,0,0,0,0,0,1,1,0,0,0,0,N,,,,,,,,,0,Y,1,,,0,0,1,1,0,N,0,0,0,0,0,0,0,0,0,0,0,0,0,0,0,0,0,0,0,0,0,0,0,0,0,0,,0,0,0,0,0,0,,N,1,1,2,,,,,N,Y
1136,cmc-0011,M-010,1,201411040300,03,201411040950,09,6 hours 50 minutes,410,20141104,,,6,1,0,0,0,0,0,1,1,0,1,0,0,1,0,,0,1,1,0,1,0,0,2,0,0,1,0,Y,,,1,,,0,0,1,1,Y,1,0,1,1,,,0,0,N,0,0,0,0,0,0,0,0,0,0,0,0,0,0,0,0,0,0,0,0,0,0,0,0,0,0,,0,0,0,0,0,0,,N,1,1,2,,,,,N,N
219,cmc-0022,M-011,1,201409191749,17,201409192359,23,6 hours 10 minutes,370,20140919,weakness,0,2,1,0,0,0,0,0,1,1,1,0,0,0,1,1,,0,0,0,0,0,0,0,0,0,1,0,0,N,,,,,,,,,0,N,0,,,0,,,0,0,N,0,0,0,0,0,0,0,0,0,0,0,0,0,0,0,0,0,0,0,0,0,0,0,0,0,0,,0,0,0,0,0,0,,N,1,1,2,,,,,,
603,cmc-0022,M-011,1,201410091130,11,201410091406,14,2 hours 36 minutes,156,20141009,middle,1,5,1,0,0,0,0,0,1,1,1,0,0,0,1,1,Y,1,0,0,0,0,0,0,0,0,1,0,0,Y,,,1,,,0,0,1,1,Y,1,,,0,0,1,1,0,N,0,0,0,0,0,0,0,0,0,0,0,0,0,0,0,0,0,0,0,0,0,0,0,0,0,0,,0,0,0,0,0,0,,N,1,1,2,,,,,N,N
2000,cmc-0022,M-011,1,201412131300,13,201412131400,14,1 hour 0 minutes,60,20141213,weakness,0,2,1,0,0,0,0,0,1,1,0,0,1,0,1,1,N,0,0,0,0,0,0,0,0,0,1,0,0,Y,,,1,,,0,0,1,1,N,0,,,0,,,0,0,N,0,0,0,0,0,0,0,0,0,0,0,0,0,0,0,0,0,0,0,0,0,0,0,0,0,0,,0,0,0,0,0,0,,N,1,1,2,,,,,N,N
1273,cmc-0023,M-012,1,201410301932,19,201410302359,23,4 hours 27 minutes,267,20141030,weakness,0,2,1,0,0,0,0,0,1,1,0,0,1,0,1,1,N,0,0,0,0,0,0,0,0,0,1,0,0,N,,,,,,,,,0,N,0,,,0,,,0,0,N,0,0,0,0,0,0,0,0,0,0,0,0,0,0,0,0,0,0,0,0,0,0,0,0,0,0,,0,0,0,0,0,0,,N,1,1,2,,,,,N,Y
1276,cmc-0023,M-012,1,201411021434,14,201411022359,23,9 hours 25 minutes,565,20141102,weakness,0,3,1,1,0,0,0,0,2,1,0,0,1,0,1,1,N,0,0,0,0,0,0,0,0,0,1,0,0,N,,,,,,,,,0,N,0,,,0,,,0,0,N,0,0,0,0,0,0,0,0,0,0,0,0,0,0,0,0,0,0,0,0,0,0,0,0,0,0,,0,0,0,0,0,0,,N,1,1,2,,,,,N,Y
1411,cmc-0023,M-012,1,201411131800,18,201411131820,18,20 minutes,20,20141113,weakness,0,3,0,0,0,0,0,1,1,0,0,0,0,1,1,0,N,0,0,0,0,0,0,0,0,0,0,0,0,N,,,,,,,,,0,N,0,,,0,,,0,0,N,0,0,0,0,0,0,0,0,0,0,0,0,0,0,0,0,0,0,0,0,0,0,0,0,0,0,,0,1,0,0,0,1,,N,1,1,2,,,,,N,N
560,cmc-0024,CM-002,0,201410062042,20,201410062342,23,3 hours 0 minutes,180,20141006,weakness,0,2,0,0,1,0,1,0,2,0,1,0,0,0,1,1,Y,1,0,0,0,0,0,0,0,0,1,0,0,Y,1,1,1,,,0,1,0,1,Y,1,,,0,0,1,1,0,N,0,0,0,0,0,0,0,0,0,0,0,0,0,0,0,0,0,0,0,0,0,0,0,0,0,0,,0,0,0,0,1,1,approximately,N,1,1,2,,,,,N,N
198,cmc-0027,CM-004,1,201409171300,13,201409171700,17,4 hours 0 minutes,240,20140917,weakness,0,3,1,0,0,0,0,0,1,1,0,0,0,1,1,0,,0,0,0,0,0,0,0,0,0,0,0,0,N,,,,,,,,,0,N,0,,,0,,,0,0,N,0,0,0,0,0,0,0,0,0,0,0,0,0,0,0,0,0,0,0,0,0,0,0,0,0,0,,0,1,0,0,0,1,,N,1,1,2,,,,,N,N
289,cmc-0027,CM-004,1,201409220900,09,201409222359,23,14 hours 59 minutes,899,20140922,Severe,1,7,1,0,0,0,0,0,1,1,1,0,0,1,2,1,,0,0,1,0,0,0,0,1,0,1,0,0,N,,,,,,,,,0,Y,1,,,0,0,1,1,0,N,0,0,0,0,0,0,0,0,0,0,0,0,0,0,0,0,0,0,0,0,0,0,0,0,0,0,,0,0,0,0,1,1,Continuing expedited convenience,N,1,1,2,,,,,N,Y
511,cmc-0027,CM-004,1,201409230800,08,,,15 hours 59 minutes,959,20140923,middle,1,7,1,0,0,0,0,0,1,1,1,0,0,0,1,1,Y,1,0,1,0,0,0,0,1,0,1,0,0,N,,,,,,,,,0,Y,1,,,0,0,1,1,0,N,0,0,0,0,0,0,0,0,0,0,0,0,0,0,0,0,0,0,0,0,0,0,0,0,0,0,,1,1,0,0,1,3,Acute convenience continuation,N,1,1,2,,,,,N,N
512,cmc-0027,CM-004,1,201409240900,09,,,14 hours 57 minutes,897,20140924,Severe,1,7,1,0,0,0,0,0,1,1,1,0,0,1,2,1,Y,1,0,1,0,0,1,0,2,0,1,0,0,N,,,,,,,,,0,Y,1,,,0,0,1,1,0,N,0,0,0,0,0,0,0,0,0,0,0,0,0,0,0,0,0,0,0,0,0,0,0,0,0,0,,0,0,0,0,1,1,Acute convenience continuation,N,1,1,2,,,,,N,N
514,cmc-0027,CM-004,1,201409261330,13,,,8 hours 0 minutes,480,20140926,middle,1,6,1,0,0,0,0,0,1,1,0,0,0,1,1,0,,0,0,0,0,0,0,0,0,0,1,0,0,N,,,,,,,,,0,,0,,,0,,,0,0,N,0,0,0,0,0,0,0,0,0,0,0,0,0,0,0,0,0,0,0,0,0,0,0,0,0,0,,0,0,0,0,0,0,,N,1,1,2,,,,,N,N
516,cmc-0027,CM-004,1,201409281003,10,201409281258,12,9 days 2 hours 55 minutes,175,20140928,middle,1,6,1,0,0,0,0,0,1,1,1,0,0,1,2,1,N,0,0,1,0,0,0,0,1,0,1,0,0,N,,,,,,,,,0,,0,,,0,,,0,0,N,0,0,0,0,0,0,0,0,0,0,0,0,0,0,0,0,0,0,0,0,0,0,0,0,0,0,,0,0,0,0,0,0,,N,1,1,2,,,,,N,N
517,cmc-0027,CM-004,1,201410031158,11,201410032359,23,12 hours 1 minute,721,20141003,middle,1,,1,0,0,0,0,0,1,1,1,0,0,0,1,1,,0,0,0,0,0,0,0,0,0,1,0,0,N,,,,,,,,,0,,0,,,0,,,0,0,N,0,0,0,0,0,0,0,0,0,0,0,0,0,0,0,0,0,0,0,0,0,0,0,0,0,0,,0,0,0,0,0,0,,N,1,1,2,,,,,N,Y
1003,cmc-0027,CM-004,1,201410280935,09,201410282359,23,14 hours 24 minutes,864,20141028,middle,1,4,1,0,0,0,0,0,1,1,0,0,0,0,0,0,,0,0,0,0,0,0,0,0,0,1,0,0,N,,,,,,,,,0,,0,,,0,,,0,0,N,0,0,0,0,0,0,0,0,0,0,0,0,0,0,0,0,0,0,0,0,0,0,0,0,0,0,,0,0,0,0,1,1,I received additional Lyrica,N,1,1,2,,,,,N,Y
1013,cmc-0027,CM-004,1,201410291040,10,201410292040,20,10 hours 0 minutes,600,20141029,weakness,0,4,1,0,0,0,0,0,1,1,0,0,0,1,1,0,,0,0,0,0,0,0,0,0,0,0,0,0,N,,,,,,,,,0,,0,,,0,,,0,0,N,0,0,0,0,0,0,0,0,0,0,0,0,0,0,0,0,0,0,0,0,0,0,0,0,0,0,,0,0,0,0,1,1,Take Lyricadash,N,1,1,2,,,,,N,N
1304,cmc-0027,CM-004,1,201411091157,11,201411092359,23,12 hours 2 minutes,722,20141109,weakness,0,5,1,0,0,0,0,0,1,1,0,0,0,0,0,0,,0,0,0,0,0,0,0,0,0,0,0,0,N,,,,,,,,,0,,0,,,0,,,0,0,N,0,0,0,0,0,0,0,0,0,0,0,0,0,0,0,0,0,0,0,0,0,0,0,0,0,0,,0,0,0,0,0,0,,N,1,1,2,,,,,N,Y
1305,cmc-0027,CM-004,1,201411101158,11,201411102359,23,12 hours 1 minute,721,20141110,weakness,0,5,1,0,0,0,0,0,1,1,0,0,0,0,0,0,,0,0,0,0,0,0,0,0,0,0,0,0,N,,,,,,,,,0,,0,,,0,,,0,0,N,0,0,0,0,0,0,0,0,0,0,0,0,0,0,0,0,0,0,0,0,0,0,0,0,0,0,,0,0,0,0,0,0,,N,1,1,2,,,,,N,Y
1371,cmc-0027,CM-004,1,201411111137,11,201411112037,20,9 hours 0 minutes,540,20141111,weakness,0,4,1,0,0,0,0,0,1,1,0,0,0,1,1,0,,0,0,0,0,0,0,0,0,0,0,0,0,N,,,,,,,,,0,,0,,,0,,,0,0,N,0,0,0,0,0,0,0,0,0,0,0,0,0,0,0,0,0,0,0,0,0,0,0,0,0,0,,0,0,0,0,0,0,,N,1,1,2,,,,,N,N
1666,cmc-0027,cm-004,1,201411241238,12,201411242359,23,11 hours 21 minutes,681,20141124,middle,1,7,0,0,0,0,0,0,0,0,0,0,0,0,0,0,,0,0,0,0,0,0,0,0,0,0,0,0,,,,,,,,,,0,,0,,,0,,,0,0,N,0,0,0,0,0,0,0,0,0,0,0,0,0,0,0,0,0,0,0,0,0,0,0,0,0,0,,0,0,0,0,0,0,,N,1,1,2,,,,,N,Y
1668,cmc-0027,cm-004,1,201411261139,11,201411262359,23,12 hours 20 minutes,740,20141126,middle,1,7,0,0,0,0,0,0,0,0,0,0,0,0,0,0,,0,0,0,0,0,0,0,0,0,0,0,0,,,,,,,,,,0,,0,,,0,,,0,0,N,0,0,0,0,0,0,0,0,0,0,0,0,0,0,0,0,0,0,0,0,0,0,0,0,0,0,,0,0,0,0,0,0,,N,1,1,2,,,,,N,Y
1794,cmc-0027,cm-004,1,201412071736,17,201412072336,23,6 hours 0 minutes,360,20141207,weakness,0,4,0,1,0,0,0,0,1,1,0,0,0,1,1,0,,0,0,0,0,0,0,0,0,0,0,0,0,N,,,,,,,,,0,,0,,,0,,,0,0,N,0,0,0,0,0,0,0,0,0,0,0,0,0,0,0,0,0,0,0,0,0,0,0,0,0,0,,1,1,0,0,0,2,,N,1,1,2,,,,,N,N
1961,cmc-0027,cm-004,1,201412131637,16,201412132337,23,7 hours 0 minutes,420,20141213,weakness,0,4,1,0,0,0,0,0,1,1,0,0,0,1,1,0,,0,0,0,0,0,0,0,0,0,0,0,0,N,,,,,,,,,0,,0,,,0,,,0,0,N,0,0,0,0,0,0,0,0,0,0,0,0,0,0,0,0,0,0,0,0,0,0,0,0,0,0,,1,1,0,0,0,2,,N,1,1,2,,,,,N,N
2115,cmc-0027,cm-004,1,201412201434,14,201412202359,23,9 hours 25 minutes,565,20141220,weakness,0,5,1,0,0,0,0,0,1,1,0,0,0,0,0,0,,0,0,0,0,0,0,0,0,0,0,0,0,,,,,,,,,,0,,0,,,0,,,0,0,N,0,0,0,0,0,0,0,0,0,0,0,0,0,0,0,0,0,0,0,0,0,0,0,0,0,0,,0,0,0,0,0,0,,N,1,1,2,,,,,N,Y
2131,cmc-0027,cm-004,1,201412211018,10,201412212318,23,13 hours 0 minutes,780,20141221,Severe,1,9,1,0,0,0,0,0,1,1,1,0,1,0,2,1,Y,1,0,1,0,0,0,1,2,1,1,1,1,N,,,,,,,,,0,Y,1,,,0,1,0,1,0,N,0,0,0,0,0,0,0,0,0,0,0,0,0,0,0,0,0,0,0,0,0,0,0,0,0,0,,1,1,0,0,0,2,,N,1,1,2,,,,,N,N
2173,cmc-0027,cm-004,1,201412231736,17,201412232136,21,4 hours 0 minutes,240,20141223,weakness,0,3,1,0,0,0,0,0,1,1,0,0,0,1,1,0,,0,0,0,0,0,0,0,0,0,0,0,0,N,,,,,,,,,0,,0,,,0,,,0,0,N,0,0,0,0,0,0,0,0,0,0,0,0,0,0,0,0,0,0,0,0,0,0,0,0,0,0,,0,0,0,0,0,0,,N,1,1,2,,,,,N,N
441,cmc-0028,M-014,0,201410011733,17,201410011933,19,2 hours 0 minutes,120,20141001,weakness,0,3,1,0,0,0,0,1,2,1,1,0,1,0,2,1,N,0,0,0,0,0,0,0,0,0,1,0,0,Y,,,,1,Almogran,0,0,1,1,N,0,,,0,,,0,0,N,0,0,0,0,0,0,0,0,0,0,0,0,0,0,0,0,0,0,0,0,0,0,0,0,0,0,,0,0,0,0,1,1,approximately,N,1,1,2,,,,,N,N
440,cmc-0028,M-014,0,201410021132,11,201410021332,13,2 hours 0 minutes,120,20141002,weakness,0,3,0,0,0,1,0,0,1,0,0,0,1,0,1,1,N,0,0,0,0,0,0,0,0,0,0,0,0,Y,,,,1,Almogran,0,0,1,1,N,0,,,0,,,0,0,N,0,0,0,0,0,0,0,0,0,0,0,0,0,0,0,0,0,0,0,0,0,0,0,0,0,0,,0,0,0,0,0,0,,N,1,1,2,,,,,N,N
552,cmc-0028,M-014,0,201410061133,11,201410061233,12,1 hour 0 minutes,60,20141006,weakness,0,2,1,0,0,0,0,1,2,1,0,0,1,0,1,1,N,0,0,0,0,0,0,0,0,0,1,0,0,Y,,,,1,Almogran,0,0,1,1,,0,,,0,,,0,0,N,0,0,0,0,0,0,0,0,0,0,0,0,0,0,0,0,0,0,0,0,0,0,0,0,0,0,,0,0,0,0,0,0,,N,1,1,2,,,,,N,N
680,cmc-0028,M-014,0,201410100904,09,201410101004,10,1 hour 0 minutes,60,20141010,weakness,0,2,1,0,0,1,0,1,3,1,0,0,1,0,1,1,N,0,0,0,0,0,0,0,0,0,1,0,0,Y,,,,1,Almogran,0,0,1,1,N,0,,,0,,,0,0,N,0,0,0,0,0,0,0,0,0,0,0,0,0,0,0,0,0,0,0,0,0,0,0,0,0,0,,0,0,0,0,0,0,,N,1,1,2,,,,,N,N
681,cmc-0028,M-014,0,201410110805,08,201410110905,09,1 hour 0 minutes,60,20141011,weakness,0,2,1,0,0,0,0,0,1,1,0,0,1,0,1,1,N,0,0,0,0,0,0,0,0,0,1,0,0,Y,,,,1,Almogran,0,0,1,1,N,0,,,0,,,0,0,N,0,0,0,0,0,0,0,0,0,0,0,0,0,0,0,0,0,0,0,0,0,0,0,0,0,0,,0,0,0,0,0,0,,N,1,1,2,,,,,N,N
701,cmc-0028,M-014,0,201410140809,08,201410142359,23,15 hours 50 minutes,950,20141014,weakness,0,2,1,0,0,0,0,0,1,1,0,0,1,0,1,1,Y,1,0,0,0,0,0,0,0,0,1,0,0,Y,,,,1,Almogran,0,1,0,1,N,0,,,0,,,0,0,N,0,0,0,0,0,0,0,0,0,0,0,0,0,0,0,0,0,0,0,0,0,0,0,0,0,0,,0,0,0,0,0,0,,N,1,1,2,,,,,N,Y
747,cmc-0028,M-014,0,201410160721,07,201410161521,15,8 hours 0 minutes,480,20141016,weakness,0,3,1,0,0,0,0,1,2,1,0,0,1,0,1,1,Y,1,0,1,0,0,0,0,1,0,1,0,0,Y,,,,1,Almogran,0,1,0,1,Y,1,0,1,1,0,1,1,0,N,0,0,0,0,0,0,0,0,0,0,0,0,0,0,0,0,0,0,0,0,0,0,0,0,0,0,,0,0,0,0,0,0,,N,1,1,2,,,,,N,N
748,cmc-0028,M-014,0,201410170823,08,201410172123,21,13 hours 0 minutes,780,20141017,weakness,0,3,1,0,0,0,0,1,2,1,0,0,1,0,1,1,Y,1,0,1,0,0,0,0,1,0,1,0,0,Y,,,,1,Almogran,0,1,0,1,Y,1,0,1,1,0,1,1,0,N,0,0,0,0,0,0,0,0,0,0,0,0,0,0,0,0,0,0,0,0,0,0,0,0,0,0,,0,0,0,0,0,0,,N,1,1,2,,,,,N,N
785,cmc-0028,M-014,0,201410180817,08,201410181117,11,3 hours 0 minutes,180,20141018,weakness,0,2,1,0,0,1,0,1,3,1,0,1,0,0,1,0,,0,0,0,0,0,0,0,0,0,0,0,0,Y,,,,1,Almogran,0,1,0,1,N,0,,,0,,,0,0,N,0,0,0,0,0,0,0,0,0,0,0,0,0,0,0,0,0,0,0,0,0,0,0,0,0,0,,0,0,0,0,0,0,,N,1,1,2,,,,,N,N
786,cmc-0028,M-014,0,201410191018,10,,,5 hours 0 minutes,300,20141019,weakness,0,3,1,0,0,0,0,1,2,1,0,1,0,0,1,0,N,0,0,0,0,0,0,0,0,0,0,0,0,Y,,,,1,Almogran,0,0,1,1,N,0,,,0,,,0,0,N,0,0,0,0,0,0,0,0,0,0,0,0,0,0,0,0,0,0,0,0,0,0,0,0,0,0,,0,0,0,0,0,0,,N,1,1,2,,,,,N,N
1319,cmc-0028,M-014,0,201411030854,08,201411031054,10,2 hours 0 minutes,120,20141103,middle,1,4,0,1,0,0,0,0,1,1,1,0,1,0,2,1,Y,1,0,0,0,0,0,0,0,0,1,0,0,Y,,,,1,Almogran,0,0,1,1,N,0,,,0,,,0,0,N,0,0,0,0,0,0,0,0,0,0,0,0,0,0,0,0,0,0,0,0,0,0,0,0,0,0,,0,0,0,0,0,0,,N,1,1,2,,,,,N,N
1333,cmc-0028,M-014,0,201411110720,07,201411110920,09,2 hours 0 minutes,120,20141111,middle,1,4,0,1,0,0,0,0,1,1,0,0,1,0,1,1,N,0,0,0,0,0,0,0,0,0,1,0,0,Y,,,,1,Almogran,0,0,1,1,N,0,,,0,,,0,0,N,0,0,0,0,0,0,0,0,0,0,0,0,0,0,0,0,0,0,0,0,0,0,0,0,0,0,,0,0,0,0,0,0,,N,1,1,2,,,,,N,N
1334,cmc-0028,M-014,0,201411120729,07,201411120929,09,2 hours 0 minutes,120,20141112,weakness,0,2,1,0,0,0,0,1,2,1,0,0,1,0,1,1,Y,1,0,0,0,0,0,0,0,0,1,0,0,Y,,,,1,Almogran,0,0,1,1,N,0,,,0,,,0,0,N,0,0,0,0,0,0,0,0,0,0,0,0,0,0,0,0,0,0,0,0,0,0,0,0,0,0,,0,0,0,0,0,0,,N,1,1,2,,,,,N,N
386,cmc-0032,CM-005,0,201409291134,11,201409291934,19,8 hours 0 minutes,480,20140929,middle,1,5,0,0,0,0,0,1,1,0,0,1,0,0,1,0,Y,1,0,1,0,0,0,1,2,1,1,1,1,N,,,,,,,,,0,N,0,0,1,1,,,0,0,N,0,0,0,0,0,0,0,0,0,0,0,0,0,0,0,0,0,0,0,0,0,0,0,0,0,0,,0,1,0,0,0,1,,N,1,1,2,,,,,N,N
387,cmc-0032,CM-005,0,201409300838,08,201409301559,15,7 hours 21 minutes,441,20140930,middle,1,4,0,0,0,0,0,1,1,0,1,1,0,0,2,1,N,0,0,1,0,0,1,0,2,0,1,0,0,N,,,,,,,,,0,N,0,,,0,,,0,0,N,0,0,0,0,0,0,0,0,0,0,0,0,0,0,0,0,0,0,0,0,0,0,0,0,0,0,,0,0,0,0,0,0,,N,1,1,2,,,,,N,N
548,cmc-0032,CM-005,0,201410051234,12,201410051419,14,1 hour 45 minutes,105,20141005,weakness,0,3,0,0,0,0,0,1,1,0,0,1,0,0,1,0,N,0,0,1,0,0,0,0,1,0,0,0,0,N,,,,,,,,,0,N,0,,,0,,,0,0,N,0,0,0,0,0,0,0,0,0,0,0,0,0,0,0,0,0,0,0,0,0,0,0,0,0,0,,0,1,0,0,0,1,,N,1,1,2,,,,,N,N
1835,cmc-0032,CM-005,0,201411221120,11,201411221610,16,4 hours 50 minutes,290,20141122,Severe,1,9,0,0,0,1,0,1,2,0,0,1,1,1,3,1,Y,1,0,1,0,0,1,0,2,0,1,0,0,Y,1,,,,,0,0,1,1,Y,1,,,0,,,0,1,N,0,0,0,0,0,0,0,0,0,0,0,0,0,0,0,0,0,0,0,0,0,0,0,0,0,0,,1,1,0,0,1,3,I took medicine,N,1,1,2,,,,,N,N
1842,cmc-0032,CM-005,0,201411291120,11,201411291440,14,3 hours 20 minutes,200,20141129,middle,1,6,0,0,0,0,1,1,2,0,1,0,1,0,2,1,Y,1,0,1,0,0,0,1,2,1,1,1,1,N,,,,,,,,,0,N,0,,,0,,,0,0,N,0,0,0,0,0,0,0,0,0,0,0,0,0,0,0,0,0,0,0,0,0,0,0,0,0,0,,1,1,0,0,0,2,,N,1,1,2,,,,,N,N
263,cmc-0033,CM-006,1,201409221700,17,201409221857,18,1 hour 57 minutes,117,20140922,weakness,0,1,1,0,0,0,0,0,1,1,1,0,1,0,2,1,N,0,0,0,0,0,0,0,0,0,1,0,0,N,,,,,,,,,0,N,0,,,0,,,0,0,N,0,0,0,0,0,0,0,0,0,0,0,0,0,0,0,0,0,0,0,0,0,0,0,0,0,0,,0,0,0,0,0,0,,N,1,1,2,,,,,N,N
432,cmc-0033,CM-006,1,201410022230,22,201410022324,23,54 minutes,54,20141002,weakness,0,1,0,0,1,0,0,0,1,0,0,0,0,1,1,0,Y,1,0,0,0,0,0,0,0,0,0,0,0,Y,,,,1,hospital medicine,0,1,0,1,N,0,,,0,,,0,0,N,0,0,0,0,0,0,0,0,0,0,0,0,0,0,0,0,0,0,0,0,0,0,0,0,0,0,,0,0,0,0,0,0,,N,1,1,2,,,,,N,N
729,cmc-0033,CM-006,1,201410160646,06,201410162359,23,17 hours 13 minutes,1033,20141016,Severe,1,8,1,0,0,0,0,1,2,1,1,1,1,0,3,1,Y,1,0,1,0,0,0,0,1,0,1,0,0,Y,1,1,,2,hospital medicine,1,0,0,1,Y,1,0,1,1,0,1,1,0,N,0,0,0,0,0,0,0,0,0,0,0,0,0,0,0,0,0,0,0,0,0,0,0,0,0,0,,0,0,0,0,1,1,,N,1,1,2,,,,,N,Y
821,cmc-0033,CM-006,1,201410211809,18,201410212109,21,3 hours 0 minutes,180,20141021,weakness,0,1,1,0,0,0,0,0,1,1,1,0,0,0,1,1,N,0,0,0,0,0,0,0,0,0,1,0,0,N,,,,,,,,,0,N,0,,,0,,,0,0,N,0,0,0,0,0,0,0,0,0,0,0,0,0,0,0,0,0,0,0,0,0,0,0,0,0,0,,0,0,0,0,0,0,,N,1,1,2,,,,,N,N
1194,cmc-0033,CM-006,1,201411061626,16,201411062359,23,7 hours 33 minutes,453,20141106,weakness,0,2,0,0,1,1,0,0,2,0,1,0,1,0,2,1,,0,0,1,0,0,0,1,2,1,0,1,0,Y,2,,,,,1,0,0,1,N,0,,,0,,,0,0,N,0,0,0,0,0,0,0,0,0,0,0,0,0,0,0,0,0,0,0,0,0,0,0,0,0,0,,0,0,0,0,0,0,,N,1,1,2,,,,,,
1258,cmc-0033,CM-006,1,201411090705,07,201411091805,18,11 hours 0 minutes,660,20141109,weakness,0,2,1,0,1,0,0,0,2,1,1,0,1,0,2,1,Y,1,0,0,0,0,0,0,0,0,1,0,0,Y,,,,1,hospital evil,0,1,0,1,N,0,,,0,,,0,0,N,0,0,0,0,0,0,0,0,0,0,0,0,0,0,0,0,0,0,0,0,0,0,0,0,0,0,,0,0,0,0,1,1,approximately,N,1,1,2,,,,,N,N
1565,cmc-0033,CM-006,1,201411230926,09,201411232359,23,14 hours 33 minutes,873,20141123,weakness,0,8,0,1,0,0,0,1,2,1,0,0,1,0,1,1,,0,0,0,0,0,0,0,0,0,1,0,0,Y,1,,,1,hospital medicine,0,1,0,1,,0,,,0,,,0,0,N,0,0,0,0,0,0,0,0,0,0,0,0,0,0,0,0,0,0,0,0,0,0,0,0,0,0,,0,0,0,0,0,0,,N,1,1,2,,,,,N,Y
1740,cmc-0033,CM-006,1,201412021317,13,201412021717,17,4 hours 0 minutes,240,20141202,weakness,0,2,1,0,0,0,0,0,1,1,1,0,0,0,1,1,,0,0,0,0,0,0,0,0,0,1,0,0,Y,,,,1,hospital medicine,0,0,1,1,,0,,,0,,,0,0,N,0,0,0,0,0,0,0,0,0,0,0,0,0,0,0,0,0,0,0,0,0,0,0,0,0,0,,0,1,0,0,0,1,,N,1,1,2,,,,,N,N
1796,cmc-0048,M-032,1,201412071532,15,,,1 hour 0 minutes,60,20141207,weakness,0,2,1,0,0,0,0,0,1,1,1,0,0,0,1,1,N,0,0,0,0,0,0,0,0,0,1,0,0,N,,,,,,,,,0,N,0,,,0,,,0,0,N,0,0,0,0,0,0,0,0,0,0,0,0,0,0,0,0,0,0,0,0,0,0,0,0,0,0,,0,0,0,0,1,1,walk,N,1,1,2,,,,,N,N
1368,cmc-0049,M-033,0,201411122000,20,201411122200,22,2 hours 0 minutes,120,20141112,weakness,0,,0,1,0,0,0,0,1,1,0,1,0,0,1,0,,0,0,0,0,0,0,0,0,0,0,0,0,N,,,,,,,,,0,N,0,,,0,,,0,0,N,0,0,0,0,0,0,0,0,0,0,0,0,0,0,0,0,0,0,0,0,0,0,0,0,0,0,,0,0,0,0,0,0,,N,1,1,2,,,,,N,N
2371,cmc-0049,M-033,0,201412311759,17,201412312000,20,2 hours 1 minute,121,20141231,middle,1,6,0,0,1,1,0,0,2,0,0,0,0,1,1,0,N,0,0,1,0,0,1,0,2,0,0,0,0,Y,,,,2,,0,1,0,1,N,0,,,0,,,0,0,N,0,0,0,0,0,0,0,0,0,0,0,0,0,0,0,0,0,0,0,0,0,0,0,0,0,0,,0,0,0,0,0,0,,N,1,1,2,,,,,N,N
2481,cmc-0049,M-033,0,201501051400,14,201501052000,20,6 hours 0 minutes,360,20150105,weakness,0,3,0,0,1,0,0,0,1,0,0,0,0,1,1,0,N,0,0,1,0,0,0,0,1,0,0,0,0,N,,,,,,,,,0,N,0,,,0,,,0,0,N,0,0,0,0,0,0,0,0,0,0,0,0,0,0,0,0,0,0,0,0,0,0,0,0,0,0,,0,1,0,0,0,1,,N,1,1,2,,,,,N,N
1595,cmc-0050,M-034,1,201411161630,16,201411161900,19,2 hours 30 minutes,150,20141116,weakness,0,,0,0,0,1,0,0,1,0,1,0,0,0,1,1,N,0,0,0,0,0,0,0,0,0,0,0,0,Y,,,,2,Hospital prescription medication,0,0,1,1,N,0,,,0,,,0,0,N,0,0,0,0,0,0,0,0,0,0,0,0,0,0,0,0,0,0,0,0,0,0,0,0,0,0,,0,0,0,0,0,0,,N,1,1,2,,,,,N,N
1727,cmc-0063,M-036,0,201412030500,05,201412030800,08,3 hours 0 minutes,180,20141203,weakness,0,2,0,1,0,0,0,0,1,1,0,0,1,0,1,1,Y,1,0,0,0,0,0,0,0,0,1,0,0,Y,,,1,,,0,0,1,1,N,0,,,0,,,0,0,N,0,0,0,0,0,0,0,0,0,0,0,0,0,0,0,0,0,0,0,0,0,0,0,0,0,0,,1,1,0,0,0,2,,N,1,1,2,,,,,N,N
2335,cmc-0063,M-036,0,201412301800,18,201412302100,21,3 hours 0 minutes,180,20141230,middle,1,5,0,0,0,1,0,0,1,0,0,0,0,1,1,0,Y,1,0,0,0,0,0,0,0,0,1,0,0,Y,,,1,,,0,0,1,1,Y,1,0,1,1,,,0,0,N,0,0,0,0,0,0,0,0,0,0,0,0,0,0,0,0,0,0,0,0,0,0,0,0,0,0,,1,0,0,0,0,1,,N,1,1,2,,,,,N,N
3008,cmc-0063,M-036,0,201501261700,17,201501261900,19,2 hours 0 minutes,120,20150126,middle,1,6,0,0,0,1,0,0,1,0,1,0,0,0,1,1,Y,1,0,0,0,0,0,0,0,0,1,0,0,Y,,,1,,,0,0,1,1,N,0,,,0,,,0,0,N,0,0,0,0,0,0,0,0,0,0,0,0,0,0,0,0,0,0,0,0,0,0,0,0,0,0,,1,1,0,0,0,2,,N,1,1,2,,,,,N,N
3543,cmc-0063,M-036,0,201502110900,09,201502111200,12,3 hours 0 minutes,180,20150211,Severe,1,8,0,0,0,1,0,0,1,0,0,1,0,0,1,0,Y,1,0,0,0,0,0,0,0,0,1,0,0,Y,,,1,,,1,0,0,1,Y,1,0,1,1,,,0,0,N,0,0,0,0,0,0,0,0,0,0,0,0,0,0,0,0,0,0,0,0,0,0,0,0,0,0,,0,1,0,0,0,1,,N,1,1,2,,,,,N,N
3587,cmc-0063,M-036,0,201502140630,06,201502140750,07,1 hour 20 minutes,80,20150214,weakness,0,2,1,0,0,0,0,0,1,1,0,0,1,0,1,1,Y,1,0,0,0,0,0,0,0,0,1,0,0,Y,,,1,,,0,0,1,1,N,0,,,0,,,0,0,N,0,0,0,0,0,0,0,0,0,0,0,0,0,0,0,0,0,0,0,0,0,0,0,0,0,0,,1,0,0,0,0,1,,N,1,1,2,,,,,N,N
3839,cmc-0063,M-036,0,201502231640,16,201502231900,19,2 hours 20 minutes,140,20150223,weakness,0,2,0,0,0,1,0,0,1,0,0,0,1,0,1,1,N,0,0,0,0,0,0,0,0,0,0,0,0,Y,,,1,,,0,0,1,1,N,0,,,0,,,0,0,N,0,0,0,0,0,0,0,0,0,0,0,0,0,0,0,0,0,0,0,0,0,0,0,0,0,0,,0,0,0,0,0,0,,N,1,1,2,,,,,N,N
1852,cmc-0064,M-037,1,201412091152,11,201412091348,13,1 hour 56 minutes,116,20141209,weakness,0,3,0,0,1,0,0,0,1,0,1,0,0,0,1,1,N,0,0,0,0,0,1,0,1,0,0,0,0,N,,,,,,,,,0,N,0,,,0,,,0,0,N,0,0,0,0,0,0,0,0,0,0,0,0,0,0,0,0,0,0,0,0,0,0,0,0,0,0,,1,1,1,1,1,5,stress and smell,Y,1,1,2,0 hours 30 minutes,30,0 hours 30 minutes,30,N,N
2102,cmc-0066,M-039,1,201412201600,16,201412201920,19,3 hours 20 minutes,200,20141220,weakness,0,,1,0,0,0,0,0,1,1,0,0,1,0,1,1,N,0,0,0,0,0,0,0,0,0,1,0,0,Y,,,,2,,0,0,1,1,N,0,,,0,,,0,0,N,0,0,0,0,0,0,0,0,0,0,0,0,0,0,0,0,0,0,0,0,0,0,0,0,0,0,,0,0,0,0,0,0,,N,1,1,2,,,,,N,N
3850,cmc-0068,M-041,0,201502210738,07,201502212359,23,16 hours 21 minutes,981,20150221,weakness,0,2,0,1,0,0,0,0,1,1,1,0,0,0,1,1,N,0,0,0,0,0,0,0,0,0,1,0,0,Y,,,,1,hospital prescription,0,0,1,1,N,0,,,0,,,0,0,N,0,0,0,0,0,0,0,0,0,0,0,0,0,0,0,0,0,0,0,0,0,0,0,0,0,0,,0,1,0,0,0,1,,N,1,1,2,,,,,N,Y
2065,cmc-0069,M-042,0,201412170809,08,201412171309,13,5 hours 0 minutes,300,20141217,middle,1,5,0,0,1,0,0,0,1,0,0,0,0,1,1,0,N,0,0,0,0,0,0,0,0,0,0,0,0,Y,,,,2,"Almograan tablets, Macferran tablets",0,0,1,1,N,0,,,0,,,0,0,N,0,0,0,0,0,0,0,0,0,0,0,0,0,0,0,0,0,0,0,0,0,0,0,0,0,0,,0,1,0,0,0,1,,N,1,1,2,,,,,N,N
2252,cmc-0069,M-042,0,201412190800,08,201412191047,10,2 hours 47 minutes,167,20141219,weakness,0,2,0,0,1,1,0,0,2,0,0,0,0,1,1,0,N,0,0,0,0,0,0,0,0,0,0,0,0,N,,,,,,,,,0,N,0,,,0,,,0,0,N,0,0,0,0,0,0,0,0,0,0,0,0,0,0,0,0,0,0,0,0,0,0,0,0,0,0,,0,1,0,0,0,1,,N,1,1,2,,,,,N,N
3016,cmc-0069,M-042,0,201501271912,19,201501272012,20,1 hour 0 minutes,60,20150127,weakness,0,1,0,0,1,0,0,0,1,0,0,0,0,1,1,0,N,0,0,0,0,0,0,0,0,0,0,0,0,N,,,,,,,,,0,N,0,,,0,,,0,0,N,0,0,0,0,0,0,0,0,0,0,0,0,0,0,0,0,0,0,0,0,0,0,0,0,0,0,,0,0,0,0,0,0,,N,1,1,2,,,,,N,N
3333,cmc-0069,M-042,0,201502061800,18,201502062030,20,2 hours 30 minutes,150,20150206,middle,1,5,0,1,0,0,0,0,1,1,0,1,0,0,1,0,N,0,0,0,0,0,0,0,0,0,1,0,0,Y,,2,,,,0,0,1,1,Y,1,,,0,0,1,1,0,N,0,0,0,0,0,0,0,0,0,0,0,0,0,0,0,0,0,0,0,0,0,0,0,0,0,0,,0,1,0,0,0,1,,N,1,1,2,,,,,N,N
4488,cmc-0077,M-049,1,201503061500,15,201503061700,17,2 hours 0 minutes,120,20150306,weakness,0,3,0,0,1,0,0,0,1,0,1,0,0,0,1,1,N,0,0,0,0,0,0,0,0,0,0,0,0,N,,,,,,,,,0,N,0,,,0,,,0,0,N,0,0,0,0,0,0,0,0,0,0,0,0,0,0,0,0,0,0,0,0,0,0,0,0,0,0,,0,1,0,0,0,1,,N,1,1,2,,,,,N,N
2867,cmc-0078,M-050,1,201501211600,16,,,3 hours 40 minutes,220,20150121,weakness,0,3,0,0,0,1,0,0,1,0,0,0,0,1,1,0,N,0,0,1,0,0,0,0,1,0,0,0,0,N,,,,,,,,,0,N,0,,,0,,,0,0,N,0,0,0,0,0,0,0,0,0,0,0,0,0,0,0,0,0,0,0,0,0,0,0,0,0,0,,0,1,0,0,0,1,,N,1,1,2,,,,,N,N
2934,cmc-0078,M-050,1,201501241841,18,201501242359,23,5 hours 18 minutes,318,20150124,weakness,0,1,0,0,1,0,0,0,1,0,0,0,0,1,1,0,N,0,1,0,0,1,0,0,1,0,0,1,0,N,,,,,,,,,0,N,0,,,0,,,0,0,N,0,0,0,0,0,0,0,0,0,0,0,0,0,0,0,0,0,0,0,0,0,0,0,0,0,0,,0,1,0,0,0,1,,N,1,1,2,,,,,N,Y
55,dha-0004,EM4,1,201408130630,06,201408131200,12,5 hours 30 minutes,330,20140813,weakness,0,2,0,0,0,1,1,1,3,0,0,0,0,1,1,0,N,0,0,0,0,0,0,0,0,0,0,0,0,N,,,,,,,,,0,Y,1,,,0,0,1,1,0,N,0,0,0,0,0,0,0,0,0,0,0,0,0,0,0,0,0,0,0,0,0,0,0,0,0,0,,0,0,0,0,1,1,Just as time passes,N,1,1,2,,,,,N,N
138,dha-0009,EM9,0,201409021720,17,201409022050,20,3 hours and 30 minutes,210,20140902,weakness,0,2,1,0,0,0,0,0,1,1,1,0,0,0,1,1,Y,1,0,0,0,0,0,0,0,0,1,0,0,Y,,,,1,Almogran,0,0,1,1,Y,1,0,1,1,0,1,1,0,N,0,0,0,0,0,0,0,0,0,0,0,0,0,0,0,0,0,0,0,0,0,0,0,0,0,0,,0,0,0,0,0,0,,N,1,1,2,,,,,N,N
166,dha-0009,EM9,0,201409051630,16,201409051930,19,3 hours 0 minutes,180,20140905,weakness,0,3,0,1,0,0,0,0,1,1,0,0,1,0,1,1,Y,1,0,0,0,0,0,0,0,0,1,0,0,Y,,,,1,Almogran,0,0,1,1,Y,1,0,1,1,0,1,1,0,N,0,0,0,0,0,0,0,0,0,0,0,0,0,0,0,0,0,0,0,0,0,0,0,0,0,0,,0,0,0,0,0,0,,N,1,1,2,,,,,N,N
306,dha-0009,EM9,0,201409171522,15,201409171720,17,1 hour 58 minutes,118,20140917,middle,1,6,0,1,0,0,0,0,1,1,0,1,0,0,1,0,Y,1,0,0,0,0,0,0,0,0,1,0,0,Y,,,,1,Almogran,0,0,1,1,Y,1,0,1,1,0,1,1,0,N,0,0,0,0,0,0,0,0,0,0,0,0,0,0,0,0,0,0,0,0,0,0,0,0,0,0,,1,0,0,0,0,1,,N,1,1,2,,,,,N,N
391,dha-0009,EM9,0,201409251400,14,201409251656,16,2 hours 56 minutes,176,20140925,weakness,0,3,0,1,0,0,0,0,1,1,1,0,0,0,1,1,,0,0,0,0,0,0,0,0,0,1,0,0,Y,,,,1,Almogran,0,0,1,1,Y,1,0,1,1,0,1,1,0,N,0,0,0,0,0,0,0,0,0,0,0,0,0,0,0,0,0,0,0,0,0,0,0,0,0,0,,0,0,0,0,0,0,,N,1,1,2,,,,,N,N
445,dha-0009,EM9,0,201409292100,21,201409292300,23,2 hours 0 minutes,120,20140929,weakness,0,2,0,1,0,0,0,0,1,1,1,0,0,0,1,1,,0,0,0,0,0,0,0,0,0,1,0,0,Y,,,,1,Almogran,0,0,1,1,Y,1,0,1,1,0,1,1,0,N,0,0,0,0,0,0,0,0,0,0,0,0,0,0,0,0,0,0,0,0,0,0,0,0,0,0,,0,0,0,0,0,0,,N,1,1,2,,,,,N,N
516,dha-0009,EM9,0,201410051604,16,201410052004,20,4 hours 0 minutes,240,20141005,weakness,0,3,0,1,0,0,0,0,1,1,1,0,0,0,1,1,,0,0,0,0,0,0,0,0,0,1,0,0,Y,,,,1,Almogran,0,0,1,1,Y,1,0,1,1,0,1,1,0,N,0,0,0,0,0,0,0,0,0,0,0,0,0,0,0,0,0,0,0,0,0,0,0,0,0,0,,0,0,0,0,0,0,,N,1,1,2,,,,,N,N
627,dha-0009,EM9,0,201410121600,16,201410121830,18,2 hours 30 minutes,150,20141012,weakness,0,3,0,1,0,0,0,0,1,1,0,0,1,0,1,1,,0,0,0,0,0,0,0,0,0,1,0,0,Y,,,,1,Almogran,0,0,1,1,Y,1,0,1,1,0,1,1,0,N,0,0,0,0,0,0,0,0,0,0,0,0,0,0,0,0,0,0,0,0,0,0,0,0,0,0,,0,0,0,0,0,0,,N,1,1,2,,,,,N,N
637,dha-0009,EM9,0,201410130900,09,201410131100,11,2 hours 0 minutes,120,20141013,weakness,0,2,0,1,0,0,0,0,1,1,1,0,0,0,1,1,,0,0,0,0,0,0,0,0,0,1,0,0,Y,,,,1,Almogran,0,0,1,1,Y,1,0,1,1,0,1,1,0,N,0,0,0,0,0,0,0,0,0,0,0,0,0,0,0,0,0,0,0,0,0,0,0,0,0,0,,0,0,0,0,0,0,,N,1,1,2,,,,,N,N
723,dha-0009,EM9,0,201410170756,07,201410170956,09,2 hours 0 minutes,120,20141017,weakness,0,2,0,1,0,0,0,0,1,1,0,0,0,0,0,0,,0,0,0,0,0,0,0,0,0,0,0,0,Y,,,,1,Almogran,0,0,1,1,Y,1,0,1,1,0,1,1,0,N,0,0,0,0,0,0,0,0,0,0,0,0,0,0,0,0,0,0,0,0,0,0,0,0,0,0,,0,0,0,0,0,0,,N,1,1,2,,,,,N,N
894,dha-0009,EM9,0,201410281308,13,201410281808,18,5 hours 0 minutes,300,20141028,middle,1,4,0,1,0,0,0,0,1,1,1,0,0,0,1,1,,0,0,0,0,0,0,0,0,0,1,0,0,Y,,,,1,Almogran,0,1,0,1,Y,1,0,1,1,0,1,1,0,N,0,0,0,0,0,0,0,0,0,0,0,0,0,0,0,0,0,0,0,0,0,0,0,0,0,0,,0,0,0,0,0,0,,N,1,1,2,,,,,N,N
955,dha-0009,EM9,0,201411011217,12,201411011800,18,5 hours 43 minutes,343,20141101,weakness,0,3,0,1,0,0,0,0,1,1,0,0,1,0,1,1,N,0,0,0,0,0,0,0,0,0,1,0,0,Y,,,,1,Almogran,0,0,1,1,Y,1,0,1,1,0,1,1,0,N,0,0,0,0,0,0,0,0,0,0,0,0,0,0,0,0,0,0,0,0,0,0,0,0,0,0,,0,0,0,0,0,0,,N,1,1,2,,,,,N,N
259,dha-0010,em10,1,201409131300,13,201409132359,23,10 hours 59 minutes,659,20140913,weakness,0,3,0,1,0,0,0,1,2,1,1,0,1,0,2,1,N,0,0,0,0,0,0,0,0,0,1,0,0,N,,,,,,,,,0,N,0,,,0,,,0,0,N,0,0,0,0,0,0,0,0,0,0,0,0,0,0,0,0,0,0,0,0,0,0,0,0,0,0,,0,0,0,0,1,1,walking healing,N,1,1,2,,,,,N,Y
273,dha-0010,em10,1,201409141030,10,201409142359,23,7 hours 19 minutes,439,20140914,weakness,0,2,0,1,0,0,0,0,1,1,0,0,0,1,1,0,N,0,0,0,0,0,0,0,0,0,0,0,0,N,,,,,,,,,0,N,0,,,0,,,0,0,N,0,0,0,0,0,0,0,0,0,0,0,0,0,0,0,0,0,0,0,0,0,0,0,0,0,0,,0,1,0,0,0,1,,N,1,1,2,,,,,,
279,dha-0010,em10,1,201409150800,08,201409152359,23,15 hours 59 minutes,959,20140915,weakness,0,2,0,1,1,0,0,1,3,1,0,1,0,1,2,0,N,0,0,0,0,0,0,0,0,0,0,0,0,N,,,,,,,,,0,N,0,,,0,,,0,0,N,0,0,0,0,0,0,0,0,0,0,0,0,0,0,0,0,0,0,0,0,0,0,0,0,0,0,,0,0,0,0,0,0,,Y,1,1,2,1 hour 30 minutes,90,1 hour 30 minutes,90,,
293,dha-0010,em10,1,201409161000,10,201409162359,23,13 hours 59 minutes,839,20140916,weakness,0,2,1,0,0,1,0,0,2,1,1,0,0,1,2,1,N,0,0,0,0,0,0,0,0,0,1,0,0,N,,,,,,,,,0,N,0,,,0,,,0,0,N,0,0,0,0,0,0,0,0,0,0,0,0,0,0,0,0,0,0,0,0,0,0,0,0,0,0,,0,1,0,1,0,2,,Y,1,1,2,0 hours 0 minutes 0 minutes,0,1 hour 30 minutes 30 minutes,90,,
349,dha-0010,em10,1,201409221300,13,201409222359,23,10 hours 59 minutes,659,20140922,weakness,0,5,0,1,0,0,0,0,1,1,1,0,0,0,1,1,N,0,0,0,0,0,0,0,0,0,1,0,0,N,,,,,,,,,0,N,0,,,0,,,0,0,N,0,0,0,0,0,0,0,0,0,0,0,0,0,0,0,0,0,0,0,0,0,0,0,0,0,0,,0,0,0,0,0,0,,N,1,1,2,,,,,,
451,dha-0010,em10,1,201410010756,07,201410012359,23,16 hours 3 minutes,963,20141001,weakness,0,3,0,0,0,0,0,1,1,0,0,0,0,1,1,0,N,0,0,1,0,0,0,0,1,0,0,0,0,N,,,,,,,,,0,N,0,,,0,,,0,0,N,0,0,0,0,0,0,0,0,0,0,0,0,0,0,0,0,0,0,0,0,0,0,0,0,0,0,,0,0,0,0,0,0,,N,1,1,2,,,,,,
651,dha-0010,em10,1,201410141300,13,201410142359,23,10 hours 59 minutes,659,20141014,weakness,0,4,0,1,1,0,0,1,3,1,1,0,0,1,2,1,N,0,0,1,0,0,0,0,1,0,1,0,0,N,,,,,,,,,0,N,0,,,0,,,0,0,N,0,0,0,0,0,0,0,0,0,0,0,0,0,0,0,0,0,0,0,0,0,0,0,0,0,0,,0,1,0,0,0,1,,N,1,1,2,,,,,Y,N
660,dha-0010,em10,1,201410151300,13,201410152359,23,10 hours 59 minutes,659,20141015,weakness,0,4,0,0,0,1,0,1,2,0,0,0,0,1,1,0,N,0,0,1,0,0,0,0,1,0,0,0,0,N,,,,,,,,,0,N,0,,,0,,,0,0,N,0,0,0,0,0,0,0,0,0,0,0,0,0,0,0,0,0,0,0,0,0,0,0,0,0,0,,0,0,0,0,0,0,,N,1,1,2,,,,,N,Y
731,dha-0010,em10,1,201410161300,13,201410162359,23,10 hours 59 minutes,659,20141016,weakness,0,5,0,0,1,1,0,1,3,0,0,0,0,1,1,0,N,0,0,1,0,0,0,0,1,0,0,0,0,N,,,,,,,,,0,N,0,,,0,,,0,0,N,0,0,0,0,0,0,0,0,0,0,0,0,0,0,0,0,0,0,0,0,0,0,0,0,0,0,,0,0,0,1,0,1,,N,1,1,2,,,,,Y,N
730,dha-0010,em10,1,201410181000,10,201410182359,23,13 hours 59 minutes,839,20141018,middle,1,5,0,0,1,1,0,1,3,0,0,0,0,1,1,0,N,0,0,0,0,0,0,0,0,0,0,0,0,N,,,,,,,,,0,N,0,,,0,,,0,0,N,0,0,0,0,0,0,0,0,0,0,0,0,0,0,0,0,0,0,0,0,0,0,0,0,0,0,,0,0,0,1,0,1,,N,1,1,2,,,,,Y,N
866,dha-0010,em10,1,201410261230,12,201410261800,18,5 hours 30 minutes,330,20141026,weakness,0,3,0,1,0,0,1,0,2,1,0,0,0,1,1,0,N,0,0,0,0,0,0,1,1,0,0,0,0,N,,,,,,,,,0,N,0,,,0,,,0,0,N,0,0,0,0,0,0,0,0,0,0,0,0,0,0,0,0,0,0,0,0,0,0,0,0,0,0,,0,1,0,0,0,1,,N,1,1,2,,,,,N,N
983,dha-0010,em10,1,201411031400,14,201411032359,23,9 hours 59 minutes,599,20141103,middle,1,5,1,0,1,0,1,0,3,1,1,0,0,1,2,1,N,0,0,0,0,0,0,1,1,0,1,0,0,N,,,,,,,,,0,N,0,,,0,,,0,0,N,0,0,0,0,0,0,0,0,0,0,0,0,0,0,0,0,0,0,0,0,0,0,0,0,0,0,,0,1,0,0,0,1,,N,1,1,2,,,,,Y,N
1030,dha-0010,em10,1,201411050800,08,201411052359,23,15 hours 59 minutes,959,20141105,weakness,0,4,0,0,1,1,0,0,2,0,0,0,0,1,1,0,N,0,0,0,0,0,0,0,0,0,0,0,0,N,,,,,,,,,0,N,0,,,0,,,0,0,N,0,0,0,0,0,0,0,0,0,0,0,0,0,0,0,0,0,0,0,0,0,0,0,0,0,0,,1,0,0,1,0,2,,N,1,1,2,,,,,Y,N
1029,dha-0010,em10,1,201411060800,08,201411062359,23,15 hours 59 minutes,959,20141106,middle,1,5,0,0,1,1,0,0,2,0,0,0,0,1,1,0,N,0,0,0,0,0,0,0,0,0,0,0,0,N,,,,,,,,,0,N,0,,,0,,,0,0,N,0,0,0,0,0,0,0,0,0,0,0,0,0,0,0,0,0,0,0,0,0,0,0,0,0,0,,0,0,0,1,0,1,,N,1,1,2,,,,,,
1119,dha-0010,em10,1,201411071051,10,201411072251,22,12 hours 0 minutes,720,20141107,weakness,0,4,0,0,1,1,0,0,2,0,0,0,0,1,1,0,N,0,0,0,0,0,0,0,0,0,0,0,0,N,,,,,,,,,0,N,0,,,0,,,0,0,N,0,0,0,0,0,0,0,0,0,0,0,0,0,0,0,0,0,0,0,0,0,0,0,0,0,0,,0,0,0,1,0,1,,N,1,1,2,,,,,Y,N
1098,dha-0010,em10,1,201411091553,15,201411092253,22,7 hours 0 minutes,420,20141109,middle,1,7,0,0,1,1,0,0,2,0,0,0,1,0,1,1,N,0,0,0,0,0,0,0,0,0,1,0,0,Y,,,,1,Naramik,0,0,1,1,N,0,,,0,,,0,0,N,0,0,0,0,0,0,0,0,0,0,0,0,0,0,0,0,0,0,0,0,0,0,0,0,0,0,,1,1,0,0,0,2,,N,1,1,2,,,,,N,N
1097,dha-0010,em10,1,201411100954,09,201411102359,23,14 hours 5 minutes,845,20141110,weakness,0,3,0,0,1,1,0,0,2,0,0,0,0,1,1,0,N,0,0,1,0,0,0,0,1,0,0,0,0,N,,,,,,,,,0,N,0,,,0,,,0,0,N,0,0,0,0,0,0,0,0,0,0,0,0,0,0,0,0,0,0,0,0,0,0,0,0,0,0,,1,1,0,0,0,2,,N,1,1,2,,,,,N,Y
1118,dha-0010,em10,1,201411111300,13,201411112359,23,10 hours 59 minutes,659,20141111,middle,1,7,0,1,0,0,0,1,2,1,0,0,1,0,1,1,N,0,0,0,0,0,0,0,0,0,1,0,0,Y,,,,1,Naramik,0,1,0,1,N,0,,,0,,,0,0,N,0,0,0,0,0,0,0,0,0,0,0,0,0,0,0,0,0,0,0,0,0,0,0,0,0,0,,0,1,0,1,0,2,,N,1,1,2,,,,,Y,N
1163,dha-0010,em10,1,201411130839,08,201411132359,23,15 hours 20 minutes,920,20141113,weakness,0,3,0,0,0,1,1,0,2,0,0,0,1,1,2,1,N,0,0,0,0,0,0,0,0,0,0,0,0,N,,,,,,,,,0,N,0,,,0,,,0,0,N,0,0,0,0,0,0,0,0,0,0,0,0,0,0,0,0,0,0,0,0,0,0,0,0,0,0,,0,1,0,0,0,1,,N,1,1,2,,,,,Y,N
1219,dha-0010,em10,1,201411161440,14,,,8 hours 0 minutes,480,20141116,weakness,0,4,0,0,1,1,1,0,3,0,0,0,0,1,1,0,N,0,0,1,0,0,0,0,1,0,0,0,0,N,,,,,,,,,0,N,0,,,0,,,0,0,N,0,0,0,0,0,0,0,0,0,0,0,0,0,0,0,0,0,0,0,0,0,0,0,0,0,0,,0,1,0,0,0,1,,N,1,1,2,,,,,Y,N
131,dha-0014,em14,0,201409010900,09,,,5 hours 16 minutes,316,20140901,middle,1,5,1,0,0,0,1,0,2,1,1,0,0,0,1,1,N,0,0,0,0,0,0,0,0,0,1,0,0,Y,,,,4,hospital prescription medication,0,0,1,1,N,0,,,0,,,0,0,N,0,0,0,0,0,0,0,0,0,0,0,0,0,0,0,0,0,0,0,0,0,0,0,0,0,0,,0,1,0,0,0,1,,N,1,1,2,,,,,N,N
174,dha-0014,em14,0,201409050830,08,201409051315,13,4 hours 45 minutes,285,20140905,weakness,0,3,0,0,1,0,0,0,1,0,0,0,1,0,1,1,N,0,0,0,0,0,0,0,0,0,0,0,0,Y,,,,4,hospital prescription medication,0,0,1,1,N,0,,,0,,,0,0,N,0,0,0,0,0,0,0,0,0,0,0,0,0,0,0,0,0,0,0,0,0,0,0,0,0,0,,0,1,0,0,0,1,,N,1,1,2,,,,,N,N
179,dha-0014,em14,0,201409060700,07,201409061530,15,8 hours 30 minutes,510,20140906,,,5,0,0,1,0,0,1,2,0,0,1,0,1,2,0,N,0,0,0,0,0,0,0,0,0,0,0,0,Y,,,,4,hospital prescription medication,0,0,1,1,N,0,,,0,,,0,0,N,0,0,0,0,0,0,0,0,0,0,0,0,0,0,0,0,0,0,0,0,0,0,0,0,0,0,,0,0,1,0,0,1,,N,1,1,2,,,,,N,N
209,dha-0014,em14,0,201409091605,16,201409092005,20,4 hours 0 minutes,240,20140909,weakness,0,3,0,0,0,0,1,0,1,0,0,0,1,0,1,1,N,0,0,0,0,0,0,0,0,0,0,0,0,N,,,,,,,,,0,N,0,,,0,,,0,0,N,0,0,0,0,0,0,0,0,0,0,0,0,0,0,0,0,0,0,0,0,0,0,0,0,0,0,,0,1,0,0,0,1,,N,1,1,2,,,,,N,N
276,dha-0014,em14,0,201409140905,09,201409141305,13,4 hours 0 minutes,240,20140914,middle,1,6,0,0,0,1,0,0,1,0,0,0,1,1,2,1,N,0,0,0,0,0,0,0,0,0,1,0,0,Y,,,,4,hospital prescription medication,0,0,1,1,N,0,,,0,,,0,0,N,0,0,0,0,0,0,0,0,0,0,0,0,0,0,0,0,0,0,0,0,0,0,0,0,0,0,,0,0,0,0,0,0,,N,1,1,2,,,,,N,N
360,dha-0014,em14,0,201409211030,10,201409211600,16,5 hours 30 minutes,330,20140921,middle,1,5,0,0,0,0,1,1,2,0,1,0,1,0,2,1,N,0,0,0,0,0,0,0,0,0,1,0,0,Y,,,,4,hospital prescription,0,0,1,1,N,0,,,0,,,0,0,N,0,0,0,0,0,0,0,0,0,0,0,0,0,0,0,0,0,0,0,0,0,0,0,0,0,0,,0,1,1,0,0,2,,N,1,1,2,,,,,N,N
379,dha-0014,em14,0,201409231306,13,201409232006,20,7 hours 0 minutes,420,20140923,middle,1,6,0,0,1,1,0,0,2,0,0,1,1,0,2,1,N,0,0,0,0,0,0,0,0,0,1,0,0,Y,,,,4,prescription drugs,0,0,1,1,Y,1,,,0,0,1,1,0,N,0,0,0,0,0,0,0,0,0,0,0,0,0,0,0,0,0,0,0,0,0,0,0,0,0,0,,0,1,0,0,0,1,,N,1,1,2,,,,,N,N
425,dha-0014,em14,0,201409271620,16,201409272359,23,7 hours 39 minutes,459,20140927,,,8,1,0,0,0,0,1,2,1,1,0,0,0,1,1,N,0,0,0,0,0,0,0,0,0,1,0,0,Y,,,,4,prescription drugs,1,0,0,1,Y,1,,,0,0,1,1,0,N,0,0,0,0,0,0,0,0,0,0,0,0,0,0,0,0,0,0,0,0,0,0,0,0,0,0,,0,1,0,0,0,1,,N,1,1,2,,,,,N,Y
426,dha-0014,em14,0,201409280922,09,201409281622,16,7 hours 0 minutes,420,20140928,middle,1,7,1,0,0,0,1,0,2,1,0,0,1,0,1,1,N,0,0,0,0,0,0,0,0,0,1,0,0,Y,,,,4,prescription drugs,0,0,1,1,Y,1,,,0,0,1,1,0,N,0,0,0,0,0,0,0,0,0,0,0,0,0,0,0,0,0,0,0,0,0,0,0,0,0,0,,0,0,0,0,0,0,,N,1,1,2,,,,,N,N
512,dha-0014,em14,0,201410040759,07,201410041559,15,8 hours 0 minutes,480,20141004,weakness,0,4,0,0,0,0,1,0,1,0,0,1,0,0,1,0,N,0,0,0,0,0,0,0,0,0,0,0,0,N,,,,,,,,,0,N,0,,,0,,,0,0,N,0,0,0,0,0,0,0,0,0,0,0,0,0,0,0,0,0,0,0,0,0,0,0,0,0,0,,0,1,0,0,0,1,,N,1,1,2,,,,,N,N
642,dha-0014,em14,0,201410121447,14,201410122359,23,9 hours 12 minutes,552,20141012,middle,1,5,0,0,1,1,0,1,3,0,0,0,1,0,1,1,N,0,0,0,0,0,0,0,0,0,1,0,0,Y,,,,4,prescription drugs,0,1,0,1,Y,1,,,0,0,1,1,0,N,0,0,0,0,0,0,0,0,0,0,0,0,0,0,0,0,0,0,0,0,0,0,0,0,0,0,,0,1,0,0,0,1,,N,1,1,2,,,,,N,Y
686,dha-0014,em14,0,201410141100,11,201410141839,18,7 hours 39 minutes,459,20141014,middle,1,5,0,0,1,1,0,1,3,0,1,0,1,0,2,1,N,0,0,0,0,0,0,0,0,0,1,0,0,Y,,,,4,prescription drugs,0,0,1,1,Y,1,,,0,0,1,1,0,N,0,0,0,0,0,0,0,0,0,0,0,0,0,0,0,0,0,0,0,0,0,0,0,0,0,0,,0,1,0,0,0,1,,N,1,1,2,,,,,N,N
789,dha-0014,em14,0,201410210724,07,201410211324,13,6 hours 0 minutes,360,20141021,weakness,0,4,0,0,0,1,1,0,2,0,1,0,0,0,1,1,N,0,0,0,0,0,0,0,0,0,0,0,0,N,,,,,,,,,0,Y,1,,,0,0,1,1,0,N,0,0,0,0,0,0,0,0,0,0,0,0,0,0,0,0,0,0,0,0,0,0,0,0,0,0,,0,1,0,0,0,1,,N,1,1,2,,,,,N,N
912,dha-0014,em14,0,201410251019,10,201410251819,18,8 hours 0 minutes,480,20141025,middle,1,5,0,0,0,1,1,1,3,0,0,1,0,1,2,0,N,0,0,0,0,0,0,0,0,0,0,0,0,Y,,,,4,prescription drugs,0,0,1,1,Y,1,,,0,0,1,1,0,N,0,0,0,0,0,0,0,0,0,0,0,0,0,0,0,0,0,0,0,0,0,0,0,0,0,0,,0,1,1,0,0,2,,N,1,1,2,,,,,N,N
914,dha-0014,em14,0,201410270921,09,201410271521,15,6 hours 0 minutes,360,20141027,middle,1,5,0,0,1,1,0,1,3,0,0,1,0,1,2,0,N,0,0,0,0,0,0,0,0,0,0,0,0,Y,,,,4,prescription drugs,0,0,1,1,Y,1,,,0,0,1,1,0,N,0,0,0,0,0,0,0,0,0,0,0,0,0,0,0,0,0,0,0,0,0,0,0,0,0,0,,0,1,1,0,0,2,,N,1,1,2,,,,,N,N
1048,dha-0014,em14,0,201411040725,07,201411041725,17,10 hours 0 minutes,600,20141104,middle,1,7,0,0,1,1,1,1,4,0,0,0,1,1,2,1,N,0,0,0,0,0,0,0,0,0,1,0,0,Y,,,,4,prescription drugs,0,1,0,1,Y,1,,,0,0,1,1,0,N,0,0,0,0,0,0,0,0,0,0,0,0,0,0,0,0,0,0,0,0,0,0,0,0,0,0,,0,1,1,0,0,2,,N,1,1,2,,,,,N,N
1087,dha-0014,em14,0,201411081026,10,201411081626,16,6 hours 0 minutes,360,20141108,middle,1,5,0,0,0,1,1,1,3,0,0,1,1,0,2,1,N,0,0,0,0,0,0,0,0,0,1,0,0,Y,,,,4,prescription drugs,0,0,1,1,N,0,,,0,,,0,0,N,0,0,0,0,0,0,0,0,0,0,0,0,0,0,0,0,0,0,0,0,0,0,0,0,0,0,,0,0,0,0,0,0,,N,1,1,2,,,,,N,N
1271,dha-0014,em14,0,201411130833,08,201411131433,14,6 hours 0 minutes,360,20141113,middle,1,4,0,0,1,1,0,1,3,0,0,1,1,0,2,1,N,0,0,0,0,0,0,0,0,0,1,0,0,Y,,,,4,prescription drugs,0,0,1,1,N,0,,,0,,,0,0,N,0,0,0,0,0,0,0,0,0,0,0,0,0,0,0,0,0,0,0,0,0,0,0,0,0,0,,0,0,0,0,0,0,,N,1,1,2,,,,,N,N
1340,dha-0014,em14,0,201411230810,08,201411231220,12,4 hours 10 minutes,250,20141123,middle,1,5,0,0,0,1,0,1,2,0,0,1,1,0,2,1,N,0,0,0,0,0,0,0,0,0,1,0,0,Y,,,,4,prescription drugs,0,1,0,1,Y,1,,,0,0,1,1,0,N,0,0,0,0,0,0,0,0,0,0,0,0,0,0,0,0,0,0,0,0,0,0,0,0,0,0,,0,1,0,0,0,1,,N,1,1,2,,,,,N,N
162,dha-0015,em15,0,201409031500,15,,,4 hours 0 minutes,240,20140903,weakness,0,2,0,0,0,1,0,0,1,0,0,0,0,1,1,0,N,0,0,0,0,0,0,0,0,0,0,0,0,Y,,,,1,,0,1,0,1,Y,1,,,0,0,1,1,0,N,0,0,0,0,0,0,0,0,0,0,0,0,0,0,0,0,0,0,0,0,0,0,0,0,0,0,,0,0,0,0,0,0,,N,1,1,2,,,,,N,N
370,dha-0015,em15,0,201409191300,13,201409192200,22,9 hours 0 minutes,540,20140919,middle,1,5,0,0,0,1,1,1,3,0,0,0,0,0,0,0,,0,0,0,0,0,0,0,0,0,0,0,0,Y,,,,1,,0,1,0,1,Y,1,,,0,0,1,1,0,N,0,0,0,0,0,0,0,0,0,0,0,0,0,0,0,0,0,0,0,0,0,0,0,0,0,0,,0,0,0,0,0,0,,N,1,1,2,,,,,N,N
419,dha-0015,em15,0,201409261500,15,201409262200,22,7 hours 0 minutes,420,20140926,weakness,0,4,0,0,1,0,0,1,2,0,0,0,0,1,1,0,N,0,0,1,0,0,0,0,1,0,0,0,0,N,,,,,,,,,0,Y,1,,,0,0,1,1,0,N,0,0,0,0,0,0,0,0,0,0,0,0,0,0,0,0,0,0,0,0,0,0,0,0,0,0,,1,1,1,0,0,3,,N,1,1,2,,,,,N,N
817,dha-0015,em15,0,201410181030,10,201410181730,17,7 hours 0 minutes,420,20141018,middle,1,6,0,1,1,1,0,0,3,1,1,0,0,1,2,1,Y,1,0,0,0,0,0,0,0,0,1,0,0,Y,,,,1,,0,1,0,1,Y,1,,,0,0,1,1,0,N,0,0,0,0,0,0,0,0,0,0,0,0,0,0,0,0,0,0,0,0,0,0,0,0,0,0,,0,0,0,0,0,0,,N,1,1,2,,,,,N,N
814,dha-0015,em15,0,201410221028,10,201410222000,20,9 hours 32 minutes,572,20141022,middle,1,6,0,0,1,1,0,1,3,0,1,0,0,1,2,1,N,0,0,0,0,0,0,0,0,0,1,0,0,Y,,,,1,,0,1,0,1,,0,,,0,,,0,0,N,0,0,0,0,0,0,0,0,0,0,0,0,0,0,0,0,0,0,0,0,0,0,0,0,0,0,,0,0,0,0,0,0,,N,1,1,2,,,,,N,N
302,dha-0018,EM18,1,201409171640,16,201409171850,18,2 hours 10 minutes,130,20140917,weakness,0,3,0,0,0,1,0,0,1,0,0,0,0,1,1,0,N,0,0,0,0,0,0,0,0,0,0,0,0,N,,,,,,,,,0,N,0,,,0,,,0,0,N,0,0,0,0,0,0,0,0,0,0,0,0,0,0,0,0,0,0,0,0,0,0,0,0,0,0,,0,1,0,0,0,1,,N,1,1,2,,,,,,
311,dha-0018,EM18,1,201409181648,16,201409182359,23,7 hours 11 minutes,431,20140918,weakness,0,3,0,1,0,0,0,0,1,1,0,1,0,1,2,0,N,0,0,0,0,0,0,0,0,0,0,0,0,N,,,,,,,,,0,N,0,,,0,,,0,0,N,0,0,0,0,0,0,0,0,0,0,0,0,0,0,0,0,0,0,0,0,0,0,0,0,0,0,,0,1,0,0,0,1,,N,1,1,2,,,,,,
804,dha-0018,EM18,1,201410231913,19,201410232359,23,4 hours 46 minutes,286,20141023,weakness,0,3,1,0,0,0,0,0,1,1,0,1,0,0,1,0,,0,0,0,0,0,0,0,0,0,0,0,0,N,,,,,,,,,0,N,0,,,0,,,0,0,N,0,0,0,0,0,0,0,0,0,0,0,0,0,0,0,0,0,0,0,0,0,0,0,0,0,0,,0,1,0,0,0,1,,N,1,1,2,,,,,,
1314,dha-0018,EM18,1,201411221143,11,201411221443,14,3 hours 0 minutes,180,20141122,weakness,0,1,1,0,0,0,0,0,1,1,1,0,0,0,1,1,N,0,0,0,0,0,0,0,0,0,1,0,0,N,,,,,,,,,0,N,0,,,0,,,0,0,N,0,0,0,0,0,0,0,0,0,0,0,0,0,0,0,0,0,0,0,0,0,0,0,0,0,0,,0,1,0,0,0,1,,N,1,1,2,,,,,N,N
1625,dha-0018,EM18,1,201411280751,07,201411281056,10,3 hours 5 minutes,185,20141128,weakness,0,1,1,0,0,0,0,0,1,1,0,1,1,0,2,1,N,0,0,0,0,0,0,0,0,0,1,0,0,N,,,,,,,,,0,N,0,,,0,,,0,0,N,0,0,0,0,0,0,0,0,0,0,0,0,0,0,0,0,0,0,0,0,0,0,0,0,0,0,,0,1,0,0,0,1,,N,1,1,2,,,,,N,N
396,dha-0022,em22,0,201409250600,06,201409251410,14,8 hours 10 minutes,490,20140925,weakness,0,1,0,0,0,0,1,0,1,0,0,0,1,0,1,1,N,0,0,0,0,0,0,0,0,0,0,0,0,N,,,,,,,,,0,N,0,,,0,,,0,0,N,0,0,0,0,0,0,0,0,0,0,0,0,0,0,0,0,0,0,0,0,0,0,0,0,0,0,,1,1,0,0,0,2,,N,1,1,2,,,,,N,N
447,dha-0022,em22,0,201409301630,16,,,4 hours 0 minutes,240,20140930,weakness,0,1,0,0,0,0,1,0,1,0,0,0,1,0,1,1,N,0,0,0,0,0,1,0,1,0,0,0,0,N,,,,,,,,,0,N,0,,,0,,,0,0,N,0,0,0,0,0,0,0,0,0,0,0,0,0,0,0,0,0,0,0,0,0,0,0,0,0,0,,0,0,0,0,0,0,,N,1,1,2,,,,,N,N
540,dha-0022,em22,0,201410061330,13,201410061800,18,4 hours 30 minutes,270,20141006,weakness,0,1,0,0,1,0,0,0,1,0,0,1,0,0,1,0,,0,0,0,0,0,0,0,0,0,0,0,0,Y,1,,,,,1,0,0,1,N,0,,,0,,,0,0,N,0,0,0,0,0,0,0,0,0,0,0,0,0,0,0,0,0,0,0,0,0,0,0,0,0,0,,0,0,0,0,0,0,,N,1,1,2,,,,,N,N
932,dha-0022,em22,0,201410301825,18,201410302359,23,5 hours 34 minutes,334,20141030,weakness,0,1,1,0,0,0,0,0,1,1,1,0,0,0,1,1,,0,0,0,0,0,1,0,1,0,1,0,0,Y,,,1,,,0,1,0,1,N,0,,,0,,,0,0,N,0,0,0,0,0,0,0,0,0,0,0,0,0,0,0,0,0,0,0,0,0,0,0,0,0,0,,0,0,0,0,0,0,,N,1,1,2,,,,,N,Y
1887,dha-0022,em22,0,201412151415,14,201412151630,16,2 hours 15 minutes,135,20141215,weakness,0,7,1,0,0,0,0,0,1,1,0,0,1,0,1,1,,0,0,0,0,0,0,0,0,0,1,0,0,Y,,,1,,,0,0,1,1,N,0,,,0,,,0,0,N,0,0,0,0,0,0,0,0,0,0,0,0,0,0,0,0,0,0,0,0,0,0,0,0,0,0,,0,0,0,0,1,1,approximately,N,1,1,2,,,,,N,N
2035,dha-0022,em22,0,201412221539,15,201412222039,20,5 hours 0 minutes,300,20141222,weakness,0,,1,0,0,0,0,0,1,1,0,0,1,0,1,1,N,0,0,0,0,0,0,0,0,0,1,0,0,Y,,,1,,,0,0,1,1,N,0,,,0,,,0,0,N,0,0,0,0,0,0,0,0,0,0,0,0,0,0,0,0,0,0,0,0,0,0,0,0,0,0,,0,1,0,0,0,1,,N,1,1,2,,,,,N,N
1083,dha-0023,EM23,0,201411082000,20,201411082359,23,3 hours 59 minutes,239,20141108,weakness,0,,0,0,0,0,1,0,1,0,0,0,0,1,1,0,,0,0,0,0,0,0,0,0,0,0,0,0,N,,,,,,,,,0,N,0,,,0,,,0,0,N,0,0,0,0,0,0,0,0,0,0,0,0,0,0,0,0,0,0,0,0,0,0,0,0,0,0,Period 3 days before period,0,0,0,0,0,0,,N,1,1,2,,,,,N,Y
1256,dha-0031,em31,0,201411192200,22,201411192359,23,1 hour 59 minutes,119,20141119,weakness,0,1,1,0,1,0,0,0,2,1,0,1,0,0,1,0,N,0,1,0,0,1,0,0,1,0,0,1,0,N,,,,,,,,,0,N,0,,,0,,,0,0,N,0,0,0,0,0,0,0,0,0,0,0,0,0,0,0,0,0,0,0,0,0,0,0,0,0,0,,1,1,0,0,0,2,,N,1,1,2,,,,,N,Y
1287,dha-0031,em31,0,201411202200,22,201411202300,23,1 hour 0 minutes,60,20141120,weakness,0,1,1,0,0,0,0,0,1,1,0,1,0,0,1,0,N,0,1,0,0,1,0,0,1,0,0,1,0,N,,,,,,,,,0,N,0,,,0,,,0,0,N,0,0,0,0,0,0,0,0,0,0,0,0,0,0,0,0,0,0,0,0,0,0,0,0,0,0,,0,1,0,0,0,1,,N,1,1,2,,,,,N,N
566,dha-0033,em33,1,201410082217,22,201410082359,23,1 hour 42 minutes,102,20141008,weakness,0,1,0,0,0,0,0,1,1,0,0,0,1,0,1,1,N,0,0,0,0,0,0,1,1,0,0,0,0,N,,,,,,,,,0,N,0,,,0,,,0,0,N,0,0,0,0,0,0,0,0,0,0,0,0,0,0,0,0,0,0,0,0,0,0,0,0,0,0,,1,0,0,0,0,1,,N,1,1,2,,,,,,
604,dha-0033,em33,1,201410111004,10,201410112359,23,13 hours 55 minutes,835,20141011,middle,1,5,0,0,1,0,0,0,1,0,0,0,0,1,1,0,,0,0,0,0,0,0,1,1,0,0,0,0,Y,,,,1,hospital prescription medication,0,1,0,1,N,0,,,0,,,0,0,N,0,0,0,0,0,0,0,0,0,0,0,0,0,0,0,0,0,0,0,0,0,0,0,0,0,0,,1,0,0,0,0,1,,N,1,1,2,,,,,N,Y
625,dha-0033,em33,1,201410122230,22,201410122359,23,1 hour 29 minutes,89,20141012,middle,1,3,0,0,1,0,0,0,1,0,0,0,1,0,1,1,,0,0,0,0,0,0,1,1,0,1,0,0,Y,,2,,,,0,1,0,1,N,0,,,0,,,0,0,N,0,0,0,0,0,0,0,0,0,0,0,0,0,0,0,0,0,0,0,0,0,0,0,0,0,0,,0,1,0,0,0,1,,Y,1,1,2,2 hours 0 minutes 0 minutes,120,3 hours 0 minutes 0 minutes,180,N,Y
928,dha-0033,em33,1,201410312026,20,201410312359,23,3 hours 33 minutes,213,20141031,middle,1,4,0,0,1,0,0,0,1,0,0,0,0,1,1,0,N,0,0,0,0,0,0,0,0,0,0,0,0,Y,2,,,,,1,0,0,1,N,0,,,0,,,0,0,N,0,0,0,0,0,0,0,0,0,0,0,0,0,0,0,0,0,0,0,0,0,0,0,0,0,0,,1,1,0,0,0,2,,N,1,1,2,,,,,N,Y
1015,dha-0033,em33,1,201411052101,21,201411052359,23,2 hours 58 minutes,178,20141105,,,3,1,0,0,0,0,0,1,1,1,0,0,0,1,1,,0,0,0,0,0,0,0,0,0,1,0,0,Y,212,,,,,0,1,0,1,N,0,,,0,,,0,0,N,0,0,0,0,0,0,0,0,0,0,0,0,0,0,0,0,0,0,0,0,0,0,0,0,0,0,,0,1,0,0,0,1,,N,1,1,2,,,,,N,Y
1989,dha-0033,em33,1,201412222000,20,201412222359,23,3 hours 59 minutes,239,20141222,weakness,0,3,0,0,1,0,0,0,1,0,0,0,0,0,0,0,,0,0,0,0,0,0,0,0,0,0,0,0,N,,,,,,,,,0,N,0,,,0,,,0,0,N,0,0,0,0,0,0,0,0,0,0,0,0,0,0,0,0,0,0,0,0,0,0,0,0,0,0,,0,0,0,0,0,0,,N,1,1,2,,,,,,
823,dha-0040,EM40,1,201410241800,18,201410241830,18,30 minutes,30,20141024,weakness,0,2,0,1,0,0,0,0,1,1,0,0,1,0,1,1,Y,1,0,0,0,0,0,1,1,0,1,0,0,N,,,,,,,,,0,N,0,,,0,,,0,0,N,0,0,0,0,0,0,0,0,0,0,0,0,0,0,0,0,0,0,0,0,0,0,0,0,0,0,,1,0,0,0,0,1,,N,1,1,2,,,,,N,N
945,dha-0040,EM40,1,201411011800,18,201411011840,18,40 minutes,40,20141101,middle,1,5,0,1,0,0,0,0,1,1,0,1,1,0,2,1,Y,1,0,0,0,0,0,1,1,0,1,0,0,Y,1,1,1,,,0,0,1,1,N,0,,,0,,,0,0,N,0,0,0,0,0,0,0,0,0,0,0,0,0,0,0,0,0,0,0,0,0,0,0,0,0,0,,0,1,0,0,0,1,,N,1,1,2,,,,,N,N
1053,dha-0040,EM40,1,201411060100,01,201411060300,03,2 hours 0 minutes,120,20141106,weakness,0,2,0,1,0,0,0,0,1,1,1,0,0,0,1,1,N,0,0,0,0,0,0,0,0,0,1,0,0,N,,,,,,,,,0,N,0,,,0,,,0,0,N,0,0,0,0,0,0,0,0,0,0,0,0,0,0,0,0,0,0,0,0,0,0,0,0,0,0,Bruises around the eyes,0,1,0,0,0,1,,N,1,1,2,,,,,N,N
1032,dha-0042,em42,0,201411061400,14,,,6 hours 0 minutes,360,20141106,middle,1,4,0,0,1,0,0,1,2,0,0,0,1,1,2,1,N,0,0,0,0,0,0,0,0,0,1,0,0,Y,,,1,,,0,0,1,1,N,0,,,0,,,0,0,N,0,0,0,0,0,0,0,0,0,0,0,0,0,0,0,0,0,0,0,0,0,0,0,0,0,0,,0,0,0,0,1,1,dosage,N,1,1,2,,,,,N,N
1059,dha-0042,em42,0,201411071500,15,201411072300,23,8 hours 0 minutes,480,20141107,weakness,0,3,0,0,1,0,0,1,2,0,0,0,1,1,2,1,N,0,0,0,0,0,0,0,0,0,0,0,0,Y,1,,1,,,0,0,1,1,N,0,,,0,,,0,0,N,0,0,0,0,0,0,0,0,0,0,0,0,0,0,0,0,0,0,0,0,0,0,0,0,0,0,,0,0,0,0,1,1,dosage,N,1,1,2,,,,,N,N
1094,dha-0042,em42,0,201411091300,13,201411092300,23,10 hours 0 minutes,600,20141109,weakness,0,1,0,0,1,0,0,1,2,0,0,0,1,1,2,1,N,0,0,0,0,0,0,0,0,0,0,0,0,N,,,,,,,,,0,N,0,,,0,,,0,0,N,0,0,0,0,0,0,0,0,0,0,0,0,0,0,0,0,0,0,0,0,0,0,0,0,0,0,,0,1,0,0,0,1,,N,1,1,2,,,,,N,N
1113,dha-0042,em42,0,201411101100,11,,,12 hours 0 minutes,720,20141110,weakness,0,1,0,0,1,0,0,1,2,0,0,0,1,1,2,1,N,0,0,0,0,0,0,0,0,0,0,0,0,N,,,,,,,,,0,N,0,,,0,,,0,0,N,0,0,0,0,0,0,0,0,0,0,0,0,0,0,0,0,0,0,0,0,0,0,0,0,0,0,,0,1,0,0,0,1,,N,1,1,2,,,,,N,N
1117,dha-0042,em42,0,201411111400,14,201411112100,21,7 hours 0 minutes,420,20141111,weakness,0,3,0,0,1,0,0,1,2,0,0,0,1,1,2,1,N,0,0,0,0,0,0,0,0,0,0,0,0,Y,,,1,,,0,0,1,1,N,0,,,0,,,0,0,N,0,0,0,0,0,0,0,0,0,0,0,0,0,0,0,0,0,0,0,0,0,0,0,0,0,0,,0,0,0,0,1,1,dosage,N,1,1,2,,,,,N,N
1172,dha-0042,em42,0,201411131150,11,201411132000,20,8 hours 10 minutes,490,20141113,weakness,0,3,0,0,1,0,0,1,2,0,0,0,1,1,2,1,N,0,0,0,0,0,0,0,0,0,0,0,0,Y,1,,,,,0,0,1,1,N,0,,,0,,,0,0,N,0,0,0,0,0,0,0,0,0,0,0,0,0,0,0,0,0,0,0,0,0,0,0,0,0,0,,0,0,0,0,1,1,dosage,N,1,1,2,,,,,N,N
1318,dha-0042,em42,0,201411210800,08,201411211600,16,8 hours 0 minutes,480,20141121,weakness,0,3,0,0,1,0,0,1,2,0,0,0,1,1,2,1,N,0,0,0,0,0,0,0,0,0,0,0,0,Y,,,1,,,0,0,1,1,N,0,,,0,,,0,0,N,0,0,0,0,0,0,0,0,0,0,0,0,0,0,0,0,0,0,0,0,0,0,0,0,0,0,,0,0,0,0,1,1,dosage,N,1,1,2,,,,,N,N
1319,dha-0042,em42,0,201411220900,09,201411221500,15,6 hours 0 minutes,360,20141122,weakness,0,3,0,0,1,0,0,1,2,0,0,0,1,1,2,1,N,0,0,0,0,0,0,0,0,0,0,0,0,Y,1,,,,,0,0,1,1,N,0,,,0,,,0,0,N,0,0,0,0,0,0,0,0,0,0,0,0,0,0,0,0,0,0,0,0,0,0,0,0,0,0,,0,0,0,0,1,1,dosage,N,1,1,2,,,,,N,N
1487,dha-0042,em42,0,201411280900,09,201411281700,17,8 hours 0 minutes,480,20141128,,,2,0,0,1,0,0,1,2,0,0,0,0,1,1,0,N,0,0,0,0,0,0,0,0,0,0,0,0,Y,,,1,,,0,0,1,1,N,0,,,0,,,0,0,N,0,0,0,0,0,0,0,0,0,0,0,0,0,0,0,0,0,0,0,0,0,0,0,0,0,0,,0,0,0,0,1,1,dosage,N,1,1,2,,,,,N,N
1489,dha-0042,em42,0,201411301100,11,,,9 hours 0 minutes,540,20141130,weakness,0,2,0,0,1,0,0,1,2,0,0,0,0,1,1,0,N,0,0,0,0,0,0,0,0,0,0,0,0,Y,,,1,,,0,0,1,1,N,0,,,0,,,0,0,N,0,0,0,0,0,0,0,0,0,0,0,0,0,0,0,0,0,0,0,0,0,0,0,0,0,0,,0,0,0,0,1,1,dosage,N,1,1,2,,,,,N,N
1704,dha-0042,em42,0,201412081100,11,201412081600,16,5 hours 0 minutes,300,20141208,weakness,0,1,0,0,1,0,0,1,2,0,0,0,1,0,1,1,N,0,0,0,0,0,0,0,0,0,0,0,0,Y,,,1,,,0,0,1,1,N,0,,,0,,,0,0,N,0,0,0,0,0,0,0,0,0,0,0,0,0,0,0,0,0,0,0,0,0,0,0,0,0,0,,0,0,0,0,1,1,dosage,N,1,1,2,,,,,N,N
1798,dha-0042,em42,0,201412130800,08,,,4 hours 0 minutes,240,20141213,weakness,0,2,0,0,1,0,0,0,1,0,0,0,1,0,1,1,N,0,0,0,0,0,0,0,0,0,0,0,0,Y,,,1,,,0,0,1,1,N,0,,,0,,,0,0,N,0,0,0,0,0,0,0,0,0,0,0,0,0,0,0,0,0,0,0,0,0,0,0,0,0,0,,0,0,0,0,1,1,dosage,N,1,1,2,,,,,N,N
2093,dha-0042,em42,0,201412271330,13,201412272130,21,8 hours 0 minutes,480,20141227,weakness,0,3,0,0,0,1,0,1,2,0,1,0,1,0,2,1,N,0,0,0,0,0,0,0,0,0,0,0,0,Y,,,1,,,0,0,1,1,N,0,,,0,,,0,0,N,0,0,0,0,0,0,0,0,0,0,0,0,0,0,0,0,0,0,0,0,0,0,0,0,0,0,,0,0,0,0,1,1,dosage,N,1,1,2,,,,,N,N
1435,dha-0044,em44,0,201411261800,18,201411262258,22,4 hours 58 minutes,298,20141126,weakness,0,3,0,0,0,0,0,1,1,0,0,0,0,1,1,0,N,0,0,0,0,0,1,0,1,0,0,0,0,N,,,,,,,,,0,N,0,,,0,,,0,0,N,0,0,0,0,0,0,0,0,0,0,0,0,0,0,0,0,0,0,0,0,0,0,0,0,0,0,,1,0,0,0,0,1,,N,1,1,2,,,,,N,N
2364,dha-0044,em44,0,201501080935,09,201501082359,23,14 hours 24 minutes,864,20150108,middle,1,6,0,0,0,0,0,1,1,0,0,0,1,0,1,1,N,0,0,0,0,0,0,0,0,0,1,0,0,Y,2,,,,,0,1,0,1,N,0,,,0,,,0,0,N,0,0,0,0,0,0,0,0,0,0,0,0,0,0,0,0,0,0,0,0,0,0,0,0,0,0,,0,1,0,0,0,1,,N,1,1,2,,,,,N,Y
2554,dha-0044,em44,0,201501162100,21,201501162359,23,2 hours 59 minutes,179,20150116,weakness,0,4,0,0,0,1,0,0,1,0,0,0,1,0,1,1,N,0,0,0,0,0,0,0,0,0,0,0,0,N,,,,,,,,,0,N,0,,,0,,,0,0,N,0,0,0,0,0,0,0,0,0,0,0,0,0,0,0,0,0,0,0,0,0,0,0,0,0,0,,0,1,0,0,0,1,,N,1,1,2,,,,,N,Y
2309,dha-0049,em49,0,201501040010,00,201501042359,23,23 hours 49 minutes,1429,20150104,weakness,0,1,1,0,0,0,0,0,1,1,0,0,0,1,1,0,N,0,0,0,0,0,0,0,0,0,0,0,0,N,,,,,,,,,0,N,0,,,0,,,0,0,N,0,0,0,0,0,0,0,0,0,0,0,0,0,0,0,0,0,0,0,0,0,0,0,0,0,0,,0,0,0,0,1,1,caffeine,N,1,1,2,,,,,N,Y
1326,dha-0050,EM50,0,201411230600,06,201411231100,11,5 hours 0 minutes,300,20141123,weakness,0,2,0,1,1,0,0,0,2,1,0,0,0,1,1,0,N,0,0,0,0,0,0,0,0,0,0,0,0,Y,,1,,,,0,1,0,1,N,0,,,0,,,0,0,N,0,0,0,0,0,0,0,0,0,0,0,0,0,0,0,0,0,0,0,0,0,0,0,0,0,0,,1,1,0,0,0,2,,N,1,1,2,,,,,N,N
2008,dha-0050,EM50,0,201412230923,09,201412231233,12,3 hours 10 minutes,190,20141223,weakness,0,2,1,0,0,0,0,0,1,1,0,0,0,1,1,0,N,0,0,0,0,0,0,0,0,0,0,0,0,Y,,1,,,,0,0,1,1,N,0,,,0,,,0,0,N,0,0,0,0,0,0,0,0,0,0,0,0,0,0,0,0,0,0,0,0,0,0,0,0,0,0,,0,0,0,0,0,0,,N,1,1,2,,,,,N,N
2079,dha-0050,EM50,0,201412270621,06,201412272359,23,17 hours 38 minutes,1058,20141227,weakness,0,2,0,1,0,0,1,0,2,1,0,0,1,0,1,1,N,0,0,0,0,0,0,0,0,0,1,0,0,Y,2,,,,,0,0,1,1,N,0,,,0,,,0,0,N,0,0,0,0,0,0,0,0,0,0,0,0,0,0,0,0,0,0,0,0,0,0,0,0,0,0,,0,0,0,0,0,0,,N,1,1,2,,,,,,
2150,dha-0050,EM50,0,201412300705,07,201412301005,10,3 hours 0 minutes,180,20141230,weakness,0,2,0,1,0,0,0,0,1,1,0,0,0,1,1,0,N,0,0,0,0,0,0,0,0,0,0,0,0,Y,2,,,,,0,0,1,1,N,0,,,0,,,0,0,N,0,0,0,0,0,0,0,0,0,0,0,0,0,0,0,0,0,0,0,0,0,0,0,0,0,0,,0,0,0,0,0,0,,N,1,1,2,,,,,N,N
2239,dha-0050,EM50,0,201501020730,07,201501020930,09,2 hours 0 minutes,120,20150102,weakness,0,2,0,1,0,0,0,0,1,1,0,0,0,1,1,0,N,0,0,0,0,0,0,0,0,0,0,0,0,Y,2,,,,,0,0,1,1,N,0,,,0,,,0,0,N,0,0,0,0,0,0,0,0,0,0,0,0,0,0,0,0,0,0,0,0,0,0,0,0,0,0,,0,0,0,0,0,0,,N,1,1,2,,,,,N,N
2706,dha-0050,EM50,0,201501240800,08,201501241100,11,3 hours 0 minutes,180,20150124,weakness,0,2,0,0,0,1,0,0,1,0,0,0,1,0,1,1,N,0,1,0,0,1,0,0,1,0,0,1,0,Y,,1,,,,0,0,1,1,N,0,,,0,,,0,0,N,0,0,0,0,0,0,0,0,0,0,0,0,0,0,0,0,0,0,0,0,0,0,0,0,0,0,,0,1,0,0,0,1,,N,1,1,2,,,,,N,N
1427,dha-0051,EM51,0,201411260600,06,201411261924,19,13 hours 24 minutes,804,20141126,middle,1,4,1,0,0,0,0,1,2,1,0,1,0,0,1,0,Y,1,0,0,0,0,0,0,0,0,1,0,0,Y,,,,1,hospital prescription medication,0,0,1,1,Y,1,0,1,1,1,0,1,0,N,0,0,0,0,0,0,0,0,0,0,0,0,0,0,0,0,0,0,0,0,0,0,0,0,0,0,,0,0,0,0,1,1,approximately,N,1,1,2,,,,,N,N
1444,dha-0051,EM51,0,201411270700,07,201411271600,16,9 hours 0 minutes,540,20141127,weakness,0,3,1,0,0,0,0,1,2,1,1,0,0,0,1,1,Y,1,0,0,0,0,0,0,0,0,1,0,0,Y,,,,1,hospital prescription medication,0,0,1,1,Y,1,0,1,1,1,0,1,0,N,0,0,0,0,0,0,0,0,0,0,0,0,0,0,0,0,0,0,0,0,0,0,0,0,0,0,,0,0,0,0,1,1,approximately,N,1,1,2,,,,,N,N
1511,dha-0051,EM51,0,201412010800,08,201412012359,23,15 hours 59 minutes,959,20141201,weakness,0,2,0,0,0,0,0,1,1,0,0,1,0,0,1,0,Y,1,0,1,0,0,0,0,1,0,0,0,0,N,,,,,,,,,0,Y,1,0,1,1,0,1,1,0,N,0,0,0,0,0,0,0,0,0,0,0,0,0,0,0,0,0,0,0,0,0,0,0,0,0,0,,0,0,0,0,0,0,,N,1,1,2,,,,,N,Y
1562,dha-0051,EM51,0,201412020800,08,201412021200,12,4 hours 0 minutes,240,20141202,middle,1,4,1,0,0,0,0,1,2,1,0,0,1,0,1,1,Y,1,0,1,0,0,1,0,2,0,1,0,0,Y,,,1,,,0,0,1,1,Y,1,0,1,1,1,0,1,0,N,0,0,0,0,0,0,0,0,0,0,0,0,0,0,0,0,0,0,0,0,0,0,0,0,0,0,,0,0,0,0,1,1,approximately,N,1,1,2,,,,,N,N
1570,dha-0051,EM51,0,201412030800,08,201412031831,18,10 hours 31 minutes,631,20141203,middle,1,4,1,0,0,0,0,1,2,1,0,0,1,0,1,1,Y,1,0,1,0,0,0,0,1,0,1,0,0,Y,,,1,,,0,0,1,1,Y,1,0,1,1,1,0,1,0,N,0,0,0,0,0,0,0,0,0,0,0,0,0,0,0,0,0,0,0,0,0,0,0,0,0,0,,0,0,0,0,1,1,approximately,N,1,1,2,,,,,N,N
1600,dha-0051,EM51,0,201412040800,08,201412042000,20,12 hours 0 minutes,720,20141204,weakness,0,2,1,0,0,0,0,1,2,1,0,0,1,0,1,1,Y,1,0,1,0,0,0,0,1,0,1,0,0,Y,2,,,,,0,1,0,1,Y,1,0,1,1,0,1,1,0,N,0,0,0,0,0,0,0,0,0,0,0,0,0,0,0,0,0,0,0,0,0,0,0,0,0,0,,0,0,0,0,0,0,,N,1,1,2,,,,,N,N
1639,dha-0051,EM51,0,201412050800,08,201412051800,18,10 hours 0 minutes,600,20141205,weakness,0,2,1,0,0,0,0,0,1,1,0,0,1,0,1,1,Y,1,0,1,0,0,0,0,1,0,1,0,0,Y,2,,,,,0,1,0,1,Y,1,0,1,1,0,1,1,0,N,0,0,0,0,0,0,0,0,0,0,0,0,0,0,0,0,0,0,0,0,0,0,0,0,0,0,,0,0,0,0,0,0,,N,1,1,2,,,,,N,N
1671,dha-0051,EM51,0,201412060800,08,201412061400,14,6 hours 0 minutes,360,20141206,middle,1,4,0,0,0,1,0,1,2,0,0,1,0,0,1,0,Y,1,0,1,0,0,0,0,1,0,1,0,0,Y,,,1,,,0,0,1,1,Y,1,0,1,1,0,1,1,0,N,0,0,0,0,0,0,0,0,0,0,0,0,0,0,0,0,0,0,0,0,0,0,0,0,0,0,,0,0,0,0,0,0,,N,1,1,2,,,,,N,N
1712,dha-0051,EM51,0,201412070800,08,201412071400,14,6 hours 0 minutes,360,20141207,middle,1,4,0,1,0,0,0,1,2,1,0,1,0,0,1,0,Y,1,0,1,0,0,0,0,1,0,1,0,0,Y,,,1,,,0,0,1,1,Y,1,0,1,1,1,0,1,0,N,0,0,0,0,0,0,0,0,0,0,0,0,0,0,0,0,0,0,0,0,0,0,0,0,0,0,,0,0,0,0,0,0,,N,1,1,2,,,,,N,N
2419,dha-0051,EM51,0,201501020800,08,201501021400,14,6 hours 0 minutes,360,20150102,middle,1,4,1,0,0,0,0,1,2,1,0,1,0,0,1,0,Y,1,0,1,0,0,0,0,1,0,1,0,0,Y,,,2,,,0,0,1,1,Y,1,0,1,1,,,0,0,N,0,0,0,0,0,0,0,0,0,0,0,0,0,0,0,0,0,0,0,0,0,0,0,0,0,0,,0,0,0,0,0,0,,N,1,1,2,,,,,N,N
2420,dha-0051,EM51,0,201501030800,08,201501031400,14,6 hours 0 minutes,360,20150103,middle,1,,1,0,0,0,0,1,2,1,0,1,1,0,2,1,Y,1,0,1,0,0,1,0,2,0,1,0,0,Y,,,1,,,0,0,1,1,Y,1,0,1,1,,,0,0,N,0,0,0,0,0,0,0,0,0,0,0,0,0,0,0,0,0,0,0,0,0,0,0,0,0,0,,0,0,0,0,0,0,,N,1,1,2,,,,,N,N
2977,dha-0053,em53,0,201502080001,00,201502082304,23,23 hours 3 minutes,1383,20150208,Severe,1,7,0,1,1,0,0,1,3,1,1,0,0,0,1,1,,0,0,0,0,0,0,0,0,0,1,0,0,Y,,,,2,Almogran,0,1,0,1,Y,1,,,0,1,0,1,0,N,0,0,0,0,0,0,0,0,0,0,0,0,0,0,0,0,0,0,0,0,0,0,0,0,0,0,,1,1,0,0,0,2,,N,1,1,2,,,,,N,N
2535,dha-0055,em55,0,201501151700,17,,,1 hour 30 minutes,90,20150115,weakness,0,4,0,0,1,0,0,0,1,0,0,0,0,1,1,0,Y,1,1,0,0,1,0,0,1,0,0,1,0,Y,1,,,,,0,0,1,1,N,0,,,0,,,0,0,N,0,0,0,0,0,0,0,0,0,0,0,0,0,0,0,0,0,0,0,0,0,0,0,0,0,0,,0,1,0,0,1,2,first aid kit,N,1,1,2,,,,,N,N
2614,dha-0055,em55,0,201501161700,17,201501161830,18,1 hour 30 minutes,90,20150116,weakness,0,3,0,0,1,0,0,0,1,0,0,0,0,1,1,0,,0,0,0,0,0,0,0,0,0,0,0,0,Y,1,,,,,0,0,1,1,N,0,,,0,,,0,0,N,0,0,0,0,0,0,0,0,0,0,0,0,0,0,0,0,0,0,0,0,0,0,0,0,0,0,,0,0,0,0,0,0,,N,1,1,2,,,,,N,N
2775,dha-0057,em57,0,201501220730,07,201501221700,17,9 hours 30 minutes,570,20150122,middle,1,,0,1,0,0,0,0,1,1,0,0,1,1,2,1,Y,1,0,1,0,0,0,1,2,1,1,1,1,Y,,1,1,,,0,1,0,1,Y,1,0,1,1,0,1,1,1,N,0,0,0,0,0,0,0,0,0,0,0,0,0,0,0,0,0,0,0,0,0,0,0,0,0,0,,1,1,0,0,0,2,,N,1,1,2,,,,,N,N
1916,dha-0060,em60,0,201412180736,07,201412181436,14,7 hours 0 minutes,420,20141218,weakness,0,5,0,1,0,0,0,0,1,1,0,0,0,1,1,0,N,0,0,0,0,0,0,1,1,0,0,0,0,N,,,,,,,,,0,Y,1,,,0,0,1,1,0,N,0,0,0,0,0,0,0,0,0,0,0,0,0,0,0,0,0,0,0,0,0,0,0,0,0,0,,0,1,0,0,0,1,,N,1,1,2,,,,,N,N
2050,dha-0060,em60,0,201412260526,05,201412260926,09,4 hours 0 minutes,240,20141226,weakness,0,3,0,0,0,1,0,0,1,0,0,0,0,1,1,0,N,0,0,0,0,0,0,0,0,0,0,0,0,N,,,,,,,,,0,N,0,,,0,,,0,0,N,0,0,0,0,0,0,0,0,0,0,0,0,0,0,0,0,0,0,0,0,0,0,0,0,0,0,,0,1,0,0,0,1,,N,1,1,2,,,,,N,N
2598,dha-0061,EM61,0,201501181200,12,201501181900,19,7 hours 0 minutes,420,20150118,weakness,0,1,0,0,0,0,0,0,0,0,0,0,0,1,1,0,N,0,0,0,0,0,0,0,0,0,0,0,0,Y,1,,,,,0,1,0,1,N,0,,,0,,,0,0,N,0,0,0,0,0,0,0,0,0,0,0,0,0,0,0,0,0,0,0,0,0,0,0,0,0,0,,0,1,0,0,0,1,,N,1,1,2,,,,,N,N
3117,dha-0062,EM62,0,201502190800,08,201502192359,23,15 hours 59 minutes,959,20150219,weakness,0,4,1,0,0,0,0,0,1,1,0,0,1,0,1,1,N,0,0,0,0,0,0,0,0,0,1,0,0,N,,,,,,,,,0,Y,1,0,1,1,0,1,1,0,N,0,0,0,0,0,0,0,0,0,0,0,0,0,0,0,0,0,0,0,0,0,0,0,0,0,0,,0,1,0,0,0,1,,N,1,1,2,,,,,N,Y
1589,cmc-0048,M-032,1,201411242050,20,201411242340,23,2 hours 50 minutes,170,20141124,,,4,1,0,0,0,0,0,1,1,1,0,0,0,1,1,N,0,1,0,0,1,0,0,1,0,1,1,1,Y,,,1,,,1,0,0,1,N,0,,,0,,,0,0,N,0,0,0,0,0,0,0,0,0,0,0,0,0,0,0,0,0,0,0,0,0,0,0,0,0,0,,0,0,0,0,0,0,,Y,0,1,1,0 hours 0 minutes,0,1 hour 0 minutes,60,N,N
3046,cmc-0077,M-049,1,201501250800,08,201501251300,13,5 hours 0 minutes,300,20150125,weakness,0,3,0,1,0,0,1,0,2,1,0,0,1,0,1,1,N,0,1,1,0,1,1,1,4,1,1,1,1,N,,,,,,,,,0,N,0,,,0,,,0,0,N,0,0,0,0,0,0,0,0,0,0,0,0,0,0,0,0,0,0,0,0,0,0,0,0,0,0,,0,1,0,0,0,1,,Y,0,1,1,0 hours 0 minutes,0,1 hour 0 minutes,60,N,N
970,dha-0010,em10,1,201411011343,13,,,2 hours 0 minutes,120,20141101,middle,1,4,0,1,0,0,0,0,1,1,1,0,0,0,1,1,Y,1,1,0,0,1,0,0,1,0,1,1,1,Y,,1,,,,0,0,1,1,Y,1,,,0,0,1,1,0,Y,0,0,0,0,0,0,0,0,0,0,0,0,0,0,0,0,0,0,0,0,0,0,0,0,0,0,,1,1,0,0,0,2,,Y,0,1,1,0 hours 0 minutes,0,1 hour 0 minutes,60,Y,N
501,dha-0023,EM23,0,201410030800,08,,,2 hours 0 minutes,120,20141003,middle,1,,0,0,0,0,1,0,1,0,0,0,1,1,2,1,,0,1,0,0,1,0,0,1,0,1,1,1,Y,,,,1,prescription drugs,0,0,1,1,Y,1,,,0,0,1,1,0,N,0,0,0,0,0,0,0,0,0,0,0,0,0,0,0,0,0,0,0,0,0,0,0,0,0,0,,1,1,0,0,0,2,,Y,0,1,1,0 hours 0 minutes,0,0 hours 20 minutes,20,N,N
2539,dha-0041,em41,0,201501151100,11,201501151530,15,4 hours 30 minutes,270,20150115,weakness,0,3,1,0,0,0,0,0,1,1,0,0,1,0,1,1,Y,1,1,0,0,1,0,1,2,0,1,1,1,Y,,,,1,Naramik,0,0,1,1,Y,1,,,0,0,1,1,0,N,0,0,0,0,0,0,0,0,0,0,0,0,0,0,0,0,0,0,0,0,0,0,0,0,0,0,,0,1,0,0,0,1,,Y,0,1,1,0 hours 0 minutes,0,1 hour 0 minutes,60,N,N
667,cmc-0006,CM-001,1,201410130001,00,201410132359,23,23 hours 58 minutes,1438,20141013,Severe,1,9,1,0,0,0,0,0,1,1,1,0,0,0,1,1,Y,1,1,0,0,1,0,0,1,0,1,1,1,N,,,,,,0,1,0,1,Y,1,,,0,0,1,1,0,N,0,0,0,0,0,0,0,0,0,0,0,0,0,0,0,0,0,0,0,0,0,0,0,0,0,0,,1,0,0,0,0,1,,N,1,1,2,,,,,N,Y
1481,cmc-0006,CM-001,1,201411130001,00,201411132306,23,23 hours 5 minutes,1385,20141113,Severe,1,9,0,0,1,1,0,0,2,0,1,0,1,0,2,1,,0,1,0,0,1,0,0,1,0,1,1,1,Y,1,,,,,0,1,0,1,Y,1,,,0,0,1,1,0,N,0,0,0,0,0,0,0,0,0,0,0,0,0,0,0,0,0,0,0,0,0,0,0,0,0,0,,1,0,0,0,0,1,,N,1,1,2,,,,,N,N
81,cmc-0009,M-008,1,201409041500,15,201409042359,23,8 hours 59 minutes,539,20140904,middle,1,5,1,0,0,0,1,0,2,1,1,1,0,0,2,1,Y,1,1,0,0,1,0,0,1,0,1,1,1,Y,,,3,,,1,0,0,1,Y,1,,,0,0,1,1,0,N,0,0,0,0,0,0,0,0,0,0,0,0,0,0,0,0,0,0,0,0,0,0,0,0,0,0,,0,0,0,0,0,0,,N,1,1,2,,,,,N,Y
323,cmc-0009,M-008,1,201409241200,12,201409242300,23,11 hours 0 minutes,660,20140924,middle,1,8,0,1,1,0,0,0,2,1,0,1,0,1,2,0,Y,1,1,1,0,1,0,0,2,0,1,1,1,Y,,,3,,,0,0,1,1,Y,1,,,0,0,1,1,0,N,0,0,0,0,0,0,0,0,0,0,0,0,0,0,0,0,0,0,0,0,0,0,0,0,0,0,,1,0,0,0,0,1,,N,1,1,2,,,,,N,N
889,cmc-0009,M-008,1,201410231122,11,201410232350,23,12 hours 28 minutes,748,20141023,middle,1,7,0,0,1,1,0,0,2,0,1,1,0,0,2,1,Y,1,1,0,0,1,0,0,1,0,1,1,1,Y,,,3,,,1,0,0,1,Y,1,0,1,1,,,0,0,N,0,0,0,0,0,0,0,0,0,0,0,0,0,0,0,0,0,0,0,0,0,0,0,0,0,0,,0,0,0,0,0,0,,N,1,1,2,,,,,N,N
890,cmc-0009,M-008,1,201410240050,00,201410242350,23,23 hours 0 minutes,1380,20141024,,,7,0,0,1,1,0,0,2,0,1,1,0,0,2,1,Y,1,1,0,0,1,0,0,1,0,1,1,1,Y,,,3,,,0,0,1,1,Y,1,,,0,0,1,1,0,N,0,0,0,0,0,0,0,0,0,0,0,0,0,0,0,0,0,0,0,0,0,0,0,0,0,0,,0,0,0,0,0,0,,N,1,1,2,,,,,N,N
1226,cmc-0010,M-009,1,201411070153,01,201411071753,17,16 hours 0 minutes,960,20141107,middle,1,5,1,0,0,0,0,0,1,1,1,0,1,0,2,1,Y,1,1,0,0,1,0,0,1,0,1,1,1,Y,,,,2,prescription station,0,0,1,1,Y,1,,,0,0,1,1,0,N,0,0,0,0,0,0,0,0,0,0,0,0,0,0,0,0,0,0,0,0,0,0,0,0,0,0,,1,1,0,0,1,3,station,N,1,1,2,,,,,N,N
96,cmc-0011,M-010,1,201409070000,00,201409072359,23,23 hours 59 minutes,1439,20140907,middle,1,,0,1,0,0,0,0,1,1,0,1,0,0,1,0,Y,1,1,1,1,1,0,0,3,0,1,1,1,Y,,,1,,,1,0,0,1,Y,1,,,0,,,0,1,N,0,0,0,0,0,0,0,0,0,0,0,0,0,0,0,0,0,0,0,0,0,0,0,0,0,0,,0,0,0,0,0,0,,N,1,1,2,,,,,N,Y
105,cmc-0011,M-010,1,201409090600,06,201409091853,18,12 hours 53 minutes,773,20140909,middle,1,6,0,0,1,0,1,0,2,0,0,0,0,1,1,0,Y,1,1,1,0,1,0,0,2,0,1,1,1,Y,,,1,,,1,0,0,1,Y,1,,,0,0,1,1,1,N,0,0,0,0,0,0,0,0,0,0,0,0,0,0,0,0,0,0,0,0,0,0,0,0,0,0,,0,0,0,0,0,0,,N,1,1,2,,,,,,
558,cmc-0011,M-010,1,201410030700,07,201410032000,20,13 hours 0 minutes,780,20141003,middle,1,5,0,1,0,0,0,0,1,1,0,1,0,0,1,0,,0,0,1,0,0,1,1,3,1,1,1,1,Y,,,1,,,0,0,1,1,Y,1,0,1,1,0,1,1,0,N,0,0,0,0,0,0,0,0,0,0,0,0,0,0,0,0,0,0,0,0,0,0,0,0,0,0,,0,0,0,0,1,1,Take painkillers,N,1,1,2,,,,,N,N
700,cmc-0011,M-010,1,201410150340,03,201410152359,23,20 hours 19 minutes,1219,20141015,middle,1,5,0,1,0,0,0,0,1,1,0,0,0,1,1,0,Y,1,1,0,0,1,0,1,2,0,1,1,1,N,,,,,,,,,0,Y,1,0,1,1,0,1,1,0,N,0,0,0,0,0,0,0,0,0,0,0,0,0,0,0,0,0,0,0,0,0,0,0,0,0,0,,0,0,0,0,0,0,,N,1,1,2,,,,,,
1137,cmc-0011,M-010,1,201410280300,03,201410282300,23,20 hours 0 minutes,1200,20141028,Severe,1,,0,0,0,0,1,0,1,0,0,1,0,0,1,0,Y,1,1,1,0,1,0,1,3,1,1,1,1,Y,,,1,,,0,1,0,1,Y,1,0,1,1,,,0,0,N,0,0,0,0,0,0,0,0,0,0,0,0,0,0,0,0,0,0,0,0,0,0,0,0,0,0,,0,0,0,0,0,0,,N,1,1,2,,,,,N,N
1717,cmc-0011,M-010,1,201411280700,07,201411281200,12,5 hours 0 minutes,300,20141128,middle,1,5,0,0,0,0,1,1,2,0,0,1,0,0,1,0,Y,1,1,1,0,1,1,1,4,1,1,1,1,Y,,,1,,,0,0,1,1,Y,1,0,1,1,,,0,0,N,0,0,0,0,0,0,0,0,0,0,0,0,0,0,0,0,0,0,0,0,0,0,0,0,0,0,,0,0,0,0,0,0,,N,1,1,2,,,,,N,N
1424,cmc-0025,CM-003,1,201411140659,06,201411142359,23,17 hours 0 minutes,1020,20141114,middle,1,6,0,0,0,1,0,0,1,0,0,0,1,0,1,1,N,0,1,0,0,1,0,0,1,0,1,1,1,N,,,,,,,,,0,Y,1,0,1,1,0,1,1,0,Y,0,0,0,0,0,0,0,0,0,0,0,0,0,0,0,0,0,0,0,0,0,0,0,0,0,0,,1,1,0,0,0,2,,N,1,1,2,,,,,Y,N
515,cmc-0027,CM-004,1,201409271100,11,201409272359,23,12 hours 59 minutes,779,20140927,Severe,1,7,1,0,0,0,0,0,1,1,1,0,1,1,3,1,Y,1,0,1,0,0,1,1,3,1,1,1,1,N,,,,,,,,,0,Y,1,,,0,0,1,1,0,N,0,0,0,0,0,0,0,0,0,0,0,0,0,0,0,0,0,0,0,0,0,0,0,0,0,0,,0,0,0,0,0,0,,N,1,1,2,,,,,N,Y
901,cmc-0027,CM-004,1,201410230005,00,201410232359,23,23 hours 54 minutes,1434,20141023,Severe,1,8,1,0,0,0,0,0,1,1,0,0,1,0,1,1,Y,1,1,0,0,1,0,0,1,0,1,1,1,N,,,,,,,,,0,Y,1,,,0,0,1,1,0,N,0,0,0,0,0,0,0,0,0,0,0,0,0,0,0,0,0,0,0,0,0,0,0,0,0,0,,0,0,0,0,1,1,Continuous migraine,N,1,1,2,,,,,N,Y
373,cmc-0029,M-015,1,201409270000,00,201409271200,12,12 hours 0 minutes,720,20140927,middle,1,4,1,0,0,0,0,0,1,1,1,0,0,0,1,1,N,0,1,0,0,1,0,0,1,0,1,1,1,Y,2,,,,,0,0,1,1,N,0,,,0,,,0,0,N,0,0,0,0,0,0,0,0,0,0,0,0,0,0,0,0,0,0,0,0,0,0,0,0,0,0,,0,0,0,0,1,1,Relieved 3 hours after taking the medicine,N,1,1,2,,,,,N,N
2783,cmc-0031,M-017,0,201501191300,13,201501191600,16,3 hours 0 minutes,180,20150119,weakness,0,3,0,1,0,0,0,0,1,1,1,0,0,0,1,1,Y,1,1,0,0,1,0,0,1,0,1,1,1,Y,,,,1,prescription,0,0,1,1,Y,1,,,0,0,1,1,0,N,0,0,0,0,0,0,0,0,0,0,0,0,0,0,0,0,0,0,0,0,0,0,0,0,0,0,,1,0,0,0,0,1,,N,1,1,2,,,,,N,N
2918,cmc-0031,M-017,0,201501232004,20,201501232138,21,1 hour 34 minutes,94,20150123,weakness,0,3,0,1,0,0,0,0,1,1,1,0,0,0,1,1,Y,1,1,0,0,1,1,0,2,0,1,1,1,Y,,,,1,prescription,0,0,1,1,Y,1,,,0,0,1,1,0,N,0,0,0,0,0,0,0,0,0,0,0,0,0,0,0,0,0,0,0,0,0,0,0,0,0,0,,1,0,0,0,0,1,,N,1,1,2,,,,,N,N
3223,cmc-0031,M-017,0,201502021259,12,201502021559,15,3 hours 0 minutes,180,20150202,weakness,0,3,0,0,0,1,0,0,1,0,1,0,0,0,1,1,Y,1,1,0,0,1,1,0,2,0,1,1,1,Y,,,,1,prescription,0,0,1,1,Y,1,0,1,1,,,0,0,N,0,0,0,0,0,0,0,0,0,0,0,0,0,0,0,0,0,0,0,0,0,0,0,0,0,0,,1,0,0,0,0,1,,N,1,1,2,,,,,N,N
1107,cmc-0032,CM-005,0,201410251824,18,201410252111,21,2 hours 47 minutes,167,20141025,middle,1,5,0,0,0,1,1,0,2,0,1,0,1,1,3,1,N,0,1,1,0,1,0,1,3,1,1,1,1,N,,,,,,,,,0,Y,1,,,0,,,0,1,N,0,0,0,0,0,0,0,0,0,0,0,0,0,0,0,0,0,0,0,0,0,0,0,0,0,0,,1,1,0,0,0,2,,N,1,1,2,,,,,N,N
1403,cmc-0032,CM-005,0,201411071000,10,201411071613,16,6 hours 13 minutes,373,20141107,Severe,1,9,0,0,1,1,1,1,4,0,0,1,1,1,3,1,Y,1,1,1,0,1,1,1,4,1,1,1,1,Y,2,,,,,0,0,1,1,Y,1,0,1,1,,,0,1,N,0,0,0,0,0,0,0,0,0,0,0,0,0,0,0,0,0,0,0,0,0,0,0,0,0,0,,0,1,0,0,1,2,approximately,N,1,1,2,,,,,N,N
644,cmc-0033,CM-006,1,201410190000,00,201410191200,12,12 hours 0 minutes,720,20141019,weakness,0,3,0,0,0,1,0,1,2,0,1,1,1,0,3,1,Y,1,1,1,0,1,0,0,2,0,1,1,1,Y,,,,1,hospital medicine,1,0,0,1,N,0,,,0,,,0,0,N,0,0,0,0,0,0,0,0,0,0,0,0,0,0,0,0,0,0,0,0,0,0,0,0,0,0,,0,0,0,0,1,1,doesn't exist,N,1,1,2,,,,,N,N
2322,cmc-0048,M-032,1,201412290000,00,201412290800,08,8 hours 0 minutes,480,20141229,Severe,1,8,1,0,0,0,0,0,1,1,1,0,0,0,1,1,N,0,1,0,0,1,0,0,1,0,1,1,1,Y,,,13,,,0,0,1,1,Y,1,,,0,0,1,1,0,N,0,0,0,0,0,0,0,0,0,0,0,0,0,0,0,0,0,0,0,0,0,0,0,0,0,0,,0,1,0,0,0,1,,N,1,1,2,,,,,N,N
3136,cmc-0048,M-032,1,201501311700,17,201501312359,23,6 hours 59 minutes,419,20150131,middle,1,6,1,0,0,0,0,0,1,1,0,0,0,1,1,0,Y,1,1,0,0,1,0,0,1,0,1,1,1,Y,,,1,,,1,0,0,1,Y,1,,,0,1,0,1,0,N,0,0,0,0,0,0,0,0,0,0,0,0,0,0,0,0,0,0,0,0,0,0,0,0,0,0,,1,1,0,0,0,2,,N,1,1,2,,,,,N,N
2530,cmc-0049,M-033,0,201501071323,13,201501072323,23,10 hours 0 minutes,600,20150107,Severe,1,8,0,0,0,1,0,0,1,0,0,0,1,0,1,1,N,0,1,0,0,1,0,0,1,0,1,1,1,Y,,,,2,prescription,0,1,0,1,N,0,,,0,,,0,0,N,0,0,0,0,0,0,0,0,0,0,0,0,0,0,0,0,0,0,0,0,0,0,0,0,0,0,,1,0,0,0,0,1,,N,1,1,2,,,,,N,N
2249,cmc-0064,M-037,1,201412260022,00,201412262359,23,23 hours 37 minutes,1417,20141226,weakness,0,2,1,0,1,0,0,0,2,1,1,0,0,0,1,1,N,0,1,0,0,1,1,0,2,0,1,1,1,N,,,,,,,,,0,Y,1,,,0,0,1,1,0,N,0,0,0,0,0,0,0,0,0,0,0,0,0,0,0,0,0,0,0,0,0,0,0,0,0,0,,1,1,0,0,0,2,,N,1,1,2,,,,,,
2108,cmc-0066,M-039,1,201412210900,09,201412211734,17,8 hours 34 minutes,514,20141221,weakness,0,,1,0,0,0,0,0,1,1,1,0,0,0,1,1,N,0,1,0,0,1,0,0,1,0,1,1,1,Y,,,,2,,0,0,1,1,N,0,,,0,,,0,0,N,0,0,0,0,0,0,0,0,0,0,0,0,0,0,0,0,0,0,0,0,0,0,0,0,0,0,,0,0,0,0,0,0,,N,1,1,2,,,,,N,N
2613,cmc-0066,M-039,1,201501120720,07,201501121300,13,5 hours 40 minutes,340,20150112,weakness,0,,0,1,0,0,0,0,1,1,1,0,0,0,1,1,Y,1,1,0,0,1,0,0,1,0,1,1,1,Y,2,,,,,0,0,1,1,N,0,,,0,,,0,0,N,0,0,0,0,0,0,0,0,0,0,0,0,0,0,0,0,0,0,0,0,0,0,0,0,0,0,,0,0,0,0,0,0,,N,1,1,2,,,,,N,N
2725,cmc-0066,M-039,1,201501160700,07,201501161411,14,7 hours 11 minutes,431,20150116,middle,1,,1,0,0,0,0,0,1,1,0,0,1,0,1,1,N,0,1,0,0,1,0,0,1,0,1,1,1,Y,4,,,,,0,0,1,1,Y,1,0,1,1,0,1,1,0,N,0,0,0,0,0,0,0,0,0,0,0,0,0,0,0,0,0,0,0,0,0,0,0,0,0,0,,0,0,0,0,0,0,,N,1,1,2,,,,,N,N
2813,cmc-0066,M-039,1,201501170700,07,201501172200,22,15 hours 0 minutes,900,20150117,weakness,0,,1,0,0,0,0,0,1,1,0,0,1,0,1,1,N,0,1,0,0,1,0,0,1,0,1,1,1,Y,4,,,,,0,0,1,1,N,0,,,0,,,0,0,N,0,0,0,0,0,0,0,0,0,0,0,0,0,0,0,0,0,0,0,0,0,0,0,0,0,0,,0,0,0,0,0,0,,N,1,1,2,,,,,N,N
2955,cmc-0068,M-041,0,201501251301,13,201501252359,23,10 hours 58 minutes,658,20150125,middle,1,4,0,1,0,0,0,0,1,1,1,0,0,0,1,1,N,0,1,0,0,1,0,0,1,0,1,1,1,Y,,,,1,hospital,0,0,1,1,N,0,,,0,,,0,0,N,0,0,0,0,0,0,0,0,0,0,0,0,0,0,0,0,0,0,0,0,0,0,0,0,0,0,,0,0,0,0,1,1,approximately,N,1,1,2,,,,,N,Y
192,dha-0015,em15,0,201409051000,10,201409051900,19,9 hours 0 minutes,540,20140905,middle,1,5,0,0,0,1,1,1,3,0,1,0,0,1,2,1,Y,1,1,0,0,1,0,0,1,0,1,1,1,Y,,,,1,,0,0,1,1,Y,1,,,0,0,1,1,0,N,0,0,0,0,0,0,0,0,0,0,0,0,0,0,0,0,0,0,0,0,0,0,0,0,0,0,,0,0,0,0,0,0,,N,1,1,2,,,,,N,N
423,dha-0015,em15,0,201409280800,08,201409281800,18,10 hours 0 minutes,600,20140928,Severe,1,8,0,1,1,0,1,1,4,1,1,0,1,1,3,1,Y,1,1,1,0,1,1,0,3,0,1,1,1,Y,,,,1,,0,1,0,1,Y,1,,,0,,,0,1,N,0,0,0,0,0,0,0,0,0,0,0,0,0,0,0,0,0,0,0,0,0,0,0,0,0,0,,1,1,0,0,0,2,,N,1,1,2,,,,,N,N
519,dha-0015,em15,0,201409291000,10,201409292000,20,10 hours 0 minutes,600,20140929,Severe,1,7,0,1,1,0,1,1,4,1,1,1,1,1,4,1,Y,1,1,1,0,1,1,0,3,0,1,1,1,Y,,,,1,,0,1,0,1,Y,1,,,0,0,1,1,0,N,0,0,0,0,0,0,0,0,0,0,0,0,0,0,0,0,0,0,0,0,0,0,0,0,0,0,,1,0,0,0,0,1,,N,1,1,2,,,,,N,N
173,dha-0018,EM18,1,201409060830,08,201409061225,12,3 hours 55 minutes,235,20140906,Severe,1,7,0,0,0,1,0,1,2,0,1,1,0,0,2,1,Y,1,1,1,0,1,0,0,2,0,1,1,1,Y,,,1,,,0,1,0,1,Y,1,0,1,1,,,0,0,N,0,0,0,0,0,0,0,0,0,0,0,0,0,0,0,0,0,0,0,0,0,0,0,0,0,0,,0,1,0,0,0,1,,N,1,1,2,,,,,,
598,dha-0018,EM18,1,201410110658,06,201410111224,12,5 hours 26 minutes,326,20141011,Severe,1,8,1,0,0,0,0,0,1,1,1,0,0,0,1,1,N,0,1,1,0,1,0,0,2,0,1,1,1,Y,,,,1,discouragement,0,1,0,1,N,0,,,0,,,0,0,N,0,0,0,0,0,0,0,0,0,0,0,0,0,0,0,0,0,0,0,0,0,0,0,0,0,0,,0,1,0,0,0,1,,N,1,1,2,,,,,,
1629,dha-0018,EM18,1,201411241158,11,201411241758,17,6 hours 0 minutes,360,20141124,weakness,0,1,1,0,0,0,0,0,1,1,0,1,1,0,2,1,N,0,1,0,0,1,0,0,1,0,1,1,1,N,,,,,,,,,0,N,0,,,0,,,0,0,N,0,0,0,0,0,0,0,0,0,0,0,0,0,0,0,0,0,0,0,0,0,0,0,0,0,0,,0,1,0,0,0,1,,N,1,1,2,,,,,N,N
1613,dha-0018,EM18,1,201412030857,08,201412031057,10,2 hours 0 minutes,120,20141203,weakness,0,1,1,0,0,0,0,0,1,1,0,1,1,0,2,1,N,0,1,0,0,1,0,0,1,0,1,1,1,N,,,,,,,,,0,N,0,,,0,,,0,0,N,0,0,0,0,0,0,0,0,0,0,0,0,0,0,0,0,0,0,0,0,0,0,0,0,0,0,,0,1,0,0,0,1,,N,1,1,2,,,,,N,N
2854,dha-0041,em41,0,201502011400,14,201502012300,23,9 hours 0 minutes,540,20150201,middle,1,4,0,1,0,0,0,0,1,1,1,0,0,0,1,1,Y,1,1,1,0,1,0,1,3,1,1,1,1,Y,,,,1,Naramik,0,0,1,1,Y,1,,,0,0,1,1,0,N,0,0,0,0,0,0,0,0,0,0,0,0,0,0,0,0,0,0,0,0,0,0,0,0,0,0,,1,0,0,0,0,1,,N,1,1,2,,,,,N,N
2979,dha-0041,em41,0,201502081500,15,201502081800,18,3 hours 0 minutes,180,20150208,weakness,0,3,0,0,0,1,0,0,1,0,0,0,1,0,1,1,Y,1,1,0,0,1,0,1,2,0,1,1,1,Y,,,,1,Naramik,0,0,1,1,Y,1,,,0,0,1,1,0,N,0,0,0,0,0,0,0,0,0,0,0,0,0,0,0,0,0,0,0,0,0,0,0,0,0,0,,0,1,0,0,0,1,,N,1,1,2,,,,,N,N
977,dha-0042,em42,0,201411031230,12,201411031606,16,3 hours 36 minutes per day,216,20141103,weakness,0,3,0,1,0,0,0,0,1,1,0,0,1,0,1,1,N,0,1,0,0,1,0,0,1,0,1,1,1,Y,1,,,,,0,0,1,1,N,0,,,0,,,0,0,N,0,0,0,0,0,0,0,0,0,0,0,0,0,0,0,0,0,0,0,0,0,0,0,0,0,0,,0,0,0,0,1,1,dosage,N,1,1,2,,,,,N,N
1354,dha-0042,em42,0,201411241530,15,201411242359,23,8 hours 29 minutes,509,20141124,middle,1,5,0,0,1,1,0,1,3,0,1,0,1,1,3,1,N,0,1,0,0,1,1,0,2,0,1,1,1,Y,2,,,,,0,1,0,1,Y,1,0,1,1,0,1,1,0,N,0,0,0,0,0,0,0,0,0,0,0,0,0,0,0,0,0,0,0,0,0,0,0,0,0,0,,0,0,0,0,0,0,,N,1,1,2,,,,,N,Y
1839,dha-0050,EM50,0,201412141700,17,201412142200,22,5 hours 0 minutes,300,20141214,weakness,0,2,1,0,0,0,0,0,1,1,0,0,1,0,1,1,N,0,1,0,0,1,0,0,1,0,1,1,1,Y,,1,,,,0,1,0,1,N,0,,,0,,,0,0,N,0,0,0,0,0,0,0,0,0,0,0,0,0,0,0,0,0,0,0,0,0,0,0,0,0,0,,1,0,0,0,0,1,,N,1,1,2,,,,,N,N
1490,dha-0051,EM51,0,201411300830,08,201411301430,14,6 hours 0 minutes,360,20141130,middle,1,4,0,0,0,0,1,1,2,0,0,1,0,0,1,0,Y,1,1,1,0,1,0,0,2,0,1,1,1,Y,,,,1,Almogran,0,0,1,1,Y,1,0,1,1,1,0,1,0,N,0,0,0,0,0,0,0,0,0,0,0,0,0,0,0,0,0,0,0,0,0,0,0,0,0,0,,0,0,0,0,1,1,approximately,N,1,1,2,,,,,N,N
1717,dha-0055,em55,0,201412091730,17,201412091900,19,1 hour 30 minutes,90,20141209,weakness,0,1,0,1,0,0,0,0,1,1,0,1,0,0,1,0,Y,1,1,0,0,1,0,0,1,0,1,1,1,Y,,2,,,,0,0,1,1,N,0,,,0,,,0,0,N,0,0,0,0,0,0,0,0,0,0,0,0,0,0,0,0,0,0,0,0,0,0,0,0,0,0,,0,0,0,0,0,0,,N,1,1,2,,,,,N,N
1909,dha-0055,em55,0,201412171800,18,201412171900,19,1 hour 0 minutes,60,20141217,weakness,0,2,1,0,0,0,0,0,1,1,1,0,0,0,1,1,N,0,1,0,0,1,0,0,1,0,1,1,1,Y,,1,,,,0,0,1,1,N,0,,,0,,,0,0,N,0,0,0,0,0,0,0,0,0,0,0,0,0,0,0,0,0,0,0,0,0,0,0,0,0,0,,0,0,0,0,0,0,,Y,1,1,2,0 hours 0 minutes 0 minutes,0,0 hours 40 minutes 40 minutes,40,N,N
79,cmc-0002,M-002,1,,,,,,,20140904,,,,,,,,,,0,,,,,,0,,,,,,,,,,0,,,,,,,,,,,,,,0,,,,,0,,,0,,,0,0,0,0,0,0,0,0,0,0,0,0,0,0,0,0,0,0,0,0,0,0,0,0,0,0,,,,,,,0,,N,0,0,0,0 minutes,0,0 minutes,0,Y,N
65,cmc-0004,M-004,0,,,,,,,20140903,,,,,,,,,,0,,,,,,0,,,,,,,,,,0,,,,,,,,,,,,,,0,,,,,0,,,0,,,0,0,0,0,0,0,0,0,0,0,0,0,0,0,0,0,0,0,0,0,0,0,0,0,0,0,,,,,,,0,,N,0,0,0,0 minutes,0,0 minutes,0,Y,N
949,cmc-0004,M-004,0,,,,,,,20141023,,,,,,,,,,0,,,,,,0,,,,,,,,,,0,,,,,,,,,,,,,,0,,,,,0,,,0,,,0,0,0,0,0,0,0,0,0,0,0,0,0,0,0,0,0,0,0,0,0,0,0,0,0,0,,,,,,,0,,N,0,0,0,0 minutes,0,0 minutes,0,Y,N
1000,cmc-0004,M-004,0,,,,,,,20141028,,,,,,,,,,0,,,,,,0,,,,,,,,,,0,,,,,,,,,,,,,,0,,,,,0,,,0,,,0,0,0,0,0,0,0,0,0,0,0,0,0,0,0,0,0,0,0,0,0,0,0,0,0,0,,,,,,,0,,N,0,0,0,0 minutes,0,0 minutes,0,Y,N
793,cmc-0009,M-008,1,,,,,,,20141019,,,,,,,,,,0,,,,,,0,,,,,,,,,,0,,,,,,,,,,,,,,0,,,,,0,,,0,,,0,0,0,0,0,0,0,0,0,0,0,0,0,0,0,0,0,0,0,0,0,0,0,0,0,0,,,,,,,0,,N,0,0,0,0 minutes,0,0 minutes,0,Y,N
414,cmc-0022,M-011,1,,,,,,,20140930,,,,,,,,,,0,,,,,,0,,,,,,,,,,0,,,,,,,,,,,,,,0,,,,,0,,,0,,,0,0,0,0,0,0,0,0,0,0,0,0,0,0,0,0,0,0,0,0,0,0,0,0,0,0,,,,,,,0,,N,0,0,0,0 minutes,0,0 minutes,0,Y,N
1805,cmc-0022,M-011,1,,,,,,,20141203,,,,,,,,,,0,,,,,,0,,,,,,,,,,0,,,,,,,,,,,,,,0,,,,,0,,,0,,,0,0,0,0,0,0,0,0,0,0,0,0,0,0,0,0,0,0,0,0,0,0,0,0,0,0,,,,,,,0,,N,0,0,0,0 minutes,0,0 minutes,0,Y,N
1280,cmc-0026,M-013,1,,,,,,,20141106,,,,,,,,,,0,,,,,,0,,,,,,,,,,0,,,,,,,,,,,,,,0,,,,,0,,,0,,,0,0,0,0,0,0,0,0,0,0,0,0,0,0,0,0,0,0,0,0,0,0,0,0,0,0,,,,,,,0,,N,0,0,0,0 minutes,0,0 minutes,0,Y,N
1778,cmc-0027,cm-004,1,,,,,,,20141205,,,,,,,,,,0,,,,,,0,,,,,,,,,,0,,,,,,,,,,,,,,0,,,,,0,,,0,,,0,0,0,0,0,0,0,0,0,0,0,0,0,0,0,0,0,0,0,0,0,0,0,0,0,0,,,,,,,0,,N,0,0,0,0 minutes,0,0 minutes,0,Y,N
1518,cmc-0031,M-017,0,,,,,,,20141119,,,,,,,,,,0,,,,,,0,,,,,,,,,,0,,,,,,,,,,,,,,0,,,,,0,,,0,,,0,0,0,0,0,0,0,0,0,0,0,0,0,0,0,0,0,0,0,0,0,0,0,0,0,0,,,,,,,0,,N,0,0,0,0 minutes,0,0 minutes,0,Y,N
38,dha-0002,em2,0,,,,,,,20140819,,,,,,,,,,0,,,,,,0,,,,,,,,,,0,,,,,,,,,,,,,,0,,,,,0,,,0,,,0,0,0,0,0,0,0,0,0,0,0,0,0,0,0,0,0,0,0,0,0,0,0,0,0,0,,,,,,,0,,N,0,0,0,0 minutes,0,0 minutes,0,Y,N
417,dha-0002,em2,0,,,,,,,20140927,,,,,,,,,,0,,,,,,0,,,,,,,,,,0,,,,,,,,,,,,,,0,,,,,0,,,0,,,0,0,0,0,0,0,0,0,0,0,0,0,0,0,0,0,0,0,0,0,0,0,0,0,0,0,,,,,,,0,,N,0,0,0,0 minutes,0,0 minutes,0,Y,N
533,dha-0004,EM4,1,,,,,,,20141004,,,,,,,,,,0,,,,,,0,,,,,,,,,,0,,,,,,,,,,,,,,0,,,,,0,,,0,,,0,0,0,0,0,0,0,0,0,0,0,0,0,0,0,0,0,0,0,0,0,0,0,0,0,0,,,,,,,0,,N,0,0,0,0 minutes,0,0 minutes,0,Y,N
12,dha-0010,em10,1,,,,,,,20140826,,,,,,,,,,0,,,,,,0,,,,,,,,,,0,,,,,,,,,,,,,,0,,,,,0,,,0,,,0,0,0,0,0,0,0,0,0,0,0,0,0,0,0,0,0,0,0,0,0,0,0,0,0,0,,,,,,,0,,N,0,0,0,0 minutes,0,0 minutes,0,Y,N
893,dha-0010,em10,1,,,,,,,20141027,,,,,,,,,,0,,,,,,0,,,,,,,,,,0,,,,,,,,,,,,,,0,,,,,0,,,0,,,0,0,0,0,0,0,0,0,0,0,0,0,0,0,0,0,0,0,0,0,0,0,0,0,0,0,,,,,,,0,,N,0,0,0,0 minutes,0,0 minutes,0,Y,N
266,dha-0013,em13,0,,,,,,,20140912,,,,,,,,,,0,,,,,,0,,,,,,,,,,0,,,,,,,,,,,,,,0,,,,,0,,,0,,,0,0,0,0,0,0,0,0,0,0,0,0,0,0,0,0,0,0,0,0,0,0,0,0,0,0,,,,,,,0,,N,0,0,0,0 minutes,0,0 minutes,0,Y,N
1346,dha-0023,EM23,0,,,201411232359,23,5 hours 59 minutes,359,20141123,,,,,,,,,,0,,,,,,0,,,,,,,,,,0,,,,,,,,,,,,,,0,,,,,0,,,0,,,0,,,,,,,,,,0,,,,,,0,,,,,,,,,0,,,,,,,0,,,,,0,,,,,,
830,dha-0027,EM27,0,,,,,,,20141023,,,,,,,,,,0,,,,,,0,,,,,,,,,,0,,,,,,,,,,,,,,0,,,,,0,,,0,,,0,0,0,0,0,0,0,0,0,0,0,0,0,0,0,0,0,0,0,0,0,0,0,0,0,0,,,,,,,0,,N,0,0,0,0 minutes,0,0 minutes,0,Y,N
675,dha-0029,EM29,1,,,,,,,20141010,,,,,,,,,,0,,,,,,0,,,,,,,,,,0,,,,,,,,,,,,,,0,,,,,0,,,0,,,0,0,0,0,0,0,0,0,0,0,0,0,0,0,0,0,0,0,0,0,0,0,0,0,0,0,,,,,,,0,,N,0,0,0,0 minutes,0,0 minutes,0,Y,N
2024,dha-0053,em53,0,,,,,,,20141224,,,,,,,,,,0,,,,,,0,,,,,,,,,,0,,,,,,,,,,,,,,0,,,,,0,,,0,,,0,0,0,0,0,0,0,0,0,0,0,0,0,0,0,0,0,0,0,0,0,0,0,0,0,0,,,,,,,0,,N,0,0,0,0 minutes,0,0 minutes,0,Y,N
3062,dha-0053,em53,0,,,,,,,20150214,,,,,,,,,,0,,,,,,0,,,,,,,,,,0,,,,,,,,,,,,,,0,,,,,0,,,0,,,0,0,0,0,0,0,0,0,0,0,0,0,0,0,0,0,0,0,0,0,0,0,0,0,0,0,,,,,,,0,,N,0,0,0,0 minutes,0,0 minutes,0,Y,N
3527,dha-0061,EM61,0,,,,,,,20150315,,,,,,,,,,0,,,,,,0,,,,,,,,,,0,,,,,,,,,,,,,,0,,,,,0,,,0,,,0,0,0,0,0,0,0,0,0,0,0,0,0,0,0,0,0,0,0,0,0,0,0,0,0,0,,,,,,,0,,N,0,0,0,0 minutes,0,0 minutes,0,Y,N
18,cmc-0002,M-002,1,,,,,,,20140827,,,,,,,,,,0,,,,,,0,,,,,,,,,,0,,,,,,,,,,,,,,0,,,,,0,,,0,,,0,0,0,0,0,0,0,0,0,0,0,0,0,0,0,0,0,0,0,0,0,0,0,0,0,0,,,,,,,0,,Y,0,1,1,0 minutes,0,40 minutes,40,Y,N
91,cmc-0002,M-002,1,,,,,,,20140906,,,,,,,,,,0,,,,,,0,,,,,,,,,,0,,,,,,,,,,,,,,0,,,,,0,,,0,,,0,0,0,0,0,0,0,0,0,0,0,0,0,0,0,0,0,0,0,0,0,0,0,0,0,0,,,,,,,0,,Y,0,1,1,0 minutes,0,40 minutes,40,Y,N
122,cmc-0002,M-002,1,,,,,,,20140911,,,,,,,,,,0,,,,,,0,,,,,,,,,,0,,,,,,,,,,,,,,0,,,,,0,,,0,,,0,0,0,0,0,0,0,0,0,0,0,0,0,0,0,0,0,0,0,0,0,0,0,0,0,0,,,,,,,0,,Y,0,1,1,0 minutes,0,30 minutes,30,Y,N
130,cmc-0002,M-002,1,,,,,,,20140912,,,,,,,,,,0,,,,,,0,,,,,,,,,,0,,,,,,,,,,,,,,0,,,,,0,,,0,,,0,0,0,0,0,0,0,0,0,0,0,0,0,0,0,0,0,0,0,0,0,0,0,0,0,0,,,,,,,0,,Y,0,1,1,0 minutes,0,20 minutes,20,Y,N
191,cmc-0002,M-002,1,,,,,,,20140917,,,,,,,,,,0,,,,,,0,,,,,,,,,,0,,,,,,,,,,,,,,0,,,,,0,,,0,,,0,0,0,0,0,0,0,0,0,0,0,0,0,0,0,0,0,0,0,0,0,0,0,0,0,0,,,,,,,0,,Y,0,1,1,0 minutes,0,30 minutes,30,Y,N
85,cmc-0004,M-004,0,,,,,,,20140905,,,,,,,,,,0,,,,,,0,,,,,,,,,,0,,,,,,,,,,,,,,0,,,,,0,,,0,,,0,0,0,0,0,0,0,0,0,0,0,0,0,0,0,0,0,0,0,0,0,0,0,0,0,0,,,,,,,0,,Y,0,1,1,0 minutes,0,60 minutes,60,Y,N
654,cmc-0004,M-004,0,,,,,,,20141012,,,,,,,,,,0,,,,,,0,,,,,,,,,,0,,,,,,,,,,,,,,0,,,,,0,,,0,,,0,0,0,0,0,0,0,0,0,0,0,0,0,0,0,0,0,0,0,0,0,0,0,0,0,0,,,,,,,0,,Y,0,1,1,0 minutes,0,120 minutes,120,Y,N
951,cmc-0004,M-004,0,,,,,,,20141025,,,,,,,,,,0,,,,,,0,,,,,,,,,,0,,,,,,,,,,,,,,0,,,,,0,,,0,,,0,0,0,0,0,0,0,0,0,0,0,0,0,0,0,0,0,0,0,0,0,0,0,0,0,0,,,,,,,0,,Y,0,1,1,0 minutes,0,60 minutes,60,Y,N
103,cmc-0008,M-007,0,,,,,,,20140907,,,,,,,,,,0,,,,,,0,,,,,,,,,,0,,,,,,,,,,,,,,0,,,,,0,,,0,,,0,0,0,0,0,0,0,0,0,0,0,0,0,0,0,0,0,0,0,0,0,0,0,0,0,0,,,,,,,0,,Y,0,1,1,0 minutes,0,30 minutes,30,Y,N
104,cmc-0008,M-007,0,,,,,,,20140908,,,,,,,,,,0,,,,,,0,,,,,,,,,,0,,,,,,,,,,,,,,0,,,,,0,,,0,,,0,0,0,0,0,0,0,0,0,0,0,0,0,0,0,0,0,0,0,0,0,0,0,0,0,0,,,,,,,0,,Y,0,1,1,0 minutes,0,30 minutes,30,Y,N
68,cmc-0010,M-009,1,,,,,,,20140904,,,,,,,,,,0,,,,,,0,,,,,,,,,,0,,,,,,,,,,,,,,0,,,,,0,,,0,,,0,0,0,0,0,0,0,0,0,0,0,0,0,0,0,0,0,0,0,0,0,0,0,0,0,0,,,,,,,0,,Y,0,1,1,0 minutes,0,80 minutes,80,Y,N
84,cmc-0010,M-009,1,,,,,,,20140905,,,,,,,,,,0,,,,,,0,,,,,,,,,,0,,,,,,,,,,,,,,0,,,,,0,,,0,,,0,0,0,0,0,0,0,0,0,0,0,0,0,0,0,0,0,0,0,0,0,0,0,0,0,0,,,,,,,0,,Y,0,1,1,0 minutes,0,60 minutes,60,Y,N
90,cmc-0010,M-009,1,,,,,,,20140906,,,,,,,,,,0,,,,,,0,,,,,,,,,,0,,,,,,,,,,,,,,0,,,,,0,,,0,,,0,0,0,0,0,0,0,0,0,0,0,0,0,0,0,0,0,0,0,0,0,0,0,0,0,0,,,,,,,0,,Y,0,1,1,0 minutes,0,80 minutes,80,Y,N
108,cmc-0010,M-009,1,,,,,,,20140909,,,,,,,,,,0,,,,,,0,,,,,,,,,,0,,,,,,,,,,,,,,0,,,,,0,,,0,,,0,0,0,0,0,0,0,0,0,0,0,0,0,0,0,0,0,0,0,0,0,0,0,0,0,0,,,,,,,0,,Y,0,1,1,0 minutes,0,1 hour 0 minutes,60,Y,N
116,cmc-0010,M-009,1,,,,,,,20140910,,,,,,,,,,0,,,,,,0,,,,,,,,,,0,,,,,,,,,,,,,,0,,,,,0,,,0,,,0,0,0,0,0,0,0,0,0,0,0,0,0,0,0,0,0,0,0,0,0,0,0,0,0,0,,,,,,,0,,Y,0,1,1,0 minutes,0,1 hour 20 minutes,80,Y,N
143,cmc-0010,M-009,1,,,,,,,20140913,,,,,,,,,,0,,,,,,0,,,,,,,,,,0,,,,,,,,,,,,,,0,,,,,0,,,0,,,0,0,0,0,0,0,0,0,0,0,0,0,0,0,0,0,0,0,0,0,0,0,0,0,0,0,,,,,,,0,,Y,0,1,1,0 minutes,0,1 hour 20 minutes,80,Y,N
160,cmc-0010,M-009,1,,,,,,,20140915,,,,,,,,,,0,,,,,,0,,,,,,,,,,0,,,,,,,,,,,,,,0,,,,,0,,,0,,,0,0,0,0,0,0,0,0,0,0,0,0,0,0,0,0,0,0,0,0,0,0,0,0,0,0,,,,,,,0,,Y,0,1,1,0 minutes,0,1 hour 20 minutes,80,Y,N
171,cmc-0010,M-009,1,,,,,,,20140916,,,,,,,,,,0,,,,,,0,,,,,,,,,,0,,,,,,,,,,,,,,0,,,,,0,,,0,,,0,0,0,0,0,0,0,0,0,0,0,0,0,0,0,0,0,0,0,0,0,0,0,0,0,0,,,,,,,0,,Y,0,1,1,0 minutes,0,1 hour 20 minutes,80,Y,N
189,cmc-0010,M-009,1,,,,,,,20140917,,,,,,,,,,0,,,,,,0,,,,,,,,,,0,,,,,,,,,,,,,,0,,,,,0,,,0,,,0,0,0,0,0,0,0,0,0,0,0,0,0,0,0,0,0,0,0,0,0,0,0,0,0,0,,,,,,,0,,Y,0,1,1,0 minutes,0,1 hour 20 minutes,80,Y,N
213,cmc-0010,M-009,1,,,,,,,20140919,,,,,,,,,,0,,,,,,0,,,,,,,,,,0,,,,,,,,,,,,,,0,,,,,0,,,0,,,0,0,0,0,0,0,0,0,0,0,0,0,0,0,0,0,0,0,0,0,0,0,0,0,0,0,,,,,,,0,,Y,0,1,1,0 minutes,0,1 hour 20 minutes,80,Y,N
260,cmc-0010,M-009,1,,,,,,,20140922,,,,,,,,,,0,,,,,,0,,,,,,,,,,0,,,,,,,,,,,,,,0,,,,,0,,,0,,,0,0,0,0,0,0,0,0,0,0,0,0,0,0,0,0,0,0,0,0,0,0,0,0,0,0,,,,,,,0,,Y,0,1,1,0 minutes,0,1 hour 20 minutes,80,Y,N
314,cmc-0010,M-009,1,,,,,,,20140924,,,,,,,,,,0,,,,,,0,,,,,,,,,,0,,,,,,,,,,,,,,0,,,,,0,,,0,,,0,0,0,0,0,0,0,0,0,0,0,0,0,0,0,0,0,0,0,0,0,0,0,0,0,0,,,,,,,0,,Y,0,1,1,0 minutes,0,1 hour 20 minutes,80,Y,N
415,cmc-0010,M-009,1,,,,,,,20141001,,,,,,,,,,0,,,,,,0,,,,,,,,,,0,,,,,,,,,,,,,,0,,,,,0,,,0,,,0,0,0,0,0,0,0,0,0,0,0,0,0,0,0,0,0,0,0,0,0,0,0,0,0,0,,,,,,,0,,Y,0,1,1,0 minutes,0,1 hour 20 minutes,80,Y,N
443,cmc-0010,M-009,1,,,,,,,20141003,,,,,,,,,,0,,,,,,0,,,,,,,,,,0,,,,,,,,,,,,,,0,,,,,0,,,0,,,0,0,0,0,0,0,0,0,0,0,0,0,0,0,0,0,0,0,0,0,0,0,0,0,0,0,,,,,,,0,,Y,0,1,1,0 minutes,0,1 hour 20 minutes,80,Y,N
455,cmc-0010,M-009,1,,,,,,,20141004,,,,,,,,,,0,,,,,,0,,,,,,,,,,0,,,,,,,,,,,,,,0,,,,,0,,,0,,,0,0,0,0,0,0,0,0,0,0,0,0,0,0,0,0,0,0,0,0,0,0,0,0,0,0,,,,,,,0,,Y,0,1,1,0 minutes,0,1 hour 20 minutes,80,Y,N
491,cmc-0010,M-009,1,,,,,,,20141006,,,,,,,,,,0,,,,,,0,,,,,,,,,,0,,,,,,,,,,,,,,0,,,,,0,,,0,,,0,0,0,0,0,0,0,0,0,0,0,0,0,0,0,0,0,0,0,0,0,0,0,0,0,0,,,,,,,0,,Y,0,1,1,0 minutes,0,1 hour 20 minutes,80,Y,N
594,cmc-0010,M-009,1,,,,,,,20141009,,,,,,,,,,0,,,,,,0,,,,,,,,,,0,,,,,,,,,,,,,,0,,,,,0,,,0,,,0,0,0,0,0,0,0,0,0,0,0,0,0,0,0,0,0,0,0,0,0,0,0,0,0,0,,,,,,,0,,Y,0,1,1,0 minutes,0,1 hour 20 minutes,80,Y,N
695,cmc-0010,M-009,1,,,,,,,20141014,,,,,,,,,,0,,,,,,0,,,,,,,,,,0,,,,,,,,,,,,,,0,,,,,0,,,0,,,0,0,0,0,0,0,0,0,0,0,0,0,0,0,0,0,0,0,0,0,0,0,0,0,0,0,,,,,,,0,,Y,0,1,1,0 minutes,0,1 hour 20 minutes,80,Y,N
873,cmc-0010,M-009,1,,,,,,,20141023,,,,,,,,,,0,,,,,,0,,,,,,,,,,0,,,,,,,,,,,,,,0,,,,,0,,,0,,,0,0,0,0,0,0,0,0,0,0,0,0,0,0,0,0,0,0,0,0,0,0,0,0,0,0,,,,,,,0,,Y,0,1,1,0 minutes,0,1 hour 20 minutes,80,Y,N
936,cmc-0010,M-009,1,,,,,,,20141027,,,,,,,,,,0,,,,,,0,,,,,,,,,,0,,,,,,,,,,,,,,0,,,,,0,,,0,,,0,0,0,0,0,0,0,0,0,0,0,0,0,0,0,0,0,0,0,0,0,0,0,0,0,0,,,,,,,0,,Y,0,1,1,0 minutes,0,1 hour 20 minutes,80,Y,N
1006,cmc-0010,M-009,1,,,,,,,20141029,,,,,,,,,,0,,,,,,0,,,,,,,,,,0,,,,,,,,,,,,,,0,,,,,0,,,0,,,0,0,0,0,0,0,0,0,0,0,0,0,0,0,0,0,0,0,0,0,0,0,0,0,0,0,,,,,,,0,,Y,0,1,1,0 minutes,0,1 hour 20 minutes,80,Y,N
1031,cmc-0010,M-009,1,,,,,,,20141030,,,,,,,,,,0,,,,,,0,,,,,,,,,,0,,,,,,,,,,,,,,0,,,,,0,,,0,,,0,0,0,0,0,0,0,0,0,0,0,0,0,0,0,0,0,0,0,0,0,0,0,0,0,0,,,,,,,0,,Y,0,1,1,0 hours 0 minutes,0,1 hour 20 minutes,80,Y,N
1066,cmc-0010,M-009,1,,,,,,,20141101,,,,,,,,,,0,,,,,,0,,,,,,,,,,0,,,,,,,,,,,,,,0,,,,,0,,,0,,,0,0,0,0,0,0,0,0,0,0,0,0,0,0,0,0,0,0,0,0,0,0,0,0,0,0,,,,,,,0,,Y,0,1,1,0 hours 0 minutes,0,1 hour 20 minutes,80,Y,N
1124,cmc-0010,M-009,1,,,,,,,20141103,,,,,,,,,,0,,,,,,0,,,,,,,,,,0,,,,,,,,,,,,,,0,,,,,0,,,0,,,0,0,0,0,0,0,0,0,0,0,0,0,0,0,0,0,0,0,0,0,0,0,0,0,0,0,,,,,,,0,,Y,0,1,1,0 hours 0 minutes,0,1 hour 20 minutes,80,Y,N
1153,cmc-0010,M-009,1,,,,,,,20141104,,,,,,,,,,0,,,,,,0,,,,,,,,,,0,,,,,,,,,,,,,,0,,,,,0,,,0,,,0,0,0,0,0,0,0,0,0,0,0,0,0,0,0,0,0,0,0,0,0,0,0,0,0,0,,,,,,,0,,Y,0,1,1,0 hours 0 minutes,0,0 hours 40 minutes,40,Y,N
1161,cmc-0010,M-009,1,,,,,,,20141105,,,,,,,,,,0,,,,,,0,,,,,,,,,,0,,,,,,,,,,,,,,0,,,,,0,,,0,,,0,0,0,0,0,0,0,0,0,0,0,0,0,0,0,0,0,0,0,0,0,0,0,0,0,0,,,,,,,0,,Y,0,1,1,0 hours 0 minutes,0,1 hour 20 minutes,80,Y,N
1306,cmc-0010,M-009,1,,,,,,,20141111,,,,,,,,,,0,,,,,,0,,,,,,,,,,0,,,,,,,,,,,,,,0,,,,,0,,,0,,,0,0,0,0,0,0,0,0,0,0,0,0,0,0,0,0,0,0,0,0,0,0,0,0,0,0,,,,,,,0,,Y,0,1,1,0 hours 0 minutes,0,1 hour 20 minutes,80,Y,N
1427,cmc-0010,M-009,1,,,,,,,20141115,,,,,,,,,,0,,,,,,0,,,,,,,,,,0,,,,,,,,,,,,,,0,,,,,0,,,0,,,0,0,0,0,0,0,0,0,0,0,0,0,0,0,0,0,0,0,0,0,0,0,0,0,0,0,,,,,,,0,,Y,0,1,1,0 hours 0 minutes,0,1 hour 20 minutes,80,Y,N
1470,cmc-0010,M-009,1,,,,,,,20141117,,,,,,,,,,0,,,,,,0,,,,,,,,,,0,,,,,,,,,,,,,,0,,,,,0,,,0,,,0,0,0,0,0,0,0,0,0,0,0,0,0,0,0,0,0,0,0,0,0,0,0,0,0,0,,,,,,,0,,Y,0,1,1,0 hours 0 minutes,0,1 hour 20 minutes,80,Y,N
1513,cmc-0010,M-009,1,,,,,,,20141119,,,,,,,,,,0,,,,,,0,,,,,,,,,,0,,,,,,,,,,,,,,0,,,,,0,,,0,,,0,0,0,0,0,0,0,0,0,0,0,0,0,0,0,0,0,0,0,0,0,0,0,0,0,0,,,,,,,0,,Y,0,1,1,0 hours 0 minutes,0,1 hour 20 minutes,80,Y,N
1525,cmc-0010,M-009,1,,,,,,,20141120,,,,,,,,,,0,,,,,,0,,,,,,,,,,0,,,,,,,,,,,,,,0,,,,,0,,,0,,,0,0,0,0,0,0,0,0,0,0,0,0,0,0,0,0,0,0,0,0,0,0,0,0,0,0,,,,,,,0,,Y,0,1,1,0 hours 0 minutes,0,1 hour 0 minutes,60,Y,N
1545,cmc-0010,M-009,1,,,,,,,20141121,,,,,,,,,,0,,,,,,0,,,,,,,,,,0,,,,,,,,,,,,,,0,,,,,0,,,0,,,0,0,0,0,0,0,0,0,0,0,0,0,0,0,0,0,0,0,0,0,0,0,0,0,0,0,,,,,,,0,,Y,0,1,1,0 hours 0 minutes,0,1 hour 0 minutes,60,Y,N
1679,cmc-0010,M-009,1,,,,,,,20141129,,,,,,,,,,0,,,,,,0,,,,,,,,,,0,,,,,,,,,,,,,,0,,,,,0,,,0,,,0,0,0,0,0,0,0,0,0,0,0,0,0,0,0,0,0,0,0,0,0,0,0,0,0,0,,,,,,,0,,Y,0,1,1,0 hours 0 minutes,0,1 hour 0 minutes,60,Y,N
144,cmc-0022,M-011,1,,,,,,,20140913,,,,,,,,,,0,,,,,,0,,,,,,,,,,0,,,,,,,,,,,,,,0,,,,,0,,,0,,,0,0,0,0,0,0,0,0,0,0,0,0,0,0,0,0,0,0,0,0,0,0,0,0,0,0,,,,,,,0,,Y,0,1,1,0 hours 0 minutes,0,1 hour 0 minutes,60,Y,N
199,cmc-0022,M-011,1,,,,,,,20140918,,,,,,,,,,0,,,,,,0,,,,,,,,,,0,,,,,,,,,,,,,,0,,,,,0,,,0,,,0,0,0,0,0,0,0,0,0,0,0,0,0,0,0,0,0,0,0,0,0,0,0,0,0,0,,,,,,,0,,Y,0,1,1,0 hours 0 minutes,0,1 hour 30 minutes,90,Y,N
313,cmc-0022,M-011,1,,,,,,,20140924,,,,,,,,,,0,,,,,,0,,,,,,,,,,0,,,,,,,,,,,,,,0,,,,,0,,,0,,,0,0,0,0,0,0,0,0,0,0,0,0,0,0,0,0,0,0,0,0,0,0,0,0,0,0,,,,,,,0,,Y,0,1,1,0 hours 0 minutes,0,1 hour 0 minutes,60,Y,N
336,cmc-0022,M-011,1,,,,,,,20140926,,,,,,,,,,0,,,,,,0,,,,,,,,,,0,,,,,,,,,,,,,,0,,,,,0,,,0,,,0,0,0,0,0,0,0,0,0,0,0,0,0,0,0,0,0,0,0,0,0,0,0,0,0,0,,,,,,,0,,Y,0,1,1,0 hours 0 minutes,0,1 hour 0 minutes,60,Y,N
384,cmc-0022,M-011,1,,,,,,,20140929,,,,,,,,,,0,,,,,,0,,,,,,,,,,0,,,,,,,,,,,,,,0,,,,,0,,,0,,,0,0,0,0,0,0,0,0,0,0,0,0,0,0,0,0,0,0,0,0,0,0,0,0,0,0,,,,,,,0,,Y,0,1,1,0 hours 0 minutes,0,1 hour 0 minutes,60,Y,N
430,cmc-0022,M-011,1,,,,,,,20141002,,,,,,,,,,0,,,,,,0,,,,,,,,,,0,,,,,,,,,,,,,,0,,,,,0,,,0,,,0,0,0,0,0,0,0,0,0,0,0,0,0,0,0,0,0,0,0,0,0,0,0,0,0,0,,,,,,,0,,Y,0,1,1,0 hours 0 minutes,0,1 hour 0 minutes,60,Y,N
553,cmc-0022,M-011,1,,,,,,,20141007,,,,,,,,,,0,,,,,,0,,,,,,,,,,0,,,,,,,,,,,,,,0,,,,,0,,,0,,,0,0,0,0,0,0,0,0,0,0,0,0,0,0,0,0,0,0,0,0,0,0,0,0,0,0,,,,,,,0,,Y,0,1,1,0 hours 0 minutes,0,0 hours 50 minutes,50,Y,N
602,cmc-0022,M-011,1,,,,,,,20141008,,,,,,,,,,0,,,,,,0,,,,,,,,,,0,,,,,,,,,,,,,,0,,,,,0,,,0,,,0,0,0,0,0,0,0,0,0,0,0,0,0,0,0,0,0,0,0,0,0,0,0,0,0,0,,,,,,,0,,Y,0,1,1,0 hours 0 minutes,0,1 hour 0 minutes,60,Y,N
628,cmc-0022,M-011,1,,,,,,,20141010,,,,,,,,,,0,,,,,,0,,,,,,,,,,0,,,,,,,,,,,,,,0,,,,,0,,,0,,,0,0,0,0,0,0,0,0,0,0,0,0,0,0,0,0,0,0,0,0,0,0,0,0,0,0,,,,,,,0,,Y,0,1,1,0 hours 0 minutes,0,0 hours 50 minutes,50,Y,N
638,cmc-0022,M-011,1,,,,,,,20141011,,,,,,,,,,0,,,,,,0,,,,,,,,,,0,,,,,,,,,,,,,,0,,,,,0,,,0,,,0,0,0,0,0,0,0,0,0,0,0,0,0,0,0,0,0,0,0,0,0,0,0,0,0,0,,,,,,,0,,Y,0,1,1,0 hours 0 minutes,0,1 hour 0 minutes,60,Y,N
866,cmc-0022,M-011,1,,,,,,,20141021,,,,,,,,,,0,,,,,,0,,,,,,,,,,0,,,,,,,,,,,,,,0,,,,,0,,,0,,,0,0,0,0,0,0,0,0,0,0,0,0,0,0,0,0,0,0,0,0,0,0,0,0,0,0,,,,,,,0,,Y,0,1,1,0 hours 0 minutes,0,1 hour 0 minutes,60,Y,N
867,cmc-0022,M-011,1,,,,,,,20141022,,,,,,,,,,0,,,,,,0,,,,,,,,,,0,,,,,,,,,,,,,,0,,,,,0,,,0,,,0,0,0,0,0,0,0,0,0,0,0,0,0,0,0,0,0,0,0,0,0,0,0,0,0,0,,,,,,,0,,Y,0,1,1,0 hours 0 minutes,0,1 hour 30 minutes,90,Y,N
880,cmc-0022,M-011,1,,,,,,,20141023,,,,,,,,,,0,,,,,,0,,,,,,,,,,0,,,,,,,,,,,,,,0,,,,,0,,,0,,,0,0,0,0,0,0,0,0,0,0,0,0,0,0,0,0,0,0,0,0,0,0,0,0,0,0,,,,,,,0,,Y,0,1,1,0 hours 0 minutes,0,0 hours 50 minutes,50,Y,N
899,cmc-0022,M-011,1,,,,,,,20141024,,,,,,,,,,0,,,,,,0,,,,,,,,,,0,,,,,,,,,,,,,,0,,,,,0,,,0,,,0,0,0,0,0,0,0,0,0,0,0,0,0,0,0,0,0,0,0,0,0,0,0,0,0,0,,,,,,,0,,Y,0,1,1,0 hours 0 minutes,0,1 hour 0 minutes,60,Y,N
909,cmc-0022,M-011,1,,,,,,,20141025,,,,,,,,,,0,,,,,,0,,,,,,,,,,0,,,,,,,,,,,,,,0,,,,,0,,,0,,,0,0,0,0,0,0,0,0,0,0,0,0,0,0,0,0,0,0,0,0,0,0,0,0,0,0,,,,,,,0,,Y,0,1,1,0 hours 0 minutes,0,0 hours 40 minutes,40,Y,N
947,cmc-0022,M-011,1,,,,,,,20141026,,,,,,,,,,0,,,,,,0,,,,,,,,,,0,,,,,,,,,,,,,,0,,,,,0,,,0,,,0,0,0,0,0,0,0,0,0,0,0,0,0,0,0,0,0,0,0,0,0,0,0,0,0,0,,,,,,,0,,Y,0,1,1,0 hours 0 minutes,0,1 hour 20 minutes,80,Y,N
1007,cmc-0022,M-011,1,,,,,,,20141028,,,,,,,,,,0,,,,,,0,,,,,,,,,,0,,,,,,,,,,,,,,0,,,,,0,,,0,,,0,0,0,0,0,0,0,0,0,0,0,0,0,0,0,0,0,0,0,0,0,0,0,0,0,0,,,,,,,0,,Y,0,1,1,0 hours 0 minutes,0,1 hour 20 minutes,80,Y,N
1008,cmc-0022,M-011,1,,,,,,,20141029,,,,,,,,,,0,,,,,,0,,,,,,,,,,0,,,,,,,,,,,,,,0,,,,,0,,,0,,,0,0,0,0,0,0,0,0,0,0,0,0,0,0,0,0,0,0,0,0,0,0,0,0,0,0,,,,,,,0,,Y,0,1,1,0 hours 0 minutes,0,1 hour 30 minutes,90,Y,N
1057,cmc-0022,M-011,1,,,,,,,20141030,,,,,,,,,,0,,,,,,0,,,,,,,,,,0,,,,,,,,,,,,,,0,,,,,0,,,0,,,0,0,0,0,0,0,0,0,0,0,0,0,0,0,0,0,0,0,0,0,0,0,0,0,0,0,,,,,,,0,,Y,0,1,1,0 hours 0 minutes,0,1 hour 30 minutes,90,Y,N
1082,cmc-0022,M-011,1,,,,,,,20141101,,,,,,,,,,0,,,,,,0,,,,,,,,,,0,,,,,,,,,,,,,,0,,,,,0,,,0,,,0,0,0,0,0,0,0,0,0,0,0,0,0,0,0,0,0,0,0,0,0,0,0,0,0,0,,,,,,,0,,Y,0,1,1,0 hours 0 minutes,0,1 hour 0 minutes,60,Y,N
1128,cmc-0022,M-011,1,,,,,,,20141103,,,,,,,,,,0,,,,,,0,,,,,,,,,,0,,,,,,,,,,,,,,0,,,,,0,,,0,,,0,0,0,0,0,0,0,0,0,0,0,0,0,0,0,0,0,0,0,0,0,0,0,0,0,0,,,,,,,0,,Y,0,1,1,0 hours 0 minutes,0,1 hour 0 minutes,60,Y,N
1288,cmc-0022,M-011,1,,,,,,,20141110,,,,,,,,,,0,,,,,,0,,,,,,,,,,0,,,,,,,,,,,,,,0,,,,,0,,,0,,,0,0,0,0,0,0,0,0,0,0,0,0,0,0,0,0,0,0,0,0,0,0,0,0,0,0,,,,,,,0,,Y,0,1,1,0 hours 0 minutes,0,0 hours 40 minutes,40,Y,N
1455,cmc-0022,M-011,1,,,,,,,20141115,,,,,,,,,,0,,,,,,0,,,,,,,,,,0,,,,,,,,,,,,,,0,,,,,0,,,0,,,0,0,0,0,0,0,0,0,0,0,0,0,0,0,0,0,0,0,0,0,0,0,0,0,0,0,,,,,,,0,,Y,0,1,1,0 hours 0 minutes,0,2 hours 0 minutes,120,Y,N
1456,cmc-0022,M-011,1,,,,,,,20141116,,,,,,,,,,0,,,,,,0,,,,,,,,,,0,,,,,,,,,,,,,,0,,,,,0,,,0,,,0,0,0,0,0,0,0,0,0,0,0,0,0,0,0,0,0,0,0,0,0,0,0,0,0,0,,,,,,,0,,Y,0,1,1,0 hours 0 minutes,0,2 hours 0 minutes,120,Y,N
1523,cmc-0022,M-011,1,,,,,,,20141119,,,,,,,,,,0,,,,,,0,,,,,,,,,,0,,,,,,,,,,,,,,0,,,,,0,,,0,,,0,0,0,0,0,0,0,0,0,0,0,0,0,0,0,0,0,0,0,0,0,0,0,0,0,0,,,,,,,0,,Y,0,1,1,0 hours 0 minutes,0,0 hours 40 minutes,40,Y,N
1649,cmc-0022,M-011,1,,,,,,,20141126,,,,,,,,,,0,,,,,,0,,,,,,,,,,0,,,,,,,,,,,,,,0,,,,,0,,,0,,,0,0,0,0,0,0,0,0,0,0,0,0,0,0,0,0,0,0,0,0,0,0,0,0,0,0,,,,,,,0,,Y,0,1,1,0 hours 0 minutes,0,0 hours 50 minutes,50,Y,N
1734,cmc-0022,M-011,1,,,,,,,20141129,,,,,,,,,,0,,,,,,0,,,,,,,,,,0,,,,,,,,,,,,,,0,,,,,0,,,0,,,0,0,0,0,0,0,0,0,0,0,0,0,0,0,0,0,0,0,0,0,0,0,0,0,0,0,,,,,,,0,,Y,0,1,1,0 hours 0 minutes,0,1 hour 10 minutes,70,Y,N
1735,cmc-0022,M-011,1,,,,,,,20141130,,,,,,,,,,0,,,,,,0,,,,,,,,,,0,,,,,,,,,,,,,,0,,,,,0,,,0,,,0,0,0,0,0,0,0,0,0,0,0,0,0,0,0,0,0,0,0,0,0,0,0,0,0,0,,,,,,,0,,Y,0,1,1,0 hours 0 minutes,0,1 hour 0 minutes,60,Y,N
1736,cmc-0022,M-011,1,,,,,,,20141201,,,,,,,,,,0,,,,,,0,,,,,,,,,,0,,,,,,,,,,,,,,0,,,,,0,,,0,,,0,0,0,0,0,0,0,0,0,0,0,0,0,0,0,0,0,0,0,0,0,0,0,0,0,0,,,,,,,0,,Y,0,1,1,0 hours 0 minutes,0,3 hours 0 minutes,180,Y,N
1737,cmc-0022,M-011,1,,,,,,,20141202,,,,,,,,,,0,,,,,,0,,,,,,,,,,0,,,,,,,,,,,,,,0,,,,,0,,,0,,,0,0,0,0,0,0,0,0,0,0,0,0,0,0,0,0,0,0,0,0,0,0,0,0,0,0,,,,,,,0,,Y,0,1,1,0 hours 0 minutes,0,1 hour 30 minutes,90,Y,N
1808,cmc-0022,M-011,1,,,,,,,20141206,,,,,,,,,,0,,,,,,0,,,,,,,,,,0,,,,,,,,,,,,,,0,,,,,0,,,0,,,0,0,0,0,0,0,0,0,0,0,0,0,0,0,0,0,0,0,0,0,0,0,0,0,0,0,,,,,,,0,,Y,0,1,1,0 hours 0 minutes,0,1 hour 0 minutes,60,Y,N
1810,cmc-0022,M-011,1,,,,,,,20141208,,,,,,,,,,0,,,,,,0,,,,,,,,,,0,,,,,,,,,,,,,,0,,,,,0,,,0,,,0,0,0,0,0,0,0,0,0,0,0,0,0,0,0,0,0,0,0,0,0,0,0,0,0,0,,,,,,,0,,Y,0,1,1,0 hours 0 minutes,0,1 hour 0 minutes,60,Y,N
1904,cmc-0022,M-011,1,,,,,,,20141210,,,,,,,,,,0,,,,,,0,,,,,,,,,,0,,,,,,,,,,,,,,0,,,,,0,,,0,,,0,0,0,0,0,0,0,0,0,0,0,0,0,0,0,0,0,0,0,0,0,0,0,0,0,0,,,,,,,0,,Y,0,1,1,0 hours 0 minutes,0,0 hours 40 minutes,40,Y,N
1196,cmc-0023,M-012,1,,,,,,,20141106,,,,,,,,,,0,,,,,,0,,,,,,,,,,0,,,,,,,,,,,,,,0,,,,,0,,,0,,,0,0,0,0,0,0,0,0,0,0,0,0,0,0,0,0,0,0,0,0,0,0,0,0,0,0,,,,,,,0,,Y,0,1,1,0 hours 0 minutes,0,2 hours 0 minutes,120,Y,N
1659,cmc-0023,M-012,1,,,,,,,20141127,,,,,,,,,,0,,,,,,0,,,,,,,,,,0,,,,,,,,,,,,,,0,,,,,0,,,0,,,0,0,0,0,0,0,0,0,0,0,0,0,0,0,0,0,0,0,0,0,0,0,0,0,0,0,,,,,,,0,,Y,0,1,1,0 hours 0 minutes,0,2 hours 0 minutes,120,Y,N
574,cmc-0025,CM-003,1,,,,,,,20140929,,,,,,,,,,0,,,,,,0,,,,,,,,,,0,,,,,,,,,,,,,,0,,,,,0,,,0,,,0,0,0,0,0,0,0,0,0,0,0,0,0,0,0,0,0,0,0,0,0,0,0,0,0,0,,,,,,,0,,Y,0,1,1,0 hours 0 minutes,0,0 hours 50 minutes,50,Y,N
579,cmc-0025,CM-003,1,,,,,,,20141004,,,,,,,,,,0,,,,,,0,,,,,,,,,,0,,,,,,,,,,,,,,0,,,,,0,,,0,,,0,0,0,0,0,0,0,0,0,0,0,0,0,0,0,0,0,0,0,0,0,0,0,0,0,0,,,,,,,0,,Y,0,1,1,0 hours 0 minutes,0,0 hours 50 minutes,50,Y,N
588,cmc-0025,CM-003,1,,,,,,,20141007,,,,,,,,,,0,,,,,,0,,,,,,,,,,0,,,,,,,,,,,,,,0,,,,,0,,,0,,,0,0,0,0,0,0,0,0,0,0,0,0,0,0,0,0,0,0,0,0,0,0,0,0,0,0,,,,,,,0,,Y,0,1,1,0 hours 0 minutes,0,0 hours 50 minutes,50,Y,N
625,cmc-0025,CM-003,1,,,,,,,20141011,,,,,,,,,,0,,,,,,0,,,,,,,,,,0,,,,,,,,,,,,,,0,,,,,0,,,0,,,0,0,0,0,0,0,0,0,0,0,0,0,0,0,0,0,0,0,0,0,0,0,0,0,0,0,,,,,,,0,,Y,0,1,1,0 hours 0 minutes,0,0 hours 30 minutes,30,Y,N
1049,cmc-0025,CM-003,1,,,,,,,20141028,,,,,,,,,,0,,,,,,0,,,,,,,,,,0,,,,,,,,,,,,,,0,,,,,0,,,0,,,0,0,0,0,0,0,0,0,0,0,0,0,0,0,0,0,0,0,0,0,0,0,0,0,0,0,,,,,,,0,,Y,0,1,1,0 hours 0 minutes,0,1 hour 0 minutes,60,Y,N
1050,cmc-0025,CM-003,1,,,,,,,20141029,,,,,,,,,,0,,,,,,0,,,,,,,,,,0,,,,,,,,,,,,,,0,,,,,0,,,0,,,0,0,0,0,0,0,0,0,0,0,0,0,0,0,0,0,0,0,0,0,0,0,0,0,0,0,,,,,,,0,,Y,0,1,1,0 hours 0 minutes,0,1 hour 0 minutes,60,Y,N
1052,cmc-0025,CM-003,1,,,,,,,20141031,,,,,,,,,,0,,,,,,0,,,,,,,,,,0,,,,,,,,,,,,,,0,,,,,0,,,0,,,0,0,0,0,0,0,0,0,0,0,0,0,0,0,0,0,0,0,0,0,0,0,0,0,0,0,,,,,,,0,,Y,0,1,1,0 hours 0 minutes,0,1 hour 0 minutes,60,Y,N
1229,cmc-0025,CM-003,1,,,,,,,20141107,,,,,,,,,,0,,,,,,0,,,,,,,,,,0,,,,,,,,,,,,,,0,,,,,0,,,0,,,0,0,0,0,0,0,0,0,0,0,0,0,0,0,0,0,0,0,0,0,0,0,0,0,0,0,,,,,,,0,,Y,0,1,1,0 hours 0 minutes,0,0 hours 50 minutes,50,Y,N
1422,cmc-0025,CM-003,1,,,,,,,20141112,,,,,,,,,,0,,,,,,0,,,,,,,,,,0,,,,,,,,,,,,,,0,,,,,0,,,0,,,0,0,0,0,0,0,0,0,0,0,0,0,0,0,0,0,0,0,0,0,0,0,0,0,0,0,,,,,,,0,,Y,0,1,1,0 hours 0 minutes,0,1 hour 0 minutes,60,Y,N
554,cmc-0026,M-013,1,,,,,,,20141006,,,,,,,,,,0,,,,,,0,,,,,,,,,,0,,,,,,,,,,,,,,0,,,,,0,,,0,,,0,0,0,0,0,0,0,0,0,0,0,0,0,0,0,0,0,0,0,0,0,0,0,0,0,0,,,,,,,0,,Y,0,1,1,0 hours 0 minutes,0,1 hour 0 minutes,60,Y,N
687,cmc-0026,M-013,1,,,,,,,20141012,,,,,,,,,,0,,,,,,0,,,,,,,,,,0,,,,,,,,,,,,,,0,,,,,0,,,0,,,0,0,0,0,0,0,0,0,0,0,0,0,0,0,0,0,0,0,0,0,0,0,0,0,0,0,,,,,,,0,,Y,0,1,1,0 hours 0 minutes,0,1 hour 20 minutes,80,Y,N
227,cmc-0027,CM-004,1,,,,,,,20140919,,,,,,,,,,0,,,,,,0,,,,,,,,,,0,,,,,,,,,,,,,,0,,,,,0,,,0,,,0,0,0,0,0,0,0,0,0,0,0,0,0,0,0,0,0,0,0,0,0,0,0,0,0,0,,,,,,,0,,Y,0,1,1,0 hours 0 minutes,0,0 hours 30 minutes,30,Y,N
508,cmc-0027,CM-004,1,,,,,,,20141006,,,,,,,,,,0,,,,,,0,,,,,,,,,,0,,,,,,,,,,,,,,0,,,,,0,,,0,,,0,0,0,0,0,0,0,0,0,0,0,0,0,0,0,0,0,0,0,0,0,0,0,0,0,0,,,,,,,0,,Y,0,1,1,0 hours 0 minutes,0,0 hours 30 minutes,30,Y,N
591,cmc-0027,CM-004,1,,,,,,,20141009,,,,,,,,,,0,,,,,,0,,,,,,,,,,0,,,,,,,,,,,,,,0,,,,,0,,,0,,,0,0,0,0,0,0,0,0,0,0,0,0,0,0,0,0,0,0,0,0,0,0,0,0,0,0,,,,,,,0,,Y,0,1,1,0 hours 0 minutes,0,0 hours 40 minutes,40,Y,N
620,cmc-0027,CM-004,1,,,,,,,20141010,,,,,,,,,,0,,,,,,0,,,,,,,,,,0,,,,,,,,,,,,,,0,,,,,0,,,0,,,0,0,0,0,0,0,0,0,0,0,0,0,0,0,0,0,0,0,0,0,0,0,0,0,0,0,,,,,,,0,,Y,0,1,1,0 hours 0 minutes,0,1 hour 0 minutes,60,Y,N
629,cmc-0027,CM-004,1,,,,,,,20141011,,,,,,,,,,0,,,,,,0,,,,,,,,,,0,,,,,,,,,,,,,,0,,,,,0,,,0,,,0,0,0,0,0,0,0,0,0,0,0,0,0,0,0,0,0,0,0,0,0,0,0,0,0,0,,,,,,,0,,Y,0,1,1,0 hours 0 minutes,0,1 hour 0 minutes,60,Y,N
646,cmc-0027,CM-004,1,,,,,,,20141012,,,,,,,,,,0,,,,,,0,,,,,,,,,,0,,,,,,,,,,,,,,0,,,,,0,,,0,,,0,0,0,0,0,0,0,0,0,0,0,0,0,0,0,0,0,0,0,0,0,0,0,0,0,0,,,,,,,0,,Y,0,1,1,0 hours 0 minutes,0,2 hours 0 minutes,120,Y,N
668,cmc-0027,CM-004,1,,,,,,,20141013,,,,,,,,,,0,,,,,,0,,,,,,,,,,0,,,,,,,,,,,,,,0,,,,,0,,,0,,,0,0,0,0,0,0,0,0,0,0,0,0,0,0,0,0,0,0,0,0,0,0,0,0,0,0,,,,,,,0,,Y,0,1,1,0 hours 0 minutes,0,0 hours 30 minutes,30,Y,N
1054,cmc-0027,CM-004,1,,,,,,,20141030,,,,,,,,,,0,,,,,,0,,,,,,,,,,0,,,,,,,,,,,,,,0,,,,,0,,,0,,,0,0,0,0,0,0,0,0,0,0,0,0,0,0,0,0,0,0,0,0,0,0,0,0,0,0,,,,,,,0,,Y,0,1,1,0 hours 0 minutes,0,0 hours 30 minutes,30,Y,N
1533,cmc-0027,CM-004,1,,,,,,,20141120,,,,,,,,,,0,,,,,,0,,,,,,,,,,0,,,,,,,,,,,,,,0,,,,,0,,,0,,,0,0,0,0,0,0,0,0,0,0,0,0,0,0,0,0,0,0,0,0,0,0,0,0,0,0,,,,,,,0,,Y,0,1,1,0 hours 0 minutes,0,1 hour 0 minutes,60,Y,N
1785,cmc-0027,cm-004,1,,,,,,,20141206,,,,,,,,,,0,,,,,,0,,,,,,,,,,0,,,,,,,,,,,,,,0,,,,,0,,,0,,,0,0,0,0,0,0,0,0,0,0,0,0,0,0,0,0,0,0,0,0,0,0,0,0,0,0,,,,,,,0,,Y,0,1,1,0 hours 0 minutes,0,1 hour 0 minutes,60,Y,N
186,cmc-0028,M-014,0,,,,,,,20140917,,,,,,,,,,0,,,,,,0,,,,,,,,,,0,,,,,,,,,,,,,,0,,,,,0,,,0,,,0,0,0,0,0,0,0,0,0,0,0,0,0,0,0,0,0,0,0,0,0,0,0,0,0,0,,,,,,,0,,Y,0,1,1,0 hours 0 minutes,0,1 hour 0 minutes,60,Y,N
194,cmc-0028,M-014,0,,,,,,,20140918,,,,,,,,,,0,,,,,,0,,,,,,,,,,0,,,,,,,,,,,,,,0,,,,,0,,,0,,,0,0,0,0,0,0,0,0,0,0,0,0,0,0,0,0,0,0,0,0,0,0,0,0,0,0,,,,,,,0,,Y,0,1,1,0 hours 0 minutes,0,0 hours 30 minutes,30,Y,N
215,cmc-0028,M-014,0,,,,,,,20140919,,,,,,,,,,0,,,,,,0,,,,,,,,,,0,,,,,,,,,,,,,,0,,,,,0,,,0,,,0,0,0,0,0,0,0,0,0,0,0,0,0,0,0,0,0,0,0,0,0,0,0,0,0,0,,,,,,,0,,Y,0,1,1,0 hours 0 minutes,0,0 hours 30 minutes,30,Y,N
241,cmc-0028,M-014,0,,,,,,,20140921,,,,,,,,,,0,,,,,,0,,,,,,,,,,0,,,,,,,,,,,,,,0,,,,,0,,,0,,,0,0,0,0,0,0,0,0,0,0,0,0,0,0,0,0,0,0,0,0,0,0,0,0,0,0,,,,,,,0,,Y,0,1,1,0 hours 0 minutes,0,1 hour 0 minutes,60,Y,N
253,cmc-0028,M-014,0,,,,,,,20140922,,,,,,,,,,0,,,,,,0,,,,,,,,,,0,,,,,,,,,,,,,,0,,,,,0,,,0,,,0,0,0,0,0,0,0,0,0,0,0,0,0,0,0,0,0,0,0,0,0,0,0,0,0,0,,,,,,,0,,Y,0,1,1,0 hours 0 minutes,0,0 hours 30 minutes,30,Y,N
333,cmc-0028,M-014,0,,,,,,,20140925,,,,,,,,,,0,,,,,,0,,,,,,,,,,0,,,,,,,,,,,,,,0,,,,,0,,,0,,,0,0,0,0,0,0,0,0,0,0,0,0,0,0,0,0,0,0,0,0,0,0,0,0,0,0,,,,,,,0,,Y,0,1,1,0 hours 0 minutes,0,0 hours 30 minutes,30,Y,N
351,cmc-0028,M-014,0,,,,,,,20140926,,,,,,,,,,0,,,,,,0,,,,,,,,,,0,,,,,,,,,,,,,,0,,,,,0,,,0,,,0,0,0,0,0,0,0,0,0,0,0,0,0,0,0,0,0,0,0,0,0,0,0,0,0,0,,,,,,,0,,Y,0,1,1,0 hours 0 minutes,0,0 hours 30 minutes,30,Y,N
352,cmc-0028,M-014,0,,,,,,,20140927,,,,,,,,,,0,,,,,,0,,,,,,,,,,0,,,,,,,,,,,,,,0,,,,,0,,,0,,,0,0,0,0,0,0,0,0,0,0,0,0,0,0,0,0,0,0,0,0,0,0,0,0,0,0,,,,,,,0,,Y,0,1,1,0 hours 0 minutes,0,0 hours 30 minutes,30,Y,N
353,cmc-0028,M-014,0,,,,,,,20140928,,,,,,,,,,0,,,,,,0,,,,,,,,,,0,,,,,,,,,,,,,,0,,,,,0,,,0,,,0,0,0,0,0,0,0,0,0,0,0,0,0,0,0,0,0,0,0,0,0,0,0,0,0,0,,,,,,,0,,Y,0,1,1,0 hours 0 minutes,0,0 hours 30 minutes,30,Y,N
391,cmc-0031,M-017,0,,,,,,,20140930,,,,,,,,,,0,,,,,,0,,,,,,,,,,0,,,,,,,,,,,,,,0,,,,,0,,,0,,,0,0,0,0,0,0,0,0,0,0,0,0,0,0,0,0,0,0,0,0,0,0,0,0,0,0,,,,,,,0,,Y,0,1,1,0 hours 0 minutes,0,1 hour 10 minutes,70,Y,N
545,cmc-0031,M-017,0,,,,,,,20141007,,,,,,,,,,0,,,,,,0,,,,,,,,,,0,,,,,,,,,,,,,,0,,,,,0,,,0,,,0,0,0,0,0,0,0,0,0,0,0,0,0,0,0,0,0,0,0,0,0,0,0,0,0,0,,,,,,,0,,Y,0,1,1,0 hours 0 minutes,0,1 hour 0 minutes,60,Y,N
621,cmc-0031,M-017,0,,,,,,,20141010,,,,,,,,,,0,,,,,,0,,,,,,,,,,0,,,,,,,,,,,,,,0,,,,,0,,,0,,,0,0,0,0,0,0,0,0,0,0,0,0,0,0,0,0,0,0,0,0,0,0,0,0,0,0,,,,,,,0,,Y,0,1,1,0 hours 0 minutes,0,1 hour 0 minutes,60,Y,N
932,cmc-0031,M-017,0,,,,,,,20141026,,,,,,,,,,0,,,,,,0,,,,,,,,,,0,,,,,,,,,,,,,,0,,,,,0,,,0,,,0,0,0,0,0,0,0,0,0,0,0,0,0,0,0,0,0,0,0,0,0,0,0,0,0,0,,,,,,,0,,N,0,1,1,0 hours 0 minutes,0,1 hour 20 minutes,80,Y,N
1152,cmc-0031,M-017,0,,,,,,,20141104,,,,,,,,,,0,,,,,,0,,,,,,,,,,0,,,,,,,,,,,,,,0,,,,,0,,,0,,,0,0,0,0,0,0,0,0,0,0,0,0,0,0,0,0,0,0,0,0,0,0,0,0,0,0,,,,,,,0,,Y,0,1,1,0 hours 0 minutes,0,1 hour 30 minutes,90,Y,N
1474,cmc-0031,M-017,0,,,,,,,20141117,,,,,,,,,,0,,,,,,0,,,,,,,,,,0,,,,,,,,,,,,,,0,,,,,0,,,0,,,0,0,0,0,0,0,0,0,0,0,0,0,0,0,0,0,0,0,0,0,0,0,0,0,0,0,,,,,,,0,,Y,0,1,1,0 hours 0 minutes,0,1 hour 0 minutes,60,Y,N
749,cmc-0032,CM-005,0,,,,,,,20141009,,,,,,,,,,0,,,,,,0,,,,,,,,,,0,,,,,,,,,,,,,,0,,,,,0,,,0,,,0,0,0,0,0,0,0,0,0,0,0,0,0,0,0,0,0,0,0,0,0,0,0,0,0,0,,,,,,,0,,Y,0,1,1,0 hours 0 minutes,0,2 hours 0 minutes,120,Y,N
309,cmc-0033,CM-006,1,,,,,,,20140924,,,,,,,,,,0,,,,,,0,,,,,,,,,,0,,,,,,,,,,,,,,0,,,,,0,,,0,,,0,0,0,0,0,0,0,0,0,0,0,0,0,0,0,0,0,0,0,0,0,0,0,0,0,0,,,,,,,0,,Y,0,1,1,0 hours 0 minutes,0,1 hour 0 minutes,60,Y,N
337,cmc-0033,CM-006,1,,,,,,,20140926,,,,,,,,,,0,,,,,,0,,,,,,,,,,0,,,,,,,,,,,,,,0,,,,,0,,,0,,,0,0,0,0,0,0,0,0,0,0,0,0,0,0,0,0,0,0,0,0,0,0,0,0,0,0,,,,,,,0,,Y,0,1,1,0 hours 0 minutes,0,1 hour 30 minutes,90,Y,N
418,cmc-0033,CM-006,1,,,,,,,20140927,,,,,,,,,,0,,,,,,0,,,,,,,,,,0,,,,,,,,,,,,,,0,,,,,0,,,0,,,0,0,0,0,0,0,0,0,0,0,0,0,0,0,0,0,0,0,0,0,0,0,0,0,0,0,,,,,,,0,,Y,0,1,1,0 hours 0 minutes,0,0 hours 40 minutes,40,Y,N
490,cmc-0033,CM-006,1,,,,,,,20141006,,,,,,,,,,0,,,,,,0,,,,,,,,,,0,,,,,,,,,,,,,,0,,,,,0,,,0,,,0,0,0,0,0,0,0,0,0,0,0,0,0,0,0,0,0,0,0,0,0,0,0,0,0,0,,,,,,,0,,Y,0,1,1,0 hours 0 minutes,0,1 hour 0 minutes,60,Y,N
530,cmc-0033,CM-006,1,,,,,,,20141007,,,,,,,,,,0,,,,,,0,,,,,,,,,,0,,,,,,,,,,,,,,0,,,,,0,,,0,,,0,0,0,0,0,0,0,0,0,0,0,0,0,0,0,0,0,0,0,0,0,0,0,0,0,0,,,,,,,0,,Y,0,1,1,0 hours 0 minutes,0,1 hour 30 minutes,90,Y,N
1255,cmc-0042,M-026,0,,,,,,,20141106,,,,,,,,,,0,,,,,,0,,,,,,,,,,0,,,,,,,,,,,,,,0,,,,,0,,,0,,,0,0,0,0,0,0,0,0,0,0,0,0,0,0,0,0,0,0,0,0,0,0,0,0,0,0,,,,,,,0,,Y,0,1,1,0 hours 0 minutes,0,0 hours 30 minutes,30,Y,N
1254,cmc-0042,M-026,0,,,,,,,20141107,,,,,,,,,,0,,,,,,0,,,,,,,,,,0,,,,,,,,,,,,,,0,,,,,0,,,0,,,0,0,0,0,0,0,0,0,0,0,0,0,0,0,0,0,0,0,0,0,0,0,0,0,0,0,,,,,,,0,,Y,0,1,1,0 hours 0 minutes,0,0 hours 30 minutes,30,Y,N
1925,cmc-0042,M-026,0,,,,,,,20141212,,,,,,,,,,0,,,,,,0,,,,,,,,,,0,,,,,,,,,,,,,,0,,,,,0,,,0,,,0,0,0,0,0,0,0,0,0,0,0,0,0,0,0,0,0,0,0,0,0,0,0,0,0,0,,,,,,,0,,Y,0,1,1,0 hours 0 minutes,0,0 hours 20 minutes,20,Y,N
2247,cmc-0042,M-026,0,,,,,,,20141226,,,,,,,,,,0,,,,,,0,,,,,,,,,,0,,,,,,,,,,,,,,0,,,,,0,,,0,,,0,0,0,0,0,0,0,0,0,0,0,0,0,0,0,0,0,0,0,0,0,0,0,0,0,0,,,,,,,0,,Y,0,1,1,0 hours 0 minutes,0,0 hours 20 minutes,20,Y,N
2272,cmc-0042,M-026,0,,,,,,,20141227,,,,,,,,,,0,,,,,,0,,,,,,,,,,0,,,,,,,,,,,,,,0,,,,,0,,,0,,,0,0,0,0,0,0,0,0,0,0,0,0,0,0,0,0,0,0,0,0,0,0,0,0,0,0,,,,,,,0,,Y,0,1,1,0 hours 0 minutes,0,0 hours 20 minutes,20,Y,N
1251,cmc-0048,M-032,1,,,,,,,20141108,,,,,,,,,,0,,,,,,0,,,,,,,,,,0,,,,,,,,,,,,,,0,,,,,0,,,0,,,0,0,0,0,0,0,0,0,0,0,0,0,0,0,0,0,0,0,0,0,0,0,0,0,0,0,,,,,,,0,,Y,0,1,1,0 hours 0 minutes,0,1 hour 0 minutes,60,Y,N
1250,cmc-0049,M-033,0,,,,,,,20141108,,,,,,,,,,0,,,,,,0,,,,,,,,,,0,,,,,,,,,,,,,,0,,,,,0,,,0,,,0,0,0,0,0,0,0,0,0,0,0,0,0,0,0,0,0,0,0,0,0,0,0,0,0,0,,,,,,,0,,Y,1,0,1,0 hours 30 minutes,30,0 hours 0 minutes,0,Y,N
1773,cmc-0063,M-036,0,,,,,,,20141205,,,,,,,,,,0,,,,,,0,,,,,,,,,,0,,,,,,,,,,,,,,0,,,,,0,,,0,,,0,0,0,0,0,0,0,0,0,0,0,0,0,0,0,0,0,0,0,0,0,0,0,0,0,0,,,,,,,0,,Y,0,1,1,0 hours 0 minutes,0,1 hour 0 minutes,60,Y,N
2224,cmc-0067,M-040,0,,,,,,,20141225,,,,,,,,,,0,,,,,,0,,,,,,,,,,0,,,,,,,,,,,,,,0,,,,,0,,,0,,,0,0,0,0,0,0,0,0,0,0,0,0,0,0,0,0,0,0,0,0,0,0,0,0,0,0,,,,,,,0,,Y,0,1,1,0 hours 0 minutes,0,1 hour 0 minutes,60,Y,N
2281,cmc-0067,M-040,0,,,,,,,20141227,,,,,,,,,,0,,,,,,0,,,,,,,,,,0,,,,,,,,,,,,,,0,,,,,0,,,0,,,0,0,0,0,0,0,0,0,0,0,0,0,0,0,0,0,0,0,0,0,0,0,0,0,0,0,,,,,,,0,,Y,0,1,1,0 hours 0 minutes,0,2 hours 0 minutes,120,Y,N
2504,cmc-0067,M-040,0,,,,,,,20150106,,,,,,,,,,0,,,,,,0,,,,,,,,,,0,,,,,,,,,,,,,,0,,,,,0,,,0,,,0,0,0,0,0,0,0,0,0,0,0,0,0,0,0,0,0,0,0,0,0,0,0,0,0,0,,,,,,,0,,Y,0,1,1,0 hours 0 minutes,0,1 hour 0 minutes,60,Y,N
2526,cmc-0067,M-040,0,,,,,,,20150107,,,,,,,,,,0,,,,,,0,,,,,,,,,,0,,,,,,,,,,,,,,0,,,,,0,,,0,,,0,0,0,0,0,0,0,0,0,0,0,0,0,0,0,0,0,0,0,0,0,0,0,0,0,0,,,,,,,0,,Y,0,1,1,0 hours 0 minutes,0,1 hour 20 minutes,80,Y,N
2539,cmc-0067,M-040,0,,,,,,,20150108,,,,,,,,,,0,,,,,,0,,,,,,,,,,0,,,,,,,,,,,,,,0,,,,,0,,,0,,,0,0,0,0,0,0,0,0,0,0,0,0,0,0,0,0,0,0,0,0,0,0,0,0,0,0,,,,,,,0,,Y,0,1,1,0 hours 0 minutes,0,1 hour 0 minutes,60,Y,N
2582,cmc-0067,M-040,0,,,,,,,20150109,,,,,,,,,,0,,,,,,0,,,,,,,,,,0,,,,,,,,,,,,,,0,,,,,0,,,0,,,0,0,0,0,0,0,0,0,0,0,0,0,0,0,0,0,0,0,0,0,0,0,0,0,0,0,,,,,,,0,,Y,0,1,1,0 hours 0 minutes,0,1 hour 0 minutes,60,Y,N
2581,cmc-0067,M-040,0,,,,,,,20150110,,,,,,,,,,0,,,,,,0,,,,,,,,,,0,,,,,,,,,,,,,,0,,,,,0,,,0,,,0,0,0,0,0,0,0,0,0,0,0,0,0,0,0,0,0,0,0,0,0,0,0,0,0,0,,,,,,,0,,Y,1,0,1,4 hours 0 minutes,240,0 hours 0 minutes,0,Y,N
2650,cmc-0067,M-040,0,,,,,,,20150113,,,,,,,,,,0,,,,,,0,,,,,,,,,,0,,,,,,,,,,,,,,0,,,,,0,,,0,,,0,0,0,0,0,0,0,0,0,0,0,0,0,0,0,0,0,0,0,0,0,0,0,0,0,0,,,,,,,0,,Y,0,1,1,0 hours 0 minutes,0,1 hour 0 minutes,60,Y,N
2672,cmc-0067,M-040,0,,,,,,,20150114,,,,,,,,,,0,,,,,,0,,,,,,,,,,0,,,,,,,,,,,,,,0,,,,,0,,,0,,,0,0,0,0,0,0,0,0,0,0,0,0,0,0,0,0,0,0,0,0,0,0,0,0,0,0,,,,,,,0,,Y,0,1,1,0 hours 0 minutes,0,1 hour 0 minutes,60,Y,N
2766,cmc-0067,M-040,0,,,,,,,20150117,,,,,,,,,,0,,,,,,0,,,,,,,,,,0,,,,,,,,,,,,,,0,,,,,0,,,0,,,0,0,0,0,0,0,0,0,0,0,0,0,0,0,0,0,0,0,0,0,0,0,0,0,0,0,,,,,,,0,,Y,0,1,1,0 hours 0 minutes,0,1 hour 0 minutes,60,Y,N
2981,cmc-0067,M-040,0,,,,,,,20150120,,,,,,,,,,0,,,,,,0,,,,,,,,,,0,,,,,,,,,,,,,,0,,,,,0,,,0,,,0,0,0,0,0,0,0,0,0,0,0,0,0,0,0,0,0,0,0,0,0,0,0,0,0,0,,,,,,,0,,Y,0,1,1,0 hours 0 minutes,0,1 hour 0 minutes,60,Y,N
2887,cmc-0067,M-040,0,,,,,,,20150121,,,,,,,,,,0,,,,,,0,,,,,,,,,,0,,,,,,,,,,,,,,0,,,,,0,,,0,,,0,0,0,0,0,0,0,0,0,0,0,0,0,0,0,0,0,0,0,0,0,0,0,0,0,0,,,,,,,0,,Y,0,1,1,0 hours 0 minutes,0,2 hours 0 minutes,120,Y,N
2901,cmc-0067,M-040,0,,,,,,,20150122,,,,,,,,,,0,,,,,,0,,,,,,,,,,0,,,,,,,,,,,,,,0,,,,,0,,,0,,,0,0,0,0,0,0,0,0,0,0,0,0,0,0,0,0,0,0,0,0,0,0,0,0,0,0,,,,,,,0,,Y,0,1,1,0 hours 0 minutes,0,1 hour 0 minutes,60,Y,N
3076,cmc-0067,M-040,0,,,,,,,20150128,,,,,,,,,,0,,,,,,0,,,,,,,,,,0,,,,,,,,,,,,,,0,,,,,0,,,0,,,0,0,0,0,0,0,0,0,0,0,0,0,0,0,0,0,0,0,0,0,0,0,0,0,0,0,,,,,,,0,,Y,0,1,1,0 hours 0 minutes,0,0 hours 30 minutes,30,Y,N
3181,cmc-0067,M-040,0,,,,,,,20150202,,,,,,,,,,0,,,,,,0,,,,,,,,,,0,,,,,,,,,,,,,,0,,,,,0,,,0,,,0,0,0,0,0,0,0,0,0,0,0,0,0,0,0,0,0,0,0,0,0,0,0,0,0,0,,,,,,,0,,Y,0,1,1,0 hours 0 minutes,0,0 hours 30 minutes,30,Y,N
3367,cmc-0067,M-040,0,,,,,,,20150203,,,,,,,,,,0,,,,,,0,,,,,,,,,,0,,,,,,,,,,,,,,0,,,,,0,,,0,,,0,0,0,0,0,0,0,0,0,0,0,0,0,0,0,0,0,0,0,0,0,0,0,0,0,0,,,,,,,0,,Y,0,1,1,0 hours 0 minutes,0,2 hours 0 minutes,120,Y,N
3368,cmc-0067,M-040,0,,,,,,,20150204,,,,,,,,,,0,,,,,,0,,,,,,,,,,0,,,,,,,,,,,,,,0,,,,,0,,,0,,,0,0,0,0,0,0,0,0,0,0,0,0,0,0,0,0,0,0,0,0,0,0,0,0,0,0,,,,,,,0,,Y,0,1,1,0 hours 0 minutes,0,1 hour 0 minutes,60,Y,N
3477,cmc-0067,M-040,0,,,,,,,20150210,,,,,,,,,,0,,,,,,0,,,,,,,,,,0,,,,,,,,,,,,,,0,,,,,0,,,0,,,0,0,0,0,0,0,0,0,0,0,0,0,0,0,0,0,0,0,0,0,0,0,0,0,0,0,,,,,,,0,,Y,0,1,1,0 hours 0 minutes,0,1 hour 0 minutes,60,Y,N
3599,cmc-0067,M-040,0,,,,,,,20150215,,,,,,,,,,0,,,,,,0,,,,,,,,,,0,,,,,,,,,,,,,,0,,,,,0,,,0,,,0,0,0,0,0,0,0,0,0,0,0,0,0,0,0,0,0,0,0,0,0,0,0,0,0,0,,,,,,,0,,Y,0,1,1,0 hours 0 minutes,0,1 hour 0 minutes,60,Y,N
3818,cmc-0077,M-049,1,,,,,,,20150129,,,,,,,,,,0,,,,,,0,,,,,,,,,,0,,,,,,,,,,,,,,0,,,,,0,,,0,,,0,0,0,0,0,0,0,0,0,0,0,0,0,0,0,0,0,0,0,0,0,0,0,0,0,0,,,,,,,0,,Y,0,1,1,0 hours 0 minutes,0,1 hour 0 minutes,60,Y,N
5111,cmc-0077,M-049,1,,,,,,,20150409,,,,,,,,,,0,,,,,,0,,,,,,,,,,0,,,,,,,,,,,,,,0,,,,,0,,,0,,,0,0,0,0,0,0,0,0,0,0,0,0,0,0,0,0,0,0,0,0,0,0,0,0,0,0,,,,,,,0,,Y,1,0,1,0 hours 10 minutes,10,0 hours 0 minutes,0,Y,N
81,dha-0002,em2,0,,,,,,,20140815,,,,,,,,,,0,,,,,,0,,,,,,,,,,0,,,,,,,,,,,,,,0,,,,,0,,,0,,,0,0,0,0,0,0,0,0,0,0,0,0,0,0,0,0,0,0,0,0,0,0,0,0,0,0,,,,,,,0,,Y,0,1,1,0 hours 0 minutes,0,0 hours 30 minutes,30,Y,N
47,dha-0002,em2,0,,,,,,,20140817,,,,,,,,,,0,,,,,,0,,,,,,,,,,0,,,,,,,,,,,,,,0,,,,,0,,,0,,,0,0,0,0,0,0,0,0,0,0,0,0,0,0,0,0,0,0,0,0,0,0,0,0,0,0,,,,,,,0,,Y,0,1,1,0 hours 0 minutes,0,0 hours 30 minutes,30,Y,N
44,dha-0002,em2,0,,,,,,,20140818,,,,,,,,,,0,,,,,,0,,,,,,,,,,0,,,,,,,,,,,,,,0,,,,,0,,,0,,,0,0,0,0,0,0,0,0,0,0,0,0,0,0,0,0,0,0,0,0,0,0,0,0,0,0,,,,,,,0,,Y,0,1,1,0 hours 0 minutes,0,0 hours 20 minutes,20,Y,N
60,dha-0002,em2,0,,,,,,,20140827,,,,,,,,,,0,,,,,,0,,,,,,,,,,0,,,,,,,,,,,,,,0,,,,,0,,,0,,,0,0,0,0,0,0,0,0,0,0,0,0,0,0,0,0,0,0,0,0,0,0,0,0,0,0,I took tonsil medication.,,,,,,0,,Y,0,1,1,0 hours 0 minutes,0,1 hour 0 minutes,60,Y,N
308,dha-0002,em2,0,,,,,,,20140917,,,,,,,,,,0,,,,,,0,,,,,,,,,,0,,,,,,,,,,,,,,0,,,,,0,,,0,,,0,0,0,0,0,0,0,0,0,0,0,0,0,0,0,0,0,0,0,0,0,0,0,0,0,0,,,,,,,0,,Y,0,1,1,0 hours 0 minutes,0,0 hours 10 minutes,10,Y,N
337,dha-0002,em2,0,,,,,,,20140919,,,,,,,,,,0,,,,,,0,,,,,,,,,,0,,,,,,,,,,,,,,0,,,,,0,,,0,,,0,0,0,0,0,0,0,0,0,0,0,0,0,0,0,0,0,0,0,0,0,0,0,0,0,0,,,,,,,0,,Y,0,1,1,0 hours 0 minutes,0,0 hours 10 minutes,10,Y,N
343,dha-0002,em2,0,,,,,,,20140921,,,,,,,,,,0,,,,,,0,,,,,,,,,,0,,,,,,,,,,,,,,0,,,,,0,,,0,,,0,0,0,0,0,0,0,0,0,0,0,0,0,0,0,0,0,0,0,0,0,0,0,0,0,0,,,,,,,0,,Y,0,1,1,0 hours 0 minutes,0,0 hours 10 minutes,10,Y,N
538,dha-0002,em2,0,,,,,,,20141006,,,,,,,,,,0,,,,,,0,,,,,,,,,,0,,,,,,,,,,,,,,0,,,,,0,,,0,,,0,0,0,0,0,0,0,0,0,0,0,0,0,0,0,0,0,0,0,0,0,0,0,0,0,0,,,,,,,0,,Y,0,1,1,0 hours 0 minutes,0,0 hours 10 minutes,10,Y,N
568,dha-0002,em2,0,,,,,,,20141008,,,,,,,,,,0,,,,,,0,,,,,,,,,,0,,,,,,,,,,,,,,0,,,,,0,,,0,,,0,0,0,0,0,0,0,0,0,0,0,0,0,0,0,0,0,0,0,0,0,0,0,0,0,0,,,,,,,0,,Y,0,1,1,0 hours 0 minutes,0,0 hours 10 minutes,10,Y,N
585,dha-0002,em2,0,,,,,,,20141009,,,,,,,,,,0,,,,,,0,,,,,,,,,,0,,,,,,,,,,,,,,0,,,,,0,,,0,,,0,0,0,0,0,0,0,0,0,0,0,0,0,0,0,0,0,0,0,0,0,0,0,0,0,0,,,,,,,0,,Y,0,1,1,0 hours 0 minutes,0,0 hours 10 minutes,10,Y,N
591,dha-0002,em2,0,,,,,,,20141010,,,,,,,,,,0,,,,,,0,,,,,,,,,,0,,,,,,,,,,,,,,0,,,,,0,,,0,,,0,0,0,0,0,0,0,0,0,0,0,0,0,0,0,0,0,0,0,0,0,0,0,0,0,0,,,,,,,0,,Y,0,1,1,0 hours 0 minutes,0,0 hours 10 minutes,10,Y,N
655,dha-0002,em2,0,,,,,,,20141012,,,,,,,,,,0,,,,,,0,,,,,,,,,,0,,,,,,,,,,,,,,0,,,,,0,,,0,,,0,0,0,0,0,0,0,0,0,0,0,0,0,0,0,0,0,0,0,0,0,0,0,0,0,0,,,,,,,0,,Y,0,1,1,0 hours 0 minutes,0,0 hours 20 minutes,20,Y,N
722,dha-0002,em2,0,,,,,,,20141017,,,,,,,,,,0,,,,,,0,,,,,,,,,,0,,,,,,,,,,,,,,0,,,,,0,,,0,,,0,0,0,0,0,0,0,0,0,0,0,0,0,0,0,0,0,0,0,0,0,0,0,0,0,0,,,,,,,0,,Y,0,1,1,0 hours 0 minutes,0,0 hours 10 minutes,10,Y,N
749,dha-0002,em2,0,,,,,,,20141020,,,,,,,,,,0,,,,,,0,,,,,,,,,,0,,,,,,,,,,,,,,0,,,,,0,,,0,,,0,0,0,0,0,0,0,0,0,0,0,0,0,0,0,0,0,0,0,0,0,0,0,0,0,0,,,,,,,0,,Y,0,1,1,0 hours 0 minutes,0,0 hours 20 minutes,20,Y,N
768,dha-0002,em2,0,,,,,,,20141021,,,,,,,,,,0,,,,,,0,,,,,,,,,,0,,,,,,,,,,,,,,0,,,,,0,,,0,,,0,0,0,0,0,0,0,0,0,0,0,0,0,0,0,0,0,0,0,0,0,0,0,0,0,0,,,,,,,0,,Y,0,1,1,0 hours 0 minutes,0,0 hours 10 minutes,10,Y,N
792,dha-0002,em2,0,,,,,,,20141022,,,,,,,,,,0,,,,,,0,,,,,,,,,,0,,,,,,,,,,,,,,0,,,,,0,,,0,,,0,0,0,0,0,0,0,0,0,0,0,0,0,0,0,0,0,0,0,0,0,0,0,0,0,0,,,,,,,0,,Y,0,1,1,0 hours 0 minutes,0,0 hours 10 minutes,10,Y,N
810,dha-0002,em2,0,,,,,,,20141023,,,,,,,,,,0,,,,,,0,,,,,,,,,,0,,,,,,,,,,,,,,0,,,,,0,,,0,,,0,0,0,0,0,0,0,0,0,0,0,0,0,0,0,0,0,0,0,0,0,0,0,0,0,0,,,,,,,0,,Y,0,1,1,0 hours 0 minutes,0,0 hours 10 minutes,10,Y,N
853,dha-0002,em2,0,,,,,,,20141025,,,,,,,,,,0,,,,,,0,,,,,,,,,,0,,,,,,,,,,,,,,0,,,,,0,,,0,,,0,0,0,0,0,0,0,0,0,0,0,0,0,0,0,0,0,0,0,0,0,0,0,0,0,0,,,,,,,0,,Y,0,1,1,0 hours 0 minutes,0,0 hours 30 minutes,30,Y,N
879,dha-0002,em2,0,,,,,,,20141027,,,,,,,,,,0,,,,,,0,,,,,,,,,,0,,,,,,,,,,,,,,0,,,,,0,,,0,,,0,0,0,0,0,0,0,0,0,0,0,0,0,0,0,0,0,0,0,0,0,0,0,0,0,0,,,,,,,0,,Y,0,1,1,0 hours 0 minutes,0,0 hours 20 minutes,20,Y,N
886,dha-0002,em2,0,,,,,,,20141028,,,,,,,,,,0,,,,,,0,,,,,,,,,,0,,,,,,,,,,,,,,0,,,,,0,,,0,,,0,0,0,0,0,0,0,0,0,0,0,0,0,0,0,0,0,0,0,0,0,0,0,0,0,0,,,,,,,0,,Y,0,1,1,0 hours 0 minutes,0,0 hours 10 minutes,10,Y,N
965,dha-0002,em2,0,,,,,,,20141102,,,,,,,,,,0,,,,,,0,,,,,,,,,,0,,,,,,,,,,,,,,0,,,,,0,,,0,,,0,0,0,0,0,0,0,0,0,0,0,0,0,0,0,0,0,0,0,0,0,0,0,0,0,0,,,,,,,0,,Y,0,1,1,0 hours 0 minutes,0,0 hours 10 minutes,10,Y,N
993,dha-0002,em2,0,,,,,,,20141104,,,,,,,,,,0,,,,,,0,,,,,,,,,,0,,,,,,,,,,,,,,0,,,,,0,,,0,,,0,0,0,0,0,0,0,0,0,0,0,0,0,0,0,0,0,0,0,0,0,0,0,0,0,0,,,,,,,0,,Y,0,1,1,0 hours 0 minutes,0,0 hours 10 minutes,10,Y,N
1112,dha-0002,em2,0,,,,,,,20141110,,,,,,,,,,0,,,,,,0,,,,,,,,,,0,,,,,,,,,,,,,,0,,,,,0,,,0,,,0,0,0,0,0,0,0,0,0,0,0,0,0,0,0,0,0,0,0,0,0,0,0,0,0,0,,,,,,,0,,Y,0,1,1,0 hours 0 minutes,0,0 hours 20 minutes,20,Y,N
1176,dha-0002,em2,0,,,,,,,20141113,,,,,,,,,,0,,,,,,0,,,,,,,,,,0,,,,,,,,,,,,,,0,,,,,0,,,0,,,0,0,0,0,0,0,0,0,0,0,0,0,0,0,0,0,0,0,0,0,0,0,0,0,0,0,,,,,,,0,,Y,0,1,1,0 hours 0 minutes,0,0 hours 10 minutes,10,Y,N
85,dha-0004,EM4,1,,,,,,,20140814,,,,,,,,,,0,,,,,,0,,,,,,,,,,0,,,,,,,,,,,,,,0,,,,,0,,,0,,,0,0,0,0,0,0,0,0,0,0,0,0,0,0,0,0,0,0,0,0,0,0,0,0,0,0,,,,,,,0,,Y,0,1,1,0 hours 0 minutes,0,2 hours 0 minutes,120,Y,N
86,dha-0004,EM4,1,,,,,,,20140815,,,,,,,,,,0,,,,,,0,,,,,,,,,,0,,,,,,,,,,,,,,0,,,,,0,,,0,,,0,0,0,0,0,0,0,0,0,0,0,0,0,0,0,0,0,0,0,0,0,0,0,0,0,0,,,,,,,0,,Y,0,1,1,0 hours 0 minutes,0,2 hours 0 minutes,120,Y,N
79,dha-0004,EM4,1,,,,,,,20140817,,,,,,,,,,0,,,,,,0,,,,,,,,,,0,,,,,,,,,,,,,,0,,,,,0,,,0,,,0,0,0,0,0,0,0,0,0,0,0,0,0,0,0,0,0,0,0,0,0,0,0,0,0,0,,,,,,,0,,Y,0,1,1,0 hours 0 minutes,0,1 hour 0 minutes,60,Y,N
73,dha-0004,EM4,1,,,,,,,20140820,,,,,,,,,,0,,,,,,0,,,,,,,,,,0,,,,,,,,,,,,,,0,,,,,0,,,0,,,0,0,0,0,0,0,0,0,0,0,0,0,0,0,0,0,0,0,0,0,0,0,0,0,0,0,,,,,,,0,,Y,0,1,1,0 hours 0 minutes,0,0 hours 30 minutes,30,Y,N
69,dha-0004,EM4,1,,,,,,,20140823,,,,,,,,,,0,,,,,,0,,,,,,,,,,0,,,,,,,,,,,,,,0,,,,,0,,,0,,,0,0,0,0,0,0,0,0,0,0,0,0,0,0,0,0,0,0,0,0,0,0,0,0,0,0,,,,,,,0,,Y,0,1,1,0 hours 0 minutes,0,1 hour 0 minutes,60,Y,N
66,dha-0004,EM4,1,,,,,,,20140824,,,,,,,,,,0,,,,,,0,,,,,,,,,,0,,,,,,,,,,,,,,0,,,,,0,,,0,,,0,0,0,0,0,0,0,0,0,0,0,0,0,0,0,0,0,0,0,0,0,0,0,0,0,0,,,,,,,0,,Y,0,1,1,0 hours 0 minutes,0,0 hours 30 minutes,30,Y,N
9,dha-0004,EM4,1,,,,,,,20140826,,,,,,,,,,0,,,,,,0,,,,,,,,,,0,,,,,,,,,,,,,,0,,,,,0,,,0,,,0,0,0,0,0,0,0,0,0,0,0,0,0,0,0,0,0,0,0,0,0,0,0,0,0,0,,,,,,,0,,Y,0,1,1,0 hours 0 minutes,0,0 hours 30 minutes,30,Y,N
10,dha-0004,EM4,1,,,,,,,20140827,,,,,,,,,,0,,,,,,0,,,,,,,,,,0,,,,,,,,,,,,,,0,,,,,0,,,0,,,0,0,0,0,0,0,0,0,0,0,0,0,0,0,0,0,0,0,0,0,0,0,0,0,0,0,,,,,,,0,,Y,0,1,1,0 hours 0 minutes,0,0 hours 30 minutes,30,Y,N
3,dha-0004,EM4,1,,,,,,,20140828,,,,,,,,,,0,,,,,,0,,,,,,,,,,0,,,,,,,,,,,,,,0,,,,,0,,,0,,,0,0,0,0,0,0,0,0,0,0,0,0,0,0,0,0,0,0,0,0,0,0,0,0,0,0,,,,,,,0,,Y,0,1,1,0 hours 0 minutes,0,2 hours 0 minutes,120,Y,N
123,dha-0004,EM4,1,,,,,,,20140831,,,,,,,,,,0,,,,,,0,,,,,,,,,,0,,,,,,,,,,,,,,0,,,,,0,,,0,,,0,0,0,0,0,0,0,0,0,0,0,0,0,0,0,0,0,0,0,0,0,0,0,0,0,0,,,,,,,0,,Y,0,1,1,0 hours 0 minutes,0,2 hours 0 minutes,120,Y,N
132,dha-0004,EM4,1,,,,,,,20140901,,,,,,,,,,0,,,,,,0,,,,,,,,,,0,,,,,,,,,,,,,,0,,,,,0,,,0,,,0,0,0,0,0,0,0,0,0,0,0,0,0,0,0,0,0,0,0,0,0,0,0,0,0,0,,,,,,,0,,Y,0,1,1,0 hours 0 minutes,0,0 hours 30 minutes,30,Y,N
331,dha-0004,EM4,1,,,,,,,20140918,,,,,,,,,,0,,,,,,0,,,,,,,,,,0,,,,,,,,,,,,,,0,,,,,0,,,0,,,0,0,0,0,0,0,0,0,0,0,0,0,0,0,0,0,0,0,0,0,0,0,0,0,0,0,,,,,,,0,,Y,0,1,1,0 hours 0 minutes,0,2 hours 0 minutes,120,Y,N
332,dha-0004,EM4,1,,,,,,,20140919,,,,,,,,,,0,,,,,,0,,,,,,,,,,0,,,,,,,,,,,,,,0,,,,,0,,,0,,,0,0,0,0,0,0,0,0,0,0,0,0,0,0,0,0,0,0,0,0,0,0,0,0,0,0,,,,,,,0,,Y,0,1,1,0 hours 0 minutes,0,1 hour 0 minutes,60,Y,N
530,dha-0004,EM4,1,,,,,,,20140930,,,,,,,,,,0,,,,,,0,,,,,,,,,,0,,,,,,,,,,,,,,0,,,,,0,,,0,,,0,0,0,0,0,0,0,0,0,0,0,0,0,0,0,0,0,0,0,0,0,0,0,0,0,0,,,,,,,0,,Y,0,1,1,0 hours 0 minutes,0,1 hour 0 minutes,60,Y,N
531,dha-0004,EM4,1,,,,,,,20141002,,,,,,,,,,0,,,,,,0,,,,,,,,,,0,,,,,,,,,,,,,,0,,,,,0,,,0,,,0,0,0,0,0,0,0,0,0,0,0,0,0,0,0,0,0,0,0,0,0,0,0,0,0,0,,,,,,,0,,Y,0,1,1,0 hours 0 minutes,0,1 hour 0 minutes,60,Y,N
532,dha-0004,EM4,1,,,,,,,20141003,,,,,,,,,,0,,,,,,0,,,,,,,,,,0,,,,,,,,,,,,,,0,,,,,0,,,0,,,0,0,0,0,0,0,0,0,0,0,0,0,0,0,0,0,0,0,0,0,0,0,0,0,0,0,,,,,,,0,,Y,0,1,1,0 hours 0 minutes,0,1 hour 0 minutes,60,Y,N
570,dha-0004,EM4,1,,,,,,,20141006,,,,,,,,,,0,,,,,,0,,,,,,,,,,0,,,,,,,,,,,,,,0,,,,,0,,,0,,,0,0,0,0,0,0,0,0,0,0,0,0,0,0,0,0,0,0,0,0,0,0,0,0,0,0,,,,,,,0,,Y,0,1,1,0 hours 0 minutes,0,1 hour 0 minutes,60,Y,N
571,dha-0004,EM4,1,,,,,,,20141007,,,,,,,,,,0,,,,,,0,,,,,,,,,,0,,,,,,,,,,,,,,0,,,,,0,,,0,,,0,0,0,0,0,0,0,0,0,0,0,0,0,0,0,0,0,0,0,0,0,0,0,0,0,0,,,,,,,0,,Y,0,1,1,0 hours 0 minutes,0,1 hour 0 minutes,60,Y,N
572,dha-0004,EM4,1,,,,,,,20141008,,,,,,,,,,0,,,,,,0,,,,,,,,,,0,,,,,,,,,,,,,,0,,,,,0,,,0,,,0,0,0,0,0,0,0,0,0,0,0,0,0,0,0,0,0,0,0,0,0,0,0,0,0,0,,,,,,,0,,Y,0,1,1,0 hours 0 minutes,0,1 hour 0 minutes,60,Y,N
622,dha-0004,EM4,1,,,,,,,20141009,,,,,,,,,,0,,,,,,0,,,,,,,,,,0,,,,,,,,,,,,,,0,,,,,0,,,0,,,0,0,0,0,0,0,0,0,0,0,0,0,0,0,0,0,0,0,0,0,0,0,0,0,0,0,,,,,,,0,,Y,0,1,1,0 hours 0 minutes,0,1 hour 0 minutes,60,Y,N
623,dha-0004,EM4,1,,,,,,,20141010,,,,,,,,,,0,,,,,,0,,,,,,,,,,0,,,,,,,,,,,,,,0,,,,,0,,,0,,,0,0,0,0,0,0,0,0,0,0,0,0,0,0,0,0,0,0,0,0,0,0,0,0,0,0,,,,,,,0,,Y,0,1,1,0 hours 0 minutes,0,1 hour 0 minutes,60,Y,N
659,dha-0004,EM4,1,,,,,,,20141013,,,,,,,,,,0,,,,,,0,,,,,,,,,,0,,,,,,,,,,,,,,0,,,,,0,,,0,,,0,0,0,0,0,0,0,0,0,0,0,0,0,0,0,0,0,0,0,0,0,0,0,0,0,0,,,,,,,0,,Y,0,1,1,0 hours 0 minutes,0,1 hour 0 minutes,60,Y,N
765,dha-0004,EM4,1,,,,,,,20141020,,,,,,,,,,0,,,,,,0,,,,,,,,,,0,,,,,,,,,,,,,,0,,,,,0,,,0,,,0,0,0,0,0,0,0,0,0,0,0,0,0,0,0,0,0,0,0,0,0,0,0,0,0,0,,,,,,,0,,Y,0,1,1,0 hours 0 minutes,0,1 hour 0 minutes,60,Y,N
764,dha-0004,EM4,1,,,,,,,20141021,,,,,,,,,,0,,,,,,0,,,,,,,,,,0,,,,,,,,,,,,,,0,,,,,0,,,0,,,0,0,0,0,0,0,0,0,0,0,0,0,0,0,0,0,0,0,0,0,0,0,0,0,0,0,,,,,,,0,,Y,0,1,1,0 hours 0 minutes,0,1 hour 0 minutes,60,Y,N
776,dha-0004,EM4,1,,,,,,,20141022,,,,,,,,,,0,,,,,,0,,,,,,,,,,0,,,,,,,,,,,,,,0,,,,,0,,,0,,,0,0,0,0,0,0,0,0,0,0,0,0,0,0,0,0,0,0,0,0,0,0,0,0,0,0,,,,,,,0,,Y,0,1,1,0 hours 0 minutes,0,0 hours 30 minutes,30,Y,N
803,dha-0004,EM4,1,,,,,,,20141023,,,,,,,,,,0,,,,,,0,,,,,,,,,,0,,,,,,,,,,,,,,0,,,,,0,,,0,,,0,0,0,0,0,0,0,0,0,0,0,0,0,0,0,0,0,0,0,0,0,0,0,0,0,0,,,,,,,0,,Y,0,1,1,0 hours 0 minutes,0,0 hours 30 minutes,30,Y,N
875,dha-0004,EM4,1,,,,,,,20141027,,,,,,,,,,0,,,,,,0,,,,,,,,,,0,,,,,,,,,,,,,,0,,,,,0,,,0,,,0,0,0,0,0,0,0,0,0,0,0,0,0,0,0,0,0,0,0,0,0,0,0,0,0,0,,,,,,,0,,Y,0,1,1,0 hours 0 minutes,0,0 hours 40 minutes,40,Y,N
884,dha-0004,EM4,1,,,,,,,20141028,,,,,,,,,,0,,,,,,0,,,,,,,,,,0,,,,,,,,,,,,,,0,,,,,0,,,0,,,0,0,0,0,0,0,0,0,0,0,0,0,0,0,0,0,0,0,0,0,0,0,0,0,0,0,,,,,,,0,,Y,0,1,1,0 hours 0 minutes,0,1 hour 0 minutes,60,Y,N
13,dha-0009,EM9,0,,,,,,,20140826,,,,,,,,,,0,,,,,,0,,,,,,,,,,0,,,,,,,,,,,,,,0,,,,,0,,,0,,,0,0,0,0,0,0,0,0,0,0,0,0,0,0,0,0,0,0,0,0,0,0,0,0,0,0,,,,,,,0,,Y,0,1,1,0 hours 0 minutes,0,2 hours 0 minutes,120,Y,N
7,dha-0009,EM9,0,,,,,,,20140827,,,,,,,,,,0,,,,,,0,,,,,,,,,,0,,,,,,,,,,,,,,0,,,,,0,,,0,,,0,0,0,0,0,0,0,0,0,0,0,0,0,0,0,0,0,0,0,0,0,0,0,0,0,0,,,,,,,0,,Y,0,1,1,0 hours 0 minutes,0,2 hours 0 minutes,120,Y,N
4,dha-0009,EM9,0,,,,,,,20140828,,,,,,,,,,0,,,,,,0,,,,,,,,,,0,,,,,,,,,,,,,,0,,,,,0,,,0,,,0,0,0,0,0,0,0,0,0,0,0,0,0,0,0,0,0,0,0,0,0,0,0,0,0,0,,,,,,,0,,Y,0,1,1,0 hours 0 minutes,0,1 hour 0 minutes,60,Y,N
104,dha-0009,EM9,0,,,,,,,20140829,,,,,,,,,,0,,,,,,0,,,,,,,,,,0,,,,,,,,,,,,,,0,,,,,0,,,0,,,0,0,0,0,0,0,0,0,0,0,0,0,0,0,0,0,0,0,0,0,0,0,0,0,0,0,,,,,,,0,,Y,0,1,1,0 hours 0 minutes,0,2 hours 0 minutes,120,Y,N
158,dha-0009,EM9,0,,,,,,,20140904,,,,,,,,,,0,,,,,,0,,,,,,,,,,0,,,,,,,,,,,,,,0,,,,,0,,,0,,,0,0,0,0,0,0,0,0,0,0,0,0,0,0,0,0,0,0,0,0,0,0,0,0,0,0,,,,,,,0,,Y,0,1,1,0 hours 0 minutes,0,0 hours 30 minutes,30,Y,N
354,dha-0009,EM9,0,,,,,,,20140922,,,,,,,,,,0,,,,,,0,,,,,,,,,,0,,,,,,,,,,,,,,0,,,,,0,,,0,,,0,0,0,0,0,0,0,0,0,0,0,0,0,0,0,0,0,0,0,0,0,0,0,0,0,0,,,,,,,0,,Y,0,1,1,0 hours 0 minutes,0,1 hour 0 minutes,60,Y,N
422,dha-0009,EM9,0,,,,,,,20140928,,,,,,,,,,0,,,,,,0,,,,,,,,,,0,,,,,,,,,,,,,,0,,,,,0,,,0,,,0,0,0,0,0,0,0,0,0,0,0,0,0,0,0,0,0,0,0,0,0,0,0,0,0,0,,,,,,,0,,Y,0,1,1,0 hours 0 minutes,0,2 hours 0 minutes,120,Y,N
601,dha-0009,EM9,0,,,,,,,20141011,,,,,,,,,,0,,,,,,0,,,,,,,,,,0,,,,,,,,,,,,,,0,,,,,0,,,0,,,0,0,0,0,0,0,0,0,0,0,0,0,0,0,0,0,0,0,0,0,0,0,0,0,0,0,,,,,,,0,,Y,0,1,1,0 hours 0 minutes,0,2 hours 0 minutes,120,Y,N
737,dha-0009,EM9,0,,,,,,,20141018,,,,,,,,,,0,,,,,,0,,,,,,,,,,0,,,,,,,,,,,,,,0,,,,,0,,,0,,,0,0,0,0,0,0,0,0,0,0,0,0,0,0,0,0,0,0,0,0,0,0,0,0,0,0,,,,,,,0,,Y,0,1,1,0 hours 0 minutes,0,2 hours 0 minutes,120,Y,N
405,dha-0010,em10,1,,,,,,,20140924,,,,,,,,,,0,,,,,,0,,,,,,,,,,0,,,,,,,,,,,,,,0,,,,,0,,,0,,,0,0,0,0,0,0,0,0,0,0,0,0,0,0,0,0,0,0,0,0,0,0,0,0,0,0,,,,,,,0,,Y,0,1,1,0 hours 0 minutes,0,1 hour 20 minutes,80,Y,N
404,dha-0010,em10,1,,,,,,,20140926,,,,,,,,,,0,,,,,,0,,,,,,,,,,0,,,,,,,,,,,,,,0,,,,,0,,,0,,,0,0,0,0,0,0,0,0,0,0,0,0,0,0,0,0,0,0,0,0,0,0,0,0,0,0,,,,,,,0,,Y,0,1,1,0 hours 0 minutes,0,1 hour 20 minutes,80,Y,N
440,dha-0010,em10,1,,,,,,,20140929,,,,,,,,,,0,,,,,,0,,,,,,,,,,0,,,,,,,,,,,,,,0,,,,,0,,,0,,,0,0,0,0,0,0,0,0,0,0,0,0,0,0,0,0,0,0,0,0,0,0,0,0,0,0,,,,,,,0,,Y,0,1,1,0 hours 0 minutes,0,1 hour 20 minutes,80,Y,N
561,dha-0010,em10,1,,,,,,,20141008,,,,,,,,,,0,,,,,,0,,,,,,,,,,0,,,,,,,,,,,,,,0,,,,,0,,,0,,,0,0,0,0,0,0,0,0,0,0,0,0,0,0,0,0,0,0,0,0,0,0,0,0,0,0,,,,,,,0,,Y,0,1,1,0 hours 0 minutes,0,1 hour 30 minutes,90,Y,N
777,dha-0010,em10,1,,,,,,,20141020,,,,,,,,,,0,,,,,,0,,,,,,,,,,0,,,,,,,,,,,,,,0,,,,,0,,,0,,,0,0,0,0,0,0,0,0,0,0,0,0,0,0,0,0,0,0,0,0,0,0,0,0,0,0,,,,,,,0,,Y,0,1,1,0 hours 0 minutes,0,1 hour 20 minutes,80,Y,N
780,dha-0010,em10,1,,,,,,,20141021,,,,,,,,,,0,,,,,,0,,,,,,,,,,0,,,,,,,,,,,,,,0,,,,,0,,,0,,,0,0,0,0,0,0,0,0,0,0,0,0,0,0,0,0,0,0,0,0,0,0,0,0,0,0,,,,,,,0,,Y,0,1,1,0 hours 0 minutes,0,1 hour 20 minutes,80,Y,N
778,dha-0010,em10,1,,,,,,,20141022,,,,,,,,,,0,,,,,,0,,,,,,,,,,0,,,,,,,,,,,,,,0,,,,,0,,,0,,,0,0,0,0,0,0,0,0,0,0,0,0,0,0,0,0,0,0,0,0,0,0,0,0,0,0,,,,,,,0,,Y,0,1,1,0 hours 0 minutes,0,2 hours 0 minutes,120,Y,N
909,dha-0010,em10,1,,,,,,,20141029,,,,,,,,,,0,,,,,,0,,,,,,,,,,0,,,,,,,,,,,,,,0,,,,,0,,,0,,,0,0,0,0,0,0,0,0,0,0,0,0,0,0,0,0,0,0,0,0,0,0,0,0,0,0,,,,,,,0,,Y,0,1,1,0 hours 0 minutes,0,1 hour 30 minutes,90,Y,N
934,dha-0010,em10,1,,,,,,,20141030,,,,,,,,,,0,,,,,,0,,,,,,,,,,0,,,,,,,,,,,,,,0,,,,,0,,,0,,,0,0,0,0,0,0,0,0,0,0,0,0,0,0,0,0,0,0,0,0,0,0,0,0,0,0,,,,,,,0,,Y,0,1,1,0 hours 0 minutes,0,1 hour 30 minutes,90,Y,N
986,dha-0010,em10,1,,,,,,,20141102,,,,,,,,,,0,,,,,,0,,,,,,,,,,0,,,,,,,,,,,,,,0,,,,,0,,,0,,,0,0,0,0,0,0,0,0,0,0,0,0,0,0,0,0,0,0,0,0,0,0,0,0,0,0,,,,,,,0,,Y,0,1,1,0 hours 0 minutes,0,4 hours 0 minutes,240,Y,N
1099,dha-0010,em10,1,,,,,,,20141108,,,,,,,,,,0,,,,,,0,,,,,,,,,,0,,,,,,,,,,,,,,0,,,,,0,,,0,,,0,0,0,0,0,0,0,0,0,0,0,0,0,0,0,0,0,0,0,0,0,0,0,0,0,0,,,,,,,0,,Y,0,1,1,0 hours 0 minutes,0,2 hours 0 minutes,120,Y,N
1148,dha-0010,em10,1,,,,,,,20141112,,,,,,,,,,0,,,,,,0,,,,,,,,,,0,,,,,,,,,,,,,,0,,,,,0,,,0,,,0,0,0,0,0,0,0,0,0,0,0,0,0,0,0,0,0,0,0,0,0,0,0,0,0,0,,,,,,,0,,Y,0,1,1,0 hours 0 minutes,0,1 hour 30 minutes,90,Y,N
1184,dha-0010,em10,1,,,,,,,20141114,,,,,,,,,,0,,,,,,0,,,,,,,,,,0,,,,,,,,,,,,,,0,,,,,0,,,0,,,0,0,0,0,0,0,0,0,0,0,0,0,0,0,0,0,0,0,0,0,0,0,0,0,0,0,,,,,,,0,,Y,0,1,1,0 hours 0 minutes,0,1 hour 30 minutes,90,Y,N
1220,dha-0010,em10,1,,,,,,,20141117,,,,,,,,,,0,,,,,,0,,,,,,,,,,0,,,,,,,,,,,,,,0,,,,,0,,,0,,,0,0,0,0,0,0,0,0,0,0,0,0,0,0,0,0,0,0,0,0,0,0,0,0,0,0,,,,,,,0,,Y,0,1,1,0 hours 0 minutes,0,1 hour 30 minutes,90,Y,N
115,dha-0013,em13,0,,,,,,,20140831,,,,,,,,,,0,,,,,,0,,,,,,,,,,0,,,,,,,,,,,,,,0,,,,,0,,,0,,,0,0,0,0,0,0,0,0,0,0,0,0,0,0,0,0,0,0,0,0,0,0,0,0,0,0,,,,,,,0,,Y,0,1,1,0 hours 0 minutes,0,0 hours 20 minutes,20,Y,N
126,dha-0013,em13,0,,,,,,,20140901,,,,,,,,,,0,,,,,,0,,,,,,,,,,0,,,,,,,,,,,,,,0,,,,,0,,,0,,,0,0,0,0,0,0,0,0,0,0,0,0,0,0,0,0,0,0,0,0,0,0,0,0,0,0,,,,,,,0,,Y,0,1,1,0 hours 0 minutes,0,0 hours 30 minutes,30,Y,N
143,dha-0013,em13,0,,,,,,,20140902,,,,,,,,,,0,,,,,,0,,,,,,,,,,0,,,,,,,,,,,,,,0,,,,,0,,,0,,,0,0,0,0,0,0,0,0,0,0,0,0,0,0,0,0,0,0,0,0,0,0,0,0,0,0,,,,,,,0,,Y,0,1,1,0 hours 0 minutes,0,0 hours 30 minutes,30,Y,N
147,dha-0013,em13,0,,,,,,,20140903,,,,,,,,,,0,,,,,,0,,,,,,,,,,0,,,,,,,,,,,,,,0,,,,,0,,,0,,,0,0,0,0,0,0,0,0,0,0,0,0,0,0,0,0,0,0,0,0,0,0,0,0,0,0,,,,,,,0,,Y,0,1,1,0 hours 0 minutes,0,0 hours 30 minutes,30,Y,N
156,dha-0013,em13,0,,,,,,,20140904,,,,,,,,,,0,,,,,,0,,,,,,,,,,0,,,,,,,,,,,,,,0,,,,,0,,,0,,,0,0,0,0,0,0,0,0,0,0,0,0,0,0,0,0,0,0,0,0,0,0,0,0,0,0,,,,,,,0,,Y,0,1,1,0 hours 0 minutes,0,0 hours 20 minutes,20,Y,N
181,dha-0013,em13,0,,,,,,,20140905,,,,,,,,,,0,,,,,,0,,,,,,,,,,0,,,,,,,,,,,,,,0,,,,,0,,,0,,,0,0,0,0,0,0,0,0,0,0,0,0,0,0,0,0,0,0,0,0,0,0,0,0,0,0,,,,,,,0,,Y,0,1,1,0 hours 0 minutes,0,0 hours 30 minutes,30,Y,N
180,dha-0013,em13,0,,,,,,,20140906,,,,,,,,,,0,,,,,,0,,,,,,,,,,0,,,,,,,,,,,,,,0,,,,,0,,,0,,,0,0,0,0,0,0,0,0,0,0,0,0,0,0,0,0,0,0,0,0,0,0,0,0,0,0,,,,,,,0,,Y,0,1,1,0 hours 0 minutes,0,0 hours 30 minutes,30,Y,N
184,dha-0013,em13,0,,,,,,,20140907,,,,,,,,,,0,,,,,,0,,,,,,,,,,0,,,,,,,,,,,,,,0,,,,,0,,,0,,,0,0,0,0,0,0,0,0,0,0,0,0,0,0,0,0,0,0,0,0,0,0,0,0,0,0,,,,,,,0,,Y,0,1,1,0 hours 0 minutes,0,0 hours 10 minutes,10,Y,N
197,dha-0013,em13,0,,,,,,,20140908,,,,,,,,,,0,,,,,,0,,,,,,,,,,0,,,,,,,,,,,,,,0,,,,,0,,,0,,,0,0,0,0,0,0,0,0,0,0,0,0,0,0,0,0,0,0,0,0,0,0,0,0,0,0,,,,,,,0,,Y,0,1,1,0 hours 0 minutes,0,1 hour 0 minutes,60,Y,N
223,dha-0013,em13,0,,,,,,,20140909,,,,,,,,,,0,,,,,,0,,,,,,,,,,0,,,,,,,,,,,,,,0,,,,,0,,,0,,,0,0,0,0,0,0,0,0,0,0,0,0,0,0,0,0,0,0,0,0,0,0,0,0,0,0,,,,,,,0,,Y,0,1,1,0 hours 0 minutes,0,1 hour 0 minutes,60,Y,N
224,dha-0013,em13,0,,,,,,,20140910,,,,,,,,,,0,,,,,,0,,,,,,,,,,0,,,,,,,,,,,,,,0,,,,,0,,,0,,,0,0,0,0,0,0,0,0,0,0,0,0,0,0,0,0,0,0,0,0,0,0,0,0,0,0,,,,,,,0,,Y,0,1,1,0 hours 0 minutes,0,0 hours 30 minutes,30,Y,N
232,dha-0013,em13,0,,,,,,,20140911,,,,,,,,,,0,,,,,,0,,,,,,,,,,0,,,,,,,,,,,,,,0,,,,,0,,,0,,,0,0,0,0,0,0,0,0,0,0,0,0,0,0,0,0,0,0,0,0,0,0,0,0,0,0,,,,,,,0,,Y,0,1,1,0 hours 0 minutes,0,0 hours 40 minutes,40,Y,N
267,dha-0013,em13,0,,,,,,,20140913,,,,,,,,,,0,,,,,,0,,,,,,,,,,0,,,,,,,,,,,,,,0,,,,,0,,,0,,,0,0,0,0,0,0,0,0,0,0,0,0,0,0,0,0,0,0,0,0,0,0,0,0,0,0,,,,,,,0,,Y,0,1,1,0 hours 0 minutes,0,0 hours 30 minutes,30,Y,N
265,dha-0013,em13,0,,,,,,,20140914,,,,,,,,,,0,,,,,,0,,,,,,,,,,0,,,,,,,,,,,,,,0,,,,,0,,,0,,,0,0,0,0,0,0,0,0,0,0,0,0,0,0,0,0,0,0,0,0,0,0,0,0,0,0,,,,,,,0,,Y,0,1,1,0 hours 0 minutes,0,0 hours 20 minutes,20,Y,N
296,dha-0013,em13,0,,,,,,,20140915,,,,,,,,,,0,,,,,,0,,,,,,,,,,0,,,,,,,,,,,,,,0,,,,,0,,,0,,,0,0,0,0,0,0,0,0,0,0,0,0,0,0,0,0,0,0,0,0,0,0,0,0,0,0,,,,,,,0,,Y,0,1,1,0 hours 0 minutes,0,0 hours 30 minutes,30,Y,N
297,dha-0013,em13,0,,,,,,,20140916,,,,,,,,,,0,,,,,,0,,,,,,,,,,0,,,,,,,,,,,,,,0,,,,,0,,,0,,,0,0,0,0,0,0,0,0,0,0,0,0,0,0,0,0,0,0,0,0,0,0,0,0,0,0,,,,,,,0,,Y,0,1,1,0 hours 0 minutes,0,0 hours 30 minutes,30,Y,N
324,dha-0013,em13,0,,,,,,,20140918,,,,,,,,,,0,,,,,,0,,,,,,,,,,0,,,,,,,,,,,,,,0,,,,,0,,,0,,,0,0,0,0,0,0,0,0,0,0,0,0,0,0,0,0,0,0,0,0,0,0,0,0,0,0,,,,,,,0,,Y,0,1,1,0 hours 0 minutes,0,0 hours 30 minutes,30,Y,N
325,dha-0013,em13,0,,,,,,,20140919,,,,,,,,,,0,,,,,,0,,,,,,,,,,0,,,,,,,,,,,,,,0,,,,,0,,,0,,,0,0,0,0,0,0,0,0,0,0,0,0,0,0,0,0,0,0,0,0,0,0,0,0,0,0,,,,,,,0,,Y,0,1,1,0 hours 0 minutes,0,0 hours 40 minutes,40,Y,N
363,dha-0013,em13,0,,,,,,,20140920,,,,,,,,,,0,,,,,,0,,,,,,,,,,0,,,,,,,,,,,,,,0,,,,,0,,,0,,,0,0,0,0,0,0,0,0,0,0,0,0,0,0,0,0,0,0,0,0,0,0,0,0,0,0,,,,,,,0,,Y,0,1,1,0 hours 0 minutes,0,0 hours 20 minutes,20,Y,N
364,dha-0013,em13,0,,,,,,,20140921,,,,,,,,,,0,,,,,,0,,,,,,,,,,0,,,,,,,,,,,,,,0,,,,,0,,,0,,,0,0,0,0,0,0,0,0,0,0,0,0,0,0,0,0,0,0,0,0,0,0,0,0,0,0,,,,,,,0,,Y,0,1,1,0 hours 0 minutes,0,0 hours 40 minutes,40,Y,N
365,dha-0013,em13,0,,,,,,,20140922,,,,,,,,,,0,,,,,,0,,,,,,,,,,0,,,,,,,,,,,,,,0,,,,,0,,,0,,,0,0,0,0,0,0,0,0,0,0,0,0,0,0,0,0,0,0,0,0,0,0,0,0,0,0,,,,,,,0,,Y,0,1,1,0 hours 0 minutes,0,0 hours 30 minutes,30,Y,N
381,dha-0013,em13,0,,,,,,,20140923,,,,,,,,,,0,,,,,,0,,,,,,,,,,0,,,,,,,,,,,,,,0,,,,,0,,,0,,,0,0,0,0,0,0,0,0,0,0,0,0,0,0,0,0,0,0,0,0,0,0,0,0,0,0,,,,,,,0,,Y,0,1,1,0 hours 0 minutes,0,0 hours 30 minutes,30,Y,N
384,dha-0013,em13,0,,,,,,,20140924,,,,,,,,,,0,,,,,,0,,,,,,,,,,0,,,,,,,,,,,,,,0,,,,,0,,,0,,,0,0,0,0,0,0,0,0,0,0,0,0,0,0,0,0,0,0,0,0,0,0,0,0,0,0,,,,,,,0,,Y,0,1,1,0 hours 0 minutes,0,0 hours 30 minutes,30,Y,N
413,dha-0013,em13,0,,,,,,,20140925,,,,,,,,,,0,,,,,,0,,,,,,,,,,0,,,,,,,,,,,,,,0,,,,,0,,,0,,,0,0,0,0,0,0,0,0,0,0,0,0,0,0,0,0,0,0,0,0,0,0,0,0,0,0,,,,,,,0,,Y,0,1,1,0 hours 0 minutes,0,0 hours 30 minutes,30,Y,N
414,dha-0013,em13,0,,,,,,,20140926,,,,,,,,,,0,,,,,,0,,,,,,,,,,0,,,,,,,,,,,,,,0,,,,,0,,,0,,,0,0,0,0,0,0,0,0,0,0,0,0,0,0,0,0,0,0,0,0,0,0,0,0,0,0,,,,,,,0,,Y,0,1,1,0 hours 0 minutes,0,0 hours 30 minutes,30,Y,N
431,dha-0013,em13,0,,,,,,,20140929,,,,,,,,,,0,,,,,,0,,,,,,,,,,0,,,,,,,,,,,,,,0,,,,,0,,,0,,,0,0,0,0,0,0,0,0,0,0,0,0,0,0,0,0,0,0,0,0,0,0,0,0,0,0,,,,,,,0,,Y,0,1,1,0 hours 0 minutes,0,0 hours 40 minutes,40,Y,N
472,dha-0013,em13,0,,,,,,,20140930,,,,,,,,,,0,,,,,,0,,,,,,,,,,0,,,,,,,,,,,,,,0,,,,,0,,,0,,,0,0,0,0,0,0,0,0,0,0,0,0,0,0,0,0,0,0,0,0,0,0,0,0,0,0,,,,,,,0,,Y,0,1,1,0 hours 0 minutes,0,0 hours 30 minutes,30,Y,N
473,dha-0013,em13,0,,,,,,,20141001,,,,,,,,,,0,,,,,,0,,,,,,,,,,0,,,,,,,,,,,,,,0,,,,,0,,,0,,,0,0,0,0,0,0,0,0,0,0,0,0,0,0,0,0,0,0,0,0,0,0,0,0,0,0,,,,,,,0,,Y,0,1,1,0 hours 0 minutes,0,0 hours 40 minutes,40,Y,N
483,dha-0013,em13,0,,,,,,,20141002,,,,,,,,,,0,,,,,,0,,,,,,,,,,0,,,,,,,,,,,,,,0,,,,,0,,,0,,,0,0,0,0,0,0,0,0,0,0,0,0,0,0,0,0,0,0,0,0,0,0,0,0,0,0,,,,,,,0,,Y,0,1,1,0 hours 0 minutes,0,0 hours 30 minutes,30,Y,N
497,dha-0013,em13,0,,,,,,,20141003,,,,,,,,,,0,,,,,,0,,,,,,,,,,0,,,,,,,,,,,,,,0,,,,,0,,,0,,,0,0,0,0,0,0,0,0,0,0,0,0,0,0,0,0,0,0,0,0,0,0,0,0,0,0,,,,,,,0,,Y,0,1,1,0 hours 0 minutes,0,0 hours 30 minutes,30,Y,N
498,dha-0013,em13,0,,,,,,,20141004,,,,,,,,,,0,,,,,,0,,,,,,,,,,0,,,,,,,,,,,,,,0,,,,,0,,,0,,,0,0,0,0,0,0,0,0,0,0,0,0,0,0,0,0,0,0,0,0,0,0,0,0,0,0,,,,,,,0,,Y,0,1,1,0 hours 0 minutes,0,0 hours 50 minutes,50,Y,N
510,dha-0013,em13,0,,,,,,,20141005,,,,,,,,,,0,,,,,,0,,,,,,,,,,0,,,,,,,,,,,,,,0,,,,,0,,,0,,,0,0,0,0,0,0,0,0,0,0,0,0,0,0,0,0,0,0,0,0,0,0,0,0,0,0,,,,,,,0,,Y,0,1,1,0 hours 0 minutes,0,0 hours 30 minutes,30,Y,N
535,dha-0013,em13,0,,,,,,,20141006,,,,,,,,,,0,,,,,,0,,,,,,,,,,0,,,,,,,,,,,,,,0,,,,,0,,,0,,,0,0,0,0,0,0,0,0,0,0,0,0,0,0,0,0,0,0,0,0,0,0,0,0,0,0,,,,,,,0,,Y,0,1,1,0 hours 0 minutes,0,0 hours 30 minutes,30,Y,N
562,dha-0013,em13,0,,,,,,,20141007,,,,,,,,,,0,,,,,,0,,,,,,,,,,0,,,,,,,,,,,,,,0,,,,,0,,,0,,,0,0,0,0,0,0,0,0,0,0,0,0,0,0,0,0,0,0,0,0,0,0,0,0,0,0,,,,,,,0,,Y,0,1,1,0 hours 0 minutes,0,0 hours 30 minutes,30,Y,N
563,dha-0013,em13,0,,,,,,,20141008,,,,,,,,,,0,,,,,,0,,,,,,,,,,0,,,,,,,,,,,,,,0,,,,,0,,,0,,,0,0,0,0,0,0,0,0,0,0,0,0,0,0,0,0,0,0,0,0,0,0,0,0,0,0,,,,,,,0,,Y,0,1,1,0 hours 0 minutes,0,0 hours 30 minutes,30,Y,N
587,dha-0013,em13,0,,,,,,,20141009,,,,,,,,,,0,,,,,,0,,,,,,,,,,0,,,,,,,,,,,,,,0,,,,,0,,,0,,,0,0,0,0,0,0,0,0,0,0,0,0,0,0,0,0,0,0,0,0,0,0,0,0,0,0,,,,,,,0,,Y,0,1,1,0 hours 0 minutes,0,0 hours 30 minutes,30,Y,N
588,dha-0013,em13,0,,,,,,,20141010,,,,,,,,,,0,,,,,,0,,,,,,,,,,0,,,,,,,,,,,,,,0,,,,,0,,,0,,,0,0,0,0,0,0,0,0,0,0,0,0,0,0,0,0,0,0,0,0,0,0,0,0,0,0,,,,,,,0,,Y,0,1,1,0 hours 0 minutes,0,0 hours 30 minutes,30,Y,N
700,dha-0013,em13,0,,,,,,,20141011,,,,,,,,,,0,,,,,,0,,,,,,,,,,0,,,,,,,,,,,,,,0,,,,,0,,,0,,,0,0,0,0,0,0,0,0,0,0,0,0,0,0,0,0,0,0,0,0,0,0,0,0,0,0,,,,,,,0,,Y,0,1,1,0 hours 0 minutes,0,0 hours 30 minutes,30,Y,N
701,dha-0013,em13,0,,,,,,,20141012,,,,,,,,,,0,,,,,,0,,,,,,,,,,0,,,,,,,,,,,,,,0,,,,,0,,,0,,,0,0,0,0,0,0,0,0,0,0,0,0,0,0,0,0,0,0,0,0,0,0,0,0,0,0,,,,,,,0,,Y,0,1,1,0 hours 0 minutes,0,0 hours 30 minutes,30,Y,N
702,dha-0013,em13,0,,,,,,,20141013,,,,,,,,,,0,,,,,,0,,,,,,,,,,0,,,,,,,,,,,,,,0,,,,,0,,,0,,,0,0,0,0,0,0,0,0,0,0,0,0,0,0,0,0,0,0,0,0,0,0,0,0,0,0,,,,,,,0,,Y,0,1,1,0 hours 0 minutes,0,0 hours 30 minutes,30,Y,N
703,dha-0013,em13,0,,,,,,,20141014,,,,,,,,,,0,,,,,,0,,,,,,,,,,0,,,,,,,,,,,,,,0,,,,,0,,,0,,,0,0,0,0,0,0,0,0,0,0,0,0,0,0,0,0,0,0,0,0,0,0,0,0,0,0,,,,,,,0,,Y,0,1,1,0 hours 0 minutes,0,0 hours 30 minutes,30,Y,N
704,dha-0013,em13,0,,,,,,,20141015,,,,,,,,,,0,,,,,,0,,,,,,,,,,0,,,,,,,,,,,,,,0,,,,,0,,,0,,,0,0,0,0,0,0,0,0,0,0,0,0,0,0,0,0,0,0,0,0,0,0,0,0,0,0,,,,,,,0,,Y,0,1,1,0 hours 0 minutes,0,0 hours 30 minutes,30,Y,N
705,dha-0013,em13,0,,,,,,,20141016,,,,,,,,,,0,,,,,,0,,,,,,,,,,0,,,,,,,,,,,,,,0,,,,,0,,,0,,,0,0,0,0,0,0,0,0,0,0,0,0,0,0,0,0,0,0,0,0,0,0,0,0,0,0,,,,,,,0,,Y,0,1,1,0 hours 0 minutes,0,0 hours 30 minutes,30,Y,N
718,dha-0013,em13,0,,,,,,,20141017,,,,,,,,,,0,,,,,,0,,,,,,,,,,0,,,,,,,,,,,,,,0,,,,,0,,,0,,,0,0,0,0,0,0,0,0,0,0,0,0,0,0,0,0,0,0,0,0,0,0,0,0,0,0,,,,,,,0,,Y,0,1,1,0 hours 0 minutes,0,0 hours 30 minutes,30,Y,N
733,dha-0013,em13,0,,,,,,,20141018,,,,,,,,,,0,,,,,,0,,,,,,,,,,0,,,,,,,,,,,,,,0,,,,,0,,,0,,,0,0,0,0,0,0,0,0,0,0,0,0,0,0,0,0,0,0,0,0,0,0,0,0,0,0,,,,,,,0,,Y,0,1,1,0 hours 0 minutes,0,0 hours 30 minutes,30,Y,N
739,dha-0013,em13,0,,,,,,,20141019,,,,,,,,,,0,,,,,,0,,,,,,,,,,0,,,,,,,,,,,,,,0,,,,,0,,,0,,,0,0,0,0,0,0,0,0,0,0,0,0,0,0,0,0,0,0,0,0,0,0,0,0,0,0,,,,,,,0,,Y,0,1,1,0 hours 0 minutes,0,0 hours 30 minutes,30,Y,N
775,dha-0013,em13,0,,,,,,,20141021,,,,,,,,,,0,,,,,,0,,,,,,,,,,0,,,,,,,,,,,,,,0,,,,,0,,,0,,,0,0,0,0,0,0,0,0,0,0,0,0,0,0,0,0,0,0,0,0,0,0,0,0,0,0,,,,,,,0,,Y,0,1,1,0 hours 0 minutes,0,0 hours 30 minutes,30,Y,N
782,dha-0013,em13,0,,,,,,,20141022,,,,,,,,,,0,,,,,,0,,,,,,,,,,0,,,,,,,,,,,,,,0,,,,,0,,,0,,,0,0,0,0,0,0,0,0,0,0,0,0,0,0,0,0,0,0,0,0,0,0,0,0,0,0,,,,,,,0,,Y,0,1,1,0 hours 0 minutes,0,0 hours 30 minutes,30,Y,N
812,dha-0013,em13,0,,,,,,,20141023,,,,,,,,,,0,,,,,,0,,,,,,,,,,0,,,,,,,,,,,,,,0,,,,,0,,,0,,,0,0,0,0,0,0,0,0,0,0,0,0,0,0,0,0,0,0,0,0,0,0,0,0,0,0,,,,,,,0,,Y,0,1,1,0 hours 0 minutes,0,0 hours 30 minutes,30,Y,N
826,dha-0013,em13,0,,,,,,,20141024,,,,,,,,,,0,,,,,,0,,,,,,,,,,0,,,,,,,,,,,,,,0,,,,,0,,,0,,,0,0,0,0,0,0,0,0,0,0,0,0,0,0,0,0,0,0,0,0,0,0,0,0,0,0,,,,,,,0,,Y,0,1,1,0 hours 0 minutes,0,0 hours 30 minutes,30,Y,N
836,dha-0013,em13,0,,,,,,,20141025,,,,,,,,,,0,,,,,,0,,,,,,,,,,0,,,,,,,,,,,,,,0,,,,,0,,,0,,,0,0,0,0,0,0,0,0,0,0,0,0,0,0,0,0,0,0,0,0,0,0,0,0,0,0,,,,,,,0,,Y,0,1,1,0 hours 0 minutes,0,0 hours 30 minutes,30,Y,N
873,dha-0013,em13,0,,,,,,,20141026,,,,,,,,,,0,,,,,,0,,,,,,,,,,0,,,,,,,,,,,,,,0,,,,,0,,,0,,,0,0,0,0,0,0,0,0,0,0,0,0,0,0,0,0,0,0,0,0,0,0,0,0,0,0,,,,,,,0,,Y,0,1,1,0 hours 0 minutes,0,0 hours 30 minutes,30,Y,N
876,dha-0013,em13,0,,,,,,,20141027,,,,,,,,,,0,,,,,,0,,,,,,,,,,0,,,,,,,,,,,,,,0,,,,,0,,,0,,,0,0,0,0,0,0,0,0,0,0,0,0,0,0,0,0,0,0,0,0,0,0,0,0,0,0,,,,,,,0,,Y,0,1,1,0 hours 0 minutes,0,0 hours 30 minutes,30,Y,N
883,dha-0013,em13,0,,,,,,,20141028,,,,,,,,,,0,,,,,,0,,,,,,,,,,0,,,,,,,,,,,,,,0,,,,,0,,,0,,,0,0,0,0,0,0,0,0,0,0,0,0,0,0,0,0,0,0,0,0,0,0,0,0,0,0,,,,,,,0,,Y,0,1,1,0 hours 0 minutes,0,0 hours 30 minutes,30,Y,N
900,dha-0013,em13,0,,,,,,,20141029,,,,,,,,,,0,,,,,,0,,,,,,,,,,0,,,,,,,,,,,,,,0,,,,,0,,,0,,,0,0,0,0,0,0,0,0,0,0,0,0,0,0,0,0,0,0,0,0,0,0,0,0,0,0,,,,,,,0,,Y,0,1,1,0 hours 0 minutes,0,0 hours 30 minutes,30,Y,N
930,dha-0013,em13,0,,,,,,,20141030,,,,,,,,,,0,,,,,,0,,,,,,,,,,0,,,,,,,,,,,,,,0,,,,,0,,,0,,,0,0,0,0,0,0,0,0,0,0,0,0,0,0,0,0,0,0,0,0,0,0,0,0,0,0,,,,,,,0,,Y,0,1,1,0 hours 0 minutes,0,0 hours 30 minutes,30,Y,N
929,dha-0013,em13,0,,,,,,,20141031,,,,,,,,,,0,,,,,,0,,,,,,,,,,0,,,,,,,,,,,,,,0,,,,,0,,,0,,,0,0,0,0,0,0,0,0,0,0,0,0,0,0,0,0,0,0,0,0,0,0,0,0,0,0,,,,,,,0,,Y,0,1,1,0 hours 0 minutes,0,0 hours 30 minutes,30,Y,N
950,dha-0013,em13,0,,,,,,,20141101,,,,,,,,,,0,,,,,,0,,,,,,,,,,0,,,,,,,,,,,,,,0,,,,,0,,,0,,,0,0,0,0,0,0,0,0,0,0,0,0,0,0,0,0,0,0,0,0,0,0,0,0,0,0,,,,,,,0,,Y,0,1,1,0 hours 0 minutes,0,0 hours 30 minutes,30,Y,N
963,dha-0013,em13,0,,,,,,,20141102,,,,,,,,,,0,,,,,,0,,,,,,,,,,0,,,,,,,,,,,,,,0,,,,,0,,,0,,,0,0,0,0,0,0,0,0,0,0,0,0,0,0,0,0,0,0,0,0,0,0,0,0,0,0,,,,,,,0,,Y,0,1,1,0 hours 0 minutes,0,0 hours 30 minutes,30,Y,N
974,dha-0013,em13,0,,,,,,,20141103,,,,,,,,,,0,,,,,,0,,,,,,,,,,0,,,,,,,,,,,,,,0,,,,,0,,,0,,,0,0,0,0,0,0,0,0,0,0,0,0,0,0,0,0,0,0,0,0,0,0,0,0,0,0,,,,,,,0,,Y,0,1,1,0 hours 0 minutes,0,0 hours 30 minutes,30,Y,N
1005,dha-0013,em13,0,,,,,,,20141104,,,,,,,,,,0,,,,,,0,,,,,,,,,,0,,,,,,,,,,,,,,0,,,,,0,,,0,,,0,0,0,0,0,0,0,0,0,0,0,0,0,0,0,0,0,0,0,0,0,0,0,0,0,0,,,,,,,0,,Y,0,1,1,0 hours 0 minutes,0,0 hours 30 minutes,30,Y,N
1025,dha-0013,em13,0,,,,,,,20141105,,,,,,,,,,0,,,,,,0,,,,,,,,,,0,,,,,,,,,,,,,,0,,,,,0,,,0,,,0,0,0,0,0,0,0,0,0,0,0,0,0,0,0,0,0,0,0,0,0,0,0,0,0,0,,,,,,,0,,Y,0,1,1,0 hours 0 minutes,0,0 hours 30 minutes,30,Y,N
1028,dha-0013,em13,0,,,,,,,20141106,,,,,,,,,,0,,,,,,0,,,,,,,,,,0,,,,,,,,,,,,,,0,,,,,0,,,0,,,0,0,0,0,0,0,0,0,0,0,0,0,0,0,0,0,0,0,0,0,0,0,0,0,0,0,,,,,,,0,,Y,0,1,1,0 hours 0 minutes,0,0 hours 30 minutes,30,Y,N
1078,dha-0013,em13,0,,,,,,,20141108,,,,,,,,,,0,,,,,,0,,,,,,,,,,0,,,,,,,,,,,,,,0,,,,,0,,,0,,,0,0,0,0,0,0,0,0,0,0,0,0,0,0,0,0,0,0,0,0,0,0,0,0,0,0,,,,,,,0,,Y,0,1,1,0 hours 0 minutes,0,0 hours 30 minutes,30,Y,N
1127,dha-0013,em13,0,,,,,,,20141110,,,,,,,,,,0,,,,,,0,,,,,,,,,,0,,,,,,,,,,,,,,0,,,,,0,,,0,,,0,0,0,0,0,0,0,0,0,0,0,0,0,0,0,0,0,0,0,0,0,0,0,0,0,0,,,,,,,0,,Y,0,1,1,0 hours 0 minutes,0,0 hours 30 minutes,30,Y,N
1128,dha-0013,em13,0,,,,,,,20141111,,,,,,,,,,0,,,,,,0,,,,,,,,,,0,,,,,,,,,,,,,,0,,,,,0,,,0,,,0,0,0,0,0,0,0,0,0,0,0,0,0,0,0,0,0,0,0,0,0,0,0,0,0,0,,,,,,,0,,Y,0,1,1,0 hours 0 minutes,0,0 hours 30 minutes,30,Y,N
1150,dha-0013,em13,0,,,,,,,20141112,,,,,,,,,,0,,,,,,0,,,,,,,,,,0,,,,,,,,,,,,,,0,,,,,0,,,0,,,0,0,0,0,0,0,0,0,0,0,0,0,0,0,0,0,0,0,0,0,0,0,0,0,0,0,,,,,,,0,,Y,0,1,1,0 hours 0 minutes,0,0 hours 30 minutes,30,Y,N
1166,dha-0013,em13,0,,,,,,,20141113,,,,,,,,,,0,,,,,,0,,,,,,,,,,0,,,,,,,,,,,,,,0,,,,,0,,,0,,,0,0,0,0,0,0,0,0,0,0,0,0,0,0,0,0,0,0,0,0,0,0,0,0,0,0,,,,,,,0,,Y,0,1,1,0 hours 0 minutes,0,0 hours 50 minutes,50,Y,N
1224,dha-0013,em13,0,,,,,,,20141114,,,,,,,,,,0,,,,,,0,,,,,,,,,,0,,,,,,,,,,,,,,0,,,,,0,,,0,,,0,0,0,0,0,0,0,0,0,0,0,0,0,0,0,0,0,0,0,0,0,0,0,0,0,0,,,,,,,0,,Y,0,1,1,0 hours 0 minutes,0,0 hours 30 minutes,30,Y,N
1225,dha-0013,em13,0,,,,,,,20141115,,,,,,,,,,0,,,,,,0,,,,,,,,,,0,,,,,,,,,,,,,,0,,,,,0,,,0,,,0,0,0,0,0,0,0,0,0,0,0,0,0,0,0,0,0,0,0,0,0,0,0,0,0,0,,,,,,,0,,Y,0,1,1,0 hours 0 minutes,0,0 hours 30 minutes,30,Y,N
1226,dha-0013,em13,0,,,,,,,20141116,,,,,,,,,,0,,,,,,0,,,,,,,,,,0,,,,,,,,,,,,,,0,,,,,0,,,0,,,0,0,0,0,0,0,0,0,0,0,0,0,0,0,0,0,0,0,0,0,0,0,0,0,0,0,,,,,,,0,,Y,0,1,1,0 hours 0 minutes,0,0 hours 20 minutes,20,Y,N
1257,dha-0013,em13,0,,,,,,,20141119,,,,,,,,,,0,,,,,,0,,,,,,,,,,0,,,,,,,,,,,,,,0,,,,,0,,,0,,,0,0,0,0,0,0,0,0,0,0,0,0,0,0,0,0,0,0,0,0,0,0,0,0,0,0,,,,,,,0,,Y,0,1,1,0 hours 0 minutes,0,2 hours 0 minutes,120,Y,N
1294,dha-0013,em13,0,,,,,,,20141120,,,,,,,,,,0,,,,,,0,,,,,,,,,,0,,,,,,,,,,,,,,0,,,,,0,,,0,,,0,0,0,0,0,0,0,0,0,0,0,0,0,0,0,0,0,0,0,0,0,0,0,0,0,0,,,,,,,0,,Y,0,1,1,0 hours 0 minutes,0,0 hours 30 minutes,30,Y,N
816,dha-0015,em15,0,,,,,,,20141017,,,,,,,,,,0,,,,,,0,,,,,,,,,,0,,,,,,,,,,,,,,0,,,,,0,,,0,,,0,0,0,0,0,0,0,0,0,0,0,0,0,0,0,0,0,0,0,0,0,0,0,0,0,0,,,,,,,0,,Y,0,1,1,0 hours 0 minutes,0,0 hours 30 minutes,30,Y,N
818,dha-0015,em15,0,,,,,,,20141019,,,,,,,,,,0,,,,,,0,,,,,,,,,,0,,,,,,,,,,,,,,0,,,,,0,,,0,,,0,0,0,0,0,0,0,0,0,0,0,0,0,0,0,0,0,0,0,0,0,0,0,0,0,0,,,,,,,0,,Y,0,1,1,0 hours 0 minutes,0,0 hours 30 minutes,30,Y,N
821,dha-0015,em15,0,,,,,,,20141023,,,,,,,,,,0,,,,,,0,,,,,,,,,,0,,,,,,,,,,,,,,0,,,,,0,,,0,,,0,0,0,0,0,0,0,0,0,0,0,0,0,0,0,0,0,0,0,0,0,0,0,0,0,0,,,,,,,0,,Y,0,1,1,0 hours 0 minutes,0,1 hour 0 minutes,60,Y,N
251,dha-0018,EM18,1,,,,,,,20140912,,,,,,,,,,0,,,,,,0,,,,,,,,,,0,,,,,,,,,,,,,,0,,,,,0,,,0,,,0,0,0,0,0,0,0,0,0,0,0,0,0,0,0,0,0,0,0,0,0,0,0,0,0,0,,,,,,,0,,Y,0,1,1,0 hours 0 minutes,0,1 hour 0 minutes,60,Y,N
403,dha-0018,EM18,1,,,,,,,20140926,,,,,,,,,,0,,,,,,0,,,,,,,,,,0,,,,,,,,,,,,,,0,,,,,0,,,0,,,0,0,0,0,0,0,0,0,0,0,0,0,0,0,0,0,0,0,0,0,0,0,0,0,0,0,,,,,,,0,,Y,0,1,1,0 hours 0 minutes,0,0 hours 40 minutes,40,Y,N
599,dha-0018,EM18,1,,,,,,,20141010,,,,,,,,,,0,,,,,,0,,,,,,,,,,0,,,,,,,,,,,,,,0,,,,,0,,,0,,,0,0,0,0,0,0,0,0,0,0,0,0,0,0,0,0,0,0,0,0,0,0,0,0,0,0,,,,,,,0,,Y,0,1,1,0 hours 0 minutes,0,1 hour 0 minutes,60,Y,N
781,dha-0018,EM18,1,,,,,,,20141022,,,,,,,,,,0,,,,,,0,,,,,,,,,,0,,,,,,,,,,,,,,0,,,,,0,,,0,,,0,0,0,0,0,0,0,0,0,0,0,0,0,0,0,0,0,0,0,0,0,0,0,0,0,0,,,,,,,0,,Y,0,1,1,0 hours 0 minutes,0,0 hours 30 minutes,30,Y,N
456,dha-0022,em22,0,,,,,,,20141001,,,,,,,,,,0,,,,,,0,,,,,,,,,,0,,,,,,,,,,,,,,0,,,,,0,,,0,,,0,0,0,0,0,0,0,0,0,0,0,0,0,0,0,0,0,0,0,0,0,0,0,0,0,0,,,,,,,0,,Y,0,1,1,0 hours 0 minutes,0,0 hours 10 minutes,10,Y,N
493,dha-0022,em22,0,,,,,,,20141003,,,,,,,,,,0,,,,,,0,,,,,,,,,,0,,,,,,,,,,,,,,0,,,,,0,,,0,,,0,0,0,0,0,0,0,0,0,0,0,0,0,0,0,0,0,0,0,0,0,0,0,0,0,0,,,,,,,0,,Y,0,1,1,0 hours 0 minutes,0,0 hours 10 minutes,10,Y,N
514,dha-0022,em22,0,,,,,,,20141004,,,,,,,,,,0,,,,,,0,,,,,,,,,,0,,,,,,,,,,,,,,0,,,,,0,,,0,,,0,0,0,0,0,0,0,0,0,0,0,0,0,0,0,0,0,0,0,0,0,0,0,0,0,0,,,,,,,0,,Y,0,1,1,0 hours 0 minutes,0,0 hours 10 minutes,10,Y,N
567,dha-0022,em22,0,,,,,,,20141007,,,,,,,,,,0,,,,,,0,,,,,,,,,,0,,,,,,,,,,,,,,0,,,,,0,,,0,,,0,0,0,0,0,0,0,0,0,0,0,0,0,0,0,0,0,0,0,0,0,0,0,0,0,0,,,,,,,0,,Y,0,1,1,0 hours 0 minutes,0,0 hours 10 minutes,10,Y,N
582,dha-0022,em22,0,,,,,,,20141008,,,,,,,,,,0,,,,,,0,,,,,,,,,,0,,,,,,,,,,,,,,0,,,,,0,,,0,,,0,0,0,0,0,0,0,0,0,0,0,0,0,0,0,0,0,0,0,0,0,0,0,0,0,0,,,,,,,0,,Y,0,1,1,0 hours 0 minutes,0,0 hours 10 minutes,10,Y,N
583,dha-0022,em22,0,,,,,,,20141009,,,,,,,,,,0,,,,,,0,,,,,,,,,,0,,,,,,,,,,,,,,0,,,,,0,,,0,,,0,0,0,0,0,0,0,0,0,0,0,0,0,0,0,0,0,0,0,0,0,0,0,0,0,0,,,,,,,0,,Y,0,1,1,0 hours 0 minutes,0,0 hours 10 minutes,10,Y,N
1277,dha-0022,em22,0,,,,,,,20141120,,,,,,,,,,0,,,,,,0,,,,,,,,,,0,,,,,,,,,,,,,,0,,,,,0,,,0,,,0,0,0,0,0,0,0,0,0,0,0,0,0,0,0,0,0,0,0,0,0,0,0,0,0,0,,,,,,,0,,Y,0,1,1,0 hours 0 minutes,0,0 hours 10 minutes,10,Y,N
1323,dha-0022,em22,0,,,,,,,20141121,,,,,,,,,,0,,,,,,0,,,,,,,,,,0,,,,,,,,,,,,,,0,,,,,0,,,0,,,0,0,0,0,0,0,0,0,0,0,0,0,0,0,0,0,0,0,0,0,0,0,0,0,0,0,,,,,,,0,,Y,0,1,1,0 hours 0 minutes,0,0 hours 20 minutes,20,Y,N
1393,dha-0022,em22,0,,,,,,,20141124,,,,,,,,,,0,,,,,,0,,,,,,,,,,0,,,,,,,,,,,,,,0,,,,,0,,,0,,,0,0,0,0,0,0,0,0,0,0,0,0,0,0,0,0,0,0,0,0,0,0,0,0,0,0,,,,,,,0,,Y,0,1,1,0 hours 0 minutes,0,0 hours 10 minutes,10,Y,N
452,dha-0023,EM23,0,,,,,,,20140930,,,,,,,,,,0,,,,,,0,,,,,,,,,,0,,,,,,,,,,,,,,0,,,,,0,,,0,,,0,0,0,0,0,0,0,0,0,0,0,0,0,0,0,0,0,0,0,0,0,0,0,0,0,0,,,,,,,0,,Y,0,1,1,0 hours 0 minutes,0,0 hours 30 minutes,30,Y,N
690,dha-0023,EM23,0,,,,,,,20141016,,,,,,,,,,0,,,,,,0,,,,,,,,,,0,,,,,,,,,,,,,,0,,,,,0,,,0,,,0,0,0,0,0,0,0,0,0,0,0,0,0,0,0,0,0,0,0,0,0,0,0,0,0,0,,,,,,,0,,Y,0,1,1,0 hours 0 minutes,0,0 hours 30 minutes,30,Y,N
904,dha-0023,EM23,0,,,,,,,20141029,,,,,,,,,,0,,,,,,0,,,,,,,,,,0,,,,,,,,,,,,,,0,,,,,0,,,0,,,0,0,0,0,0,0,0,0,0,0,0,0,0,0,0,0,0,0,0,0,0,0,0,0,0,0,,,,,,,0,,Y,0,1,1,0 hours 0 minutes,0,0 hours 30 minutes,30,Y,N
917,dha-0023,EM23,0,,,,,,,20141030,,,,,,,,,,0,,,,,,0,,,,,,,,,,0,,,,,,,,,,,,,,0,,,,,0,,,0,,,0,0,0,0,0,0,0,0,0,0,0,0,0,0,0,0,0,0,0,0,0,0,0,0,0,0,,,,,,,0,,Y,0,1,1,0 hours 0 minutes,0,0 hours 30 minutes,30,Y,N
1035,dha-0023,EM23,0,,,,,,,20141104,,,,,,,,,,0,,,,,,0,,,,,,,,,,0,,,,,,,,,,,,,,0,,,,,0,,,0,,,0,0,0,0,0,0,0,0,0,0,0,0,0,0,0,0,0,0,0,0,0,0,0,0,0,0,,,,,,,0,,Y,0,1,1,0 hours 0 minutes,0,0 hours 30 minutes,30,Y,N
1034,dha-0023,EM23,0,,,,,,,20141106,,,,,,,,,,0,,,,,,0,,,,,,,,,,0,,,,,,,,,,,,,,0,,,,,0,,,0,,,0,0,0,0,0,0,0,0,0,0,0,0,0,0,0,0,0,0,0,0,0,0,0,0,0,0,,,,,,,0,,Y,0,1,1,0 hours 0 minutes,0,0 hours 30 minutes,30,Y,N
1082,dha-0023,EM23,0,,,,,,,20141107,,,,,,,,,,0,,,,,,0,,,,,,,,,,0,,,,,,,,,,,,,,0,,,,,0,,,0,,,0,0,0,0,0,0,0,0,0,0,0,0,0,0,0,0,0,0,0,0,0,0,0,0,0,0,,,,,,,0,,Y,0,1,1,0 hours 0 minutes,0,0 hours 30 minutes,30,Y,N
1249,dha-0023,EM23,0,,,,,,,20141116,,,,,,,,,,0,,,,,,0,,,,,,,,,,0,,,,,,,,,,,,,,0,,,,,0,,,0,,,0,0,0,0,0,0,0,0,0,0,0,0,0,0,0,0,0,0,0,0,0,0,0,0,0,0,,,,,,,0,,Y,0,1,1,0 hours 0 minutes,0,0 hours 30 minutes,30,Y,N
1247,dha-0023,EM23,0,,,,,,,20141119,,,,,,,,,,0,,,,,,0,,,,,,,,,,0,,,,,,,,,,,,,,0,,,,,0,,,0,,,0,0,0,0,0,0,0,0,0,0,0,0,0,0,0,0,0,0,0,0,0,0,0,0,0,0,,,,,,,0,,Y,0,1,1,0 hours 0 minutes,0,0 hours 20 minutes,20,Y,N
1458,dha-0023,EM23,0,,,,,,,20141126,,,,,,,,,,0,,,,,,0,,,,,,,,,,0,,,,,,,,,,,,,,0,,,,,0,,,0,,,0,0,0,0,0,0,0,0,0,0,0,0,0,0,0,0,0,0,0,0,0,0,0,0,0,0,,,,,,,0,,Y,0,1,1,0 hours 0 minutes,0,0 hours 30 minutes,30,Y,N
1751,dha-0023,EM23,0,,,,,,,20141210,,,,,,,,,,0,,,,,,0,,,,,,,,,,0,,,,,,,,,,,,,,0,,,,,0,,,0,,,0,0,0,0,0,0,0,0,0,0,0,0,0,0,0,0,0,0,0,0,0,0,0,0,0,0,,,,,,,0,,Y,0,1,1,0 hours 0 minutes,0,0 hours 30 minutes,30,Y,N
644,dha-0027,EM27,0,,,,,,,20141014,,,,,,,,,,0,,,,,,0,,,,,,,,,,0,,,,,,,,,,,,,,0,,,,,0,,,0,,,0,0,0,0,0,0,0,0,0,0,0,0,0,0,0,0,0,0,0,0,0,0,0,0,0,0,,,,,,,0,,Y,0,1,1,0 hours 0 minutes,0,1 hour 30 minutes,90,Y,N
672,dha-0029,EM29,1,,,,,,,20141007,,,,,,,,,,0,,,,,,0,,,,,,,,,,0,,,,,,,,,,,,,,0,,,,,0,,,0,,,0,0,0,0,0,0,0,0,0,0,0,0,0,0,0,0,0,0,0,0,0,0,0,0,0,0,,,,,,,0,,Y,0,1,1,0 hours 0 minutes,0,1 hour 0 minutes,60,Y,N
673,dha-0029,EM29,1,,,,,,,20141008,,,,,,,,,,0,,,,,,0,,,,,,,,,,0,,,,,,,,,,,,,,0,,,,,0,,,0,,,0,0,0,0,0,0,0,0,0,0,0,0,0,0,0,0,0,0,0,0,0,0,0,0,0,0,,,,,,,0,,Y,1,0,1,1 hour 0 minutes,60,0 hours 0 minutes,0,Y,N
756,dha-0029,EM29,1,,,,,,,20141018,,,,,,,,,,0,,,,,,0,,,,,,,,,,0,,,,,,,,,,,,,,0,,,,,0,,,0,,,0,0,0,0,0,0,0,0,0,0,0,0,0,0,0,0,0,0,0,0,0,0,0,0,0,0,,,,,,,0,,Y,0,1,1,0 hours 0 minutes,0,1 hour 0 minutes,60,Y,N
1363,dha-0029,EM29,1,,,,,,,20141022,,,,,,,,,,0,,,,,,0,,,,,,,,,,0,,,,,,,,,,,,,,0,,,,,0,,,0,,,0,0,0,0,0,0,0,0,0,0,0,0,0,0,0,0,0,0,0,0,0,0,0,0,0,0,,,,,,,0,,Y,0,1,1,0 hours 0 minutes,0,1 hour 0 minutes,60,Y,N
1364,dha-0029,EM29,1,,,,,,,20141023,,,,,,,,,,0,,,,,,0,,,,,,,,,,0,,,,,,,,,,,,,,0,,,,,0,,,0,,,0,0,0,0,0,0,0,0,0,0,0,0,0,0,0,0,0,0,0,0,0,0,0,0,0,0,,,,,,,0,,Y,0,1,1,0 hours 0 minutes,0,1 hour 20 minutes,80,Y,N
1367,dha-0029,EM29,1,,,,,,,20141026,,,,,,,,,,0,,,,,,0,,,,,,,,,,0,,,,,,,,,,,,,,0,,,,,0,,,0,,,0,0,0,0,0,0,0,0,0,0,0,0,0,0,0,0,0,0,0,0,0,0,0,0,0,0,,,,,,,0,,Y,0,1,1,0 hours 0 minutes,0,1 hour 20 minutes,80,Y,N
1368,dha-0029,EM29,1,,,,,,,20141027,,,,,,,,,,0,,,,,,0,,,,,,,,,,0,,,,,,,,,,,,,,0,,,,,0,,,0,,,0,0,0,0,0,0,0,0,0,0,0,0,0,0,0,0,0,0,0,0,0,0,0,0,0,0,,,,,,,0,,Y,0,1,1,0 hours 0 minutes,0,1 hour 0 minutes,60,Y,N
1370,dha-0029,EM29,1,,,,,,,20141029,,,,,,,,,,0,,,,,,0,,,,,,,,,,0,,,,,,,,,,,,,,0,,,,,0,,,0,,,0,0,0,0,0,0,0,0,0,0,0,0,0,0,0,0,0,0,0,0,0,0,0,0,0,0,,,,,,,0,,Y,0,1,1,0 hours 0 minutes,0,1 hour 0 minutes,60,Y,N
1373,dha-0029,EM29,1,,,,,,,20141101,,,,,,,,,,0,,,,,,0,,,,,,,,,,0,,,,,,,,,,,,,,0,,,,,0,,,0,,,0,0,0,0,0,0,0,0,0,0,0,0,0,0,0,0,0,0,0,0,0,0,0,0,0,0,,,,,,,0,,Y,1,0,1,1 hour 0 minutes,60,0 hours 0 minutes,0,Y,N
1378,dha-0029,EM29,1,,,,,,,20141106,,,,,,,,,,0,,,,,,0,,,,,,,,,,0,,,,,,,,,,,,,,0,,,,,0,,,0,,,0,0,0,0,0,0,0,0,0,0,0,0,0,0,0,0,0,0,0,0,0,0,0,0,0,0,,,,,,,0,,Y,0,1,1,0 hours 0 minutes,0,1 hour 10 minutes,70,Y,N
1379,dha-0029,EM29,1,,,,,,,20141107,,,,,,,,,,0,,,,,,0,,,,,,,,,,0,,,,,,,,,,,,,,0,,,,,0,,,0,,,0,0,0,0,0,0,0,0,0,0,0,0,0,0,0,0,0,0,0,0,0,0,0,0,0,0,,,,,,,0,,Y,0,1,1,0 hours 0 minutes,0,1 hour 0 minutes,60,Y,N
1380,dha-0029,EM29,1,,,,,,,20141108,,,,,,,,,,0,,,,,,0,,,,,,,,,,0,,,,,,,,,,,,,,0,,,,,0,,,0,,,0,0,0,0,0,0,0,0,0,0,0,0,0,0,0,0,0,0,0,0,0,0,0,0,0,0,,,,,,,0,,Y,1,0,1,1 hour 0 minutes,60,0 hours 0 minutes,0,Y,N
1381,dha-0029,EM29,1,,,,,,,20141109,,,,,,,,,,0,,,,,,0,,,,,,,,,,0,,,,,,,,,,,,,,0,,,,,0,,,0,,,0,0,0,0,0,0,0,0,0,0,0,0,0,0,0,0,0,0,0,0,0,0,0,0,0,0,,,,,,,0,,Y,0,1,1,0 hours 0 minutes,0,1 hour 10 minutes,70,Y,N
1382,dha-0029,EM29,1,,,,,,,20141110,,,,,,,,,,0,,,,,,0,,,,,,,,,,0,,,,,,,,,,,,,,0,,,,,0,,,0,,,0,0,0,0,0,0,0,0,0,0,0,0,0,0,0,0,0,0,0,0,0,0,0,0,0,0,,,,,,,0,,Y,0,1,1,0 hours 0 minutes,0,1 hour 10 minutes,70,Y,N
1388,dha-0029,EM29,1,,,,,,,20141116,,,,,,,,,,0,,,,,,0,,,,,,,,,,0,,,,,,,,,,,,,,0,,,,,0,,,0,,,0,0,0,0,0,0,0,0,0,0,0,0,0,0,0,0,0,0,0,0,0,0,0,0,0,0,,,,,,,0,,Y,1,0,1,1 hour 10 minutes,70,0 hours 0 minutes,0,Y,N
1390,dha-0029,EM29,1,,,,,,,20141118,,,,,,,,,,0,,,,,,0,,,,,,,,,,0,,,,,,,,,,,,,,0,,,,,0,,,0,,,0,0,0,0,0,0,0,0,0,0,0,0,0,0,0,0,0,0,0,0,0,0,0,0,0,0,,,,,,,0,,Y,0,1,1,0 hours 0 minutes,0,1 hour 10 minutes,70,Y,N
1357,dha-0029,EM29,1,,,,,,,20141121,,,,,,,,,,0,,,,,,0,,,,,,,,,,0,,,,,,,,,,,,,,0,,,,,0,,,0,,,0,0,0,0,0,0,0,0,0,0,0,0,0,0,0,0,0,0,0,0,0,0,0,0,0,0,,,,,,,0,,Y,0,1,1,0 hours 0 minutes,0,1 hour 0 minutes,60,Y,N
1359,dha-0029,EM29,1,,,,,,,20141123,,,,,,,,,,0,,,,,,0,,,,,,,,,,0,,,,,,,,,,,,,,0,,,,,0,,,0,,,0,0,0,0,0,0,0,0,0,0,0,0,0,0,0,0,0,0,0,0,0,0,0,0,0,0,,,,,,,0,,Y,0,1,1,0 hours 0 minutes,0,1 hour 30 minutes,90,Y,N
1360,dha-0029,EM29,1,,,,,,,20141124,,,,,,,,,,0,,,,,,0,,,,,,,,,,0,,,,,,,,,,,,,,0,,,,,0,,,0,,,0,0,0,0,0,0,0,0,0,0,0,0,0,0,0,0,0,0,0,0,0,0,0,0,0,0,,,,,,,0,,Y,0,1,1,0 hours 0 minutes,0,1 hour 0 minutes,60,Y,N
1593,dha-0029,EM29,1,,,,,,,20141128,,,,,,,,,,0,,,,,,0,,,,,,,,,,0,,,,,,,,,,,,,,0,,,,,0,,,0,,,0,0,0,0,0,0,0,0,0,0,0,0,0,0,0,0,0,0,0,0,0,0,0,0,0,0,,,,,,,0,,Y,0,1,1,0 hours 0 minutes,0,1 hour 0 minutes,60,Y,N
1595,dha-0029,EM29,1,,,,,,,20141130,,,,,,,,,,0,,,,,,0,,,,,,,,,,0,,,,,,,,,,,,,,0,,,,,0,,,0,,,0,0,0,0,0,0,0,0,0,0,0,0,0,0,0,0,0,0,0,0,0,0,0,0,0,0,,,,,,,0,,Y,0,1,1,0 hours 0 minutes,0,1 hour 0 minutes,60,Y,N
1596,dha-0029,EM29,1,,,,,,,20141201,,,,,,,,,,0,,,,,,0,,,,,,,,,,0,,,,,,,,,,,,,,0,,,,,0,,,0,,,0,0,0,0,0,0,0,0,0,0,0,0,0,0,0,0,0,0,0,0,0,0,0,0,0,0,,,,,,,0,,Y,0,1,1,0 hours 0 minutes,0,1 hour 20 minutes,80,Y,N
1597,dha-0029,EM29,1,,,,,,,20141202,,,,,,,,,,0,,,,,,0,,,,,,,,,,0,,,,,,,,,,,,,,0,,,,,0,,,0,,,0,0,0,0,0,0,0,0,0,0,0,0,0,0,0,0,0,0,0,0,0,0,0,0,0,0,,,,,,,0,,Y,0,1,1,0 hours 0 minutes,0,1 hour 0 minutes,60,Y,N
1599,dha-0029,EM29,1,,,,,,,20141204,,,,,,,,,,0,,,,,,0,,,,,,,,,,0,,,,,,,,,,,,,,0,,,,,0,,,0,,,0,0,0,0,0,0,0,0,0,0,0,0,0,0,0,0,0,0,0,0,0,0,0,0,0,0,,,,,,,0,,Y,0,1,1,0 hours 0 minutes,0,0 hours 40 minutes,40,Y,N
1622,dha-0029,EM29,1,,,,,,,20141205,,,,,,,,,,0,,,,,,0,,,,,,,,,,0,,,,,,,,,,,,,,0,,,,,0,,,0,,,0,0,0,0,0,0,0,0,0,0,0,0,0,0,0,0,0,0,0,0,0,0,0,0,0,0,,,,,,,0,,Y,0,1,1,0 hours 0 minutes,0,1 hour 10 minutes,70,Y,N
1019,dha-0031,em31,0,,,,,,,20141105,,,,,,,,,,0,,,,,,0,,,,,,,,,,0,,,,,,,,,,,,,,0,,,,,0,,,0,,,0,0,0,0,0,0,0,0,0,0,0,0,0,0,0,0,0,0,0,0,0,0,0,0,0,0,,,,,,,0,,Y,0,1,1,0 hours 0 minutes,0,2 hours 0 minutes,120,Y,N
1042,dha-0031,em31,0,,,,,,,20141106,,,,,,,,,,0,,,,,,0,,,,,,,,,,0,,,,,,,,,,,,,,0,,,,,0,,,0,,,0,0,0,0,0,0,0,0,0,0,0,0,0,0,0,0,0,0,0,0,0,0,0,0,0,0,,,,,,,0,,Y,0,1,1,0 hours 0 minutes,0,2 hours 0 minutes,120,Y,N
1066,dha-0031,em31,0,,,,,,,20141108,,,,,,,,,,0,,,,,,0,,,,,,,,,,0,,,,,,,,,,,,,,0,,,,,0,,,0,,,0,0,0,0,0,0,0,0,0,0,0,0,0,0,0,0,0,0,0,0,0,0,0,0,0,0,,,,,,,0,,Y,0,1,1,0 hours 0 minutes,0,2 hours 0 minutes,120,Y,N
1530,dha-0031,em31,0,,,,,,,20141121,,,,,,,,,,0,,,,,,0,,,,,,,,,,0,,,,,,,,,,,,,,0,,,,,0,,,0,,,0,0,0,0,0,0,0,0,0,0,0,0,0,0,0,0,0,0,0,0,0,0,0,0,0,0,,,,,,,0,,Y,0,1,1,0 hours 0 minutes,0,2 hours 0 minutes,120,Y,N
1531,dha-0031,em31,0,,,,,,,20141122,,,,,,,,,,0,,,,,,0,,,,,,,,,,0,,,,,,,,,,,,,,0,,,,,0,,,0,,,0,0,0,0,0,0,0,0,0,0,0,0,0,0,0,0,0,0,0,0,0,0,0,0,0,0,,,,,,,0,,Y,0,1,1,0 hours 0 minutes,0,1 hour 0 minutes,60,Y,N
1356,dha-0031,em31,0,,,,,,,20141124,,,,,,,,,,0,,,,,,0,,,,,,,,,,0,,,,,,,,,,,,,,0,,,,,0,,,0,,,0,0,0,0,0,0,0,0,0,0,0,0,0,0,0,0,0,0,0,0,0,0,0,0,0,0,,,,,,,0,,Y,0,1,1,0 hours 0 minutes,0,1 hour 0 minutes,60,Y,N
1532,dha-0031,em31,0,,,,,,,20141125,,,,,,,,,,0,,,,,,0,,,,,,,,,,0,,,,,,,,,,,,,,0,,,,,0,,,0,,,0,0,0,0,0,0,0,0,0,0,0,0,0,0,0,0,0,0,0,0,0,0,0,0,0,0,,,,,,,0,,Y,0,1,1,0 hours 0 minutes,0,1 hour 0 minutes,60,Y,N
1431,dha-0031,em31,0,,,,,,,20141126,,,,,,,,,,0,,,,,,0,,,,,,,,,,0,,,,,,,,,,,,,,0,,,,,0,,,0,,,0,0,0,0,0,0,0,0,0,0,0,0,0,0,0,0,0,0,0,0,0,0,0,0,0,0,,,,,,,0,,Y,0,1,1,0 hours 0 minutes,0,2 hours 0 minutes,120,Y,N
1533,dha-0031,em31,0,,,,,,,20141127,,,,,,,,,,0,,,,,,0,,,,,,,,,,0,,,,,,,,,,,,,,0,,,,,0,,,0,,,0,0,0,0,0,0,0,0,0,0,0,0,0,0,0,0,0,0,0,0,0,0,0,0,0,0,,,,,,,0,,Y,0,1,1,0 hours 0 minutes,0,1 hour 0 minutes,60,Y,N
1466,dha-0031,em31,0,,,,,,,20141128,,,,,,,,,,0,,,,,,0,,,,,,,,,,0,,,,,,,,,,,,,,0,,,,,0,,,0,,,0,0,0,0,0,0,0,0,0,0,0,0,0,0,0,0,0,0,0,0,0,0,0,0,0,0,,,,,,,0,,Y,0,1,1,0 hours 0 minutes,0,1 hour 0 minutes,60,Y,N
1480,dha-0031,em31,0,,,,,,,20141129,,,,,,,,,,0,,,,,,0,,,,,,,,,,0,,,,,,,,,,,,,,0,,,,,0,,,0,,,0,0,0,0,0,0,0,0,0,0,0,0,0,0,0,0,0,0,0,0,0,0,0,0,0,0,,,,,,,0,,Y,0,1,1,0 hours 0 minutes,0,2 hours 0 minutes,120,Y,N
1525,dha-0031,em31,0,,,,,,,20141130,,,,,,,,,,0,,,,,,0,,,,,,,,,,0,,,,,,,,,,,,,,0,,,,,0,,,0,,,0,0,0,0,0,0,0,0,0,0,0,0,0,0,0,0,0,0,0,0,0,0,0,0,0,0,,,,,,,0,,Y,0,1,1,0 hours 0 minutes,0,1 hour 0 minutes,60,Y,N
1500,dha-0031,em31,0,,,,,,,20141201,,,,,,,,,,0,,,,,,0,,,,,,,,,,0,,,,,,,,,,,,,,0,,,,,0,,,0,,,0,0,0,0,0,0,0,0,0,0,0,0,0,0,0,0,0,0,0,0,0,0,0,0,0,0,,,,,,,0,,Y,0,1,1,0 hours 0 minutes,0,1 hour 0 minutes,60,Y,N
2022,dha-0032,em32,0,,,,,,,20141223,,,,,,,,,,0,,,,,,0,,,,,,,,,,0,,,,,,,,,,,,,,0,,,,,0,,,0,,,0,0,0,0,0,0,0,0,0,0,0,0,0,0,0,0,0,0,0,0,0,0,0,0,0,0,,,,,,,0,,Y,1,0,1,1 hour 0 minutes,60,0 hours 0 minutes,0,Y,N
2218,dha-0032,em32,0,,,,,,,20141226,,,,,,,,,,0,,,,,,0,,,,,,,,,,0,,,,,,,,,,,,,,0,,,,,0,,,0,,,0,0,0,0,0,0,0,0,0,0,0,0,0,0,0,0,0,0,0,0,0,0,0,0,0,0,,,,,,,0,,Y,1,0,1,1 hour 0 minutes,60,0 hours 0 minutes,0,Y,N
2221,dha-0032,em32,0,,,,,,,20141229,,,,,,,,,,0,,,,,,0,,,,,,,,,,0,,,,,,,,,,,,,,0,,,,,0,,,0,,,0,0,0,0,0,0,0,0,0,0,0,0,0,0,0,0,0,0,0,0,0,0,0,0,0,0,,,,,,,0,,Y,1,0,1,1 hour 0 minutes,60,0 hours 0 minutes,0,Y,N
806,dha-0033,em33,1,,,,,,,20141023,,,,,,,,,,0,,,,,,0,,,,,,,,,,0,,,,,,,,,,,,,,0,,,,,0,,,0,,,0,0,0,0,0,0,0,0,0,0,0,0,0,0,0,0,0,0,0,0,0,0,0,0,0,0,,,,,,,0,,Y,1,0,1,2 hours 0 minutes,120,0 hours 0 minutes,0,Y,N
878,dha-0033,em33,1,,,,,,,20141027,,,,,,,,,,0,,,,,,0,,,,,,,,,,0,,,,,,,,,,,,,,0,,,,,0,,,0,,,0,0,0,0,0,0,0,0,0,0,0,0,0,0,0,0,0,0,0,0,0,0,0,0,0,0,,,,,,,0,,Y,0,1,1,0 hours 0 minutes,0,1 hour 0 minutes,60,Y,N
885,dha-0033,em33,1,,,,,,,20141028,,,,,,,,,,0,,,,,,0,,,,,,,,,,0,,,,,,,,,,,,,,0,,,,,0,,,0,,,0,0,0,0,0,0,0,0,0,0,0,0,0,0,0,0,0,0,0,0,0,0,0,0,0,0,,,,,,,0,,Y,0,1,1,0 hours 0 minutes,0,2 hours 0 minutes,120,Y,N
967,dha-0033,em33,1,,,,,,,20141102,,,,,,,,,,0,,,,,,0,,,,,,,,,,0,,,,,,,,,,,,,,0,,,,,0,,,0,,,0,0,0,0,0,0,0,0,0,0,0,0,0,0,0,0,0,0,0,0,0,0,0,0,0,0,,,,,,,0,,Y,1,0,1,1 hour 0 minutes,60,0 hours 0 minutes,0,Y,N
992,dha-0033,em33,1,,,,,,,20141104,,,,,,,,,,0,,,,,,0,,,,,,,,,,0,,,,,,,,,,,,,,0,,,,,0,,,0,,,0,0,0,0,0,0,0,0,0,0,0,0,0,0,0,0,0,0,0,0,0,0,0,0,0,0,,,,,,,0,,Y,1,0,1,3 hours 0 minutes,180,0 hours 0 minutes,0,Y,N
1041,dha-0033,em33,1,,,,,,,20141106,,,,,,,,,,0,,,,,,0,,,,,,,,,,0,,,,,,,,,,,,,,0,,,,,0,,,0,,,0,0,0,0,0,0,0,0,0,0,0,0,0,0,0,0,0,0,0,0,0,0,0,0,0,0,,,,,,,0,,Y,1,0,1,2 hours 0 minutes,120,0 hours 0 minutes,0,Y,N
1058,dha-0033,em33,1,,,,,,,20141107,,,,,,,,,,0,,,,,,0,,,,,,,,,,0,,,,,,,,,,,,,,0,,,,,0,,,0,,,0,0,0,0,0,0,0,0,0,0,0,0,0,0,0,0,0,0,0,0,0,0,0,0,0,0,,,,,,,0,,Y,1,0,1,1 hour 0 minutes,60,0 hours 0 minutes,0,Y,N
1429,dha-0033,em33,1,,,,,,,20141126,,,,,,,,,,0,,,,,,0,,,,,,,,,,0,,,,,,,,,,,,,,0,,,,,0,,,0,,,0,0,0,0,0,0,0,0,0,0,0,0,0,0,0,0,0,0,0,0,0,0,0,0,0,0,,,,,,,0,,Y,1,0,1,2 hours 0 minutes,120,0 hours 0 minutes,0,Y,N
1681,dha-0033,em33,1,,,,,,,20141207,,,,,,,,,,0,,,,,,0,,,,,,,,,,0,,,,,,,,,,,,,,0,,,,,0,,,0,,,0,0,0,0,0,0,0,0,0,0,0,0,0,0,0,0,0,0,0,0,0,0,0,0,0,0,,,,,,,0,,Y,0,1,1,0 hours 0 minutes,0,1 hour 0 minutes,60,Y,N
1904,dha-0041,em41,0,,,,,,,20141203,,,,,,,,,,0,,,,,,0,,,,,,,,,,0,,,,,,,,,,,,,,0,,,,,0,,,0,,,0,0,0,0,0,0,0,0,0,0,0,0,0,0,0,0,0,0,0,0,0,0,0,0,0,0,,,,,,,0,,Y,0,1,1,0 hours 0 minutes,0,0 hours 30 minutes,30,Y,N
1765,dha-0041,em41,0,,,,,,,20141211,,,,,,,,,,0,,,,,,0,,,,,,,,,,0,,,,,,,,,,,,,,0,,,,,0,,,0,,,0,0,0,0,0,0,0,0,0,0,0,0,0,0,0,0,0,0,0,0,0,0,0,0,0,0,,,,,,,0,,Y,0,1,1,0 hours 0 minutes,0,1 hour 0 minutes,60,Y,N
2019,dha-0041,em41,0,,,,,,,20141223,,,,,,,,,,0,,,,,,0,,,,,,,,,,0,,,,,,,,,,,,,,0,,,,,0,,,0,,,0,0,0,0,0,0,0,0,0,0,0,0,0,0,0,0,0,0,0,0,0,0,0,0,0,0,,,,,,,0,,Y,0,1,1,0 hours 0 minutes,0,1 hour 0 minutes,60,Y,N
2521,dha-0041,em41,0,,,,,,,20150114,,,,,,,,,,0,,,,,,0,,,,,,,,,,0,,,,,,,,,,,,,,0,,,,,0,,,0,,,0,0,0,0,0,0,0,0,0,0,0,0,0,0,0,0,0,0,0,0,0,0,0,0,0,0,,,,,,,0,,Y,0,1,1,0 hours 0 minutes,0,1 hour 0 minutes,60,Y,N
2751,dha-0041,em41,0,,,,,,,20150123,,,,,,,,,,0,,,,,,0,,,,,,,,,,0,,,,,,,,,,,,,,0,,,,,0,,,0,,,0,0,0,0,0,0,0,0,0,0,0,0,0,0,0,0,0,0,0,0,0,0,0,0,0,0,,,,,,,0,,Y,0,1,1,0 hours 0 minutes,0,1 hour 0 minutes,60,Y,N
3030,dha-0041,em41,0,,,,,,,20150209,,,,,,,,,,0,,,,,,0,,,,,,,,,,0,,,,,,,,,,,,,,0,,,,,0,,,0,,,0,0,0,0,0,0,0,0,0,0,0,0,0,0,0,0,0,0,0,0,0,0,0,0,0,0,,,,,,,0,,Y,0,1,1,0 hours 0 minutes,0,1 hour 40 minutes,100,Y,N
1114,dha-0044,em44,0,,,,,,,20141111,,,,,,,,,,0,,,,,,0,,,,,,,,,,0,,,,,,,,,,,,,,0,,,,,0,,,0,,,0,0,0,0,0,0,0,0,0,0,0,0,0,0,0,0,0,0,0,0,0,0,0,0,0,0,,,,,,,0,,Y,0,1,1,0 hours 0 minutes,0,1 hour 0 minutes,60,Y,N
1578,dha-0044,em44,0,,,,,,,20141203,,,,,,,,,,0,,,,,,0,,,,,,,,,,0,,,,,,,,,,,,,,0,,,,,0,,,0,,,0,0,0,0,0,0,0,0,0,0,0,0,0,0,0,0,0,0,0,0,0,0,0,0,0,0,,,,,,,0,,Y,0,1,1,0 hours 0 minutes,0,0 hours 30 minutes,30,Y,N
1699,dha-0044,em44,0,,,,,,,20141208,,,,,,,,,,0,,,,,,0,,,,,,,,,,0,,,,,,,,,,,,,,0,,,,,0,,,0,,,0,0,0,0,0,0,0,0,0,0,0,0,0,0,0,0,0,0,0,0,0,0,0,0,0,0,,,,,,,0,,Y,0,1,1,0 hours 0 minutes,0,0 hours 20 minutes,20,Y,N
2081,dha-0044,em44,0,,,,,,,20141227,,,,,,,,,,0,,,,,,0,,,,,,,,,,0,,,,,,,,,,,,,,0,,,,,0,,,0,,,0,0,0,0,0,0,0,0,0,0,0,0,0,0,0,0,0,0,0,0,0,0,0,0,0,0,,,,,,,0,,Y,0,1,1,0 hours 0 minutes,0,0 hours 30 minutes,30,Y,N
2148,dha-0044,em44,0,,,,,,,20141229,,,,,,,,,,0,,,,,,0,,,,,,,,,,0,,,,,,,,,,,,,,0,,,,,0,,,0,,,0,0,0,0,0,0,0,0,0,0,0,0,0,0,0,0,0,0,0,0,0,0,0,0,0,0,,,,,,,0,,Y,0,1,1,0 hours 0 minutes,0,0 hours 30 minutes,30,Y,N
2162,dha-0044,em44,0,,,,,,,20141230,,,,,,,,,,0,,,,,,0,,,,,,,,,,0,,,,,,,,,,,,,,0,,,,,0,,,0,,,0,0,0,0,0,0,0,0,0,0,0,0,0,0,0,0,0,0,0,0,0,0,0,0,0,0,,,,,,,0,,Y,0,1,1,0 hours 0 minutes,0,0 hours 20 minutes,20,Y,N
2313,dha-0044,em44,0,,,,,,,20150105,,,,,,,,,,0,,,,,,0,,,,,,,,,,0,,,,,,,,,,,,,,0,,,,,0,,,0,,,0,0,0,0,0,0,0,0,0,0,0,0,0,0,0,0,0,0,0,0,0,0,0,0,0,0,,,,,,,0,,Y,0,1,1,0 hours 0 minutes,0,0 hours 30 minutes,30,Y,N
2502,dha-0044,em44,0,,,,,,,20150113,,,,,,,,,,0,,,,,,0,,,,,,,,,,0,,,,,,,,,,,,,,0,,,,,0,,,0,,,0,0,0,0,0,0,0,0,0,0,0,0,0,0,0,0,0,0,0,0,0,0,0,0,0,0,,,,,,,0,,Y,0,1,1,0 hours 0 minutes,0,0 hours 30 minutes,30,Y,N
1802,dha-0053,em53,0,,,,,,,20141212,,,,,,,,,,0,,,,,,0,,,,,,,,,,0,,,,,,,,,,,,,,0,,,,,0,,,0,,,0,0,0,0,0,0,0,0,0,0,0,0,0,0,0,0,0,0,0,0,0,0,0,0,0,0,,,,,,,0,,Y,1,0,1,0 hours 50 minutes,50,0 hours 0 minutes,0,Y,N
1875,dha-0053,em53,0,,,,,,,20141216,,,,,,,,,,0,,,,,,0,,,,,,,,,,0,,,,,,,,,,,,,,0,,,,,0,,,0,,,0,0,0,0,0,0,0,0,0,0,0,0,0,0,0,0,0,0,0,0,0,0,0,0,0,0,,,,,,,0,,Y,1,0,1,0 hours 50 minutes,50,0 hours 0 minutes,0,Y,N
1895,dha-0053,em53,0,,,,,,,20141217,,,,,,,,,,0,,,,,,0,,,,,,,,,,0,,,,,,,,,,,,,,0,,,,,0,,,0,,,0,0,0,0,0,0,0,0,0,0,0,0,0,0,0,0,0,0,0,0,0,0,0,0,0,0,,,,,,,0,,Y,1,0,1,0 hours 50 minutes,50,0 hours 0 minutes,0,Y,N
1976,dha-0053,em53,0,,,,,,,20141219,,,,,,,,,,0,,,,,,0,,,,,,,,,,0,,,,,,,,,,,,,,0,,,,,0,,,0,,,0,0,0,0,0,0,0,0,0,0,0,0,0,0,0,0,0,0,0,0,0,0,0,0,0,0,,,,,,,0,,Y,1,0,1,0 hours 50 minutes,50,0 hours 0 minutes,0,Y,N
1988,dha-0053,em53,0,,,,,,,20141222,,,,,,,,,,0,,,,,,0,,,,,,,,,,0,,,,,,,,,,,,,,0,,,,,0,,,0,,,0,0,0,0,0,0,0,0,0,0,0,0,0,0,0,0,0,0,0,0,0,0,0,0,0,0,,,,,,,0,,Y,1,0,1,0 hours 50 minutes,50,0 hours 0 minutes,0,Y,N
2094,dha-0053,em53,0,,,,,,,20141225,,,,,,,,,,0,,,,,,0,,,,,,,,,,0,,,,,,,,,,,,,,0,,,,,0,,,0,,,0,0,0,0,0,0,0,0,0,0,0,0,0,0,0,0,0,0,0,0,0,0,0,0,0,0,,,,,,,0,,Y,1,0,1,0 hours 50 minutes,50,0 hours 0 minutes,0,Y,N
2095,dha-0053,em53,0,,,,,,,20141226,,,,,,,,,,0,,,,,,0,,,,,,,,,,0,,,,,,,,,,,,,,0,,,,,0,,,0,,,0,0,0,0,0,0,0,0,0,0,0,0,0,0,0,0,0,0,0,0,0,0,0,0,0,0,,,,,,,0,,Y,1,0,1,0 hours 30 minutes,30,0 hours 0 minutes,0,Y,N
2248,dha-0053,em53,0,,,,,,,20150102,,,,,,,,,,0,,,,,,0,,,,,,,,,,0,,,,,,,,,,,,,,0,,,,,0,,,0,,,0,0,0,0,0,0,0,0,0,0,0,0,0,0,0,0,0,0,0,0,0,0,0,0,0,0,,,,,,,0,,Y,1,0,1,0 hours 50 minutes,50,0 hours 0 minutes,0,Y,N
2488,dha-0053,em53,0,,,,,,,20150112,,,,,,,,,,0,,,,,,0,,,,,,,,,,0,,,,,,,,,,,,,,0,,,,,0,,,0,,,0,0,0,0,0,0,0,0,0,0,0,0,0,0,0,0,0,0,0,0,0,0,0,0,0,0,,,,,,,0,,Y,1,0,1,0 hours 50 minutes,50,0 hours 0 minutes,0,Y,N
2508,dha-0053,em53,0,,,,,,,20150113,,,,,,,,,,0,,,,,,0,,,,,,,,,,0,,,,,,,,,,,,,,0,,,,,0,,,0,,,0,0,0,0,0,0,0,0,0,0,0,0,0,0,0,0,0,0,0,0,0,0,0,0,0,0,,,,,,,0,,Y,1,0,1,0 hours 50 minutes,50,0 hours 0 minutes,0,Y,N
2510,dha-0053,em53,0,,,,,,,20150114,,,,,,,,,,0,,,,,,0,,,,,,,,,,0,,,,,,,,,,,,,,0,,,,,0,,,0,,,0,0,0,0,0,0,0,0,0,0,0,0,0,0,0,0,0,0,0,0,0,0,0,0,0,0,,,,,,,0,,Y,1,0,1,0 hours 50 minutes,50,0 hours 0 minutes,0,Y,N
2578,dha-0053,em53,0,,,,,,,20150115,,,,,,,,,,0,,,,,,0,,,,,,,,,,0,,,,,,,,,,,,,,0,,,,,0,,,0,,,0,0,0,0,0,0,0,0,0,0,0,0,0,0,0,0,0,0,0,0,0,0,0,0,0,0,,,,,,,0,,Y,1,0,1,0 hours 50 minutes,50,0 hours 0 minutes,0,Y,N
2579,dha-0053,em53,0,,,,,,,20150116,,,,,,,,,,0,,,,,,0,,,,,,,,,,0,,,,,,,,,,,,,,0,,,,,0,,,0,,,0,0,0,0,0,0,0,0,0,0,0,0,0,0,0,0,0,0,0,0,0,0,0,0,0,0,,,,,,,0,,Y,1,0,1,0 hours 50 minutes,50,0 hours 0 minutes,0,Y,N
2618,dha-0053,em53,0,,,,,,,20150119,,,,,,,,,,0,,,,,,0,,,,,,,,,,0,,,,,,,,,,,,,,0,,,,,0,,,0,,,0,0,0,0,0,0,0,0,0,0,0,0,0,0,0,0,0,0,0,0,0,0,0,0,0,0,,,,,,,0,,Y,1,0,1,0 hours 50 minutes,50,0 hours 0 minutes,0,Y,N
2773,dha-0053,em53,0,,,,,,,20150126,,,,,,,,,,0,,,,,,0,,,,,,,,,,0,,,,,,,,,,,,,,0,,,,,0,,,0,,,0,0,0,0,0,0,0,0,0,0,0,0,0,0,0,0,0,0,0,0,0,0,0,0,0,0,,,,,,,0,,Y,1,0,1,0 hours 50 minutes,50,0 hours 0 minutes,0,Y,N
2772,dha-0053,em53,0,,,,,,,20150127,,,,,,,,,,0,,,,,,0,,,,,,,,,,0,,,,,,,,,,,,,,0,,,,,0,,,0,,,0,0,0,0,0,0,0,0,0,0,0,0,0,0,0,0,0,0,0,0,0,0,0,0,0,0,,,,,,,0,,Y,0,1,1,0 hours 0 minutes,0,0 hours 40 minutes,40,Y,N
2796,dha-0053,em53,0,,,,,,,20150128,,,,,,,,,,0,,,,,,0,,,,,,,,,,0,,,,,,,,,,,,,,0,,,,,0,,,0,,,0,0,0,0,0,0,0,0,0,0,0,0,0,0,0,0,0,0,0,0,0,0,0,0,0,0,,,,,,,0,,Y,1,0,1,0 hours 50 minutes,50,0 hours 0 minutes,0,Y,N
2795,dha-0053,em53,0,,,,,,,20150129,,,,,,,,,,0,,,,,,0,,,,,,,,,,0,,,,,,,,,,,,,,0,,,,,0,,,0,,,0,0,0,0,0,0,0,0,0,0,0,0,0,0,0,0,0,0,0,0,0,0,0,0,0,0,,,,,,,0,,Y,1,0,1,0 hours 40 minutes,40,0 hours 0 minutes,0,Y,N
2839,dha-0053,em53,0,,,,,,,20150130,,,,,,,,,,0,,,,,,0,,,,,,,,,,0,,,,,,,,,,,,,,0,,,,,0,,,0,,,0,0,0,0,0,0,0,0,0,0,0,0,0,0,0,0,0,0,0,0,0,0,0,0,0,0,,,,,,,0,,Y,1,0,1,0 hours 50 minutes,50,0 hours 0 minutes,0,Y,N
2873,dha-0053,em53,0,,,,,,,20150202,,,,,,,,,,0,,,,,,0,,,,,,,,,,0,,,,,,,,,,,,,,0,,,,,0,,,0,,,0,0,0,0,0,0,0,0,0,0,0,0,0,0,0,0,0,0,0,0,0,0,0,0,0,0,,,,,,,0,,Y,1,0,1,0 hours 40 minutes,40,0 hours 0 minutes,0,Y,N
2911,dha-0053,em53,0,,,,,,,20150203,,,,,,,,,,0,,,,,,0,,,,,,,,,,0,,,,,,,,,,,,,,0,,,,,0,,,0,,,0,0,0,0,0,0,0,0,0,0,0,0,0,0,0,0,0,0,0,0,0,0,0,0,0,0,,,,,,,0,,Y,1,0,1,0 hours 40 minutes,40,0 hours 0 minutes,0,Y,N
2910,dha-0053,em53,0,,,,,,,20150204,,,,,,,,,,0,,,,,,0,,,,,,,,,,0,,,,,,,,,,,,,,0,,,,,0,,,0,,,0,0,0,0,0,0,0,0,0,0,0,0,0,0,0,0,0,0,0,0,0,0,0,0,0,0,,,,,,,0,,Y,1,0,1,0 hours 40 minutes,40,0 hours 0 minutes,0,Y,N
2975,dha-0053,em53,0,,,,,,,20150206,,,,,,,,,,0,,,,,,0,,,,,,,,,,0,,,,,,,,,,,,,,0,,,,,0,,,0,,,0,0,0,0,0,0,0,0,0,0,0,0,0,0,0,0,0,0,0,0,0,0,0,0,0,0,,,,,,,0,,Y,1,0,1,0 hours 50 minutes,50,0 hours 0 minutes,0,Y,N
3001,dha-0053,em53,0,,,,,,,20150209,,,,,,,,,,0,,,,,,0,,,,,,,,,,0,,,,,,,,,,,,,,0,,,,,0,,,0,,,0,0,0,0,0,0,0,0,0,0,0,0,0,0,0,0,0,0,0,0,0,0,0,0,0,0,,,,,,,0,,Y,1,0,1,0 hours 50 minutes,50,0 hours 0 minutes,0,Y,N
3058,dha-0053,em53,0,,,,,,,20150210,,,,,,,,,,0,,,,,,0,,,,,,,,,,0,,,,,,,,,,,,,,0,,,,,0,,,0,,,0,0,0,0,0,0,0,0,0,0,0,0,0,0,0,0,0,0,0,0,0,0,0,0,0,0,,,,,,,0,,Y,1,0,1,0 hours 50 minutes,50,0 hours 0 minutes,0,Y,N
3059,dha-0053,em53,0,,,,,,,20150211,,,,,,,,,,0,,,,,,0,,,,,,,,,,0,,,,,,,,,,,,,,0,,,,,0,,,0,,,0,0,0,0,0,0,0,0,0,0,0,0,0,0,0,0,0,0,0,0,0,0,0,0,0,0,,,,,,,0,,Y,1,0,1,0 hours 50 minutes,50,0 hours 0 minutes,0,Y,N
3060,dha-0053,em53,0,,,,,,,20150212,,,,,,,,,,0,,,,,,0,,,,,,,,,,0,,,,,,,,,,,,,,0,,,,,0,,,0,,,0,0,0,0,0,0,0,0,0,0,0,0,0,0,0,0,0,0,0,0,0,0,0,0,0,0,,,,,,,0,,Y,1,0,1,0 hours 50 minutes,50,0 hours 0 minutes,0,Y,N
3061,dha-0053,em53,0,,,,,,,20150213,,,,,,,,,,0,,,,,,0,,,,,,,,,,0,,,,,,,,,,,,,,0,,,,,0,,,0,,,0,0,0,0,0,0,0,0,0,0,0,0,0,0,0,0,0,0,0,0,0,0,0,0,0,0,,,,,,,0,,Y,1,0,1,0 hours 50 minutes,50,0 hours 0 minutes,0,Y,N
3135,dha-0053,em53,0,,,,,,,20150216,,,,,,,,,,0,,,,,,0,,,,,,,,,,0,,,,,,,,,,,,,,0,,,,,0,,,0,,,0,0,0,0,0,0,0,0,0,0,0,0,0,0,0,0,0,0,0,0,0,0,0,0,0,0,,,,,,,0,,Y,1,0,1,0 hours 50 minutes,50,0 hours 0 minutes,0,Y,N
3136,dha-0053,em53,0,,,,,,,20150217,,,,,,,,,,0,,,,,,0,,,,,,,,,,0,,,,,,,,,,,,,,0,,,,,0,,,0,,,0,0,0,0,0,0,0,0,0,0,0,0,0,0,0,0,0,0,0,0,0,0,0,0,0,0,,,,,,,0,,Y,1,0,1,0 hours 30 minutes,30,0 hours 0 minutes,0,Y,N
3214,dha-0053,em53,0,,,,,,,20150223,,,,,,,,,,0,,,,,,0,,,,,,,,,,0,,,,,,,,,,,,,,0,,,,,0,,,0,,,0,0,0,0,0,0,0,0,0,0,0,0,0,0,0,0,0,0,0,0,0,0,0,0,0,0,,,,,,,0,,Y,1,0,1,0 hours 40 minutes,40,0 hours 0 minutes,0,Y,N
3247,dha-0053,em53,0,,,,,,,20150224,,,,,,,,,,0,,,,,,0,,,,,,,,,,0,,,,,,,,,,,,,,0,,,,,0,,,0,,,0,0,0,0,0,0,0,0,0,0,0,0,0,0,0,0,0,0,0,0,0,0,0,0,0,0,,,,,,,0,,Y,0,1,1,0 hours 0 minutes,0,0 hours 50 minutes,50,Y,N
3246,dha-0053,em53,0,,,,,,,20150225,,,,,,,,,,0,,,,,,0,,,,,,,,,,0,,,,,,,,,,,,,,0,,,,,0,,,0,,,0,0,0,0,0,0,0,0,0,0,0,0,0,0,0,0,0,0,0,0,0,0,0,0,0,0,,,,,,,0,,Y,0,1,1,0 hours 0 minutes,0,0 hours 50 minutes,50,Y,N
3255,dha-0053,em53,0,,,,,,,20150226,,,,,,,,,,0,,,,,,0,,,,,,,,,,0,,,,,,,,,,,,,,0,,,,,0,,,0,,,0,0,0,0,0,0,0,0,0,0,0,0,0,0,0,0,0,0,0,0,0,0,0,0,0,0,,,,,,,0,,Y,1,0,1,0 hours 40 minutes,40,0 hours 0 minutes,0,Y,N
3296,dha-0053,em53,0,,,,,,,20150227,,,,,,,,,,0,,,,,,0,,,,,,,,,,0,,,,,,,,,,,,,,0,,,,,0,,,0,,,0,0,0,0,0,0,0,0,0,0,0,0,0,0,0,0,0,0,0,0,0,0,0,0,0,0,,,,,,,0,,Y,1,0,1,0 hours 50 minutes,50,0 hours 0 minutes,0,Y,N
1857,dha-0055,em55,0,,,,,,,20141215,,,,,,,,,,0,,,,,,0,,,,,,,,,,0,,,,,,,,,,,,,,0,,,,,0,,,0,,,0,0,0,0,0,0,0,0,0,0,0,0,0,0,0,0,0,0,0,0,0,0,0,0,0,0,,,,,,,0,,Y,0,1,1,0 hours 0 minutes,0,1 hour 0 minutes,60,Y,N
2030,dha-0055,em55,0,,,,,,,20141223,,,,,,,,,,0,,,,,,0,,,,,,,,,,0,,,,,,,,,,,,,,0,,,,,0,,,0,,,0,0,0,0,0,0,0,0,0,0,0,0,0,0,0,0,0,0,0,0,0,0,0,0,0,0,,,,,,,0,,Y,0,1,1,0 hours 0 minutes,0,0 hours 40 minutes,40,Y,N
2089,dha-0055,em55,0,,,,,,,20141224,,,,,,,,,,0,,,,,,0,,,,,,,,,,0,,,,,,,,,,,,,,0,,,,,0,,,0,,,0,0,0,0,0,0,0,0,0,0,0,0,0,0,0,0,0,0,0,0,0,0,0,0,0,0,,,,,,,0,,Y,0,1,1,0 hours 0 minutes,0,0 hours 40 minutes,40,Y,N
2090,dha-0055,em55,0,,,,,,,20141225,,,,,,,,,,0,,,,,,0,,,,,,,,,,0,,,,,,,,,,,,,,0,,,,,0,,,0,,,0,0,0,0,0,0,0,0,0,0,0,0,0,0,0,0,0,0,0,0,0,0,0,0,0,0,,,,,,,0,,Y,0,1,1,0 hours 0 minutes,0,0 hours 40 minutes,40,Y,N
2213,dha-0055,em55,0,,,,,,,20141229,,,,,,,,,,0,,,,,,0,,,,,,,,,,0,,,,,,,,,,,,,,0,,,,,0,,,0,,,0,0,0,0,0,0,0,0,0,0,0,0,0,0,0,0,0,0,0,0,0,0,0,0,0,0,,,,,,,0,,Y,0,1,1,0 hours 0 minutes,0,0 hours 40 minutes,40,Y,N
2214,dha-0055,em55,0,,,,,,,20141230,,,,,,,,,,0,,,,,,0,,,,,,,,,,0,,,,,,,,,,,,,,0,,,,,0,,,0,,,0,0,0,0,0,0,0,0,0,0,0,0,0,0,0,0,0,0,0,0,0,0,0,0,0,0,,,,,,,0,,Y,0,1,1,0 hours 0 minutes,0,0 hours 40 minutes,40,Y,N
2215,dha-0055,em55,0,,,,,,,20141231,,,,,,,,,,0,,,,,,0,,,,,,,,,,0,,,,,,,,,,,,,,0,,,,,0,,,0,,,0,0,0,0,0,0,0,0,0,0,0,0,0,0,0,0,0,0,0,0,0,0,0,0,0,0,,,,,,,0,,Y,0,1,1,0 hours 0 minutes,0,0 hours 40 minutes,40,Y,N
2518,dha-0057,em57,0,,,,,,,20150112,,,,,,,,,,0,,,,,,0,,,,,,,,,,0,,,,,,,,,,,,,,0,,,,,0,,,0,,,0,0,0,0,0,0,0,0,0,0,0,0,0,0,0,0,0,0,0,0,0,0,0,0,0,0,,,,,,,0,,Y,0,1,1,0 hours 0 minutes,0,1 hour 0 minutes,60,Y,N
2519,dha-0057,em57,0,,,,,,,20150113,,,,,,,,,,0,,,,,,0,,,,,,,,,,0,,,,,,,,,,,,,,0,,,,,0,,,0,,,0,0,0,0,0,0,0,0,0,0,0,0,0,0,0,0,0,0,0,0,0,0,0,0,0,0,,,,,,,0,,Y,0,1,1,0 hours 0 minutes,0,0 hours 30 minutes,30,Y,N
2520,dha-0057,em57,0,,,,,,,20150114,,,,,,,,,,0,,,,,,0,,,,,,,,,,0,,,,,,,,,,,,,,0,,,,,0,,,0,,,0,0,0,0,0,0,0,0,0,0,0,0,0,0,0,0,0,0,0,0,0,0,0,0,0,0,,,,,,,0,,N,0,1,1,0 hours 0 minutes,0,0 hours 30 minutes,30,Y,N
2688,dha-0057,em57,0,,,,,,,20150117,,,,,,,,,,0,,,,,,0,,,,,,,,,,0,,,,,,,,,,,,,,0,,,,,0,,,0,,,0,0,0,0,0,0,0,0,0,0,0,0,0,0,0,0,0,0,0,0,0,0,0,0,0,0,,,,,,,0,,Y,0,1,1,0 hours 0 minutes,0,0 hours 40 minutes,40,Y,N
2690,dha-0057,em57,0,,,,,,,20150119,,,,,,,,,,0,,,,,,0,,,,,,,,,,0,,,,,,,,,,,,,,0,,,,,0,,,0,,,0,0,0,0,0,0,0,0,0,0,0,0,0,0,0,0,0,0,0,0,0,0,0,0,0,0,,,,,,,0,,Y,0,1,1,0 hours 0 minutes,0,0 hours 20 minutes,20,Y,N
2776,dha-0057,em57,0,,,,,,,20150123,,,,,,,,,,0,,,,,,0,,,,,,,,,,0,,,,,,,,,,,,,,0,,,,,0,,,0,,,0,0,0,0,0,0,0,0,0,0,0,0,0,0,0,0,0,0,0,0,0,0,0,0,0,0,,,,,,,0,,Y,0,1,1,0 hours 0 minutes,0,0 hours 20 minutes,20,Y,N
2778,dha-0057,em57,0,,,,,,,20150125,,,,,,,,,,0,,,,,,0,,,,,,,,,,0,,,,,,,,,,,,,,0,,,,,0,,,0,,,0,0,0,0,0,0,0,0,0,0,0,0,0,0,0,0,0,0,0,0,0,0,0,0,0,0,,,,,,,0,,Y,0,1,1,0 hours 0 minutes,0,0 hours 20 minutes,20,Y,N
2876,dha-0057,em57,0,,,,,,,20150130,,,,,,,,,,0,,,,,,0,,,,,,,,,,0,,,,,,,,,,,,,,0,,,,,0,,,0,,,0,0,0,0,0,0,0,0,0,0,0,0,0,0,0,0,0,0,0,0,0,0,0,0,0,0,,,,,,,0,,Y,0,1,1,0 hours 0 minutes,0,0 hours 20 minutes,20,Y,N
2015,dha-0060,em60,0,,,,,,,20141221,,,,,,,,,,0,,,,,,0,,,,,,,,,,0,,,,,,,,,,,,,,0,,,,,0,,,0,,,0,0,0,0,0,0,0,0,0,0,0,0,0,0,0,0,0,0,0,0,0,0,0,0,0,0,,,,,,,0,,Y,0,1,1,0 hours 0 minutes,0,0 hours 30 minutes,30,Y,N
2145,dha-0060,em60,0,,,,,,,20141230,,,,,,,,,,0,,,,,,0,,,,,,,,,,0,,,,,,,,,,,,,,0,,,,,0,,,0,,,0,0,0,0,0,0,0,0,0,0,0,0,0,0,0,0,0,0,0,0,0,0,0,0,0,0,,,,,,,0,,Y,0,1,1,0 hours 0 minutes,0,0 hours 30 minutes,30,Y,N
2482,dha-0060,em60,0,,,,,,,20150108,,,,,,,,,,0,,,,,,0,,,,,,,,,,0,,,,,,,,,,,,,,0,,,,,0,,,0,,,0,0,0,0,0,0,0,0,0,0,0,0,0,0,0,0,0,0,0,0,0,0,0,0,0,0,,,,,,,0,,Y,0,1,1,0 hours 0 minutes,0,1 hour 30 minutes,90,Y,N
2478,dha-0060,em60,0,,,,,,,20150112,,,,,,,,,,0,,,,,,0,,,,,,,,,,0,,,,,,,,,,,,,,0,,,,,0,,,0,,,0,0,0,0,0,0,0,0,0,0,0,0,0,0,0,0,0,0,0,0,0,0,0,0,0,0,,,,,,,0,,Y,0,1,1,0 hours 0 minutes,0,1 hour 30 minutes,90,Y,N
2544,dha-0060,em60,0,,,,,,,20150114,,,,,,,,,,0,,,,,,0,,,,,,,,,,0,,,,,,,,,,,,,,0,,,,,0,,,0,,,0,0,0,0,0,0,0,0,0,0,0,0,0,0,0,0,0,0,0,0,0,0,0,0,0,0,,,,,,,0,,Y,0,1,1,0 hours 0 minutes,0,2 hours 0 minutes,120,Y,N
2542,dha-0060,em60,0,,,,,,,20150115,,,,,,,,,,0,,,,,,0,,,,,,,,,,0,,,,,,,,,,,,,,0,,,,,0,,,0,,,0,0,0,0,0,0,0,0,0,0,0,0,0,0,0,0,0,0,0,0,0,0,0,0,0,0,,,,,,,0,,Y,0,1,1,0 hours 0 minutes,0,2 hours 0 minutes,120,Y,N
2541,dha-0060,em60,0,,,,,,,20150116,,,,,,,,,,0,,,,,,0,,,,,,,,,,0,,,,,,,,,,,,,,0,,,,,0,,,0,,,0,0,0,0,0,0,0,0,0,0,0,0,0,0,0,0,0,0,0,0,0,0,0,0,0,0,,,,,,,0,,Y,0,1,1,0 hours 0 minutes,0,1 hour 30 minutes,90,Y,N
2666,dha-0060,em60,0,,,,,,,20150121,,,,,,,,,,0,,,,,,0,,,,,,,,,,0,,,,,,,,,,,,,,0,,,,,0,,,0,,,0,0,0,0,0,0,0,0,0,0,0,0,0,0,0,0,0,0,0,0,0,0,0,0,0,0,,,,,,,0,,Y,0,1,1,0 hours 0 minutes,0,0 hours 30 minutes,30,Y,N
2665,dha-0060,em60,0,,,,,,,20150122,,,,,,,,,,0,,,,,,0,,,,,,,,,,0,,,,,,,,,,,,,,0,,,,,0,,,0,,,0,0,0,0,0,0,0,0,0,0,0,0,0,0,0,0,0,0,0,0,0,0,0,0,0,0,,,,,,,0,,Y,0,1,1,0 hours 0 minutes,0,1 hour 30 minutes,90,Y,N
2805,dha-0060,em60,0,,,,,,,20150126,,,,,,,,,,0,,,,,,0,,,,,,,,,,0,,,,,,,,,,,,,,0,,,,,0,,,0,,,0,0,0,0,0,0,0,0,0,0,0,0,0,0,0,0,0,0,0,0,0,0,0,0,0,0,,,,,,,0,,Y,0,1,1,0 hours 0 minutes,0,1 hour 0 minutes,60,Y,N
2808,dha-0060,em60,0,,,,,,,20150129,,,,,,,,,,0,,,,,,0,,,,,,,,,,0,,,,,,,,,,,,,,0,,,,,0,,,0,,,0,0,0,0,0,0,0,0,0,0,0,0,0,0,0,0,0,0,0,0,0,0,0,0,0,0,,,,,,,0,,Y,0,1,1,0 hours 0 minutes,0,1 hour 0 minutes,60,Y,N
2801,dha-0060,em60,0,,,,,,,20150130,,,,,,,,,,0,,,,,,0,,,,,,,,,,0,,,,,,,,,,,,,,0,,,,,0,,,0,,,0,0,0,0,0,0,0,0,0,0,0,0,0,0,0,0,0,0,0,0,0,0,0,0,0,0,,,,,,,0,,Y,0,1,1,0 hours 0 minutes,0,1 hour 0 minutes,60,Y,N
2888,dha-0060,em60,0,,,,,,,20150202,,,,,,,,,,0,,,,,,0,,,,,,,,,,0,,,,,,,,,,,,,,0,,,,,0,,,0,,,0,0,0,0,0,0,0,0,0,0,0,0,0,0,0,0,0,0,0,0,0,0,0,0,0,0,,,,,,,0,,Y,0,1,1,0 hours 0 minutes,0,1 hour 0 minutes,60,Y,N
3021,dha-0060,em60,0,,,,,,,20150212,,,,,,,,,,0,,,,,,0,,,,,,,,,,0,,,,,,,,,,,,,,0,,,,,0,,,0,,,0,0,0,0,0,0,0,0,0,0,0,0,0,0,0,0,0,0,0,0,0,0,0,0,0,0,,,,,,,0,,Y,0,1,1,0 hours 0 minutes,0,1 hour 0 minutes,60,Y,N
3174,dha-0060,em60,0,,,,,,,20150214,,,,,,,,,,0,,,,,,0,,,,,,,,,,0,,,,,,,,,,,,,,0,,,,,0,,,0,,,0,0,0,0,0,0,0,0,0,0,0,0,0,0,0,0,0,0,0,0,0,0,0,0,0,0,,,,,,,0,,Y,0,1,1,0 hours 0 minutes,0,2 hours 0 minutes,120,Y,N
3169,dha-0060,em60,0,,,,,,,20150222,,,,,,,,,,0,,,,,,0,,,,,,,,,,0,,,,,,,,,,,,,,0,,,,,0,,,0,,,0,0,0,0,0,0,0,0,0,0,0,0,0,0,0,0,0,0,0,0,0,0,0,0,0,0,,,,,,,0,,Y,0,1,1,0 hours 0 minutes,0,0 hours 30 minutes,30,Y,N
3324,dha-0060,em60,0,,,,,,,20150228,,,,,,,,,,0,,,,,,0,,,,,,,,,,0,,,,,,,,,,,,,,0,,,,,0,,,0,,,0,0,0,0,0,0,0,0,0,0,0,0,0,0,0,0,0,0,0,0,0,0,0,0,0,0,,,,,,,0,,Y,0,1,1,0 hours 0 minutes,0,3 hours 0 minutes,180,Y,N
3377,dha-0060,em60,0,,,,,,,20150305,,,,,,,,,,0,,,,,,0,,,,,,,,,,0,,,,,,,,,,,,,,0,,,,,0,,,0,,,0,0,0,0,0,0,0,0,0,0,0,0,0,0,0,0,0,0,0,0,0,0,0,0,0,0,,,,,,,0,,Y,0,1,1,0 hours 0 minutes,0,1 hour 0 minutes,60,Y,N
3376,dha-0060,em60,0,,,,,,,20150306,,,,,,,,,,0,,,,,,0,,,,,,,,,,0,,,,,,,,,,,,,,0,,,,,0,,,0,,,0,0,0,0,0,0,0,0,0,0,0,0,0,0,0,0,0,0,0,0,0,0,0,0,0,0,,,,,,,0,,Y,0,1,1,0 hours 0 minutes,0,1 hour 0 minutes,60,Y,N
3375,dha-0060,em60,0,,,,,,,20150307,,,,,,,,,,0,,,,,,0,,,,,,,,,,0,,,,,,,,,,,,,,0,,,,,0,,,0,,,0,0,0,0,0,0,0,0,0,0,0,0,0,0,0,0,0,0,0,0,0,0,0,0,0,0,,,,,,,0,,Y,0,1,1,0 hours 0 minutes,0,1 hour 0 minutes,60,Y,N
3433,dha-0060,em60,0,,,,,,,20150309,,,,,,,,,,0,,,,,,0,,,,,,,,,,0,,,,,,,,,,,,,,0,,,,,0,,,0,,,0,0,0,0,0,0,0,0,0,0,0,0,0,0,0,0,0,0,0,0,0,0,0,0,0,0,,,,,,,0,,Y,0,1,1,0 hours 0 minutes,0,1 hour 0 minutes,60,Y,N
3434,dha-0060,em60,0,,,,,,,20150310,,,,,,,,,,0,,,,,,0,,,,,,,,,,0,,,,,,,,,,,,,,0,,,,,0,,,0,,,0,0,0,0,0,0,0,0,0,0,0,0,0,0,0,0,0,0,0,0,0,0,0,0,0,0,,,,,,,0,,Y,0,1,1,0 hours 0 minutes,0,1 hour 0 minutes,60,Y,N
2231,dha-0061,EM61,0,,,,,,,20150101,,,,,,,,,,0,,,,,,0,,,,,,,,,,0,,,,,,,,,,,,,,0,,,,,0,,,0,,,0,0,0,0,0,0,0,0,0,0,0,0,0,0,0,0,0,0,0,0,0,0,0,0,0,0,,,,,,,0,,Y,0,1,1,0 hours 0 minutes,0,0 hours 20 minutes,20,Y,N
2281,dha-0061,EM61,0,,,,,,,20150104,,,,,,,,,,0,,,,,,0,,,,,,,,,,0,,,,,,,,,,,,,,0,,,,,0,,,0,,,0,0,0,0,0,0,0,0,0,0,0,0,0,0,0,0,0,0,0,0,0,0,0,0,0,0,,,,,,,0,,Y,0,1,1,0 hours 0 minutes,0,0 hours 40 minutes,40,Y,N
2320,dha-0061,EM61,0,,,,,,,20150105,,,,,,,,,,0,,,,,,0,,,,,,,,,,0,,,,,,,,,,,,,,0,,,,,0,,,0,,,0,0,0,0,0,0,0,0,0,0,0,0,0,0,0,0,0,0,0,0,0,0,0,0,0,0,,,,,,,0,,Y,0,1,1,0 hours 0 minutes,0,0 hours 10 minutes,10,Y,N
2923,dha-0061,EM61,0,,,,,,,20150205,,,,,,,,,,0,,,,,,0,,,,,,,,,,0,,,,,,,,,,,,,,0,,,,,0,,,0,,,0,0,0,0,0,0,0,0,0,0,0,0,0,0,0,0,0,0,0,0,0,0,0,0,0,0,,,,,,,0,,Y,0,1,1,0 hours 0 minutes,0,0 hours 10 minutes,10,Y,N
3159,dha-0061,EM61,0,,,,,,,20150220,,,,,,,,,,0,,,,,,0,,,,,,,,,,0,,,,,,,,,,,,,,0,,,,,0,,,0,,,0,0,0,0,0,0,0,0,0,0,0,0,0,0,0,0,0,0,0,0,0,0,0,0,0,0,,,,,,,0,,Y,0,1,1,0 hours 0 minutes,0,0 hours 40 minutes,40,Y,N
3392,dha-0061,EM61,0,,,,,,,20150224,,,,,,,,,,0,,,,,,0,,,,,,,,,,0,,,,,,,,,,,,,,0,,,,,0,,,0,,,0,0,0,0,0,0,0,0,0,0,0,0,0,0,0,0,0,0,0,0,0,0,0,0,0,0,,,,,,,0,,Y,0,1,1,0 hours 0 minutes,0,0 hours 30 minutes,30,Y,N
3416,dha-0061,EM61,0,,,,,,,20150305,,,,,,,,,,0,,,,,,0,,,,,,,,,,0,,,,,,,,,,,,,,0,,,,,0,,,0,,,0,0,0,0,0,0,0,0,0,0,0,0,0,0,0,0,0,0,0,0,0,0,0,0,0,0,,,,,,,0,,Y,0,1,1,0 hours 0 minutes,0,0 hours 10 minutes,10,Y,N
3417,dha-0061,EM61,0,,,,,,,20150306,,,,,,,,,,0,,,,,,0,,,,,,,,,,0,,,,,,,,,,,,,,0,,,,,0,,,0,,,0,0,0,0,0,0,0,0,0,0,0,0,0,0,0,0,0,0,0,0,0,0,0,0,0,0,,,,,,,0,,Y,0,1,1,0 hours 0 minutes,0,0 hours 10 minutes,10,Y,N
3497,dha-0061,EM61,0,,,,,,,20150311,,,,,,,,,,0,,,,,,0,,,,,,,,,,0,,,,,,,,,,,,,,0,,,,,0,,,0,,,0,0,0,0,0,0,0,0,0,0,0,0,0,0,0,0,0,0,0,0,0,0,0,0,0,0,,,,,,,0,,Y,0,1,1,0 hours 0 minutes,0,0 hours 20 minutes,20,Y,N
3498,dha-0061,EM61,0,,,,,,,20150312,,,,,,,,,,0,,,,,,0,,,,,,,,,,0,,,,,,,,,,,,,,0,,,,,0,,,0,,,0,0,0,0,0,0,0,0,0,0,0,0,0,0,0,0,0,0,0,0,0,0,0,0,0,0,,,,,,,0,,Y,0,1,1,0 hours 0 minutes,0,0 hours 10 minutes,10,Y,N
3499,dha-0061,EM61,0,,,,,,,20150313,,,,,,,,,,0,,,,,,0,,,,,,,,,,0,,,,,,,,,,,,,,0,,,,,0,,,0,,,0,0,0,0,0,0,0,0,0,0,0,0,0,0,0,0,0,0,0,0,0,0,0,0,0,0,,,,,,,0,,Y,0,1,1,0 hours 0 minutes,0,0 hours 20 minutes,20,Y,N
3526,dha-0061,EM61,0,,,,,,,20150316,,,,,,,,,,0,,,,,,0,,,,,,,,,,0,,,,,,,,,,,,,,0,,,,,0,,,0,,,0,0,0,0,0,0,0,0,0,0,0,0,0,0,0,0,0,0,0,0,0,0,0,0,0,0,,,,,,,0,,Y,0,1,1,0 hours 0 minutes,0,0 hours 30 minutes,30,Y,N
3573,dha-0061,EM61,0,,,,,,,20150317,,,,,,,,,,0,,,,,,0,,,,,,,,,,0,,,,,,,,,,,,,,0,,,,,0,,,0,,,0,0,0,0,0,0,0,0,0,0,0,0,0,0,0,0,0,0,0,0,0,0,0,0,0,0,,,,,,,0,,Y,0,1,1,0 hours 0 minutes,0,0 hours 20 minutes,20,Y,N
3574,dha-0061,EM61,0,,,,,,,20150318,,,,,,,,,,0,,,,,,0,,,,,,,,,,0,,,,,,,,,,,,,,0,,,,,0,,,0,,,0,0,0,0,0,0,0,0,0,0,0,0,0,0,0,0,0,0,0,0,0,0,0,0,0,0,,,,,,,0,,Y,0,1,1,0 hours 0 minutes,0,0 hours 20 minutes,20,Y,N
2247,dha-0062,EM62,0,,,,,,,20150102,,,,,,,,,,0,,,,,,0,,,,,,,,,,0,,,,,,,,,,,,,,0,,,,,0,,,0,,,0,0,0,0,0,0,0,0,0,0,0,0,0,0,0,0,0,0,0,0,0,0,0,0,0,0,,,,,,,0,,Y,0,1,1,0 hours 0 minutes,0,0 hours 30 minutes,30,Y,N
2496,dha-0062,EM62,0,,,,,,,20150112,,,,,,,,,,0,,,,,,0,,,,,,,,,,0,,,,,,,,,,,,,,0,,,,,0,,,0,,,0,0,0,0,0,0,0,0,0,0,0,0,0,0,0,0,0,0,0,0,0,0,0,0,0,0,,,,,,,0,,Y,0,1,1,0 hours 0 minutes,0,0 hours 30 minutes,30,Y,N
2566,dha-0062,EM62,0,,,,,,,20150116,,,,,,,,,,0,,,,,,0,,,,,,,,,,0,,,,,,,,,,,,,,0,,,,,0,,,0,,,0,0,0,0,0,0,0,0,0,0,0,0,0,0,0,0,0,0,0,0,0,0,0,0,0,0,,,,,,,0,,Y,0,1,1,0 hours 0 minutes,0,0 hours 30 minutes,30,Y,N
2664,dha-0062,EM62,0,,,,,,,20150121,,,,,,,,,,0,,,,,,0,,,,,,,,,,0,,,,,,,,,,,,,,0,,,,,0,,,0,,,0,0,0,0,0,0,0,0,0,0,0,0,0,0,0,0,0,0,0,0,0,0,0,0,0,0,,,,,,,0,,Y,0,1,1,0 hours 0 minutes,0,0 hours 30 minutes,30,Y,N
2757,dha-0062,EM62,0,,,,,,,20150126,,,,,,,,,,0,,,,,,0,,,,,,,,,,0,,,,,,,,,,,,,,0,,,,,0,,,0,,,0,0,0,0,0,0,0,0,0,0,0,0,0,0,0,0,0,0,0,0,0,0,0,0,0,0,,,,,,,0,,Y,0,1,1,0 hours 0 minutes,0,0 hours 30 minutes,30,Y,N
2788,dha-0062,EM62,0,,,,,,,20150128,,,,,,,,,,0,,,,,,0,,,,,,,,,,0,,,,,,,,,,,,,,0,,,,,0,,,0,,,0,0,0,0,0,0,0,0,0,0,0,0,0,0,0,0,0,0,0,0,0,0,0,0,0,0,,,,,,,0,,Y,0,1,1,0 hours 0 minutes,0,0 hours 20 minutes,20,Y,N
2814,dha-0062,EM62,0,,,,,,,20150130,,,,,,,,,,0,,,,,,0,,,,,,,,,,0,,,,,,,,,,,,,,0,,,,,0,,,0,,,0,0,0,0,0,0,0,0,0,0,0,0,0,0,0,0,0,0,0,0,0,0,0,0,0,0,,,,,,,0,,Y,0,1,1,0 hours 0 minutes,0,0 hours 30 minutes,30,Y,N
2918,dha-0062,EM62,0,,,,,,,20150204,,,,,,,,,,0,,,,,,0,,,,,,,,,,0,,,,,,,,,,,,,,0,,,,,0,,,0,,,0,0,0,0,0,0,0,0,0,0,0,0,0,0,0,0,0,0,0,0,0,0,0,0,0,0,,,,,,,0,,Y,0,1,1,0 hours 0 minutes,0,0 hours 30 minutes,30,Y,N
2939,dha-0062,EM62,0,,,,,,,20150206,,,,,,,,,,0,,,,,,0,,,,,,,,,,0,,,,,,,,,,,,,,0,,,,,0,,,0,,,0,0,0,0,0,0,0,0,0,0,0,0,0,0,0,0,0,0,0,0,0,0,0,0,0,0,,,,,,,0,,Y,0,1,1,0 hours 0 minutes,0,0 hours 40 minutes,40,Y,N
3017,dha-0062,EM62,0,,,,,,,20150211,,,,,,,,,,0,,,,,,0,,,,,,,,,,0,,,,,,,,,,,,,,0,,,,,0,,,0,,,0,0,0,0,0,0,0,0,0,0,0,0,0,0,0,0,0,0,0,0,0,0,0,0,0,0,,,,,,,0,,Y,0,1,1,0 hours 0 minutes,0,0 hours 30 minutes,30,Y,N
3050,dha-0062,EM62,0,,,,,,,20150213,,,,,,,,,,0,,,,,,0,,,,,,,,,,0,,,,,,,,,,,,,,0,,,,,0,,,0,,,0,0,0,0,0,0,0,0,0,0,0,0,0,0,0,0,0,0,0,0,0,0,0,0,0,0,,,,,,,0,,Y,0,1,1,0 hours 0 minutes,0,0 hours 30 minutes,30,Y,N
3091,dha-0062,EM62,0,,,,,,,20150216,,,,,,,,,,0,,,,,,0,,,,,,,,,,0,,,,,,,,,,,,,,0,,,,,0,,,0,,,0,0,0,0,0,0,0,0,0,0,0,0,0,0,0,0,0,0,0,0,0,0,0,0,0,0,,,,,,,0,,Y,0,1,1,0 hours 0 minutes,0,0 hours 20 minutes,20,Y,N
3211,dha-0062,EM62,0,,,,,,,20150223,,,,,,,,,,0,,,,,,0,,,,,,,,,,0,,,,,,,,,,,,,,0,,,,,0,,,0,,,0,0,0,0,0,0,0,0,0,0,0,0,0,0,0,0,0,0,0,0,0,0,0,0,0,0,,,,,,,0,,Y,0,1,1,0 hours 0 minutes,0,0 hours 30 minutes,30,Y,N
3240,dha-0062,EM62,0,,,,,,,20150225,,,,,,,,,,0,,,,,,0,,,,,,,,,,0,,,,,,,,,,,,,,0,,,,,0,,,0,,,0,0,0,0,0,0,0,0,0,0,0,0,0,0,0,0,0,0,0,0,0,0,0,0,0,0,,,,,,,0,,Y,0,1,1,0 hours 0 minutes,0,0 hours 20 minutes,20,Y,N
3310,dha-0062,EM62,0,,,,,,,20150302,,,,,,,,,,0,,,,,,0,,,,,,,,,,0,,,,,,,,,,,,,,0,,,,,0,,,0,,,0,0,0,0,0,0,0,0,0,0,0,0,0,0,0,0,0,0,0,0,0,0,0,0,0,0,,,,,,,0,,Y,0,1,1,0 hours 0 minutes,0,0 hours 30 minutes,30,Y,N
3329,dha-0062,EM62,0,,,,,,,20150304,,,,,,,,,,0,,,,,,0,,,,,,,,,,0,,,,,,,,,,,,,,0,,,,,0,,,0,,,0,0,0,0,0,0,0,0,0,0,0,0,0,0,0,0,0,0,0,0,0,0,0,0,0,0,,,,,,,0,,Y,0,1,1,0 hours 0 minutes,0,0 hours 30 minutes,30,Y,N
3440,dha-0062,EM62,0,,,,,,,20150311,,,,,,,,,,0,,,,,,0,,,,,,,,,,0,,,,,,,,,,,,,,0,,,,,0,,,0,,,0,0,0,0,0,0,0,0,0,0,0,0,0,0,0,0,0,0,0,0,0,0,0,0,0,0,,,,,,,0,,Y,0,1,1,0 hours 0 minutes,0,0 hours 30 minutes,30,Y,N
3517,dha-0062,EM62,0,,,,,,,20150313,,,,,,,,,,0,,,,,,0,,,,,,,,,,0,,,,,,,,,,,,,,0,,,,,0,,,0,,,0,0,0,0,0,0,0,0,0,0,0,0,0,0,0,0,0,0,0,0,0,0,0,0,0,0,,,,,,,0,,Y,0,1,1,0 hours 0 minutes,0,0 hours 40 minutes,40,Y,N
3525,dha-0062,EM62,0,,,,,,,20150316,,,,,,,,,,0,,,,,,0,,,,,,,,,,0,,,,,,,,,,,,,,0,,,,,0,,,0,,,0,0,0,0,0,0,0,0,0,0,0,0,0,0,0,0,0,0,0,0,0,0,0,0,0,0,,,,,,,0,,Y,1,0,1,0 hours 40 minutes,40,0 hours 0 minutes,0,Y,N
3583,dha-0062,EM62,0,,,,,,,20150320,,,,,,,,,,0,,,,,,0,,,,,,,,,,0,,,,,,,,,,,,,,0,,,,,0,,,0,,,0,0,0,0,0,0,0,0,0,0,0,0,0,0,0,0,0,0,0,0,0,0,0,0,0,0,,,,,,,0,,Y,1,0,1,0 hours 30 minutes,30,0 hours 0 minutes,0,Y,N
2311,dha-0063,em63,0,,,,,,,20150105,,,,,,,,,,0,,,,,,0,,,,,,,,,,0,,,,,,,,,,,,,,0,,,,,0,,,0,,,0,0,0,0,0,0,0,0,0,0,0,0,0,0,0,0,0,0,0,0,0,0,0,0,0,0,,,,,,,0,,Y,0,1,1,0 hours 0 minutes,0,0 hours 30 minutes,30,Y,N
2336,dha-0063,em63,0,,,,,,,20150106,,,,,,,,,,0,,,,,,0,,,,,,,,,,0,,,,,,,,,,,,,,0,,,,,0,,,0,,,0,0,0,0,0,0,0,0,0,0,0,0,0,0,0,0,0,0,0,0,0,0,0,0,0,0,,,,,,,0,,Y,0,1,1,0 hours 0 minutes,0,0 hours 40 minutes,40,Y,N
2335,dha-0063,em63,0,,,,,,,20150107,,,,,,,,,,0,,,,,,0,,,,,,,,,,0,,,,,,,,,,,,,,0,,,,,0,,,0,,,0,0,0,0,0,0,0,0,0,0,0,0,0,0,0,0,0,0,0,0,0,0,0,0,0,0,,,,,,,0,,Y,0,1,1,0 hours 0 minutes,0,0 hours 50 minutes,50,Y,N
2387,dha-0063,em63,0,,,,,,,20150109,,,,,,,,,,0,,,,,,0,,,,,,,,,,0,,,,,,,,,,,,,,0,,,,,0,,,0,,,0,0,0,0,0,0,0,0,0,0,0,0,0,0,0,0,0,0,0,0,0,0,0,0,0,0,,,,,,,0,,Y,0,1,1,0 hours 0 minutes,0,1 hour 20 minutes,80,Y,N
2495,dha-0063,em63,0,,,,,,,20150112,,,,,,,,,,0,,,,,,0,,,,,,,,,,0,,,,,,,,,,,,,,0,,,,,0,,,0,,,0,0,0,0,0,0,0,0,0,0,0,0,0,0,0,0,0,0,0,0,0,0,0,0,0,0,,,,,,,0,,Y,0,1,1,0 hours 0 minutes,0,0 hours 50 minutes,50,Y,N
2514,dha-0063,em63,0,,,,,,,20150113,,,,,,,,,,0,,,,,,0,,,,,,,,,,0,,,,,,,,,,,,,,0,,,,,0,,,0,,,0,0,0,0,0,0,0,0,0,0,0,0,0,0,0,0,0,0,0,0,0,0,0,0,0,0,,,,,,,0,,Y,0,1,1,0 hours 0 minutes,0,0 hours 40 minutes,40,Y,N
2705,dha-0063,em63,0,,,,,,,20150123,,,,,,,,,,0,,,,,,0,,,,,,,,,,0,,,,,,,,,,,,,,0,,,,,0,,,0,,,0,0,0,0,0,0,0,0,0,0,0,0,0,0,0,0,0,0,0,0,0,0,0,0,0,0,,,,,,,0,,Y,0,1,1,0 hours 0 minutes,0,0 hours 40 minutes,40,Y,N
2791,dha-0063,em63,0,,,,,,,20150128,,,,,,,,,,0,,,,,,0,,,,,,,,,,0,,,,,,,,,,,,,,0,,,,,0,,,0,,,0,0,0,0,0,0,0,0,0,0,0,0,0,0,0,0,0,0,0,0,0,0,0,0,0,0,depressed,,,,,,0,,Y,0,1,1,0 hours 0 minutes,0,0 hours 40 minutes,40,Y,N
3264,dha-0063,em63,0,,,,,,,20150225,,,,,,,,,,0,,,,,,0,,,,,,,,,,0,,,,,,,,,,,,,,0,,,,,0,,,0,,,0,0,0,0,0,0,0,0,0,0,0,0,0,0,0,0,0,0,0,0,0,0,0,0,0,0,,,,,,,0,,Y,0,1,1,0 hours 0 minutes,0,0 hours 40 minutes,40,Y,N
3265,dha-0063,em63,0,,,,,,,20150226,,,,,,,,,,0,,,,,,0,,,,,,,,,,0,,,,,,,,,,,,,,0,,,,,0,,,0,,,0,0,0,0,0,0,0,0,0,0,0,0,0,0,0,0,0,0,0,0,0,0,0,0,0,0,,,,,,,0,,Y,0,1,1,0 hours 0 minutes,0,0 hours 50 minutes,50,Y,N
13,cmc-0001,M-001,1,,,,,,,20140824,,,,,,,,,,0,,,,,,0,,,,,,,,,,0,,,,,,,,,,,,,,0,,,,,0,,,0,,,0,0,0,0,0,0,0,0,0,0,0,0,0,0,0,0,0,0,0,0,0,0,0,0,0,0,,,,,,,0,,N,1,1,2,,,,,Y,N
34,cmc-0002,M-002,1,,,,,,,20140831,,,,,,,,,,0,,,,,,0,,,,,,,,,,0,,,,,,,,,,,,,,0,,,,,0,,,0,,,0,0,0,0,0,0,0,0,0,0,0,0,0,0,0,0,0,0,0,0,0,0,0,0,0,0,,,,,,,0,,N,1,1,2,,,,,Y,N
39,cmc-0002,M-002,1,,,,,,,20140901,,,,,,,,,,0,,,,,,0,,,,,,,,,,0,,,,,,,,,,,,,,0,,,,,0,,,0,,,0,0,0,0,0,0,0,0,0,0,0,0,0,0,0,0,0,0,0,0,0,0,0,0,0,0,,,,,,,0,,N,1,1,2,,,,,Y,N
210,cmc-0002,M-002,1,,,,,,,20140905,,,,,,,,,,0,,,,,,0,,,,,,,,,,0,,,,,,,,,,,,,,0,,,,,0,,,0,,,0,0,0,0,0,0,0,0,0,0,0,0,0,0,0,0,0,0,0,0,0,0,0,0,0,0,,,,,,,0,,N,1,1,2,,,,,Y,N
113,cmc-0002,M-002,1,,,,,,,20140909,,,,,,,,,,0,,,,,,0,,,,,,,,,,0,,,,,,,,,,,,,,0,,,,,0,,,0,,,0,0,0,0,0,0,0,0,0,0,0,0,0,0,0,0,0,0,0,0,0,0,0,0,0,0,,,,,,,0,,N,1,1,2,,,,,Y,N
117,cmc-0002,M-002,1,,,,,,,20140910,,,,,,,,,,0,,,,,,0,,,,,,,,,,0,,,,,,,,,,,,,,0,,,,,0,,,0,,,0,0,0,0,0,0,0,0,0,0,0,0,0,0,0,0,0,0,0,0,0,0,0,0,0,0,,,,,,,0,,N,1,1,2,,,,,Y,N
222,cmc-0002,M-002,1,,,,,,,20140919,,,,,,,,,,0,,,,,,0,,,,,,,,,,0,,,,,,,,,,,,,,0,,,,,0,,,0,,,0,0,0,0,0,0,0,0,0,0,0,0,0,0,0,0,0,0,0,0,0,0,0,0,0,0,,,,,,,0,,N,1,1,2,,,,,Y,N
230,cmc-0002,M-002,1,,,,,,,20140920,,,,,,,,,,0,,,,,,0,,,,,,,,,,0,,,,,,,,,,,,,,0,,,,,0,,,0,,,0,0,0,0,0,0,0,0,0,0,0,0,0,0,0,0,0,0,0,0,0,0,0,0,0,0,,,,,,,0,,N,1,1,2,,,,,Y,N
240,cmc-0002,M-002,1,,,,,,,20140921,,,,,,,,,,0,,,,,,0,,,,,,,,,,0,,,,,,,,,,,,,,0,,,,,0,,,0,,,0,0,0,0,0,0,0,0,0,0,0,0,0,0,0,0,0,0,0,0,0,0,0,0,0,0,,,,,,,0,,N,1,1,2,,,,,Y,N
264,cmc-0002,M-002,1,,,,,,,20140922,,,,,,,,,,0,,,,,,0,,,,,,,,,,0,,,,,,,,,,,,,,0,,,,,0,,,0,,,0,0,0,0,0,0,0,0,0,0,0,0,0,0,0,0,0,0,0,0,0,0,0,0,0,0,,,,,,,0,,N,1,1,2,,,,,Y,N
302,cmc-0002,M-002,1,,,,,,,20140923,,,,,,,,,,0,,,,,,0,,,,,,,,,,0,,,,,,,,,,,,,,0,,,,,0,,,0,,,0,0,0,0,0,0,0,0,0,0,0,0,0,0,0,0,0,0,0,0,0,0,0,0,0,0,,,,,,,0,,N,1,1,2,,,,,Y,N
317,cmc-0002,M-002,1,,,,,,,20140924,,,,,,,,,,0,,,,,,0,,,,,,,,,,0,,,,,,,,,,,,,,0,,,,,0,,,0,,,0,0,0,0,0,0,0,0,0,0,0,0,0,0,0,0,0,0,0,0,0,0,0,0,0,0,,,,,,,0,,N,1,1,2,,,,,Y,N
338,cmc-0002,M-002,1,,,,,,,20140926,,,,,,,,,,0,,,,,,0,,,,,,,,,,0,,,,,,,,,,,,,,0,,,,,0,,,0,,,0,0,0,0,0,0,0,0,0,0,0,0,0,0,0,0,0,0,0,0,0,0,0,0,0,0,,,,,,,0,,N,1,1,2,,,,,Y,N
348,cmc-0002,M-002,1,,,,,,,20140927,,,,,,,,,,0,,,,,,0,,,,,,,,,,0,,,,,,,,,,,,,,0,,,,,0,,,0,,,0,0,0,0,0,0,0,0,0,0,0,0,0,0,0,0,0,0,0,0,0,0,0,0,0,0,,,,,,,0,,N,1,1,2,,,,,Y,N
359,cmc-0002,M-002,1,,,,,,,20140928,,,,,,,,,,0,,,,,,0,,,,,,,,,,0,,,,,,,,,,,,,,0,,,,,0,,,0,,,0,0,0,0,0,0,0,0,0,0,0,0,0,0,0,0,0,0,0,0,0,0,0,0,0,0,,,,,,,0,,N,1,1,2,,,,,Y,N
431,cmc-0002,M-002,1,,,,,,,20141002,,,,,,,,,,0,,,,,,0,,,,,,,,,,0,,,,,,,,,,,,,,0,,,,,0,,,0,,,0,0,0,0,0,0,0,0,0,0,0,0,0,0,0,0,0,0,0,0,0,0,0,0,0,0,,,,,,,0,,N,1,1,2,,,,,Y,N
448,cmc-0002,M-002,1,,,,,,,20141003,,,,,,,,,,0,,,,,,0,,,,,,,,,,0,,,,,,,,,,,,,,0,,,,,0,,,0,,,0,0,0,0,0,0,0,0,0,0,0,0,0,0,0,0,0,0,0,0,0,0,0,0,0,0,,,,,,,0,,N,1,1,2,,,,,Y,N
483,cmc-0002,M-002,1,,,,,,,20141005,,,,,,,,,,0,,,,,,0,,,,,,,,,,0,,,,,,,,,,,,,,0,,,,,0,,,0,,,0,0,0,0,0,0,0,0,0,0,0,0,0,0,0,0,0,0,0,0,0,0,0,0,0,0,,,,,,,0,,N,1,1,2,,,,,Y,N
492,cmc-0002,M-002,1,,,,,,,20141006,,,,,,,,,,0,,,,,,0,,,,,,,,,,0,,,,,,,,,,,,,,0,,,,,0,,,0,,,0,0,0,0,0,0,0,0,0,0,0,0,0,0,0,0,0,0,0,0,0,0,0,0,0,0,,,,,,,0,,N,1,1,2,,,,,Y,N
551,cmc-0002,M-002,1,,,,,,,20141007,,,,,,,,,,0,,,,,,0,,,,,,,,,,0,,,,,,,,,,,,,,0,,,,,0,,,0,,,0,0,0,0,0,0,0,0,0,0,0,0,0,0,0,0,0,0,0,0,0,0,0,0,0,0,,,,,,,0,,N,1,1,2,,,,,Y,N
607,cmc-0002,M-002,1,,,,,,,20141008,,,,,,,,,,0,,,,,,0,,,,,,,,,,0,,,,,,,,,,,,,,0,,,,,0,,,0,,,0,0,0,0,0,0,0,0,0,0,0,0,0,0,0,0,0,0,0,0,0,0,0,0,0,0,,,,,,,0,,N,1,1,2,,,,,Y,N
608,cmc-0002,M-002,1,,,,,,,20141009,,,,,,,,,,0,,,,,,0,,,,,,,,,,0,,,,,,,,,,,,,,0,,,,,0,,,0,,,0,0,0,0,0,0,0,0,0,0,0,0,0,0,0,0,0,0,0,0,0,0,0,0,0,0,,,,,,,0,,N,1,1,2,,,,,Y,N
631,cmc-0002,M-002,1,,,,,,,20141010,,,,,,,,,,0,,,,,,0,,,,,,,,,,0,,,,,,,,,,,,,,0,,,,,0,,,0,,,0,0,0,0,0,0,0,0,0,0,0,0,0,0,0,0,0,0,0,0,0,0,0,0,0,0,,,,,,,0,,N,1,1,2,,,,,Y,N
645,cmc-0002,M-002,1,,,,,,,20141012,,,,,,,,,,0,,,,,,0,,,,,,,,,,0,,,,,,,,,,,,,,0,,,,,0,,,0,,,0,0,0,0,0,0,0,0,0,0,0,0,0,0,0,0,0,0,0,0,0,0,0,0,0,0,,,,,,,0,,N,1,1,2,,,,,Y,N
664,cmc-0002,M-002,1,,,,,,,20141013,,,,,,,,,,0,,,,,,0,,,,,,,,,,0,,,,,,,,,,,,,,0,,,,,0,,,0,,,0,0,0,0,0,0,0,0,0,0,0,0,0,0,0,0,0,0,0,0,0,0,0,0,0,0,,,,,,,0,,N,1,1,2,,,,,Y,N
705,cmc-0002,M-002,1,,,,,,,20141014,,,,,,,,,,0,,,,,,0,,,,,,,,,,0,,,,,,,,,,,,,,0,,,,,0,,,0,,,0,0,0,0,0,0,0,0,0,0,0,0,0,0,0,0,0,0,0,0,0,0,0,0,0,0,,,,,,,0,,N,1,1,2,,,,,Y,N
728,cmc-0002,M-002,1,,,,,,,20141015,,,,,,,,,,0,,,,,,0,,,,,,,,,,0,,,,,,,,,,,,,,0,,,,,0,,,0,,,0,0,0,0,0,0,0,0,0,0,0,0,0,0,0,0,0,0,0,0,0,0,0,0,0,0,,,,,,,0,,N,1,1,2,,,,,Y,N
756,cmc-0002,M-002,1,,,,,,,20141016,,,,,,,,,,0,,,,,,0,,,,,,,,,,0,,,,,,,,,,,,,,0,,,,,0,,,0,,,0,0,0,0,0,0,0,0,0,0,0,0,0,0,0,0,0,0,0,0,0,0,0,0,0,0,,,,,,,0,,N,1,1,2,,,,,Y,N
755,cmc-0002,M-002,1,,,,,,,20141017,,,,,,,,,,0,,,,,,0,,,,,,,,,,0,,,,,,,,,,,,,,0,,,,,0,,,0,,,0,0,0,0,0,0,0,0,0,0,0,0,0,0,0,0,0,0,0,0,0,0,0,0,0,0,,,,,,,0,,N,1,1,2,,,,,Y,N
775,cmc-0002,M-002,1,,,,,,,20141018,,,,,,,,,,0,,,,,,0,,,,,,,,,,0,,,,,,,,,,,,,,0,,,,,0,,,0,,,0,0,0,0,0,0,0,0,0,0,0,0,0,0,0,0,0,0,0,0,0,0,0,0,0,0,,,,,,,0,,N,1,1,2,,,,,Y,N
774,cmc-0002,M-002,1,,,,,,,20141019,,,,,,,,,,0,,,,,,0,,,,,,,,,,0,,,,,,,,,,,,,,0,,,,,0,,,0,,,0,0,0,0,0,0,0,0,0,0,0,0,0,0,0,0,0,0,0,0,0,0,0,0,0,0,,,,,,,0,,N,1,1,2,,,,,Y,N
791,cmc-0002,M-002,1,,,,,,,20141020,,,,,,,,,,0,,,,,,0,,,,,,,,,,0,,,,,,,,,,,,,,0,,,,,0,,,0,,,0,0,0,0,0,0,0,0,0,0,0,0,0,0,0,0,0,0,0,0,0,0,0,0,0,0,,,,,,,0,,N,1,1,2,,,,,Y,N
822,cmc-0002,M-002,1,,,,,,,20141021,,,,,,,,,,0,,,,,,0,,,,,,,,,,0,,,,,,,,,,,,,,0,,,,,0,,,0,,,0,0,0,0,0,0,0,0,0,0,0,0,0,0,0,0,0,0,0,0,0,0,0,0,0,0,,,,,,,0,,N,1,1,2,,,,,Y,N
860,cmc-0002,M-002,1,,,,,,,20141022,,,,,,,,,,0,,,,,,0,,,,,,,,,,0,,,,,,,,,,,,,,0,,,,,0,,,0,,,0,0,0,0,0,0,0,0,0,0,0,0,0,0,0,0,0,0,0,0,0,0,0,0,0,0,,,,,,,0,,N,1,1,2,,,,,Y,N
875,cmc-0002,M-002,1,,,,,,,20141023,,,,,,,,,,0,,,,,,0,,,,,,,,,,0,,,,,,,,,,,,,,0,,,,,0,,,0,,,0,0,0,0,0,0,0,0,0,0,0,0,0,0,0,0,0,0,0,0,0,0,0,0,0,0,,,,,,,0,,N,1,1,2,,,,,Y,N
919,cmc-0002,M-002,1,,,,,,,20141024,,,,,,,,,,0,,,,,,0,,,,,,,,,,0,,,,,,,,,,,,,,0,,,,,0,,,0,,,0,0,0,0,0,0,0,0,0,0,0,0,0,0,0,0,0,0,0,0,0,0,0,0,0,0,,,,,,,0,,N,1,1,2,,,,,Y,N
946,cmc-0002,M-002,1,,,,,,,20141027,,,,,,,,,,0,,,,,,0,,,,,,,,,,0,,,,,,,,,,,,,,0,,,,,0,,,0,,,0,0,0,0,0,0,0,0,0,0,0,0,0,0,0,0,0,0,0,0,0,0,0,0,0,0,,,,,,,0,,N,1,1,2,,,,,Y,N
1021,cmc-0002,M-002,1,,,,,,,20141029,,,,,,,,,,0,,,,,,0,,,,,,,,,,0,,,,,,,,,,,,,,0,,,,,0,,,0,,,0,0,0,0,0,0,0,0,0,0,0,0,0,0,0,0,0,0,0,0,0,0,0,0,0,0,,,,,,,0,,N,1,1,2,,,,,Y,N
1063,cmc-0002,M-002,1,,,,,,,20141030,,,,,,,,,,0,,,,,,0,,,,,,,,,,0,,,,,,,,,,,,,,0,,,,,0,,,0,,,0,0,0,0,0,0,0,0,0,0,0,0,0,0,0,0,0,0,0,0,0,0,0,0,0,0,,,,,,,0,,N,1,1,2,,,,,Y,N
1064,cmc-0002,M-002,1,,,,,,,20141031,,,,,,,,,,0,,,,,,0,,,,,,,,,,0,,,,,,,,,,,,,,0,,,,,0,,,0,,,0,0,0,0,0,0,0,0,0,0,0,0,0,0,0,0,0,0,0,0,0,0,0,0,0,0,,,,,,,0,,N,1,1,2,,,,,Y,N
1080,cmc-0002,M-002,1,,,,,,,20141101,,,,,,,,,,0,,,,,,0,,,,,,,,,,0,,,,,,,,,,,,,,0,,,,,0,,,0,,,0,0,0,0,0,0,0,0,0,0,0,0,0,0,0,0,0,0,0,0,0,0,0,0,0,0,,,,,,,0,,N,1,1,2,,,,,Y,N
1130,cmc-0002,M-002,1,,,,,,,20141102,,,,,,,,,,0,,,,,,0,,,,,,,,,,0,,,,,,,,,,,,,,0,,,,,0,,,0,,,0,0,0,0,0,0,0,0,0,0,0,0,0,0,0,0,0,0,0,0,0,0,0,0,0,0,,,,,,,0,,N,1,1,2,,,,,Y,N
1129,cmc-0002,M-002,1,,,,,,,20141103,,,,,,,,,,0,,,,,,0,,,,,,,,,,0,,,,,,,,,,,,,,0,,,,,0,,,0,,,0,0,0,0,0,0,0,0,0,0,0,0,0,0,0,0,0,0,0,0,0,0,0,0,0,0,,,,,,,0,,N,1,1,2,,,,,Y,N
1211,cmc-0002,M-002,1,,,,,,,20141104,,,,,,,,,,0,,,,,,0,,,,,,,,,,0,,,,,,,,,,,,,,0,,,,,0,,,0,,,0,0,0,0,0,0,0,0,0,0,0,0,0,0,0,0,0,0,0,0,0,0,0,0,0,0,,,,,,,0,,N,1,1,2,,,,,Y,N
1212,cmc-0002,M-002,1,,,,,,,20141105,,,,,,,,,,0,,,,,,0,,,,,,,,,,0,,,,,,,,,,,,,,0,,,,,0,,,0,,,0,0,0,0,0,0,0,0,0,0,0,0,0,0,0,0,0,0,0,0,0,0,0,0,0,0,,,,,,,0,,N,1,1,2,,,,,Y,N
1210,cmc-0002,M-002,1,,,,,,,20141106,,,,,,,,,,0,,,,,,0,,,,,,,,,,0,,,,,,,,,,,,,,0,,,,,0,,,0,,,0,0,0,0,0,0,0,0,0,0,0,0,0,0,0,0,0,0,0,0,0,0,0,0,0,0,,,,,,,0,,N,1,1,2,,,,,Y,N
1295,cmc-0002,M-002,1,,,,,,,20141107,,,,,,,,,,0,,,,,,0,,,,,,,,,,0,,,,,,,,,,,,,,0,,,,,0,,,0,,,0,0,0,0,0,0,0,0,0,0,0,0,0,0,0,0,0,0,0,0,0,0,0,0,0,0,,,,,,,0,,N,1,1,2,,,,,Y,N
1296,cmc-0002,M-002,1,,,,,,,20141108,,,,,,,,,,0,,,,,,0,,,,,,,,,,0,,,,,,,,,,,,,,0,,,,,0,,,0,,,0,0,0,0,0,0,0,0,0,0,0,0,0,0,0,0,0,0,0,0,0,0,0,0,0,0,,,,,,,0,,N,1,1,2,,,,,Y,N
1297,cmc-0002,M-002,1,,,,,,,20141109,,,,,,,,,,0,,,,,,0,,,,,,,,,,0,,,,,,,,,,,,,,0,,,,,0,,,0,,,0,0,0,0,0,0,0,0,0,0,0,0,0,0,0,0,0,0,0,0,0,0,0,0,0,0,,,,,,,0,,N,1,1,2,,,,,Y,N
1294,cmc-0002,M-002,1,,,,,,,20141110,,,,,,,,,,0,,,,,,0,,,,,,,,,,0,,,,,,,,,,,,,,0,,,,,0,,,0,,,0,0,0,0,0,0,0,0,0,0,0,0,0,0,0,0,0,0,0,0,0,0,0,0,0,0,,,,,,,0,,N,1,1,2,,,,,Y,N
1323,cmc-0002,M-002,1,,,,,,,20141111,,,,,,,,,,0,,,,,,0,,,,,,,,,,0,,,,,,,,,,,,,,0,,,,,0,,,0,,,0,0,0,0,0,0,0,0,0,0,0,0,0,0,0,0,0,0,0,0,0,0,0,0,0,0,,,,,,,0,,N,1,1,2,,,,,Y,N
4,cmc-0003,M-003,0,,,,,,,20140826,,,,,,,,,,0,,,,,,0,,,,,,,,,,0,,,,,,,,,,,,,,0,,,,,0,,,0,,,0,0,0,0,0,0,0,0,0,0,0,0,0,0,0,0,0,0,0,0,0,0,0,0,0,0,,,,,,,0,,N,1,1,2,,,,,Y,N
25,cmc-0003,M-003,0,,,,,,,20140829,,,,,,,,,,0,,,,,,0,,,,,,,,,,0,,,,,,,,,,,,,,0,,,,,0,,,0,,,0,0,0,0,0,0,0,0,0,0,0,0,0,0,0,0,0,0,0,0,0,0,0,0,0,0,,,,,,,0,,N,1,1,2,,,,,Y,N
31,cmc-0003,M-003,0,,,,,,,20140830,,,,,,,,,,0,,,,,,0,,,,,,,,,,0,,,,,,,,,,,,,,0,,,,,0,,,0,,,0,0,0,0,0,0,0,0,0,0,0,0,0,0,0,0,0,0,0,0,0,0,0,0,0,0,,,,,,,0,,N,1,1,2,,,,,Y,N
53,cmc-0003,M-003,0,,,,,,,20140902,,,,,,,,,,0,,,,,,0,,,,,,,,,,0,,,,,,,,,,,,,,0,,,,,0,,,0,,,0,0,0,0,0,0,0,0,0,0,0,0,0,0,0,0,0,0,0,0,0,0,0,0,0,0,,,,,,,0,,N,1,1,2,,,,,Y,N
100,cmc-0003,M-003,0,,,,,,,20140906,,,,,,,,,,0,,,,,,0,,,,,,,,,,0,,,,,,,,,,,,,,0,,,,,0,,,0,,,0,0,0,0,0,0,0,0,0,0,0,0,0,0,0,0,0,0,0,0,0,0,0,0,0,0,,,,,,,0,,N,1,1,2,,,,,Y,N
99,cmc-0003,M-003,0,,,,,,,20140907,,,,,,,,,,0,,,,,,0,,,,,,,,,,0,,,,,,,,,,,,,,0,,,,,0,,,0,,,0,0,0,0,0,0,0,0,0,0,0,0,0,0,0,0,0,0,0,0,0,0,0,0,0,0,,,,,,,0,,N,1,1,2,,,,,Y,N
106,cmc-0003,M-003,0,,,,,,,20140908,,,,,,,,,,0,,,,,,0,,,,,,,,,,0,,,,,,,,,,,,,,0,,,,,0,,,0,,,0,0,0,0,0,0,0,0,0,0,0,0,0,0,0,0,0,0,0,0,0,0,0,0,0,0,,,,,,,0,,N,1,1,2,,,,,Y,N
141,cmc-0003,M-003,0,,,,,,,20140911,,,,,,,,,,0,,,,,,0,,,,,,,,,,0,,,,,,,,,,,,,,0,,,,,0,,,0,,,0,0,0,0,0,0,0,0,0,0,0,0,0,0,0,0,0,0,0,0,0,0,0,0,0,0,,,,,,,0,,N,1,1,2,,,,,Y,N
142,cmc-0003,M-003,0,,,,,,,20140912,,,,,,,,,,0,,,,,,0,,,,,,,,,,0,,,,,,,,,,,,,,0,,,,,0,,,0,,,0,0,0,0,0,0,0,0,0,0,0,0,0,0,0,0,0,0,0,0,0,0,0,0,0,0,,,,,,,0,,N,1,1,2,,,,,Y,N
172,cmc-0003,M-003,0,,,,,,,20140913,,,,,,,,,,0,,,,,,0,,,,,,,,,,0,,,,,,,,,,,,,,0,,,,,0,,,0,,,0,0,0,0,0,0,0,0,0,0,0,0,0,0,0,0,0,0,0,0,0,0,0,0,0,0,,,,,,,0,,N,1,1,2,,,,,Y,N
173,cmc-0003,M-003,0,,,,,,,20140914,,,,,,,,,,0,,,,,,0,,,,,,,,,,0,,,,,,,,,,,,,,0,,,,,0,,,0,,,0,0,0,0,0,0,0,0,0,0,0,0,0,0,0,0,0,0,0,0,0,0,0,0,0,0,,,,,,,0,,N,1,1,2,,,,,Y,N
248,cmc-0003,M-003,0,,,,,,,20140916,,,,,,,,,,0,,,,,,0,,,,,,,,,,0,,,,,,,,,,,,,,0,,,,,0,,,0,,,0,0,0,0,0,0,0,0,0,0,0,0,0,0,0,0,0,0,0,0,0,0,0,0,0,0,,,,,,,0,,N,1,1,2,,,,,Y,N
252,cmc-0003,M-003,0,,,,,,,20140917,,,,,,,,,,0,,,,,,0,,,,,,,,,,0,,,,,,,,,,,,,,0,,,,,0,,,0,,,0,0,0,0,0,0,0,0,0,0,0,0,0,0,0,0,0,0,0,0,0,0,0,0,0,0,,,,,,,0,,N,1,1,2,,,,,Y,N
251,cmc-0003,M-003,0,,,,,,,20140918,,,,,,,,,,0,,,,,,0,,,,,,,,,,0,,,,,,,,,,,,,,0,,,,,0,,,0,,,0,0,0,0,0,0,0,0,0,0,0,0,0,0,0,0,0,0,0,0,0,0,0,0,0,0,,,,,,,0,,N,1,1,2,,,,,Y,N
249,cmc-0003,M-003,0,,,,,,,20140920,,,,,,,,,,0,,,,,,0,,,,,,,,,,0,,,,,,,,,,,,,,0,,,,,0,,,0,,,0,0,0,0,0,0,0,0,0,0,0,0,0,0,0,0,0,0,0,0,0,0,0,0,0,0,,,,,,,0,,N,1,1,2,,,,,Y,N
379,cmc-0003,M-003,0,,,,,,,20140922,,,,,,,,,,0,,,,,,0,,,,,,,,,,0,,,,,,,,,,,,,,0,,,,,0,,,0,,,0,0,0,0,0,0,0,0,0,0,0,0,0,0,0,0,0,0,0,0,0,0,0,0,0,0,,,,,,,0,,N,1,1,2,,,,,Y,N
330,cmc-0003,M-003,0,,,,,,,20140925,,,,,,,,,,0,,,,,,0,,,,,,,,,,0,,,,,,,,,,,,,,0,,,,,0,,,0,,,0,0,0,0,0,0,0,0,0,0,0,0,0,0,0,0,0,0,0,0,0,0,0,0,0,0,,,,,,,0,,N,1,1,2,,,,,Y,N
381,cmc-0003,M-003,0,,,,,,,20140926,,,,,,,,,,0,,,,,,0,,,,,,,,,,0,,,,,,,,,,,,,,0,,,,,0,,,0,,,0,0,0,0,0,0,0,0,0,0,0,0,0,0,0,0,0,0,0,0,0,0,0,0,0,0,,,,,,,0,,N,1,1,2,,,,,Y,N
364,cmc-0003,M-003,0,,,,,,,20140928,,,,,,,,,,0,,,,,,0,,,,,,,,,,0,,,,,,,,,,,,,,0,,,,,0,,,0,,,0,0,0,0,0,0,0,0,0,0,0,0,0,0,0,0,0,0,0,0,0,0,0,0,0,0,,,,,,,0,,N,1,1,2,,,,,Y,N
439,cmc-0003,M-003,0,,,,,,,20140930,,,,,,,,,,0,,,,,,0,,,,,,,,,,0,,,,,,,,,,,,,,0,,,,,0,,,0,,,0,0,0,0,0,0,0,0,0,0,0,0,0,0,0,0,0,0,0,0,0,0,0,0,0,0,,,,,,,0,,N,1,1,2,,,,,Y,N
460,cmc-0003,M-003,0,,,,,,,20141003,,,,,,,,,,0,,,,,,0,,,,,,,,,,0,,,,,,,,,,,,,,0,,,,,0,,,0,,,0,0,0,0,0,0,0,0,0,0,0,0,0,0,0,0,0,0,0,0,0,0,0,0,0,0,,,,,,,0,,N,1,1,2,,,,,Y,N
835,cmc-0003,M-003,0,,,,,,,20141005,,,,,,,,,,0,,,,,,0,,,,,,,,,,0,,,,,,,,,,,,,,0,,,,,0,,,0,,,0,0,0,0,0,0,0,0,0,0,0,0,0,0,0,0,0,0,0,0,0,0,0,0,0,0,,,,,,,0,,N,1,1,2,,,,,Y,N
531,cmc-0003,M-003,0,,,,,,,20141006,,,,,,,,,,0,,,,,,0,,,,,,,,,,0,,,,,,,,,,,,,,0,,,,,0,,,0,,,0,0,0,0,0,0,0,0,0,0,0,0,0,0,0,0,0,0,0,0,0,0,0,0,0,0,,,,,,,0,,N,1,1,2,,,,,Y,N
831,cmc-0003,M-003,0,,,,,,,20141014,,,,,,,,,,0,,,,,,0,,,,,,,,,,0,,,,,,,,,,,,,,0,,,,,0,,,0,,,0,0,0,0,0,0,0,0,0,0,0,0,0,0,0,0,0,0,0,0,0,0,0,0,0,0,,,,,,,0,,N,1,1,2,,,,,Y,N
828,cmc-0003,M-003,0,,,,,,,20141018,,,,,,,,,,0,,,,,,0,,,,,,,,,,0,,,,,,,,,,,,,,0,,,,,0,,,0,,,0,0,0,0,0,0,0,0,0,0,0,0,0,0,0,0,0,0,0,0,0,0,0,0,0,0,,,,,,,0,,N,1,1,2,,,,,Y,N
1300,cmc-0003,M-003,0,,,,,,,20141108,,,,,,,,,,0,,,,,,0,,,,,,,,,,0,,,,,,,,,,,,,,0,,,,,0,,,0,,,0,0,0,0,0,0,0,0,0,0,0,0,0,0,0,0,0,0,0,0,0,0,0,0,0,0,,,,,,,0,,N,1,1,2,,,,,Y,N
1298,cmc-0003,M-003,0,,,,,,,20141110,,,,,,,,,,0,,,,,,0,,,,,,,,,,0,,,,,,,,,,,,,,0,,,,,0,,,0,,,0,0,0,0,0,0,0,0,0,0,0,0,0,0,0,0,0,0,0,0,0,0,0,0,0,0,,,,,,,0,,N,1,1,2,,,,,Y,N
35,cmc-0004,M-004,0,,,,,,,20140829,,,,,,,,,,0,,,,,,0,,,,,,,,,,0,,,,,,,,,,,,,,0,,,,,0,,,0,,,0,0,0,0,0,0,0,0,0,0,0,0,0,0,0,0,0,0,0,0,0,0,0,0,0,0,,,,,,,0,,N,1,1,2,,,,,Y,N
36,cmc-0004,M-004,0,,,,,,,20140830,,,,,,,,,,0,,,,,,0,,,,,,,,,,0,,,,,,,,,,,,,,0,,,,,0,,,0,,,0,0,0,0,0,0,0,0,0,0,0,0,0,0,0,0,0,0,0,0,0,0,0,0,0,0,,,,,,,0,,N,1,1,2,,,,,Y,N
37,cmc-0004,M-004,0,,,,,,,20140831,,,,,,,,,,0,,,,,,0,,,,,,,,,,0,,,,,,,,,,,,,,0,,,,,0,,,0,,,0,0,0,0,0,0,0,0,0,0,0,0,0,0,0,0,0,0,0,0,0,0,0,0,0,0,,,,,,,0,,N,1,1,2,,,,,Y,N
44,cmc-0004,M-004,0,,,,,,,20140901,,,,,,,,,,0,,,,,,0,,,,,,,,,,0,,,,,,,,,,,,,,0,,,,,0,,,0,,,0,0,0,0,0,0,0,0,0,0,0,0,0,0,0,0,0,0,0,0,0,0,0,0,0,0,,,,,,,0,,N,1,1,2,,,,,Y,N
86,cmc-0004,M-004,0,,,,,,,20140904,,,,,,,,,,0,,,,,,0,,,,,,,,,,0,,,,,,,,,,,,,,0,,,,,0,,,0,,,0,0,0,0,0,0,0,0,0,0,0,0,0,0,0,0,0,0,0,0,0,0,0,0,0,0,,,,,,,0,,N,1,1,2,,,,,Y,N
112,cmc-0004,M-004,0,,,,,,,20140906,,,,,,,,,,0,,,,,,0,,,,,,,,,,0,,,,,,,,,,,,,,0,,,,,0,,,0,,,0,0,0,0,0,0,0,0,0,0,0,0,0,0,0,0,0,0,0,0,0,0,0,0,0,0,,,,,,,0,,N,1,1,2,,,,,Y,N
111,cmc-0004,M-004,0,,,,,,,20140907,,,,,,,,,,0,,,,,,0,,,,,,,,,,0,,,,,,,,,,,,,,0,,,,,0,,,0,,,0,0,0,0,0,0,0,0,0,0,0,0,0,0,0,0,0,0,0,0,0,0,0,0,0,0,,,,,,,0,,N,1,1,2,,,,,Y,N
110,cmc-0004,M-004,0,,,,,,,20140908,,,,,,,,,,0,,,,,,0,,,,,,,,,,0,,,,,,,,,,,,,,0,,,,,0,,,0,,,0,0,0,0,0,0,0,0,0,0,0,0,0,0,0,0,0,0,0,0,0,0,0,0,0,0,,,,,,,0,,N,1,1,2,,,,,Y,N
109,cmc-0004,M-004,0,,,,,,,20140909,,,,,,,,,,0,,,,,,0,,,,,,,,,,0,,,,,,,,,,,,,,0,,,,,0,,,0,,,0,0,0,0,0,0,0,0,0,0,0,0,0,0,0,0,0,0,0,0,0,0,0,0,0,0,,,,,,,0,,N,1,1,2,,,,,Y,N
124,cmc-0004,M-004,0,,,,,,,20140910,,,,,,,,,,0,,,,,,0,,,,,,,,,,0,,,,,,,,,,,,,,0,,,,,0,,,0,,,0,0,0,0,0,0,0,0,0,0,0,0,0,0,0,0,0,0,0,0,0,0,0,0,0,0,,,,,,,0,,N,1,1,2,,,,,Y,N
125,cmc-0004,M-004,0,,,,,,,20140911,,,,,,,,,,0,,,,,,0,,,,,,,,,,0,,,,,,,,,,,,,,0,,,,,0,,,0,,,0,0,0,0,0,0,0,0,0,0,0,0,0,0,0,0,0,0,0,0,0,0,0,0,0,0,,,,,,,0,,N,1,1,2,,,,,Y,N
146,cmc-0004,M-004,0,,,,,,,20140912,,,,,,,,,,0,,,,,,0,,,,,,,,,,0,,,,,,,,,,,,,,0,,,,,0,,,0,,,0,0,0,0,0,0,0,0,0,0,0,0,0,0,0,0,0,0,0,0,0,0,0,0,0,0,,,,,,,0,,N,1,1,2,,,,,Y,N
145,cmc-0004,M-004,0,,,,,,,20140913,,,,,,,,,,0,,,,,,0,,,,,,,,,,0,,,,,,,,,,,,,,0,,,,,0,,,0,,,0,0,0,0,0,0,0,0,0,0,0,0,0,0,0,0,0,0,0,0,0,0,0,0,0,0,,,,,,,0,,N,1,1,2,,,,,Y,N
178,cmc-0004,M-004,0,,,,,,,20140914,,,,,,,,,,0,,,,,,0,,,,,,,,,,0,,,,,,,,,,,,,,0,,,,,0,,,0,,,0,0,0,0,0,0,0,0,0,0,0,0,0,0,0,0,0,0,0,0,0,0,0,0,0,0,,,,,,,0,,N,1,1,2,,,,,Y,N
177,cmc-0004,M-004,0,,,,,,,20140915,,,,,,,,,,0,,,,,,0,,,,,,,,,,0,,,,,,,,,,,,,,0,,,,,0,,,0,,,0,0,0,0,0,0,0,0,0,0,0,0,0,0,0,0,0,0,0,0,0,0,0,0,0,0,,,,,,,0,,N,1,1,2,,,,,Y,N
176,cmc-0004,M-004,0,,,,,,,20140916,,,,,,,,,,0,,,,,,0,,,,,,,,,,0,,,,,,,,,,,,,,0,,,,,0,,,0,,,0,0,0,0,0,0,0,0,0,0,0,0,0,0,0,0,0,0,0,0,0,0,0,0,0,0,,,,,,,0,,N,1,1,2,,,,,Y,N
203,cmc-0004,M-004,0,,,,,,,20140917,,,,,,,,,,0,,,,,,0,,,,,,,,,,0,,,,,,,,,,,,,,0,,,,,0,,,0,,,0,0,0,0,0,0,0,0,0,0,0,0,0,0,0,0,0,0,0,0,0,0,0,0,0,0,,,,,,,0,,N,1,1,2,,,,,Y,N
204,cmc-0004,M-004,0,,,,,,,20140918,,,,,,,,,,0,,,,,,0,,,,,,,,,,0,,,,,,,,,,,,,,0,,,,,0,,,0,,,0,0,0,0,0,0,0,0,0,0,0,0,0,0,0,0,0,0,0,0,0,0,0,0,0,0,,,,,,,0,,N,1,1,2,,,,,Y,N
477,cmc-0004,M-004,0,,,,,,,20140919,,,,,,,,,,0,,,,,,0,,,,,,,,,,0,,,,,,,,,,,,,,0,,,,,0,,,0,,,0,0,0,0,0,0,0,0,0,0,0,0,0,0,0,0,0,0,0,0,0,0,0,0,0,0,,,,,,,0,,N,1,1,2,,,,,Y,N
478,cmc-0004,M-004,0,,,,,,,20140920,,,,,,,,,,0,,,,,,0,,,,,,,,,,0,,,,,,,,,,,,,,0,,,,,0,,,0,,,0,0,0,0,0,0,0,0,0,0,0,0,0,0,0,0,0,0,0,0,0,0,0,0,0,0,,,,,,,0,,N,1,1,2,,,,,Y,N
262,cmc-0004,M-004,0,,,,,,,20140921,,,,,,,,,,0,,,,,,0,,,,,,,,,,0,,,,,,,,,,,,,,0,,,,,0,,,0,,,0,0,0,0,0,0,0,0,0,0,0,0,0,0,0,0,0,0,0,0,0,0,0,0,0,0,,,,,,,0,,N,1,1,2,,,,,Y,N
261,cmc-0004,M-004,0,,,,,,,20140922,,,,,,,,,,0,,,,,,0,,,,,,,,,,0,,,,,,,,,,,,,,0,,,,,0,,,0,,,0,0,0,0,0,0,0,0,0,0,0,0,0,0,0,0,0,0,0,0,0,0,0,0,0,0,,,,,,,0,,N,1,1,2,,,,,Y,N
476,cmc-0004,M-004,0,,,,,,,20140923,,,,,,,,,,0,,,,,,0,,,,,,,,,,0,,,,,,,,,,,,,,0,,,,,0,,,0,,,0,0,0,0,0,0,0,0,0,0,0,0,0,0,0,0,0,0,0,0,0,0,0,0,0,0,,,,,,,0,,N,1,1,2,,,,,Y,N
475,cmc-0004,M-004,0,,,,,,,20140924,,,,,,,,,,0,,,,,,0,,,,,,,,,,0,,,,,,,,,,,,,,0,,,,,0,,,0,,,0,0,0,0,0,0,0,0,0,0,0,0,0,0,0,0,0,0,0,0,0,0,0,0,0,0,,,,,,,0,,N,1,1,2,,,,,Y,N
474,cmc-0004,M-004,0,,,,,,,20140926,,,,,,,,,,0,,,,,,0,,,,,,,,,,0,,,,,,,,,,,,,,0,,,,,0,,,0,,,0,0,0,0,0,0,0,0,0,0,0,0,0,0,0,0,0,0,0,0,0,0,0,0,0,0,,,,,,,0,,N,1,1,2,,,,,Y,N
473,cmc-0004,M-004,0,,,,,,,20140927,,,,,,,,,,0,,,,,,0,,,,,,,,,,0,,,,,,,,,,,,,,0,,,,,0,,,0,,,0,0,0,0,0,0,0,0,0,0,0,0,0,0,0,0,0,0,0,0,0,0,0,0,0,0,,,,,,,0,,N,1,1,2,,,,,Y,N
472,cmc-0004,M-004,0,,,,,,,20140928,,,,,,,,,,0,,,,,,0,,,,,,,,,,0,,,,,,,,,,,,,,0,,,,,0,,,0,,,0,0,0,0,0,0,0,0,0,0,0,0,0,0,0,0,0,0,0,0,0,0,0,0,0,0,,,,,,,0,,N,1,1,2,,,,,Y,N
471,cmc-0004,M-004,0,,,,,,,20140929,,,,,,,,,,0,,,,,,0,,,,,,,,,,0,,,,,,,,,,,,,,0,,,,,0,,,0,,,0,0,0,0,0,0,0,0,0,0,0,0,0,0,0,0,0,0,0,0,0,0,0,0,0,0,,,,,,,0,,N,1,1,2,,,,,Y,N
470,cmc-0004,M-004,0,,,,,,,20140930,,,,,,,,,,0,,,,,,0,,,,,,,,,,0,,,,,,,,,,,,,,0,,,,,0,,,0,,,0,0,0,0,0,0,0,0,0,0,0,0,0,0,0,0,0,0,0,0,0,0,0,0,0,0,,,,,,,0,,N,1,1,2,,,,,Y,N
469,cmc-0004,M-004,0,,,,,,,20141001,,,,,,,,,,0,,,,,,0,,,,,,,,,,0,,,,,,,,,,,,,,0,,,,,0,,,0,,,0,0,0,0,0,0,0,0,0,0,0,0,0,0,0,0,0,0,0,0,0,0,0,0,0,0,,,,,,,0,,N,1,1,2,,,,,Y,N
468,cmc-0004,M-004,0,,,,,,,20141002,,,,,,,,,,0,,,,,,0,,,,,,,,,,0,,,,,,,,,,,,,,0,,,,,0,,,0,,,0,0,0,0,0,0,0,0,0,0,0,0,0,0,0,0,0,0,0,0,0,0,0,0,0,0,,,,,,,0,,N,1,1,2,,,,,Y,N
467,cmc-0004,M-004,0,,,,,,,20141003,,,,,,,,,,0,,,,,,0,,,,,,,,,,0,,,,,,,,,,,,,,0,,,,,0,,,0,,,0,0,0,0,0,0,0,0,0,0,0,0,0,0,0,0,0,0,0,0,0,0,0,0,0,0,,,,,,,0,,N,1,1,2,,,,,Y,N
466,cmc-0004,M-004,0,,,,,,,20141004,,,,,,,,,,0,,,,,,0,,,,,,,,,,0,,,,,,,,,,,,,,0,,,,,0,,,0,,,0,0,0,0,0,0,0,0,0,0,0,0,0,0,0,0,0,0,0,0,0,0,0,0,0,0,,,,,,,0,,N,1,1,2,,,,,Y,N
465,cmc-0004,M-004,0,,,,,,,20141005,,,,,,,,,,0,,,,,,0,,,,,,,,,,0,,,,,,,,,,,,,,0,,,,,0,,,0,,,0,0,0,0,0,0,0,0,0,0,0,0,0,0,0,0,0,0,0,0,0,0,0,0,0,0,,,,,,,0,,N,1,1,2,,,,,Y,N
660,cmc-0004,M-004,0,,,,,,,20141006,,,,,,,,,,0,,,,,,0,,,,,,,,,,0,,,,,,,,,,,,,,0,,,,,0,,,0,,,0,0,0,0,0,0,0,0,0,0,0,0,0,0,0,0,0,0,0,0,0,0,0,0,0,0,,,,,,,0,,N,1,1,2,,,,,Y,N
659,cmc-0004,M-004,0,,,,,,,20141007,,,,,,,,,,0,,,,,,0,,,,,,,,,,0,,,,,,,,,,,,,,0,,,,,0,,,0,,,0,0,0,0,0,0,0,0,0,0,0,0,0,0,0,0,0,0,0,0,0,0,0,0,0,0,,,,,,,0,,N,1,1,2,,,,,Y,N
658,cmc-0004,M-004,0,,,,,,,20141008,,,,,,,,,,0,,,,,,0,,,,,,,,,,0,,,,,,,,,,,,,,0,,,,,0,,,0,,,0,0,0,0,0,0,0,0,0,0,0,0,0,0,0,0,0,0,0,0,0,0,0,0,0,0,,,,,,,0,,N,1,1,2,,,,,Y,N
657,cmc-0004,M-004,0,,,,,,,20141009,,,,,,,,,,0,,,,,,0,,,,,,,,,,0,,,,,,,,,,,,,,0,,,,,0,,,0,,,0,0,0,0,0,0,0,0,0,0,0,0,0,0,0,0,0,0,0,0,0,0,0,0,0,0,,,,,,,0,,N,1,1,2,,,,,Y,N
656,cmc-0004,M-004,0,,,,,,,20141010,,,,,,,,,,0,,,,,,0,,,,,,,,,,0,,,,,,,,,,,,,,0,,,,,0,,,0,,,0,0,0,0,0,0,0,0,0,0,0,0,0,0,0,0,0,0,0,0,0,0,0,0,0,0,,,,,,,0,,N,1,1,2,,,,,Y,N
655,cmc-0004,M-004,0,,,,,,,20141011,,,,,,,,,,0,,,,,,0,,,,,,,,,,0,,,,,,,,,,,,,,0,,,,,0,,,0,,,0,0,0,0,0,0,0,0,0,0,0,0,0,0,0,0,0,0,0,0,0,0,0,0,0,0,,,,,,,0,,N,1,1,2,,,,,Y,N
854,cmc-0004,M-004,0,,,,,,,20141013,,,,,,,,,,0,,,,,,0,,,,,,,,,,0,,,,,,,,,,,,,,0,,,,,0,,,0,,,0,0,0,0,0,0,0,0,0,0,0,0,0,0,0,0,0,0,0,0,0,0,0,0,0,0,,,,,,,0,,N,1,1,2,,,,,Y,N
853,cmc-0004,M-004,0,,,,,,,20141014,,,,,,,,,,0,,,,,,0,,,,,,,,,,0,,,,,,,,,,,,,,0,,,,,0,,,0,,,0,0,0,0,0,0,0,0,0,0,0,0,0,0,0,0,0,0,0,0,0,0,0,0,0,0,,,,,,,0,,N,1,1,2,,,,,Y,N
852,cmc-0004,M-004,0,,,,,,,20141015,,,,,,,,,,0,,,,,,0,,,,,,,,,,0,,,,,,,,,,,,,,0,,,,,0,,,0,,,0,0,0,0,0,0,0,0,0,0,0,0,0,0,0,0,0,0,0,0,0,0,0,0,0,0,,,,,,,0,,N,1,1,2,,,,,Y,N
851,cmc-0004,M-004,0,,,,,,,20141016,,,,,,,,,,0,,,,,,0,,,,,,,,,,0,,,,,,,,,,,,,,0,,,,,0,,,0,,,0,0,0,0,0,0,0,0,0,0,0,0,0,0,0,0,0,0,0,0,0,0,0,0,0,0,,,,,,,0,,N,1,1,2,,,,,Y,N
849,cmc-0004,M-004,0,,,,,,,20141019,,,,,,,,,,0,,,,,,0,,,,,,,,,,0,,,,,,,,,,,,,,0,,,,,0,,,0,,,0,0,0,0,0,0,0,0,0,0,0,0,0,0,0,0,0,0,0,0,0,0,0,0,0,0,,,,,,,0,,N,1,1,2,,,,,Y,N
848,cmc-0004,M-004,0,,,,,,,20141020,,,,,,,,,,0,,,,,,0,,,,,,,,,,0,,,,,,,,,,,,,,0,,,,,0,,,0,,,0,0,0,0,0,0,0,0,0,0,0,0,0,0,0,0,0,0,0,0,0,0,0,0,0,0,,,,,,,0,,N,1,1,2,,,,,Y,N
847,cmc-0004,M-004,0,,,,,,,20141021,,,,,,,,,,0,,,,,,0,,,,,,,,,,0,,,,,,,,,,,,,,0,,,,,0,,,0,,,0,0,0,0,0,0,0,0,0,0,0,0,0,0,0,0,0,0,0,0,0,0,0,0,0,0,,,,,,,0,,N,1,1,2,,,,,Y,N
846,cmc-0004,M-004,0,,,,,,,20141022,,,,,,,,,,0,,,,,,0,,,,,,,,,,0,,,,,,,,,,,,,,0,,,,,0,,,0,,,0,0,0,0,0,0,0,0,0,0,0,0,0,0,0,0,0,0,0,0,0,0,0,0,0,0,,,,,,,0,,N,1,1,2,,,,,Y,N
950,cmc-0004,M-004,0,,,,,,,20141024,,,,,,,,,,0,,,,,,0,,,,,,,,,,0,,,,,,,,,,,,,,0,,,,,0,,,0,,,0,0,0,0,0,0,0,0,0,0,0,0,0,0,0,0,0,0,0,0,0,0,0,0,0,0,,,,,,,0,,N,1,1,2,,,,,Y,N
952,cmc-0004,M-004,0,,,,,,,20141026,,,,,,,,,,0,,,,,,0,,,,,,,,,,0,,,,,,,,,,,,,,0,,,,,0,,,0,,,0,0,0,0,0,0,0,0,0,0,0,0,0,0,0,0,0,0,0,0,0,0,0,0,0,0,,,,,,,0,,N,1,1,2,,,,,Y,N
953,cmc-0004,M-004,0,,,,,,,20141027,,,,,,,,,,0,,,,,,0,,,,,,,,,,0,,,,,,,,,,,,,,0,,,,,0,,,0,,,0,0,0,0,0,0,0,0,0,0,0,0,0,0,0,0,0,0,0,0,0,0,0,0,0,0,,,,,,,0,,N,1,1,2,,,,,Y,N
269,cmc-0006,CM-001,1,,,,,,,20140907,,,,,,,,,,0,,,,,,0,,,,,,,,,,0,,,,,,,,,,,,,,0,,,,,0,,,0,,,0,0,0,0,0,0,0,0,0,0,0,0,0,0,0,0,0,0,0,0,0,0,0,0,0,0,,,,,,,0,,N,1,1,2,,,,,Y,N
270,cmc-0006,CM-001,1,,,,,,,20140908,,,,,,,,,,0,,,,,,0,,,,,,,,,,0,,,,,,,,,,,,,,0,,,,,0,,,0,,,0,0,0,0,0,0,0,0,0,0,0,0,0,0,0,0,0,0,0,0,0,0,0,0,0,0,,,,,,,0,,N,1,1,2,,,,,Y,N
271,cmc-0006,CM-001,1,,,,,,,20140909,,,,,,,,,,0,,,,,,0,,,,,,,,,,0,,,,,,,,,,,,,,0,,,,,0,,,0,,,0,0,0,0,0,0,0,0,0,0,0,0,0,0,0,0,0,0,0,0,0,0,0,0,0,0,,,,,,,0,,N,1,1,2,,,,,Y,N
272,cmc-0006,CM-001,1,,,,,,,20140910,,,,,,,,,,0,,,,,,0,,,,,,,,,,0,,,,,,,,,,,,,,0,,,,,0,,,0,,,0,0,0,0,0,0,0,0,0,0,0,0,0,0,0,0,0,0,0,0,0,0,0,0,0,0,,,,,,,0,,N,1,1,2,,,,,Y,N
273,cmc-0006,CM-001,1,,,,,,,20140911,,,,,,,,,,0,,,,,,0,,,,,,,,,,0,,,,,,,,,,,,,,0,,,,,0,,,0,,,0,0,0,0,0,0,0,0,0,0,0,0,0,0,0,0,0,0,0,0,0,0,0,0,0,0,,,,,,,0,,N,1,1,2,,,,,Y,N
274,cmc-0006,CM-001,1,,,,,,,20140912,,,,,,,,,,0,,,,,,0,,,,,,,,,,0,,,,,,,,,,,,,,0,,,,,0,,,0,,,0,0,0,0,0,0,0,0,0,0,0,0,0,0,0,0,0,0,0,0,0,0,0,0,0,0,,,,,,,0,,N,1,1,2,,,,,Y,N
275,cmc-0006,CM-001,1,,,,,,,20140914,,,,,,,,,,0,,,,,,0,,,,,,,,,,0,,,,,,,,,,,,,,0,,,,,0,,,0,,,0,0,0,0,0,0,0,0,0,0,0,0,0,0,0,0,0,0,0,0,0,0,0,0,0,0,,,,,,,0,,N,1,1,2,,,,,Y,N
276,cmc-0006,CM-001,1,,,,,,,20140917,,,,,,,,,,0,,,,,,0,,,,,,,,,,0,,,,,,,,,,,,,,0,,,,,0,,,0,,,0,0,0,0,0,0,0,0,0,0,0,0,0,0,0,0,0,0,0,0,0,0,0,0,0,0,,,,,,,0,,N,1,1,2,,,,,Y,N
277,cmc-0006,CM-001,1,,,,,,,20140918,,,,,,,,,,0,,,,,,0,,,,,,,,,,0,,,,,,,,,,,,,,0,,,,,0,,,0,,,0,0,0,0,0,0,0,0,0,0,0,0,0,0,0,0,0,0,0,0,0,0,0,0,0,0,,,,,,,0,,N,1,1,2,,,,,Y,N
311,cmc-0006,CM-001,1,,,,,,,20140923,,,,,,,,,,0,,,,,,0,,,,,,,,,,0,,,,,,,,,,,,,,0,,,,,0,,,0,,,0,0,0,0,0,0,0,0,0,0,0,0,0,0,0,0,0,0,0,0,0,0,0,0,0,0,,,,,,,0,,N,1,1,2,,,,,Y,N
310,cmc-0006,CM-001,1,,,,,,,20140924,,,,,,,,,,0,,,,,,0,,,,,,,,,,0,,,,,,,,,,,,,,0,,,,,0,,,0,,,0,0,0,0,0,0,0,0,0,0,0,0,0,0,0,0,0,0,0,0,0,0,0,0,0,0,,,,,,,0,,N,1,1,2,,,,,Y,N
344,cmc-0006,CM-001,1,,,,,,,20140927,,,,,,,,,,0,,,,,,0,,,,,,,,,,0,,,,,,,,,,,,,,0,,,,,0,,,0,,,0,0,0,0,0,0,0,0,0,0,0,0,0,0,0,0,0,0,0,0,0,0,0,0,0,0,,,,,,,0,,N,1,1,2,,,,,Y,N
394,cmc-0006,CM-001,1,,,,,,,20140928,,,,,,,,,,0,,,,,,0,,,,,,,,,,0,,,,,,,,,,,,,,0,,,,,0,,,0,,,0,0,0,0,0,0,0,0,0,0,0,0,0,0,0,0,0,0,0,0,0,0,0,0,0,0,,,,,,,0,,N,1,1,2,,,,,Y,N
395,cmc-0006,CM-001,1,,,,,,,20140929,,,,,,,,,,0,,,,,,0,,,,,,,,,,0,,,,,,,,,,,,,,0,,,,,0,,,0,,,0,0,0,0,0,0,0,0,0,0,0,0,0,0,0,0,0,0,0,0,0,0,0,0,0,0,,,,,,,0,,N,1,1,2,,,,,Y,N
393,cmc-0006,CM-001,1,,,,,,,20140930,,,,,,,,,,0,,,,,,0,,,,,,,,,,0,,,,,,,,,,,,,,0,,,,,0,,,0,,,0,0,0,0,0,0,0,0,0,0,0,0,0,0,0,0,0,0,0,0,0,0,0,0,0,0,,,,,,,0,,N,1,1,2,,,,,Y,N
533,cmc-0006,CM-001,1,,,,,,,20141001,,,,,,,,,,0,,,,,,0,,,,,,,,,,0,,,,,,,,,,,,,,0,,,,,0,,,0,,,0,0,0,0,0,0,0,0,0,0,0,0,0,0,0,0,0,0,0,0,0,0,0,0,0,0,,,,,,,0,,N,1,1,2,,,,,Y,N
534,cmc-0006,CM-001,1,,,,,,,20141002,,,,,,,,,,0,,,,,,0,,,,,,,,,,0,,,,,,,,,,,,,,0,,,,,0,,,0,,,0,0,0,0,0,0,0,0,0,0,0,0,0,0,0,0,0,0,0,0,0,0,0,0,0,0,,,,,,,0,,N,1,1,2,,,,,Y,N
535,cmc-0006,CM-001,1,,,,,,,20141003,,,,,,,,,,0,,,,,,0,,,,,,,,,,0,,,,,,,,,,,,,,0,,,,,0,,,0,,,0,0,0,0,0,0,0,0,0,0,0,0,0,0,0,0,0,0,0,0,0,0,0,0,0,0,,,,,,,0,,N,1,1,2,,,,,Y,N
536,cmc-0006,CM-001,1,,,,,,,20141004,,,,,,,,,,0,,,,,,0,,,,,,,,,,0,,,,,,,,,,,,,,0,,,,,0,,,0,,,0,0,0,0,0,0,0,0,0,0,0,0,0,0,0,0,0,0,0,0,0,0,0,0,0,0,,,,,,,0,,N,1,1,2,,,,,Y,N
537,cmc-0006,CM-001,1,,,,,,,20141005,,,,,,,,,,0,,,,,,0,,,,,,,,,,0,,,,,,,,,,,,,,0,,,,,0,,,0,,,0,0,0,0,0,0,0,0,0,0,0,0,0,0,0,0,0,0,0,0,0,0,0,0,0,0,,,,,,,0,,N,1,1,2,,,,,Y,N
538,cmc-0006,CM-001,1,,,,,,,20141006,,,,,,,,,,0,,,,,,0,,,,,,,,,,0,,,,,,,,,,,,,,0,,,,,0,,,0,,,0,0,0,0,0,0,0,0,0,0,0,0,0,0,0,0,0,0,0,0,0,0,0,0,0,0,,,,,,,0,,N,1,1,2,,,,,Y,N
532,cmc-0006,CM-001,1,,,,,,,20141007,,,,,,,,,,0,,,,,,0,,,,,,,,,,0,,,,,,,,,,,,,,0,,,,,0,,,0,,,0,0,0,0,0,0,0,0,0,0,0,0,0,0,0,0,0,0,0,0,0,0,0,0,0,0,,,,,,,0,,N,1,1,2,,,,,Y,N
921,cmc-0006,CM-001,1,,,,,,,20141021,,,,,,,,,,0,,,,,,0,,,,,,,,,,0,,,,,,,,,,,,,,0,,,,,0,,,0,,,0,0,0,0,0,0,0,0,0,0,0,0,0,0,0,0,0,0,0,0,0,0,0,0,0,0,,,,,,,0,,N,1,1,2,,,,,Y,N
922,cmc-0006,CM-001,1,,,,,,,20141022,,,,,,,,,,0,,,,,,0,,,,,,,,,,0,,,,,,,,,,,,,,0,,,,,0,,,0,,,0,0,0,0,0,0,0,0,0,0,0,0,0,0,0,0,0,0,0,0,0,0,0,0,0,0,,,,,,,0,,N,1,1,2,,,,,Y,N
923,cmc-0006,CM-001,1,,,,,,,20141023,,,,,,,,,,0,,,,,,0,,,,,,,,,,0,,,,,,,,,,,,,,0,,,,,0,,,0,,,0,0,0,0,0,0,0,0,0,0,0,0,0,0,0,0,0,0,0,0,0,0,0,0,0,0,,,,,,,0,,N,1,1,2,,,,,Y,N
924,cmc-0006,CM-001,1,,,,,,,20141024,,,,,,,,,,0,,,,,,0,,,,,,,,,,0,,,,,,,,,,,,,,0,,,,,0,,,0,,,0,0,0,0,0,0,0,0,0,0,0,0,0,0,0,0,0,0,0,0,0,0,0,0,0,0,,,,,,,0,,N,1,1,2,,,,,Y,N
925,cmc-0006,CM-001,1,,,,,,,20141025,,,,,,,,,,0,,,,,,0,,,,,,,,,,0,,,,,,,,,,,,,,0,,,,,0,,,0,,,0,0,0,0,0,0,0,0,0,0,0,0,0,0,0,0,0,0,0,0,0,0,0,0,0,0,,,,,,,0,,N,1,1,2,,,,,Y,N
920,cmc-0006,CM-001,1,,,,,,,20141026,,,,,,,,,,0,,,,,,0,,,,,,,,,,0,,,,,,,,,,,,,,0,,,,,0,,,0,,,0,0,0,0,0,0,0,0,0,0,0,0,0,0,0,0,0,0,0,0,0,0,0,0,0,0,,,,,,,0,,N,1,1,2,,,,,Y,N
1014,cmc-0006,CM-001,1,,,,,,,20141027,,,,,,,,,,0,,,,,,0,,,,,,,,,,0,,,,,,,,,,,,,,0,,,,,0,,,0,,,0,0,0,0,0,0,0,0,0,0,0,0,0,0,0,0,0,0,0,0,0,0,0,0,0,0,,,,,,,0,,N,1,1,2,,,,,Y,N
1015,cmc-0006,CM-001,1,,,,,,,20141028,,,,,,,,,,0,,,,,,0,,,,,,,,,,0,,,,,,,,,,,,,,0,,,,,0,,,0,,,0,0,0,0,0,0,0,0,0,0,0,0,0,0,0,0,0,0,0,0,0,0,0,0,0,0,,,,,,,0,,N,1,1,2,,,,,Y,N
1016,cmc-0006,CM-001,1,,,,,,,20141029,,,,,,,,,,0,,,,,,0,,,,,,,,,,0,,,,,,,,,,,,,,0,,,,,0,,,0,,,0,0,0,0,0,0,0,0,0,0,0,0,0,0,0,0,0,0,0,0,0,0,0,0,0,0,,,,,,,0,,N,1,1,2,,,,,Y,N
1202,cmc-0006,CM-001,1,,,,,,,20141030,,,,,,,,,,0,,,,,,0,,,,,,,,,,0,,,,,,,,,,,,,,0,,,,,0,,,0,,,0,0,0,0,0,0,0,0,0,0,0,0,0,0,0,0,0,0,0,0,0,0,0,0,0,0,,,,,,,0,,N,1,1,2,,,,,Y,N
1203,cmc-0006,CM-001,1,,,,,,,20141031,,,,,,,,,,0,,,,,,0,,,,,,,,,,0,,,,,,,,,,,,,,0,,,,,0,,,0,,,0,0,0,0,0,0,0,0,0,0,0,0,0,0,0,0,0,0,0,0,0,0,0,0,0,0,,,,,,,0,,N,1,1,2,,,,,Y,N
1204,cmc-0006,CM-001,1,,,,,,,20141101,,,,,,,,,,0,,,,,,0,,,,,,,,,,0,,,,,,,,,,,,,,0,,,,,0,,,0,,,0,0,0,0,0,0,0,0,0,0,0,0,0,0,0,0,0,0,0,0,0,0,0,0,0,0,,,,,,,0,,N,1,1,2,,,,,Y,N
1206,cmc-0006,CM-001,1,,,,,,,20141103,,,,,,,,,,0,,,,,,0,,,,,,,,,,0,,,,,,,,,,,,,,0,,,,,0,,,0,,,0,0,0,0,0,0,0,0,0,0,0,0,0,0,0,0,0,0,0,0,0,0,0,0,0,0,,,,,,,0,,N,1,1,2,,,,,Y,N
1207,cmc-0006,CM-001,1,,,,,,,20141104,,,,,,,,,,0,,,,,,0,,,,,,,,,,0,,,,,,,,,,,,,,0,,,,,0,,,0,,,0,0,0,0,0,0,0,0,0,0,0,0,0,0,0,0,0,0,0,0,0,0,0,0,0,0,,,,,,,0,,N,1,1,2,,,,,Y,N
1208,cmc-0006,CM-001,1,,,,,,,20141105,,,,,,,,,,0,,,,,,0,,,,,,,,,,0,,,,,,,,,,,,,,0,,,,,0,,,0,,,0,0,0,0,0,0,0,0,0,0,0,0,0,0,0,0,0,0,0,0,0,0,0,0,0,0,,,,,,,0,,N,1,1,2,,,,,Y,N
1201,cmc-0006,CM-001,1,,,,,,,20141106,,,,,,,,,,0,,,,,,0,,,,,,,,,,0,,,,,,,,,,,,,,0,,,,,0,,,0,,,0,0,0,0,0,0,0,0,0,0,0,0,0,0,0,0,0,0,0,0,0,0,0,0,0,0,,,,,,,0,,N,1,1,2,,,,,Y,N
1233,cmc-0006,CM-001,1,,,,,,,20141107,,,,,,,,,,0,,,,,,0,,,,,,,,,,0,,,,,,,,,,,,,,0,,,,,0,,,0,,,0,0,0,0,0,0,0,0,0,0,0,0,0,0,0,0,0,0,0,0,0,0,0,0,0,0,,,,,,,0,,N,1,1,2,,,,,Y,N
1476,cmc-0006,CM-001,1,,,,,,,20141108,,,,,,,,,,0,,,,,,0,,,,,,,,,,0,,,,,,,,,,,,,,0,,,,,0,,,0,,,0,0,0,0,0,0,0,0,0,0,0,0,0,0,0,0,0,0,0,0,0,0,0,0,0,0,,,,,,,0,,N,1,1,2,,,,,Y,N
1477,cmc-0006,CM-001,1,,,,,,,20141109,,,,,,,,,,0,,,,,,0,,,,,,,,,,0,,,,,,,,,,,,,,0,,,,,0,,,0,,,0,0,0,0,0,0,0,0,0,0,0,0,0,0,0,0,0,0,0,0,0,0,0,0,0,0,,,,,,,0,,N,1,1,2,,,,,Y,N
1478,cmc-0006,CM-001,1,,,,,,,20141110,,,,,,,,,,0,,,,,,0,,,,,,,,,,0,,,,,,,,,,,,,,0,,,,,0,,,0,,,0,0,0,0,0,0,0,0,0,0,0,0,0,0,0,0,0,0,0,0,0,0,0,0,0,0,,,,,,,0,,N,1,1,2,,,,,Y,N
1479,cmc-0006,CM-001,1,,,,,,,20141111,,,,,,,,,,0,,,,,,0,,,,,,,,,,0,,,,,,,,,,,,,,0,,,,,0,,,0,,,0,0,0,0,0,0,0,0,0,0,0,0,0,0,0,0,0,0,0,0,0,0,0,0,0,0,,,,,,,0,,N,1,1,2,,,,,Y,N
1480,cmc-0006,CM-001,1,,,,,,,20141112,,,,,,,,,,0,,,,,,0,,,,,,,,,,0,,,,,,,,,,,,,,0,,,,,0,,,0,,,0,0,0,0,0,0,0,0,0,0,0,0,0,0,0,0,0,0,0,0,0,0,0,0,0,0,,,,,,,0,,N,1,1,2,,,,,Y,N
1482,cmc-0006,CM-001,1,,,,,,,20141114,,,,,,,,,,0,,,,,,0,,,,,,,,,,0,,,,,,,,,,,,,,0,,,,,0,,,0,,,0,0,0,0,0,0,0,0,0,0,0,0,0,0,0,0,0,0,0,0,0,0,0,0,0,0,,,,,,,0,,N,1,1,2,,,,,Y,N
1483,cmc-0006,CM-001,1,,,,,,,20141115,,,,,,,,,,0,,,,,,0,,,,,,,,,,0,,,,,,,,,,,,,,0,,,,,0,,,0,,,0,0,0,0,0,0,0,0,0,0,0,0,0,0,0,0,0,0,0,0,0,0,0,0,0,0,,,,,,,0,,N,1,1,2,,,,,Y,N
1484,cmc-0006,CM-001,1,,,,,,,20141116,,,,,,,,,,0,,,,,,0,,,,,,,,,,0,,,,,,,,,,,,,,0,,,,,0,,,0,,,0,0,0,0,0,0,0,0,0,0,0,0,0,0,0,0,0,0,0,0,0,0,0,0,0,0,,,,,,,0,,N,1,1,2,,,,,Y,N
1475,cmc-0006,CM-001,1,,,,,,,20141117,,,,,,,,,,0,,,,,,0,,,,,,,,,,0,,,,,,,,,,,,,,0,,,,,0,,,0,,,0,0,0,0,0,0,0,0,0,0,0,0,0,0,0,0,0,0,0,0,0,0,0,0,0,0,,,,,,,0,,N,1,1,2,,,,,Y,N
1500,cmc-0006,CM-001,1,,,,,,,20141118,,,,,,,,,,0,,,,,,0,,,,,,,,,,0,,,,,,,,,,,,,,0,,,,,0,,,0,,,0,0,0,0,0,0,0,0,0,0,0,0,0,0,0,0,0,0,0,0,0,0,0,0,0,0,,,,,,,0,,N,1,1,2,,,,,Y,N
1514,cmc-0006,CM-001,1,,,,,,,20141119,,,,,,,,,,0,,,,,,0,,,,,,,,,,0,,,,,,,,,,,,,,0,,,,,0,,,0,,,0,0,0,0,0,0,0,0,0,0,0,0,0,0,0,0,0,0,0,0,0,0,0,0,0,0,,,,,,,0,,N,1,1,2,,,,,Y,N
27,cmc-0008,M-007,0,,,,,,,20140830,,,,,,,,,,0,,,,,,0,,,,,,,,,,0,,,,,,,,,,,,,,0,,,,,0,,,0,,,0,0,0,0,0,0,0,0,0,0,0,0,0,0,0,0,0,0,0,0,0,0,0,0,0,0,,,,,,,0,,N,1,1,2,,,,,Y,N
33,cmc-0008,M-007,0,,,,,,,20140831,,,,,,,,,,0,,,,,,0,,,,,,,,,,0,,,,,,,,,,,,,,0,,,,,0,,,0,,,0,0,0,0,0,0,0,0,0,0,0,0,0,0,0,0,0,0,0,0,0,0,0,0,0,0,,,,,,,0,,N,1,1,2,,,,,Y,N
47,cmc-0008,M-007,0,,,,,,,20140901,,,,,,,,,,0,,,,,,0,,,,,,,,,,0,,,,,,,,,,,,,,0,,,,,0,,,0,,,0,0,0,0,0,0,0,0,0,0,0,0,0,0,0,0,0,0,0,0,0,0,0,0,0,0,,,,,,,0,,N,1,1,2,,,,,Y,N
46,cmc-0008,M-007,0,,,,,,,20140902,,,,,,,,,,0,,,,,,0,,,,,,,,,,0,,,,,,,,,,,,,,0,,,,,0,,,0,,,0,0,0,0,0,0,0,0,0,0,0,0,0,0,0,0,0,0,0,0,0,0,0,0,0,0,,,,,,,0,,N,1,1,2,,,,,Y,N
51,cmc-0009,M-008,1,,,,,,,20140902,,,,,,,,,,0,,,,,,0,,,,,,,,,,0,,,,,,,,,,,,,,0,,,,,0,,,0,,,0,0,0,0,0,0,0,0,0,0,0,0,0,0,0,0,0,0,0,0,0,0,0,0,0,0,,,,,,,0,,N,1,1,2,,,,,Y,N
64,cmc-0009,M-008,1,,,,,,,20140903,,,,,,,,,,0,,,,,,0,,,,,,,,,,0,,,,,,,,,,,,,,0,,,,,0,,,0,,,0,0,0,0,0,0,0,0,0,0,0,0,0,0,0,0,0,0,0,0,0,0,0,0,0,0,,,,,,,0,,N,1,1,2,,,,,Y,N
87,cmc-0009,M-008,1,,,,,,,20140905,,,,,,,,,,0,,,,,,0,,,,,,,,,,0,,,,,,,,,,,,,,0,,,,,0,,,0,,,0,0,0,0,0,0,0,0,0,0,0,0,0,0,0,0,0,0,0,0,0,0,0,0,0,0,,,,,,,0,,N,1,1,2,,,,,Y,N
98,cmc-0009,M-008,1,,,,,,,20140907,,,,,,,,,,0,,,,,,0,,,,,,,,,,0,,,,,,,,,,,,,,0,,,,,0,,,0,,,0,0,0,0,0,0,0,0,0,0,0,0,0,0,0,0,0,0,0,0,0,0,0,0,0,0,,,,,,,0,,N,1,1,2,,,,,Y,N
107,cmc-0009,M-008,1,,,,,,,20140908,,,,,,,,,,0,,,,,,0,,,,,,,,,,0,,,,,,,,,,,,,,0,,,,,0,,,0,,,0,0,0,0,0,0,0,0,0,0,0,0,0,0,0,0,0,0,0,0,0,0,0,0,0,0,,,,,,,0,,N,1,1,2,,,,,Y,N
115,cmc-0009,M-008,1,,,,,,,20140909,,,,,,,,,,0,,,,,,0,,,,,,,,,,0,,,,,,,,,,,,,,0,,,,,0,,,0,,,0,0,0,0,0,0,0,0,0,0,0,0,0,0,0,0,0,0,0,0,0,0,0,0,0,0,,,,,,,0,,N,1,1,2,,,,,Y,N
119,cmc-0009,M-008,1,,,,,,,20140910,,,,,,,,,,0,,,,,,0,,,,,,,,,,0,,,,,,,,,,,,,,0,,,,,0,,,0,,,0,0,0,0,0,0,0,0,0,0,0,0,0,0,0,0,0,0,0,0,0,0,0,0,0,0,,,,,,,0,,N,1,1,2,,,,,Y,N
134,cmc-0009,M-008,1,,,,,,,20140911,,,,,,,,,,0,,,,,,0,,,,,,,,,,0,,,,,,,,,,,,,,0,,,,,0,,,0,,,0,0,0,0,0,0,0,0,0,0,0,0,0,0,0,0,0,0,0,0,0,0,0,0,0,0,,,,,,,0,,N,1,1,2,,,,,Y,N
135,cmc-0009,M-008,1,,,,,,,20140912,,,,,,,,,,0,,,,,,0,,,,,,,,,,0,,,,,,,,,,,,,,0,,,,,0,,,0,,,0,0,0,0,0,0,0,0,0,0,0,0,0,0,0,0,0,0,0,0,0,0,0,0,0,0,,,,,,,0,,N,1,1,2,,,,,Y,N
148,cmc-0009,M-008,1,,,,,,,20140913,,,,,,,,,,0,,,,,,0,,,,,,,,,,0,,,,,,,,,,,,,,0,,,,,0,,,0,,,0,0,0,0,0,0,0,0,0,0,0,0,0,0,0,0,0,0,0,0,0,0,0,0,0,0,,,,,,,0,,N,1,1,2,,,,,Y,N
152,cmc-0009,M-008,1,,,,,,,20140914,,,,,,,,,,0,,,,,,0,,,,,,,,,,0,,,,,,,,,,,,,,0,,,,,0,,,0,,,0,0,0,0,0,0,0,0,0,0,0,0,0,0,0,0,0,0,0,0,0,0,0,0,0,0,,,,,,,0,,N,1,1,2,,,,,Y,N
164,cmc-0009,M-008,1,,,,,,,20140915,,,,,,,,,,0,,,,,,0,,,,,,,,,,0,,,,,,,,,,,,,,0,,,,,0,,,0,,,0,0,0,0,0,0,0,0,0,0,0,0,0,0,0,0,0,0,0,0,0,0,0,0,0,0,,,,,,,0,,N,1,1,2,,,,,Y,N
399,cmc-0009,M-008,1,,,,,,,20140921,,,,,,,,,,0,,,,,,0,,,,,,,,,,0,,,,,,,,,,,,,,0,,,,,0,,,0,,,0,0,0,0,0,0,0,0,0,0,0,0,0,0,0,0,0,0,0,0,0,0,0,0,0,0,,,,,,,0,,N,1,1,2,,,,,Y,N
400,cmc-0009,M-008,1,,,,,,,20140922,,,,,,,,,,0,,,,,,0,,,,,,,,,,0,,,,,,,,,,,,,,0,,,,,0,,,0,,,0,0,0,0,0,0,0,0,0,0,0,0,0,0,0,0,0,0,0,0,0,0,0,0,0,0,,,,,,,0,,N,1,1,2,,,,,Y,N
303,cmc-0009,M-008,1,,,,,,,20140923,,,,,,,,,,0,,,,,,0,,,,,,,,,,0,,,,,,,,,,,,,,0,,,,,0,,,0,,,0,0,0,0,0,0,0,0,0,0,0,0,0,0,0,0,0,0,0,0,0,0,0,0,0,0,,,,,,,0,,N,1,1,2,,,,,Y,N
350,cmc-0009,M-008,1,,,,,,,20140926,,,,,,,,,,0,,,,,,0,,,,,,,,,,0,,,,,,,,,,,,,,0,,,,,0,,,0,,,0,0,0,0,0,0,0,0,0,0,0,0,0,0,0,0,0,0,0,0,0,0,0,0,0,0,,,,,,,0,,N,1,1,2,,,,,Y,N
349,cmc-0009,M-008,1,,,,,,,20140927,,,,,,,,,,0,,,,,,0,,,,,,,,,,0,,,,,,,,,,,,,,0,,,,,0,,,0,,,0,0,0,0,0,0,0,0,0,0,0,0,0,0,0,0,0,0,0,0,0,0,0,0,0,0,,,,,,,0,,N,1,1,2,,,,,Y,N
396,cmc-0009,M-008,1,,,,,,,20140928,,,,,,,,,,0,,,,,,0,,,,,,,,,,0,,,,,,,,,,,,,,0,,,,,0,,,0,,,0,0,0,0,0,0,0,0,0,0,0,0,0,0,0,0,0,0,0,0,0,0,0,0,0,0,,,,,,,0,,N,1,1,2,,,,,Y,N
397,cmc-0009,M-008,1,,,,,,,20140929,,,,,,,,,,0,,,,,,0,,,,,,,,,,0,,,,,,,,,,,,,,0,,,,,0,,,0,,,0,0,0,0,0,0,0,0,0,0,0,0,0,0,0,0,0,0,0,0,0,0,0,0,0,0,,,,,,,0,,N,1,1,2,,,,,Y,N
398,cmc-0009,M-008,1,,,,,,,20140930,,,,,,,,,,0,,,,,,0,,,,,,,,,,0,,,,,,,,,,,,,,0,,,,,0,,,0,,,0,0,0,0,0,0,0,0,0,0,0,0,0,0,0,0,0,0,0,0,0,0,0,0,0,0,,,,,,,0,,N,1,1,2,,,,,Y,N
427,cmc-0009,M-008,1,,,,,,,20141001,,,,,,,,,,0,,,,,,0,,,,,,,,,,0,,,,,,,,,,,,,,0,,,,,0,,,0,,,0,0,0,0,0,0,0,0,0,0,0,0,0,0,0,0,0,0,0,0,0,0,0,0,0,0,,,,,,,0,,N,1,1,2,,,,,Y,N
539,cmc-0009,M-008,1,,,,,,,20141002,,,,,,,,,,0,,,,,,0,,,,,,,,,,0,,,,,,,,,,,,,,0,,,,,0,,,0,,,0,0,0,0,0,0,0,0,0,0,0,0,0,0,0,0,0,0,0,0,0,0,0,0,0,0,,,,,,,0,,N,1,1,2,,,,,Y,N
540,cmc-0009,M-008,1,,,,,,,20141003,,,,,,,,,,0,,,,,,0,,,,,,,,,,0,,,,,,,,,,,,,,0,,,,,0,,,0,,,0,0,0,0,0,0,0,0,0,0,0,0,0,0,0,0,0,0,0,0,0,0,0,0,0,0,,,,,,,0,,N,1,1,2,,,,,Y,N
541,cmc-0009,M-008,1,,,,,,,20141004,,,,,,,,,,0,,,,,,0,,,,,,,,,,0,,,,,,,,,,,,,,0,,,,,0,,,0,,,0,0,0,0,0,0,0,0,0,0,0,0,0,0,0,0,0,0,0,0,0,0,0,0,0,0,,,,,,,0,,N,1,1,2,,,,,Y,N
542,cmc-0009,M-008,1,,,,,,,20141005,,,,,,,,,,0,,,,,,0,,,,,,,,,,0,,,,,,,,,,,,,,0,,,,,0,,,0,,,0,0,0,0,0,0,0,0,0,0,0,0,0,0,0,0,0,0,0,0,0,0,0,0,0,0,,,,,,,0,,N,1,1,2,,,,,Y,N
544,cmc-0009,M-008,1,,,,,,,20141007,,,,,,,,,,0,,,,,,0,,,,,,,,,,0,,,,,,,,,,,,,,0,,,,,0,,,0,,,0,0,0,0,0,0,0,0,0,0,0,0,0,0,0,0,0,0,0,0,0,0,0,0,0,0,,,,,,,0,,N,1,1,2,,,,,Y,N
592,cmc-0009,M-008,1,,,,,,,20141008,,,,,,,,,,0,,,,,,0,,,,,,,,,,0,,,,,,,,,,,,,,0,,,,,0,,,0,,,0,0,0,0,0,0,0,0,0,0,0,0,0,0,0,0,0,0,0,0,0,0,0,0,0,0,,,,,,,0,,N,1,1,2,,,,,Y,N
676,cmc-0009,M-008,1,,,,,,,20141009,,,,,,,,,,0,,,,,,0,,,,,,,,,,0,,,,,,,,,,,,,,0,,,,,0,,,0,,,0,0,0,0,0,0,0,0,0,0,0,0,0,0,0,0,0,0,0,0,0,0,0,0,0,0,,,,,,,0,,N,1,1,2,,,,,Y,N
675,cmc-0009,M-008,1,,,,,,,20141010,,,,,,,,,,0,,,,,,0,,,,,,,,,,0,,,,,,,,,,,,,,0,,,,,0,,,0,,,0,0,0,0,0,0,0,0,0,0,0,0,0,0,0,0,0,0,0,0,0,0,0,0,0,0,,,,,,,0,,N,1,1,2,,,,,Y,N
674,cmc-0009,M-008,1,,,,,,,20141011,,,,,,,,,,0,,,,,,0,,,,,,,,,,0,,,,,,,,,,,,,,0,,,,,0,,,0,,,0,0,0,0,0,0,0,0,0,0,0,0,0,0,0,0,0,0,0,0,0,0,0,0,0,0,,,,,,,0,,N,1,1,2,,,,,Y,N
673,cmc-0009,M-008,1,,,,,,,20141012,,,,,,,,,,0,,,,,,0,,,,,,,,,,0,,,,,,,,,,,,,,0,,,,,0,,,0,,,0,0,0,0,0,0,0,0,0,0,0,0,0,0,0,0,0,0,0,0,0,0,0,0,0,0,,,,,,,0,,N,1,1,2,,,,,Y,N
769,cmc-0009,M-008,1,,,,,,,20141015,,,,,,,,,,0,,,,,,0,,,,,,,,,,0,,,,,,,,,,,,,,0,,,,,0,,,0,,,0,0,0,0,0,0,0,0,0,0,0,0,0,0,0,0,0,0,0,0,0,0,0,0,0,0,,,,,,,0,,N,1,1,2,,,,,Y,N
770,cmc-0009,M-008,1,,,,,,,20141016,,,,,,,,,,0,,,,,,0,,,,,,,,,,0,,,,,,,,,,,,,,0,,,,,0,,,0,,,0,0,0,0,0,0,0,0,0,0,0,0,0,0,0,0,0,0,0,0,0,0,0,0,0,0,,,,,,,0,,N,1,1,2,,,,,Y,N
771,cmc-0009,M-008,1,,,,,,,20141017,,,,,,,,,,0,,,,,,0,,,,,,,,,,0,,,,,,,,,,,,,,0,,,,,0,,,0,,,0,0,0,0,0,0,0,0,0,0,0,0,0,0,0,0,0,0,0,0,0,0,0,0,0,0,,,,,,,0,,N,1,1,2,,,,,Y,N
792,cmc-0009,M-008,1,,,,,,,20141020,,,,,,,,,,0,,,,,,0,,,,,,,,,,0,,,,,,,,,,,,,,0,,,,,0,,,0,,,0,0,0,0,0,0,0,0,0,0,0,0,0,0,0,0,0,0,0,0,0,0,0,0,0,0,,,,,,,0,,N,1,1,2,,,,,Y,N
891,cmc-0009,M-008,1,,,,,,,20141022,,,,,,,,,,0,,,,,,0,,,,,,,,,,0,,,,,,,,,,,,,,0,,,,,0,,,0,,,0,0,0,0,0,0,0,0,0,0,0,0,0,0,0,0,0,0,0,0,0,0,0,0,0,0,,,,,,,0,,N,1,1,2,,,,,Y,N
914,cmc-0009,M-008,1,,,,,,,20141025,,,,,,,,,,0,,,,,,0,,,,,,,,,,0,,,,,,,,,,,,,,0,,,,,0,,,0,,,0,0,0,0,0,0,0,0,0,0,0,0,0,0,0,0,0,0,0,0,0,0,0,0,0,0,,,,,,,0,,N,1,1,2,,,,,Y,N
974,cmc-0009,M-008,1,,,,,,,20141026,,,,,,,,,,0,,,,,,0,,,,,,,,,,0,,,,,,,,,,,,,,0,,,,,0,,,0,,,0,0,0,0,0,0,0,0,0,0,0,0,0,0,0,0,0,0,0,0,0,0,0,0,0,0,,,,,,,0,,N,1,1,2,,,,,Y,N
975,cmc-0009,M-008,1,,,,,,,20141027,,,,,,,,,,0,,,,,,0,,,,,,,,,,0,,,,,,,,,,,,,,0,,,,,0,,,0,,,0,0,0,0,0,0,0,0,0,0,0,0,0,0,0,0,0,0,0,0,0,0,0,0,0,0,,,,,,,0,,N,1,1,2,,,,,Y,N
61,cmc-0010,M-009,1,,,,,,,20140903,,,,,,,,,,0,,,,,,0,,,,,,,,,,0,,,,,,,,,,,,,,0,,,,,0,,,0,,,0,0,0,0,0,0,0,0,0,0,0,0,0,0,0,0,0,0,0,0,0,0,0,0,0,0,,,,,,,0,,Y,1,1,2,1 hour 20 minutes,80,1 hour 20 minutes,80,Y,N
101,cmc-0010,M-009,1,,,,,,,20140908,,,,,,,,,,0,,,,,,0,,,,,,,,,,0,,,,,,,,,,,,,,0,,,,,0,,,0,,,0,0,0,0,0,0,0,0,0,0,0,0,0,0,0,0,0,0,0,0,0,0,0,0,0,0,,,,,,,0,,N,1,1,2,,,,,Y,N
121,cmc-0010,M-009,1,,,,,,,20140911,,,,,,,,,,0,,,,,,0,,,,,,,,,,0,,,,,,,,,,,,,,0,,,,,0,,,0,,,0,0,0,0,0,0,0,0,0,0,0,0,0,0,0,0,0,0,0,0,0,0,0,0,0,0,,,,,,,0,,N,1,1,2,,,,,Y,N
129,cmc-0010,M-009,1,,,,,,,20140912,,,,,,,,,,0,,,,,,0,,,,,,,,,,0,,,,,,,,,,,,,,0,,,,,0,,,0,,,0,0,0,0,0,0,0,0,0,0,0,0,0,0,0,0,0,0,0,0,0,0,0,0,0,0,,,,,,,0,,N,1,1,2,,,,,Y,N
151,cmc-0010,M-009,1,,,,,,,20140914,,,,,,,,,,0,,,,,,0,,,,,,,,,,0,,,,,,,,,,,,,,0,,,,,0,,,0,,,0,0,0,0,0,0,0,0,0,0,0,0,0,0,0,0,0,0,0,0,0,0,0,0,0,0,,,,,,,0,,N,1,1,2,,,,,Y,N
195,cmc-0010,M-009,1,,,,,,,20140918,,,,,,,,,,0,,,,,,0,,,,,,,,,,0,,,,,,,,,,,,,,0,,,,,0,,,0,,,0,0,0,0,0,0,0,0,0,0,0,0,0,0,0,0,0,0,0,0,0,0,0,0,0,0,,,,,,,0,,N,1,1,2,,,,,Y,N
229,cmc-0010,M-009,1,,,,,,,20140920,,,,,,,,,,0,,,,,,0,,,,,,,,,,0,,,,,,,,,,,,,,0,,,,,0,,,0,,,0,0,0,0,0,0,0,0,0,0,0,0,0,0,0,0,0,0,0,0,0,0,0,0,0,0,,,,,,,0,,N,1,1,2,,,,,Y,N
239,cmc-0010,M-009,1,,,,,,,20140921,,,,,,,,,,0,,,,,,0,,,,,,,,,,0,,,,,,,,,,,,,,0,,,,,0,,,0,,,0,0,0,0,0,0,0,0,0,0,0,0,0,0,0,0,0,0,0,0,0,0,0,0,0,0,,,,,,,0,,N,1,1,2,,,,,Y,N
375,cmc-0010,M-009,1,,,,,,,20140929,,,,,,,,,,0,,,,,,0,,,,,,,,,,0,,,,,,,,,,,,,,0,,,,,0,,,0,,,0,0,0,0,0,0,0,0,0,0,0,0,0,0,0,0,0,0,0,0,0,0,0,0,0,0,,,,,,,0,,N,1,1,2,,,,,Y,N
462,cmc-0010,M-009,1,,,,,,,20141005,,,,,,,,,,0,,,,,,0,,,,,,,,,,0,,,,,,,,,,,,,,0,,,,,0,,,0,,,0,0,0,0,0,0,0,0,0,0,0,0,0,0,0,0,0,0,0,0,0,0,0,0,0,0,,,,,,,0,,N,1,1,2,,,,,Y,N
643,cmc-0010,M-009,1,,,,,,,20141012,,,,,,,,,,0,,,,,,0,,,,,,,,,,0,,,,,,,,,,,,,,0,,,,,0,,,0,,,0,0,0,0,0,0,0,0,0,0,0,0,0,0,0,0,0,0,0,0,0,0,0,0,0,0,,,,,,,0,,N,1,1,2,,,,,Y,N
663,cmc-0010,M-009,1,,,,,,,20141013,,,,,,,,,,0,,,,,,0,,,,,,,,,,0,,,,,,,,,,,,,,0,,,,,0,,,0,,,0,0,0,0,0,0,0,0,0,0,0,0,0,0,0,0,0,0,0,0,0,0,0,0,0,0,,,,,,,0,,N,1,1,2,,,,,Y,N
737,cmc-0010,M-009,1,,,,,,,20141017,,,,,,,,,,0,,,,,,0,,,,,,,,,,0,,,,,,,,,,,,,,0,,,,,0,,,0,,,0,0,0,0,0,0,0,0,0,0,0,0,0,0,0,0,0,0,0,0,0,0,0,0,0,0,,,,,,,0,,Y,1,1,2,1 hour 20 minutes,80,1 hour 20 minutes,80,Y,N
787,cmc-0010,M-009,1,,,,,,,20141020,,,,,,,,,,0,,,,,,0,,,,,,,,,,0,,,,,,,,,,,,,,0,,,,,0,,,0,,,0,0,0,0,0,0,0,0,0,0,0,0,0,0,0,0,0,0,0,0,0,0,0,0,0,0,,,,,,,0,,N,1,1,2,,,,,Y,N
915,cmc-0010,M-009,1,,,,,,,20141026,,,,,,,,,,0,,,,,,0,,,,,,,,,,0,,,,,,,,,,,,,,0,,,,,0,,,0,,,0,0,0,0,0,0,0,0,0,0,0,0,0,0,0,0,0,0,0,0,0,0,0,0,0,0,,,,,,,0,,N,1,1,2,,,,,Y,N
1097,cmc-0010,M-009,1,,,,,,,20141102,,,,,,,,,,0,,,,,,0,,,,,,,,,,0,,,,,,,,,,,,,,0,,,,,0,,,0,,,0,0,0,0,0,0,0,0,0,0,0,0,0,0,0,0,0,0,0,0,0,0,0,0,0,0,,,,,,,0,,N,1,1,2,,,,,Y,N
1369,cmc-0010,M-009,1,,,,,,,20141112,,,,,,,,,,0,,,,,,0,,,,,,,,,,0,,,,,,,,,,,,,,0,,,,,0,,,0,,,0,0,0,0,0,0,0,0,0,0,0,0,0,0,0,0,0,0,0,0,0,0,0,0,0,0,,,,,,,0,,N,1,1,2,,,,,Y,N
1433,cmc-0010,M-009,1,,,,,,,20141116,,,,,,,,,,0,,,,,,0,,,,,,,,,,0,,,,,,,,,,,,,,0,,,,,0,,,0,,,0,0,0,0,0,0,0,0,0,0,0,0,0,0,0,0,0,0,0,0,0,0,0,0,0,0,,,,,,,0,,N,1,1,2,,,,,Y,N
1568,cmc-0010,M-009,1,,,,,,,20141123,,,,,,,,,,0,,,,,,0,,,,,,,,,,0,,,,,,,,,,,,,,0,,,,,0,,,0,,,0,0,0,0,0,0,0,0,0,0,0,0,0,0,0,0,0,0,0,0,0,0,0,0,0,0,,,,,,,0,,N,1,1,2,,,,,Y,N
1664,cmc-0010,M-009,1,,,,,,,20141128,,,,,,,,,,0,,,,,,0,,,,,,,,,,0,,,,,,,,,,,,,,0,,,,,0,,,0,,,0,0,0,0,0,0,0,0,0,0,0,0,0,0,0,0,0,0,0,0,0,0,0,0,0,0,,,,,,,0,,N,1,1,2,,,,,Y,N
1689,cmc-0010,M-009,1,,,,,,,20141130,,,,,,,,,,0,,,,,,0,,,,,,,,,,0,,,,,,,,,,,,,,0,,,,,0,,,0,,,0,0,0,0,0,0,0,0,0,0,0,0,0,0,0,0,0,0,0,0,0,0,0,0,0,0,,,,,,,0,,N,1,1,2,,,,,Y,N
864,cmc-0011,M-010,1,,,,,,,20141022,,,,,,,,,,0,,,,,,0,,,,,,,,,,0,,,,,,,,,,,,,,0,,,,,0,,,0,,,0,0,0,0,0,0,0,0,0,0,0,0,0,0,0,0,0,0,0,0,0,0,0,0,0,0,,,,,,,0,,N,1,1,2,,,,,Y,N
916,cmc-0011,M-010,1,,,,,,,20141026,,,,,,,,,,0,,,,,,0,,,,,,,,,,0,,,,,,,,,,,,,,0,,,,,0,,,0,,,0,0,0,0,0,0,0,0,0,0,0,0,0,0,0,0,0,0,0,0,0,0,0,0,0,0,,,,,,,0,,N,1,1,2,,,,,Y,N
1341,cmc-0011,M-010,1,,,,,,,20141031,,,,,,,,,,0,,,,,,0,,,,,,,,,,0,,,,,,,,,,,,,,0,,,,,0,,,0,,,0,0,0,0,0,0,0,0,0,0,0,0,0,0,0,0,0,0,0,0,0,0,0,0,0,0,,,,,,,0,,N,1,1,2,,,,,Y,N
1342,cmc-0011,M-010,1,,,,,,,20141101,,,,,,,,,,0,,,,,,0,,,,,,,,,,0,,,,,,,,,,,,,,0,,,,,0,,,0,,,0,0,0,0,0,0,0,0,0,0,0,0,0,0,0,0,0,0,0,0,0,0,0,0,0,0,,,,,,,0,,N,1,1,2,,,,,Y,N
1343,cmc-0011,M-010,1,,,,,,,20141102,,,,,,,,,,0,,,,,,0,,,,,,,,,,0,,,,,,,,,,,,,,0,,,,,0,,,0,,,0,0,0,0,0,0,0,0,0,0,0,0,0,0,0,0,0,0,0,0,0,0,0,0,0,0,,,,,,,0,,N,1,1,2,,,,,Y,N
1345,cmc-0011,M-010,1,,,,,,,20141103,,,,,,,,,,0,,,,,,0,,,,,,,,,,0,,,,,,,,,,,,,,0,,,,,0,,,0,,,0,0,0,0,0,0,0,0,0,0,0,0,0,0,0,0,0,0,0,0,0,0,0,0,0,0,,,,,,,0,,N,1,1,2,,,,,Y,N
1158,cmc-0011,M-010,1,,,,,,,20141105,,,,,,,,,,0,,,,,,0,,,,,,,,,,0,,,,,,,,,,,,,,0,,,,,0,,,0,,,0,0,0,0,0,0,0,0,0,0,0,0,0,0,0,0,0,0,0,0,0,0,0,0,0,0,,,,,,,0,,N,1,1,2,,,,,Y,N
1347,cmc-0011,M-010,1,,,,,,,20141106,,,,,,,,,,0,,,,,,0,,,,,,,,,,0,,,,,,,,,,,,,,0,,,,,0,,,0,,,0,0,0,0,0,0,0,0,0,0,0,0,0,0,0,0,0,0,0,0,0,0,0,0,0,0,,,,,,,0,,N,1,1,2,,,,,Y,N
1348,cmc-0011,M-010,1,,,,,,,20141107,,,,,,,,,,0,,,,,,0,,,,,,,,,,0,,,,,,,,,,,,,,0,,,,,0,,,0,,,0,0,0,0,0,0,0,0,0,0,0,0,0,0,0,0,0,0,0,0,0,0,0,0,0,0,,,,,,,0,,N,1,1,2,,,,,Y,N
1349,cmc-0011,M-010,1,,,,,,,20141108,,,,,,,,,,0,,,,,,0,,,,,,,,,,0,,,,,,,,,,,,,,0,,,,,0,,,0,,,0,0,0,0,0,0,0,0,0,0,0,0,0,0,0,0,0,0,0,0,0,0,0,0,0,0,,,,,,,0,,N,1,1,2,,,,,Y,N
1350,cmc-0011,M-010,1,,,,,,,20141109,,,,,,,,,,0,,,,,,0,,,,,,,,,,0,,,,,,,,,,,,,,0,,,,,0,,,0,,,0,0,0,0,0,0,0,0,0,0,0,0,0,0,0,0,0,0,0,0,0,0,0,0,0,0,,,,,,,0,,N,1,1,2,,,,,Y,N
1353,cmc-0011,M-010,1,,,,,,,20141110,,,,,,,,,,0,,,,,,0,,,,,,,,,,0,,,,,,,,,,,,,,0,,,,,0,,,0,,,0,0,0,0,0,0,0,0,0,0,0,0,0,0,0,0,0,0,0,0,0,0,0,0,0,0,,,,,,,0,,N,1,1,2,,,,,Y,N
1354,cmc-0011,M-010,1,,,,,,,20141111,,,,,,,,,,0,,,,,,0,,,,,,,,,,0,,,,,,,,,,,,,,0,,,,,0,,,0,,,0,0,0,0,0,0,0,0,0,0,0,0,0,0,0,0,0,0,0,0,0,0,0,0,0,0,,,,,,,0,,N,1,1,2,,,,,Y,N
1355,cmc-0011,M-010,1,,,,,,,20141112,,,,,,,,,,0,,,,,,0,,,,,,,,,,0,,,,,,,,,,,,,,0,,,,,0,,,0,,,0,0,0,0,0,0,0,0,0,0,0,0,0,0,0,0,0,0,0,0,0,0,0,0,0,0,,,,,,,0,,N,1,1,2,,,,,Y,N
1489,cmc-0011,M-010,1,,,,,,,20141113,,,,,,,,,,0,,,,,,0,,,,,,,,,,0,,,,,,,,,,,,,,0,,,,,0,,,0,,,0,0,0,0,0,0,0,0,0,0,0,0,0,0,0,0,0,0,0,0,0,0,0,0,0,0,,,,,,,0,,N,1,1,2,,,,,Y,N
1490,cmc-0011,M-010,1,,,,,,,20141114,,,,,,,,,,0,,,,,,0,,,,,,,,,,0,,,,,,,,,,,,,,0,,,,,0,,,0,,,0,0,0,0,0,0,0,0,0,0,0,0,0,0,0,0,0,0,0,0,0,0,0,0,0,0,,,,,,,0,,N,1,1,2,,,,,Y,N
1491,cmc-0011,M-010,1,,,,,,,20141115,,,,,,,,,,0,,,,,,0,,,,,,,,,,0,,,,,,,,,,,,,,0,,,,,0,,,0,,,0,0,0,0,0,0,0,0,0,0,0,0,0,0,0,0,0,0,0,0,0,0,0,0,0,0,,,,,,,0,,N,1,1,2,,,,,Y,N
1493,cmc-0011,M-010,1,,,,,,,20141116,,,,,,,,,,0,,,,,,0,,,,,,,,,,0,,,,,,,,,,,,,,0,,,,,0,,,0,,,0,0,0,0,0,0,0,0,0,0,0,0,0,0,0,0,0,0,0,0,0,0,0,0,0,0,,,,,,,0,,N,1,1,2,,,,,Y,N
1492,cmc-0011,M-010,1,,,,,,,20141117,,,,,,,,,,0,,,,,,0,,,,,,,,,,0,,,,,,,,,,,,,,0,,,,,0,,,0,,,0,0,0,0,0,0,0,0,0,0,0,0,0,0,0,0,0,0,0,0,0,0,0,0,0,0,,,,,,,0,,N,1,1,2,,,,,Y,N
1488,cmc-0011,M-010,1,,,,,,,20141118,,,,,,,,,,0,,,,,,0,,,,,,,,,,0,,,,,,,,,,,,,,0,,,,,0,,,0,,,0,0,0,0,0,0,0,0,0,0,0,0,0,0,0,0,0,0,0,0,0,0,0,0,0,0,,,,,,,0,,N,1,1,2,,,,,Y,N
1602,cmc-0011,M-010,1,,,,,,,20141119,,,,,,,,,,0,,,,,,0,,,,,,,,,,0,,,,,,,,,,,,,,0,,,,,0,,,0,,,0,0,0,0,0,0,0,0,0,0,0,0,0,0,0,0,0,0,0,0,0,0,0,0,0,0,,,,,,,0,,N,1,1,2,,,,,Y,N
1603,cmc-0011,M-010,1,,,,,,,20141120,,,,,,,,,,0,,,,,,0,,,,,,,,,,0,,,,,,,,,,,,,,0,,,,,0,,,0,,,0,0,0,0,0,0,0,0,0,0,0,0,0,0,0,0,0,0,0,0,0,0,0,0,0,0,,,,,,,0,,N,1,1,2,,,,,Y,N
1604,cmc-0011,M-010,1,,,,,,,20141121,,,,,,,,,,0,,,,,,0,,,,,,,,,,0,,,,,,,,,,,,,,0,,,,,0,,,0,,,0,0,0,0,0,0,0,0,0,0,0,0,0,0,0,0,0,0,0,0,0,0,0,0,0,0,,,,,,,0,,N,1,1,2,,,,,Y,N
1605,cmc-0011,M-010,1,,,,,,,20141122,,,,,,,,,,0,,,,,,0,,,,,,,,,,0,,,,,,,,,,,,,,0,,,,,0,,,0,,,0,0,0,0,0,0,0,0,0,0,0,0,0,0,0,0,0,0,0,0,0,0,0,0,0,0,,,,,,,0,,N,1,1,2,,,,,Y,N
1606,cmc-0011,M-010,1,,,,,,,20141123,,,,,,,,,,0,,,,,,0,,,,,,,,,,0,,,,,,,,,,,,,,0,,,,,0,,,0,,,0,0,0,0,0,0,0,0,0,0,0,0,0,0,0,0,0,0,0,0,0,0,0,0,0,0,,,,,,,0,,N,1,1,2,,,,,Y,N
1607,cmc-0011,M-010,1,,,,,,,20141124,,,,,,,,,,0,,,,,,0,,,,,,,,,,0,,,,,,,,,,,,,,0,,,,,0,,,0,,,0,0,0,0,0,0,0,0,0,0,0,0,0,0,0,0,0,0,0,0,0,0,0,0,0,0,,,,,,,0,,N,1,1,2,,,,,Y,N
1608,cmc-0011,M-010,1,,,,,,,20141125,,,,,,,,,,0,,,,,,0,,,,,,,,,,0,,,,,,,,,,,,,,0,,,,,0,,,0,,,0,0,0,0,0,0,0,0,0,0,0,0,0,0,0,0,0,0,0,0,0,0,0,0,0,0,,,,,,,0,,N,1,1,2,,,,,Y,N
1716,cmc-0011,M-010,1,,,,,,,20141127,,,,,,,,,,0,,,,,,0,,,,,,,,,,0,,,,,,,,,,,,,,0,,,,,0,,,0,,,0,0,0,0,0,0,0,0,0,0,0,0,0,0,0,0,0,0,0,0,0,0,0,0,0,0,,,,,,,0,,N,1,1,2,,,,,Y,N
1718,cmc-0011,M-010,1,,,,,,,20141129,,,,,,,,,,0,,,,,,0,,,,,,,,,,0,,,,,,,,,,,,,,0,,,,,0,,,0,,,0,0,0,0,0,0,0,0,0,0,0,0,0,0,0,0,0,0,0,0,0,0,0,0,0,0,,,,,,,0,,N,1,1,2,,,,,Y,N
1719,cmc-0011,M-010,1,,,,,,,20141130,,,,,,,,,,0,,,,,,0,,,,,,,,,,0,,,,,,,,,,,,,,0,,,,,0,,,0,,,0,0,0,0,0,0,0,0,0,0,0,0,0,0,0,0,0,0,0,0,0,0,0,0,0,0,,,,,,,0,,N,1,1,2,,,,,Y,N
1720,cmc-0011,M-010,1,,,,,,,20141201,,,,,,,,,,0,,,,,,0,,,,,,,,,,0,,,,,,,,,,,,,,0,,,,,0,,,0,,,0,0,0,0,0,0,0,0,0,0,0,0,0,0,0,0,0,0,0,0,0,0,0,0,0,0,,,,,,,0,,N,1,1,2,,,,,Y,N
1721,cmc-0011,M-010,1,,,,,,,20141202,,,,,,,,,,0,,,,,,0,,,,,,,,,,0,,,,,,,,,,,,,,0,,,,,0,,,0,,,0,0,0,0,0,0,0,0,0,0,0,0,0,0,0,0,0,0,0,0,0,0,0,0,0,0,,,,,,,0,,N,1,1,2,,,,,Y,N
2397,cmc-0011,M-010,1,,,,,,,20141217,,,,,,,,,,0,,,,,,0,,,,,,,,,,0,,,,,,,,,,,,,,0,,,,,0,,,0,,,0,0,0,0,0,0,0,0,0,0,0,0,0,0,0,0,0,0,0,0,0,0,0,0,0,0,,,,,,,0,,N,1,1,2,,,,,Y,N
154,cmc-0022,M-011,1,,,,,,,20140914,,,,,,,,,,0,,,,,,0,,,,,,,,,,0,,,,,,,,,,,,,,0,,,,,0,,,0,,,0,0,0,0,0,0,0,0,0,0,0,0,0,0,0,0,0,0,0,0,0,0,0,0,0,0,,,,,,,0,,N,1,1,2,,,,,Y,N
188,cmc-0022,M-011,1,,,,,,,20140917,,,,,,,,,,0,,,,,,0,,,,,,,,,,0,,,,,,,,,,,,,,0,,,,,0,,,0,,,0,0,0,0,0,0,0,0,0,0,0,0,0,0,0,0,0,0,0,0,0,0,0,0,0,0,,,,,,,0,,N,1,1,2,,,,,Y,N
243,cmc-0022,M-011,1,,,,,,,20140921,,,,,,,,,,0,,,,,,0,,,,,,,,,,0,,,,,,,,,,,,,,0,,,,,0,,,0,,,0,0,0,0,0,0,0,0,0,0,0,0,0,0,0,0,0,0,0,0,0,0,0,0,0,0,,,,,,,0,,N,1,1,2,,,,,Y,N
329,cmc-0022,M-011,1,,,,,,,20140925,,,,,,,,,,0,,,,,,0,,,,,,,,,,0,,,,,,,,,,,,,,0,,,,,0,,,0,,,0,0,0,0,0,0,0,0,0,0,0,0,0,0,0,0,0,0,0,0,0,0,0,0,0,0,,,,,,,0,,N,1,1,2,,,,,Y,N
345,cmc-0022,M-011,1,,,,,,,20140927,,,,,,,,,,0,,,,,,0,,,,,,,,,,0,,,,,,,,,,,,,,0,,,,,0,,,0,,,0,0,0,0,0,0,0,0,0,0,0,0,0,0,0,0,0,0,0,0,0,0,0,0,0,0,,,,,,,0,,N,1,1,2,,,,,Y,N
383,cmc-0022,M-011,1,,,,,,,20140928,,,,,,,,,,0,,,,,,0,,,,,,,,,,0,,,,,,,,,,,,,,0,,,,,0,,,0,,,0,0,0,0,0,0,0,0,0,0,0,0,0,0,0,0,0,0,0,0,0,0,0,0,0,0,,,,,,,0,,N,1,1,2,,,,,Y,N
451,cmc-0022,M-011,1,,,,,,,20141003,,,,,,,,,,0,,,,,,0,,,,,,,,,,0,,,,,,,,,,,,,,0,,,,,0,,,0,,,0,0,0,0,0,0,0,0,0,0,0,0,0,0,0,0,0,0,0,0,0,0,0,0,0,0,,,,,,,0,,N,1,1,2,,,,,Y,N
461,cmc-0022,M-011,1,,,,,,,20141004,,,,,,,,,,0,,,,,,0,,,,,,,,,,0,,,,,,,,,,,,,,0,,,,,0,,,0,,,0,0,0,0,0,0,0,0,0,0,0,0,0,0,0,0,0,0,0,0,0,0,0,0,0,0,,,,,,,0,,N,1,1,2,,,,,Y,N
487,cmc-0022,M-011,1,,,,,,,20141005,,,,,,,,,,0,,,,,,0,,,,,,,,,,0,,,,,,,,,,,,,,0,,,,,0,,,0,,,0,0,0,0,0,0,0,0,0,0,0,0,0,0,0,0,0,0,0,0,0,0,0,0,0,0,,,,,,,0,,N,1,1,2,,,,,Y,N
493,cmc-0022,M-011,1,,,,,,,20141006,,,,,,,,,,0,,,,,,0,,,,,,,,,,0,,,,,,,,,,,,,,0,,,,,0,,,0,,,0,0,0,0,0,0,0,0,0,0,0,0,0,0,0,0,0,0,0,0,0,0,0,0,0,0,,,,,,,0,,N,1,1,2,,,,,Y,N
653,cmc-0022,M-011,1,,,,,,,20141012,,,,,,,,,,0,,,,,,0,,,,,,,,,,0,,,,,,,,,,,,,,0,,,,,0,,,0,,,0,0,0,0,0,0,0,0,0,0,0,0,0,0,0,0,0,0,0,0,0,0,0,0,0,0,,,,,,,0,,N,1,1,2,,,,,Y,N
648,cmc-0022,M-011,1,,,,,,,20141013,,,,,,,,,,0,,,,,,0,,,,,,,,,,0,,,,,,,,,,,,,,0,,,,,0,,,0,,,0,0,0,0,0,0,0,0,0,0,0,0,0,0,0,0,0,0,0,0,0,0,0,0,0,0,,,,,,,0,,N,1,1,2,,,,,Y,N
717,cmc-0022,M-011,1,,,,,,,20141014,,,,,,,,,,0,,,,,,0,,,,,,,,,,0,,,,,,,,,,,,,,0,,,,,0,,,0,,,0,0,0,0,0,0,0,0,0,0,0,0,0,0,0,0,0,0,0,0,0,0,0,0,0,0,,,,,,,0,,N,1,1,2,,,,,Y,N
718,cmc-0022,M-011,1,,,,,,,20141015,,,,,,,,,,0,,,,,,0,,,,,,,,,,0,,,,,,,,,,,,,,0,,,,,0,,,0,,,0,0,0,0,0,0,0,0,0,0,0,0,0,0,0,0,0,0,0,0,0,0,0,0,0,0,,,,,,,0,,N,1,1,2,,,,,Y,N
762,cmc-0022,M-011,1,,,,,,,20141017,,,,,,,,,,0,,,,,,0,,,,,,,,,,0,,,,,,,,,,,,,,0,,,,,0,,,0,,,0,0,0,0,0,0,0,0,0,0,0,0,0,0,0,0,0,0,0,0,0,0,0,0,0,0,,,,,,,0,,N,1,1,2,,,,,Y,N
776,cmc-0022,M-011,1,,,,,,,20141018,,,,,,,,,,0,,,,,,0,,,,,,,,,,0,,,,,,,,,,,,,,0,,,,,0,,,0,,,0,0,0,0,0,0,0,0,0,0,0,0,0,0,0,0,0,0,0,0,0,0,0,0,0,0,,,,,,,0,,N,1,1,2,,,,,Y,N
777,cmc-0022,M-011,1,,,,,,,20141019,,,,,,,,,,0,,,,,,0,,,,,,,,,,0,,,,,,,,,,,,,,0,,,,,0,,,0,,,0,0,0,0,0,0,0,0,0,0,0,0,0,0,0,0,0,0,0,0,0,0,0,0,0,0,,,,,,,0,,N,1,1,2,,,,,Y,N
802,cmc-0022,M-011,1,,,,,,,20141020,,,,,,,,,,0,,,,,,0,,,,,,,,,,0,,,,,,,,,,,,,,0,,,,,0,,,0,,,0,0,0,0,0,0,0,0,0,0,0,0,0,0,0,0,0,0,0,0,0,0,0,0,0,0,,,,,,,0,,N,1,1,2,,,,,Y,N
948,cmc-0022,M-011,1,,,,,,,20141027,,,,,,,,,,0,,,,,,0,,,,,,,,,,0,,,,,,,,,,,,,,0,,,,,0,,,0,,,0,0,0,0,0,0,0,0,0,0,0,0,0,0,0,0,0,0,0,0,0,0,0,0,0,0,,,,,,,0,,N,1,1,2,,,,,Y,N
1167,cmc-0022,M-011,1,,,,,,,20141104,,,,,,,,,,0,,,,,,0,,,,,,,,,,0,,,,,,,,,,,,,,0,,,,,0,,,0,,,0,0,0,0,0,0,0,0,0,0,0,0,0,0,0,0,0,0,0,0,0,0,0,0,0,0,,,,,,,0,,N,1,1,2,,,,,Y,N
1216,cmc-0022,M-011,1,,,,,,,20141105,,,,,,,,,,0,,,,,,0,,,,,,,,,,0,,,,,,,,,,,,,,0,,,,,0,,,0,,,0,0,0,0,0,0,0,0,0,0,0,0,0,0,0,0,0,0,0,0,0,0,0,0,0,0,,,,,,,0,,N,1,1,2,,,,,Y,N
1285,cmc-0022,M-011,1,,,,,,,20141107,,,,,,,,,,0,,,,,,0,,,,,,,,,,0,,,,,,,,,,,,,,0,,,,,0,,,0,,,0,0,0,0,0,0,0,0,0,0,0,0,0,0,0,0,0,0,0,0,0,0,0,0,0,0,,,,,,,0,,N,1,1,2,,,,,Y,N
1287,cmc-0022,M-011,1,,,,,,,20141109,,,,,,,,,,0,,,,,,0,,,,,,,,,,0,,,,,,,,,,,,,,0,,,,,0,,,0,,,0,0,0,0,0,0,0,0,0,0,0,0,0,0,0,0,0,0,0,0,0,0,0,0,0,0,,,,,,,0,,N,1,1,2,,,,,Y,N
1451,cmc-0022,M-011,1,,,,,,,20141111,,,,,,,,,,0,,,,,,0,,,,,,,,,,0,,,,,,,,,,,,,,0,,,,,0,,,0,,,0,0,0,0,0,0,0,0,0,0,0,0,0,0,0,0,0,0,0,0,0,0,0,0,0,0,,,,,,,0,,N,1,1,2,,,,,Y,N
1452,cmc-0022,M-011,1,,,,,,,20141112,,,,,,,,,,0,,,,,,0,,,,,,,,,,0,,,,,,,,,,,,,,0,,,,,0,,,0,,,0,0,0,0,0,0,0,0,0,0,0,0,0,0,0,0,0,0,0,0,0,0,0,0,0,0,,,,,,,0,,N,1,1,2,,,,,Y,N
1453,cmc-0022,M-011,1,,,,,,,20141113,,,,,,,,,,0,,,,,,0,,,,,,,,,,0,,,,,,,,,,,,,,0,,,,,0,,,0,,,0,0,0,0,0,0,0,0,0,0,0,0,0,0,0,0,0,0,0,0,0,0,0,0,0,0,,,,,,,0,,N,1,1,2,,,,,Y,N
1508,cmc-0022,M-011,1,,,,,,,20141117,,,,,,,,,,0,,,,,,0,,,,,,,,,,0,,,,,,,,,,,,,,0,,,,,0,,,0,,,0,0,0,0,0,0,0,0,0,0,0,0,0,0,0,0,0,0,0,0,0,0,0,0,0,0,,,,,,,0,,N,1,1,2,,,,,Y,N
1509,cmc-0022,M-011,1,,,,,,,20141118,,,,,,,,,,0,,,,,,0,,,,,,,,,,0,,,,,,,,,,,,,,0,,,,,0,,,0,,,0,0,0,0,0,0,0,0,0,0,0,0,0,0,0,0,0,0,0,0,0,0,0,0,0,0,,,,,,,0,,N,1,1,2,,,,,Y,N
1530,cmc-0022,M-011,1,,,,,,,20141120,,,,,,,,,,0,,,,,,0,,,,,,,,,,0,,,,,,,,,,,,,,0,,,,,0,,,0,,,0,0,0,0,0,0,0,0,0,0,0,0,0,0,0,0,0,0,0,0,0,0,0,0,0,0,,,,,,,0,,N,1,1,2,,,,,Y,N
1633,cmc-0022,M-011,1,,,,,,,20141121,,,,,,,,,,0,,,,,,0,,,,,,,,,,0,,,,,,,,,,,,,,0,,,,,0,,,0,,,0,0,0,0,0,0,0,0,0,0,0,0,0,0,0,0,0,0,0,0,0,0,0,0,0,0,,,,,,,0,,N,1,1,2,,,,,Y,N
1634,cmc-0022,M-011,1,,,,,,,20141122,,,,,,,,,,0,,,,,,0,,,,,,,,,,0,,,,,,,,,,,,,,0,,,,,0,,,0,,,0,0,0,0,0,0,0,0,0,0,0,0,0,0,0,0,0,0,0,0,0,0,0,0,0,0,,,,,,,0,,N,1,1,2,,,,,Y,N
1635,cmc-0022,M-011,1,,,,,,,20141123,,,,,,,,,,0,,,,,,0,,,,,,,,,,0,,,,,,,,,,,,,,0,,,,,0,,,0,,,0,0,0,0,0,0,0,0,0,0,0,0,0,0,0,0,0,0,0,0,0,0,0,0,0,0,,,,,,,0,,N,1,1,2,,,,,Y,N
1636,cmc-0022,M-011,1,,,,,,,20141124,,,,,,,,,,0,,,,,,0,,,,,,,,,,0,,,,,,,,,,,,,,0,,,,,0,,,0,,,0,0,0,0,0,0,0,0,0,0,0,0,0,0,0,0,0,0,0,0,0,0,0,0,0,0,,,,,,,0,,N,1,1,2,,,,,Y,N
1637,cmc-0022,M-011,1,,,,,,,20141125,,,,,,,,,,0,,,,,,0,,,,,,,,,,0,,,,,,,,,,,,,,0,,,,,0,,,0,,,0,0,0,0,0,0,0,0,0,0,0,0,0,0,0,0,0,0,0,0,0,0,0,0,0,0,,,,,,,0,,N,1,1,2,,,,,Y,N
1806,cmc-0022,M-011,1,,,,,,,20141204,,,,,,,,,,0,,,,,,0,,,,,,,,,,0,,,,,,,,,,,,,,0,,,,,0,,,0,,,0,0,0,0,0,0,0,0,0,0,0,0,0,0,0,0,0,0,0,0,0,0,0,0,0,0,,,,,,,0,,N,1,1,2,,,,,Y,N
1807,cmc-0022,M-011,1,,,,,,,20141205,,,,,,,,,,0,,,,,,0,,,,,,,,,,0,,,,,,,,,,,,,,0,,,,,0,,,0,,,0,0,0,0,0,0,0,0,0,0,0,0,0,0,0,0,0,0,0,0,0,0,0,0,0,0,,,,,,,0,,N,1,1,2,,,,,Y,N
1809,cmc-0022,M-011,1,,,,,,,20141207,,,,,,,,,,0,,,,,,0,,,,,,,,,,0,,,,,,,,,,,,,,0,,,,,0,,,0,,,0,0,0,0,0,0,0,0,0,0,0,0,0,0,0,0,0,0,0,0,0,0,0,0,0,0,,,,,,,0,,N,1,1,2,,,,,Y,N
1903,cmc-0022,M-011,1,,,,,,,20141209,,,,,,,,,,0,,,,,,0,,,,,,,,,,0,,,,,,,,,,,,,,0,,,,,0,,,0,,,0,0,0,0,0,0,0,0,0,0,0,0,0,0,0,0,0,0,0,0,0,0,0,0,0,0,,,,,,,0,,N,1,1,2,,,,,Y,N
1948,cmc-0022,M-011,1,,,,,,,20141211,,,,,,,,,,0,,,,,,0,,,,,,,,,,0,,,,,,,,,,,,,,0,,,,,0,,,0,,,0,0,0,0,0,0,0,0,0,0,0,0,0,0,0,0,0,0,0,0,0,0,0,0,0,0,,,,,,,0,,N,1,1,2,,,,,Y,N
1949,cmc-0022,M-011,1,,,,,,,20141212,,,,,,,,,,0,,,,,,0,,,,,,,,,,0,,,,,,,,,,,,,,0,,,,,0,,,0,,,0,0,0,0,0,0,0,0,0,0,0,0,0,0,0,0,0,0,0,0,0,0,0,0,0,0,,,,,,,0,,N,1,1,2,,,,,Y,N
2001,cmc-0022,M-011,1,,,,,,,20141214,,,,,,,,,,0,,,,,,0,,,,,,,,,,0,,,,,,,,,,,,,,0,,,,,0,,,0,,,0,0,0,0,0,0,0,0,0,0,0,0,0,0,0,0,0,0,0,0,0,0,0,0,0,0,,,,,,,0,,N,1,1,2,,,,,Y,N
2032,cmc-0022,M-011,1,,,,,,,20141216,,,,,,,,,,0,,,,,,0,,,,,,,,,,0,,,,,,,,,,,,,,0,,,,,0,,,0,,,0,0,0,0,0,0,0,0,0,0,0,0,0,0,0,0,0,0,0,0,0,0,0,0,0,0,,,,,,,0,,N,1,1,2,,,,,Y,N
2095,cmc-0022,M-011,1,,,,,,,20141217,,,,,,,,,,0,,,,,,0,,,,,,,,,,0,,,,,,,,,,,,,,0,,,,,0,,,0,,,0,0,0,0,0,0,0,0,0,0,0,0,0,0,0,0,0,0,0,0,0,0,0,0,0,0,,,,,,,0,,N,1,1,2,,,,,Y,N
2096,cmc-0022,M-011,1,,,,,,,20141218,,,,,,,,,,0,,,,,,0,,,,,,,,,,0,,,,,,,,,,,,,,0,,,,,0,,,0,,,0,0,0,0,0,0,0,0,0,0,0,0,0,0,0,0,0,0,0,0,0,0,0,0,0,0,,,,,,,0,,N,1,1,2,,,,,Y,N
2097,cmc-0022,M-011,1,,,,,,,20141219,,,,,,,,,,0,,,,,,0,,,,,,,,,,0,,,,,,,,,,,,,,0,,,,,0,,,0,,,0,0,0,0,0,0,0,0,0,0,0,0,0,0,0,0,0,0,0,0,0,0,0,0,0,0,,,,,,,0,,N,1,1,2,,,,,Y,N
2146,cmc-0022,M-011,1,,,,,,,20141220,,,,,,,,,,0,,,,,,0,,,,,,,,,,0,,,,,,,,,,,,,,0,,,,,0,,,0,,,0,0,0,0,0,0,0,0,0,0,0,0,0,0,0,0,0,0,0,0,0,0,0,0,0,0,,,,,,,0,,N,1,1,2,,,,,Y,N
2147,cmc-0022,M-011,1,,,,,,,20141221,,,,,,,,,,0,,,,,,0,,,,,,,,,,0,,,,,,,,,,,,,,0,,,,,0,,,0,,,0,0,0,0,0,0,0,0,0,0,0,0,0,0,0,0,0,0,0,0,0,0,0,0,0,0,,,,,,,0,,N,1,1,2,,,,,Y,N
2148,cmc-0022,M-011,1,,,,,,,20141222,,,,,,,,,,0,,,,,,0,,,,,,,,,,0,,,,,,,,,,,,,,0,,,,,0,,,0,,,0,0,0,0,0,0,0,0,0,0,0,0,0,0,0,0,0,0,0,0,0,0,0,0,0,0,,,,,,,0,,N,1,1,2,,,,,Y,N
856,cmc-0023,M-012,1,,,,,,,20141020,,,,,,,,,,0,,,,,,0,,,,,,,,,,0,,,,,,,,,,,,,,0,,,,,0,,,0,,,0,0,0,0,0,0,0,0,0,0,0,0,0,0,0,0,0,0,0,0,0,0,0,0,0,0,,,,,,,0,,N,1,1,2,,,,,Y,N
1019,cmc-0023,M-012,1,,,,,,,20141027,,,,,,,,,,0,,,,,,0,,,,,,,,,,0,,,,,,,,,,,,,,0,,,,,0,,,0,,,0,0,0,0,0,0,0,0,0,0,0,0,0,0,0,0,0,0,0,0,0,0,0,0,0,0,,,,,,,0,,N,1,1,2,,,,,Y,N
1018,cmc-0023,M-012,1,,,,,,,20141028,,,,,,,,,,0,,,,,,0,,,,,,,,,,0,,,,,,,,,,,,,,0,,,,,0,,,0,,,0,0,0,0,0,0,0,0,0,0,0,0,0,0,0,0,0,0,0,0,0,0,0,0,0,0,,,,,,,0,,N,1,1,2,,,,,Y,N
1017,cmc-0023,M-012,1,,,,,,,20141029,,,,,,,,,,0,,,,,,0,,,,,,,,,,0,,,,,,,,,,,,,,0,,,,,0,,,0,,,0,0,0,0,0,0,0,0,0,0,0,0,0,0,0,0,0,0,0,0,0,0,0,0,0,0,,,,,,,0,,N,1,1,2,,,,,Y,N
1274,cmc-0023,M-012,1,,,,,,,20141031,,,,,,,,,,0,,,,,,0,,,,,,,,,,0,,,,,,,,,,,,,,0,,,,,0,,,0,,,0,0,0,0,0,0,0,0,0,0,0,0,0,0,0,0,0,0,0,0,0,0,0,0,0,0,,,,,,,0,,N,1,1,2,,,,,Y,N
1275,cmc-0023,M-012,1,,,,,,,20141101,,,,,,,,,,0,,,,,,0,,,,,,,,,,0,,,,,,,,,,,,,,0,,,,,0,,,0,,,0,0,0,0,0,0,0,0,0,0,0,0,0,0,0,0,0,0,0,0,0,0,0,0,0,0,,,,,,,0,,N,1,1,2,,,,,Y,N
1272,cmc-0023,M-012,1,,,,,,,20141107,,,,,,,,,,0,,,,,,0,,,,,,,,,,0,,,,,,,,,,,,,,0,,,,,0,,,0,,,0,0,0,0,0,0,0,0,0,0,0,0,0,0,0,0,0,0,0,0,0,0,0,0,0,0,,,,,,,0,,N,1,1,2,,,,,Y,N
1412,cmc-0023,M-012,1,,,,,,,20141110,,,,,,,,,,0,,,,,,0,,,,,,,,,,0,,,,,,,,,,,,,,0,,,,,0,,,0,,,0,0,0,0,0,0,0,0,0,0,0,0,0,0,0,0,0,0,0,0,0,0,0,0,0,0,,,,,,,0,,N,1,1,2,,,,,Y,N
1414,cmc-0023,M-012,1,,,,,,,20141112,,,,,,,,,,0,,,,,,0,,,,,,,,,,0,,,,,,,,,,,,,,0,,,,,0,,,0,,,0,0,0,0,0,0,0,0,0,0,0,0,0,0,0,0,0,0,0,0,0,0,0,0,0,0,,,,,,,0,,N,1,1,2,,,,,Y,N
1467,cmc-0023,M-012,1,,,,,,,20141114,,,,,,,,,,0,,,,,,0,,,,,,,,,,0,,,,,,,,,,,,,,0,,,,,0,,,0,,,0,0,0,0,0,0,0,0,0,0,0,0,0,0,0,0,0,0,0,0,0,0,0,0,0,0,,,,,,,0,,N,1,1,2,,,,,Y,N
1466,cmc-0023,M-012,1,,,,,,,20141115,,,,,,,,,,0,,,,,,0,,,,,,,,,,0,,,,,,,,,,,,,,0,,,,,0,,,0,,,0,0,0,0,0,0,0,0,0,0,0,0,0,0,0,0,0,0,0,0,0,0,0,0,0,0,,,,,,,0,,N,1,1,2,,,,,Y,N
1468,cmc-0023,M-012,1,,,,,,,20141116,,,,,,,,,,0,,,,,,0,,,,,,,,,,0,,,,,,,,,,,,,,0,,,,,0,,,0,,,0,0,0,0,0,0,0,0,0,0,0,0,0,0,0,0,0,0,0,0,0,0,0,0,0,0,,,,,,,0,,N,1,1,2,,,,,Y,N
1502,cmc-0023,M-012,1,,,,,,,20141118,,,,,,,,,,0,,,,,,0,,,,,,,,,,0,,,,,,,,,,,,,,0,,,,,0,,,0,,,0,0,0,0,0,0,0,0,0,0,0,0,0,0,0,0,0,0,0,0,0,0,0,0,0,0,,,,,,,0,,N,1,1,2,,,,,Y,N
1729,cmc-0023,M-012,1,,,,,,,20141202,,,,,,,,,,0,,,,,,0,,,,,,,,,,0,,,,,,,,,,,,,,0,,,,,0,,,0,,,0,0,0,0,0,0,0,0,0,0,0,0,0,0,0,0,0,0,0,0,0,0,0,0,0,0,,,,,,,0,,N,1,1,2,,,,,Y,N
291,cmc-0024,CM-002,0,,,,,,,20140916,,,,,,,,,,0,,,,,,0,,,,,,,,,,0,,,,,,,,,,,,,,0,,,,,0,,,0,,,0,0,0,0,0,0,0,0,0,0,0,0,0,0,0,0,0,0,0,0,0,0,0,0,0,0,,,,,,,0,,N,1,1,2,,,,,Y,N
292,cmc-0024,CM-002,0,,,,,,,20140917,,,,,,,,,,0,,,,,,0,,,,,,,,,,0,,,,,,,,,,,,,,0,,,,,0,,,0,,,0,0,0,0,0,0,0,0,0,0,0,0,0,0,0,0,0,0,0,0,0,0,0,0,0,0,,,,,,,0,,N,1,1,2,,,,,Y,N
293,cmc-0024,CM-002,0,,,,,,,20140918,,,,,,,,,,0,,,,,,0,,,,,,,,,,0,,,,,,,,,,,,,,0,,,,,0,,,0,,,0,0,0,0,0,0,0,0,0,0,0,0,0,0,0,0,0,0,0,0,0,0,0,0,0,0,,,,,,,0,,N,1,1,2,,,,,Y,N
294,cmc-0024,CM-002,0,,,,,,,20140919,,,,,,,,,,0,,,,,,0,,,,,,,,,,0,,,,,,,,,,,,,,0,,,,,0,,,0,,,0,0,0,0,0,0,0,0,0,0,0,0,0,0,0,0,0,0,0,0,0,0,0,0,0,0,,,,,,,0,,N,1,1,2,,,,,Y,N
295,cmc-0024,CM-002,0,,,,,,,20140920,,,,,,,,,,0,,,,,,0,,,,,,,,,,0,,,,,,,,,,,,,,0,,,,,0,,,0,,,0,0,0,0,0,0,0,0,0,0,0,0,0,0,0,0,0,0,0,0,0,0,0,0,0,0,,,,,,,0,,N,1,1,2,,,,,Y,N
296,cmc-0024,CM-002,0,,,,,,,20140921,,,,,,,,,,0,,,,,,0,,,,,,,,,,0,,,,,,,,,,,,,,0,,,,,0,,,0,,,0,0,0,0,0,0,0,0,0,0,0,0,0,0,0,0,0,0,0,0,0,0,0,0,0,0,,,,,,,0,,N,1,1,2,,,,,Y,N
297,cmc-0024,CM-002,0,,,,,,,20140922,,,,,,,,,,0,,,,,,0,,,,,,,,,,0,,,,,,,,,,,,,,0,,,,,0,,,0,,,0,0,0,0,0,0,0,0,0,0,0,0,0,0,0,0,0,0,0,0,0,0,0,0,0,0,,,,,,,0,,N,1,1,2,,,,,Y,N
356,cmc-0024,CM-002,0,,,,,,,20140925,,,,,,,,,,0,,,,,,0,,,,,,,,,,0,,,,,,,,,,,,,,0,,,,,0,,,0,,,0,0,0,0,0,0,0,0,0,0,0,0,0,0,0,0,0,0,0,0,0,0,0,0,0,0,,,,,,,0,,N,1,1,2,,,,,Y,N
358,cmc-0024,CM-002,0,,,,,,,20140927,,,,,,,,,,0,,,,,,0,,,,,,,,,,0,,,,,,,,,,,,,,0,,,,,0,,,0,,,0,0,0,0,0,0,0,0,0,0,0,0,0,0,0,0,0,0,0,0,0,0,0,0,0,0,,,,,,,0,,N,1,1,2,,,,,Y,N
401,cmc-0024,CM-002,0,,,,,,,20140929,,,,,,,,,,0,,,,,,0,,,,,,,,,,0,,,,,,,,,,,,,,0,,,,,0,,,0,,,0,0,0,0,0,0,0,0,0,0,0,0,0,0,0,0,0,0,0,0,0,0,0,0,0,0,,,,,,,0,,N,1,1,2,,,,,Y,N
454,cmc-0024,CM-002,0,,,,,,,20141001,,,,,,,,,,0,,,,,,0,,,,,,,,,,0,,,,,,,,,,,,,,0,,,,,0,,,0,,,0,0,0,0,0,0,0,0,0,0,0,0,0,0,0,0,0,0,0,0,0,0,0,0,0,0,,,,,,,0,,N,1,1,2,,,,,Y,N
453,cmc-0024,CM-002,0,,,,,,,20141002,,,,,,,,,,0,,,,,,0,,,,,,,,,,0,,,,,,,,,,,,,,0,,,,,0,,,0,,,0,0,0,0,0,0,0,0,0,0,0,0,0,0,0,0,0,0,0,0,0,0,0,0,0,0,,,,,,,0,,N,1,1,2,,,,,Y,N
479,cmc-0024,CM-002,0,,,,,,,20141004,,,,,,,,,,0,,,,,,0,,,,,,,,,,0,,,,,,,,,,,,,,0,,,,,0,,,0,,,0,0,0,0,0,0,0,0,0,0,0,0,0,0,0,0,0,0,0,0,0,0,0,0,0,0,,,,,,,0,,N,1,1,2,,,,,Y,N
488,cmc-0024,CM-002,0,,,,,,,20141005,,,,,,,,,,0,,,,,,0,,,,,,,,,,0,,,,,,,,,,,,,,0,,,,,0,,,0,,,0,0,0,0,0,0,0,0,0,0,0,0,0,0,0,0,0,0,0,0,0,0,0,0,0,0,,,,,,,0,,N,1,1,2,,,,,Y,N
561,cmc-0024,CM-002,0,,,,,,,20141007,,,,,,,,,,0,,,,,,0,,,,,,,,,,0,,,,,,,,,,,,,,0,,,,,0,,,0,,,0,0,0,0,0,0,0,0,0,0,0,0,0,0,0,0,0,0,0,0,0,0,0,0,0,0,,,,,,,0,,N,1,1,2,,,,,Y,N
612,cmc-0024,CM-002,0,,,,,,,20141009,,,,,,,,,,0,,,,,,0,,,,,,,,,,0,,,,,,,,,,,,,,0,,,,,0,,,0,,,0,0,0,0,0,0,0,0,0,0,0,0,0,0,0,0,0,0,0,0,0,0,0,0,0,0,,,,,,,0,,N,1,1,2,,,,,Y,N
670,cmc-0024,CM-002,0,,,,,,,20141011,,,,,,,,,,0,,,,,,0,,,,,,,,,,0,,,,,,,,,,,,,,0,,,,,0,,,0,,,0,0,0,0,0,0,0,0,0,0,0,0,0,0,0,0,0,0,0,0,0,0,0,0,0,0,,,,,,,0,,N,1,1,2,,,,,Y,N
977,cmc-0024,CM-002,0,,,,,,,20141013,,,,,,,,,,0,,,,,,0,,,,,,,,,,0,,,,,,,,,,,,,,0,,,,,0,,,0,,,0,0,0,0,0,0,0,0,0,0,0,0,0,0,0,0,0,0,0,0,0,0,0,0,0,0,,,,,,,0,,N,1,1,2,,,,,Y,N
978,cmc-0024,CM-002,0,,,,,,,20141014,,,,,,,,,,0,,,,,,0,,,,,,,,,,0,,,,,,,,,,,,,,0,,,,,0,,,0,,,0,0,0,0,0,0,0,0,0,0,0,0,0,0,0,0,0,0,0,0,0,0,0,0,0,0,,,,,,,0,,N,1,1,2,,,,,Y,N
979,cmc-0024,CM-002,0,,,,,,,20141016,,,,,,,,,,0,,,,,,0,,,,,,,,,,0,,,,,,,,,,,,,,0,,,,,0,,,0,,,0,0,0,0,0,0,0,0,0,0,0,0,0,0,0,0,0,0,0,0,0,0,0,0,0,0,,,,,,,0,,N,1,1,2,,,,,Y,N
980,cmc-0024,CM-002,0,,,,,,,20141017,,,,,,,,,,0,,,,,,0,,,,,,,,,,0,,,,,,,,,,,,,,0,,,,,0,,,0,,,0,0,0,0,0,0,0,0,0,0,0,0,0,0,0,0,0,0,0,0,0,0,0,0,0,0,,,,,,,0,,N,1,1,2,,,,,Y,N
981,cmc-0024,CM-002,0,,,,,,,20141018,,,,,,,,,,0,,,,,,0,,,,,,,,,,0,,,,,,,,,,,,,,0,,,,,0,,,0,,,0,0,0,0,0,0,0,0,0,0,0,0,0,0,0,0,0,0,0,0,0,0,0,0,0,0,,,,,,,0,,N,1,1,2,,,,,Y,N
982,cmc-0024,CM-002,0,,,,,,,20141019,,,,,,,,,,0,,,,,,0,,,,,,,,,,0,,,,,,,,,,,,,,0,,,,,0,,,0,,,0,0,0,0,0,0,0,0,0,0,0,0,0,0,0,0,0,0,0,0,0,0,0,0,0,0,,,,,,,0,,N,1,1,2,,,,,Y,N
983,cmc-0024,CM-002,0,,,,,,,20141020,,,,,,,,,,0,,,,,,0,,,,,,,,,,0,,,,,,,,,,,,,,0,,,,,0,,,0,,,0,0,0,0,0,0,0,0,0,0,0,0,0,0,0,0,0,0,0,0,0,0,0,0,0,0,,,,,,,0,,N,1,1,2,,,,,Y,N
984,cmc-0024,CM-002,0,,,,,,,20141021,,,,,,,,,,0,,,,,,0,,,,,,,,,,0,,,,,,,,,,,,,,0,,,,,0,,,0,,,0,0,0,0,0,0,0,0,0,0,0,0,0,0,0,0,0,0,0,0,0,0,0,0,0,0,,,,,,,0,,N,1,1,2,,,,,Y,N
985,cmc-0024,CM-002,0,,,,,,,20141022,,,,,,,,,,0,,,,,,0,,,,,,,,,,0,,,,,,,,,,,,,,0,,,,,0,,,0,,,0,0,0,0,0,0,0,0,0,0,0,0,0,0,0,0,0,0,0,0,0,0,0,0,0,0,,,,,,,0,,N,1,1,2,,,,,Y,N
986,cmc-0024,CM-002,0,,,,,,,20141023,,,,,,,,,,0,,,,,,0,,,,,,,,,,0,,,,,,,,,,,,,,0,,,,,0,,,0,,,0,0,0,0,0,0,0,0,0,0,0,0,0,0,0,0,0,0,0,0,0,0,0,0,0,0,,,,,,,0,,N,1,1,2,,,,,Y,N
987,cmc-0024,CM-002,0,,,,,,,20141024,,,,,,,,,,0,,,,,,0,,,,,,,,,,0,,,,,,,,,,,,,,0,,,,,0,,,0,,,0,0,0,0,0,0,0,0,0,0,0,0,0,0,0,0,0,0,0,0,0,0,0,0,0,0,,,,,,,0,,N,1,1,2,,,,,Y,N
988,cmc-0024,CM-002,0,,,,,,,20141025,,,,,,,,,,0,,,,,,0,,,,,,,,,,0,,,,,,,,,,,,,,0,,,,,0,,,0,,,0,0,0,0,0,0,0,0,0,0,0,0,0,0,0,0,0,0,0,0,0,0,0,0,0,0,,,,,,,0,,N,1,1,2,,,,,Y,N
989,cmc-0024,CM-002,0,,,,,,,20141026,,,,,,,,,,0,,,,,,0,,,,,,,,,,0,,,,,,,,,,,,,,0,,,,,0,,,0,,,0,0,0,0,0,0,0,0,0,0,0,0,0,0,0,0,0,0,0,0,0,0,0,0,0,0,,,,,,,0,,N,1,1,2,,,,,Y,N
1024,cmc-0024,CM-002,0,,,,,,,20141028,,,,,,,,,,0,,,,,,0,,,,,,,,,,0,,,,,,,,,,,,,,0,,,,,0,,,0,,,0,0,0,0,0,0,0,0,0,0,0,0,0,0,0,0,0,0,0,0,0,0,0,0,0,0,,,,,,,0,,N,1,1,2,,,,,Y,N
1025,cmc-0024,CM-002,0,,,,,,,20141029,,,,,,,,,,0,,,,,,0,,,,,,,,,,0,,,,,,,,,,,,,,0,,,,,0,,,0,,,0,0,0,0,0,0,0,0,0,0,0,0,0,0,0,0,0,0,0,0,0,0,0,0,0,0,,,,,,,0,,N,1,1,2,,,,,Y,N
1101,cmc-0024,CM-002,0,,,,,,,20141030,,,,,,,,,,0,,,,,,0,,,,,,,,,,0,,,,,,,,,,,,,,0,,,,,0,,,0,,,0,0,0,0,0,0,0,0,0,0,0,0,0,0,0,0,0,0,0,0,0,0,0,0,0,0,,,,,,,0,,N,1,1,2,,,,,Y,N
1235,cmc-0024,CM-002,0,,,,,,,20141102,,,,,,,,,,0,,,,,,0,,,,,,,,,,0,,,,,,,,,,,,,,0,,,,,0,,,0,,,0,0,0,0,0,0,0,0,0,0,0,0,0,0,0,0,0,0,0,0,0,0,0,0,0,0,,,,,,,0,,N,1,1,2,,,,,Y,N
1240,cmc-0024,CM-002,0,,,,,,,20141103,,,,,,,,,,0,,,,,,0,,,,,,,,,,0,,,,,,,,,,,,,,0,,,,,0,,,0,,,0,0,0,0,0,0,0,0,0,0,0,0,0,0,0,0,0,0,0,0,0,0,0,0,0,0,,,,,,,0,,N,1,1,2,,,,,Y,N
1239,cmc-0024,CM-002,0,,,,,,,20141104,,,,,,,,,,0,,,,,,0,,,,,,,,,,0,,,,,,,,,,,,,,0,,,,,0,,,0,,,0,0,0,0,0,0,0,0,0,0,0,0,0,0,0,0,0,0,0,0,0,0,0,0,0,0,,,,,,,0,,N,1,1,2,,,,,Y,N
1238,cmc-0024,CM-002,0,,,,,,,20141105,,,,,,,,,,0,,,,,,0,,,,,,,,,,0,,,,,,,,,,,,,,0,,,,,0,,,0,,,0,0,0,0,0,0,0,0,0,0,0,0,0,0,0,0,0,0,0,0,0,0,0,0,0,0,,,,,,,0,,N,1,1,2,,,,,Y,N
1237,cmc-0024,CM-002,0,,,,,,,20141106,,,,,,,,,,0,,,,,,0,,,,,,,,,,0,,,,,,,,,,,,,,0,,,,,0,,,0,,,0,0,0,0,0,0,0,0,0,0,0,0,0,0,0,0,0,0,0,0,0,0,0,0,0,0,,,,,,,0,,N,1,1,2,,,,,Y,N
1344,cmc-0024,CM-002,0,,,,,,,20141108,,,,,,,,,,0,,,,,,0,,,,,,,,,,0,,,,,,,,,,,,,,0,,,,,0,,,0,,,0,0,0,0,0,0,0,0,0,0,0,0,0,0,0,0,0,0,0,0,0,0,0,0,0,0,,,,,,,0,,N,1,1,2,,,,,Y,N
1346,cmc-0024,CM-002,0,,,,,,,20141109,,,,,,,,,,0,,,,,,0,,,,,,,,,,0,,,,,,,,,,,,,,0,,,,,0,,,0,,,0,0,0,0,0,0,0,0,0,0,0,0,0,0,0,0,0,0,0,0,0,0,0,0,0,0,,,,,,,0,,N,1,1,2,,,,,Y,N
1352,cmc-0024,CM-002,0,,,,,,,20141111,,,,,,,,,,0,,,,,,0,,,,,,,,,,0,,,,,,,,,,,,,,0,,,,,0,,,0,,,0,0,0,0,0,0,0,0,0,0,0,0,0,0,0,0,0,0,0,0,0,0,0,0,0,0,,,,,,,0,,N,1,1,2,,,,,Y,N
1438,cmc-0024,CM-002,0,,,,,,,20141112,,,,,,,,,,0,,,,,,0,,,,,,,,,,0,,,,,,,,,,,,,,0,,,,,0,,,0,,,0,0,0,0,0,0,0,0,0,0,0,0,0,0,0,0,0,0,0,0,0,0,0,0,0,0,,,,,,,0,,N,1,1,2,,,,,Y,N
1439,cmc-0024,CM-002,0,,,,,,,20141113,,,,,,,,,,0,,,,,,0,,,,,,,,,,0,,,,,,,,,,,,,,0,,,,,0,,,0,,,0,0,0,0,0,0,0,0,0,0,0,0,0,0,0,0,0,0,0,0,0,0,0,0,0,0,,,,,,,0,,N,1,1,2,,,,,Y,N
1440,cmc-0024,CM-002,0,,,,,,,20141114,,,,,,,,,,0,,,,,,0,,,,,,,,,,0,,,,,,,,,,,,,,0,,,,,0,,,0,,,0,0,0,0,0,0,0,0,0,0,0,0,0,0,0,0,0,0,0,0,0,0,0,0,0,0,,,,,,,0,,N,1,1,2,,,,,Y,N
1442,cmc-0024,CM-002,0,,,,,,,20141116,,,,,,,,,,0,,,,,,0,,,,,,,,,,0,,,,,,,,,,,,,,0,,,,,0,,,0,,,0,0,0,0,0,0,0,0,0,0,0,0,0,0,0,0,0,0,0,0,0,0,0,0,0,0,,,,,,,0,,N,1,1,2,,,,,Y,N
1546,cmc-0024,CM-002,0,,,,,,,20141117,,,,,,,,,,0,,,,,,0,,,,,,,,,,0,,,,,,,,,,,,,,0,,,,,0,,,0,,,0,0,0,0,0,0,0,0,0,0,0,0,0,0,0,0,0,0,0,0,0,0,0,0,0,0,,,,,,,0,,N,1,1,2,,,,,Y,N
1547,cmc-0024,CM-002,0,,,,,,,20141118,,,,,,,,,,0,,,,,,0,,,,,,,,,,0,,,,,,,,,,,,,,0,,,,,0,,,0,,,0,0,0,0,0,0,0,0,0,0,0,0,0,0,0,0,0,0,0,0,0,0,0,0,0,0,,,,,,,0,,N,1,1,2,,,,,Y,N
1548,cmc-0024,CM-002,0,,,,,,,20141119,,,,,,,,,,0,,,,,,0,,,,,,,,,,0,,,,,,,,,,,,,,0,,,,,0,,,0,,,0,0,0,0,0,0,0,0,0,0,0,0,0,0,0,0,0,0,0,0,0,0,0,0,0,0,,,,,,,0,,N,1,1,2,,,,,Y,N
1549,cmc-0024,CM-002,0,,,,,,,20141120,,,,,,,,,,0,,,,,,0,,,,,,,,,,0,,,,,,,,,,,,,,0,,,,,0,,,0,,,0,0,0,0,0,0,0,0,0,0,0,0,0,0,0,0,0,0,0,0,0,0,0,0,0,0,,,,,,,0,,N,1,1,2,,,,,Y,N
1672,cmc-0024,CM-002,0,,,,,,,20141122,,,,,,,,,,0,,,,,,0,,,,,,,,,,0,,,,,,,,,,,,,,0,,,,,0,,,0,,,0,0,0,0,0,0,0,0,0,0,0,0,0,0,0,0,0,0,0,0,0,0,0,0,0,0,,,,,,,0,,N,1,1,2,,,,,Y,N
1673,cmc-0024,CM-002,0,,,,,,,20141123,,,,,,,,,,0,,,,,,0,,,,,,,,,,0,,,,,,,,,,,,,,0,,,,,0,,,0,,,0,0,0,0,0,0,0,0,0,0,0,0,0,0,0,0,0,0,0,0,0,0,0,0,0,0,,,,,,,0,,N,1,1,2,,,,,Y,N
1674,cmc-0024,CM-002,0,,,,,,,20141125,,,,,,,,,,0,,,,,,0,,,,,,,,,,0,,,,,,,,,,,,,,0,,,,,0,,,0,,,0,0,0,0,0,0,0,0,0,0,0,0,0,0,0,0,0,0,0,0,0,0,0,0,0,0,,,,,,,0,,N,1,1,2,,,,,Y,N
1675,cmc-0024,CM-002,0,,,,,,,20141126,,,,,,,,,,0,,,,,,0,,,,,,,,,,0,,,,,,,,,,,,,,0,,,,,0,,,0,,,0,0,0,0,0,0,0,0,0,0,0,0,0,0,0,0,0,0,0,0,0,0,0,0,0,0,,,,,,,0,,N,1,1,2,,,,,Y,N
1676,cmc-0024,CM-002,0,,,,,,,20141127,,,,,,,,,,0,,,,,,0,,,,,,,,,,0,,,,,,,,,,,,,,0,,,,,0,,,0,,,0,0,0,0,0,0,0,0,0,0,0,0,0,0,0,0,0,0,0,0,0,0,0,0,0,0,,,,,,,0,,N,1,1,2,,,,,Y,N
1677,cmc-0024,CM-002,0,,,,,,,20141128,,,,,,,,,,0,,,,,,0,,,,,,,,,,0,,,,,,,,,,,,,,0,,,,,0,,,0,,,0,0,0,0,0,0,0,0,0,0,0,0,0,0,0,0,0,0,0,0,0,0,0,0,0,0,,,,,,,0,,N,1,1,2,,,,,Y,N
1818,cmc-0024,CM-002,0,,,,,,,20141129,,,,,,,,,,0,,,,,,0,,,,,,,,,,0,,,,,,,,,,,,,,0,,,,,0,,,0,,,0,0,0,0,0,0,0,0,0,0,0,0,0,0,0,0,0,0,0,0,0,0,0,0,0,0,,,,,,,0,,N,1,1,2,,,,,Y,N
1819,cmc-0024,CM-002,0,,,,,,,20141201,,,,,,,,,,0,,,,,,0,,,,,,,,,,0,,,,,,,,,,,,,,0,,,,,0,,,0,,,0,0,0,0,0,0,0,0,0,0,0,0,0,0,0,0,0,0,0,0,0,0,0,0,0,0,,,,,,,0,,N,1,1,2,,,,,Y,N
1820,cmc-0024,CM-002,0,,,,,,,20141202,,,,,,,,,,0,,,,,,0,,,,,,,,,,0,,,,,,,,,,,,,,0,,,,,0,,,0,,,0,0,0,0,0,0,0,0,0,0,0,0,0,0,0,0,0,0,0,0,0,0,0,0,0,0,,,,,,,0,,N,1,1,2,,,,,Y,N
1821,cmc-0024,CM-002,0,,,,,,,20141203,,,,,,,,,,0,,,,,,0,,,,,,,,,,0,,,,,,,,,,,,,,0,,,,,0,,,0,,,0,0,0,0,0,0,0,0,0,0,0,0,0,0,0,0,0,0,0,0,0,0,0,0,0,0,,,,,,,0,,N,1,1,2,,,,,Y,N
1822,cmc-0024,CM-002,0,,,,,,,20141204,,,,,,,,,,0,,,,,,0,,,,,,,,,,0,,,,,,,,,,,,,,0,,,,,0,,,0,,,0,0,0,0,0,0,0,0,0,0,0,0,0,0,0,0,0,0,0,0,0,0,0,0,0,0,,,,,,,0,,N,1,1,2,,,,,Y,N
1824,cmc-0024,CM-002,0,,,,,,,20141206,,,,,,,,,,0,,,,,,0,,,,,,,,,,0,,,,,,,,,,,,,,0,,,,,0,,,0,,,0,0,0,0,0,0,0,0,0,0,0,0,0,0,0,0,0,0,0,0,0,0,0,0,0,0,,,,,,,0,,N,1,1,2,,,,,Y,N
1825,cmc-0024,CM-002,0,,,,,,,20141207,,,,,,,,,,0,,,,,,0,,,,,,,,,,0,,,,,,,,,,,,,,0,,,,,0,,,0,,,0,0,0,0,0,0,0,0,0,0,0,0,0,0,0,0,0,0,0,0,0,0,0,0,0,0,,,,,,,0,,N,1,1,2,,,,,Y,N
1826,cmc-0024,CM-002,0,,,,,,,20141208,,,,,,,,,,0,,,,,,0,,,,,,,,,,0,,,,,,,,,,,,,,0,,,,,0,,,0,,,0,0,0,0,0,0,0,0,0,0,0,0,0,0,0,0,0,0,0,0,0,0,0,0,0,0,,,,,,,0,,N,1,1,2,,,,,Y,N
2013,cmc-0024,CM-002,0,,,,,,,20141209,,,,,,,,,,0,,,,,,0,,,,,,,,,,0,,,,,,,,,,,,,,0,,,,,0,,,0,,,0,0,0,0,0,0,0,0,0,0,0,0,0,0,0,0,0,0,0,0,0,0,0,0,0,0,,,,,,,0,,N,1,1,2,,,,,Y,N
689,cmc-0025,CM-003,1,,,,,,,20141013,,,,,,,,,,0,,,,,,0,,,,,,,,,,0,,,,,,,,,,,,,,0,,,,,0,,,0,,,0,0,0,0,0,0,0,0,0,0,0,0,0,0,0,0,0,0,0,0,0,0,0,0,0,0,,,,,,,0,,N,1,1,2,,,,,Y,N
1041,cmc-0025,CM-003,1,,,,,,,20141020,,,,,,,,,,0,,,,,,0,,,,,,,,,,0,,,,,,,,,,,,,,0,,,,,0,,,0,,,0,0,0,0,0,0,0,0,0,0,0,0,0,0,0,0,0,0,0,0,0,0,0,0,0,0,,,,,,,0,,N,1,1,2,,,,,Y,N
1047,cmc-0025,CM-003,1,,,,,,,20141022,,,,,,,,,,0,,,,,,0,,,,,,,,,,0,,,,,,,,,,,,,,0,,,,,0,,,0,,,0,0,0,0,0,0,0,0,0,0,0,0,0,0,0,0,0,0,0,0,0,0,0,0,0,0,,,,,,,0,,N,1,1,2,,,,,Y,N
1044,cmc-0025,CM-003,1,,,,,,,20141024,,,,,,,,,,0,,,,,,0,,,,,,,,,,0,,,,,,,,,,,,,,0,,,,,0,,,0,,,0,0,0,0,0,0,0,0,0,0,0,0,0,0,0,0,0,0,0,0,0,0,0,0,0,0,,,,,,,0,,N,1,1,2,,,,,Y,N
1045,cmc-0025,CM-003,1,,,,,,,20141025,,,,,,,,,,0,,,,,,0,,,,,,,,,,0,,,,,,,,,,,,,,0,,,,,0,,,0,,,0,0,0,0,0,0,0,0,0,0,0,0,0,0,0,0,0,0,0,0,0,0,0,0,0,0,,,,,,,0,,N,1,1,2,,,,,Y,N
1132,cmc-0025,CM-003,1,,,,,,,20141102,,,,,,,,,,0,,,,,,0,,,,,,,,,,0,,,,,,,,,,,,,,0,,,,,0,,,0,,,0,0,0,0,0,0,0,0,0,0,0,0,0,0,0,0,0,0,0,0,0,0,0,0,0,0,,,,,,,0,,N,1,1,2,,,,,Y,N
1289,cmc-0025,CM-003,1,,,,,,,20141108,,,,,,,,,,0,,,,,,0,,,,,,,,,,0,,,,,,,,,,,,,,0,,,,,0,,,0,,,0,0,0,0,0,0,0,0,0,0,0,0,0,0,0,0,0,0,0,0,0,0,0,0,0,0,,,,,,,0,,N,1,1,2,,,,,Y,N
1420,cmc-0025,CM-003,1,,,,,,,20141110,,,,,,,,,,0,,,,,,0,,,,,,,,,,0,,,,,,,,,,,,,,0,,,,,0,,,0,,,0,0,0,0,0,0,0,0,0,0,0,0,0,0,0,0,0,0,0,0,0,0,0,0,0,0,,,,,,,0,,N,1,1,2,,,,,Y,N
1462,cmc-0025,CM-003,1,,,,,,,20141115,,,,,,,,,,0,,,,,,0,,,,,,,,,,0,,,,,,,,,,,,,,0,,,,,0,,,0,,,0,0,0,0,0,0,0,0,0,0,0,0,0,0,0,0,0,0,0,0,0,0,0,0,0,0,,,,,,,0,,N,1,1,2,,,,,Y,N
1471,cmc-0025,CM-003,1,,,,,,,20141117,,,,,,,,,,0,,,,,,0,,,,,,,,,,0,,,,,,,,,,,,,,0,,,,,0,,,0,,,0,0,0,0,0,0,0,0,0,0,0,0,0,0,0,0,0,0,0,0,0,0,0,0,0,0,,,,,,,0,,N,1,1,2,,,,,Y,N
362,cmc-0026,M-013,1,,,,,,,20140917,,,,,,,,,,0,,,,,,0,,,,,,,,,,0,,,,,,,,,,,,,,0,,,,,0,,,0,,,0,0,0,0,0,0,0,0,0,0,0,0,0,0,0,0,0,0,0,0,0,0,0,0,0,0,,,,,,,0,,N,1,1,2,,,,,Y,N
196,cmc-0026,M-013,1,,,,,,,20140918,,,,,,,,,,0,,,,,,0,,,,,,,,,,0,,,,,,,,,,,,,,0,,,,,0,,,0,,,0,0,0,0,0,0,0,0,0,0,0,0,0,0,0,0,0,0,0,0,0,0,0,0,0,0,,,,,,,0,,N,1,1,2,,,,,Y,N
246,cmc-0026,M-013,1,,,,,,,20140921,,,,,,,,,,0,,,,,,0,,,,,,,,,,0,,,,,,,,,,,,,,0,,,,,0,,,0,,,0,0,0,0,0,0,0,0,0,0,0,0,0,0,0,0,0,0,0,0,0,0,0,0,0,0,,,,,,,0,,N,1,1,2,,,,,Y,N
278,cmc-0026,M-013,1,,,,,,,20140922,,,,,,,,,,0,,,,,,0,,,,,,,,,,0,,,,,,,,,,,,,,0,,,,,0,,,0,,,0,0,0,0,0,0,0,0,0,0,0,0,0,0,0,0,0,0,0,0,0,0,0,0,0,0,,,,,,,0,,N,1,1,2,,,,,Y,N
300,cmc-0026,M-013,1,,,,,,,20140923,,,,,,,,,,0,,,,,,0,,,,,,,,,,0,,,,,,,,,,,,,,0,,,,,0,,,0,,,0,0,0,0,0,0,0,0,0,0,0,0,0,0,0,0,0,0,0,0,0,0,0,0,0,0,,,,,,,0,,N,1,1,2,,,,,Y,N
316,cmc-0026,M-013,1,,,,,,,20140924,,,,,,,,,,0,,,,,,0,,,,,,,,,,0,,,,,,,,,,,,,,0,,,,,0,,,0,,,0,0,0,0,0,0,0,0,0,0,0,0,0,0,0,0,0,0,0,0,0,0,0,0,0,0,,,,,,,0,,N,1,1,2,,,,,Y,N
361,cmc-0026,M-013,1,,,,,,,20140925,,,,,,,,,,0,,,,,,0,,,,,,,,,,0,,,,,,,,,,,,,,0,,,,,0,,,0,,,0,0,0,0,0,0,0,0,0,0,0,0,0,0,0,0,0,0,0,0,0,0,0,0,0,0,,,,,,,0,,N,1,1,2,,,,,Y,N
346,cmc-0026,M-013,1,,,,,,,20140927,,,,,,,,,,0,,,,,,0,,,,,,,,,,0,,,,,,,,,,,,,,0,,,,,0,,,0,,,0,0,0,0,0,0,0,0,0,0,0,0,0,0,0,0,0,0,0,0,0,0,0,0,0,0,,,,,,,0,,N,1,1,2,,,,,Y,N
382,cmc-0026,M-013,1,,,,,,,20140929,,,,,,,,,,0,,,,,,0,,,,,,,,,,0,,,,,,,,,,,,,,0,,,,,0,,,0,,,0,0,0,0,0,0,0,0,0,0,0,0,0,0,0,0,0,0,0,0,0,0,0,0,0,0,,,,,,,0,,N,1,1,2,,,,,Y,N
424,cmc-0026,M-013,1,,,,,,,20140930,,,,,,,,,,0,,,,,,0,,,,,,,,,,0,,,,,,,,,,,,,,0,,,,,0,,,0,,,0,0,0,0,0,0,0,0,0,0,0,0,0,0,0,0,0,0,0,0,0,0,0,0,0,0,,,,,,,0,,N,1,1,2,,,,,Y,N
425,cmc-0026,M-013,1,,,,,,,20141001,,,,,,,,,,0,,,,,,0,,,,,,,,,,0,,,,,,,,,,,,,,0,,,,,0,,,0,,,0,0,0,0,0,0,0,0,0,0,0,0,0,0,0,0,0,0,0,0,0,0,0,0,0,0,,,,,,,0,,N,1,1,2,,,,,Y,N
456,cmc-0026,M-013,1,,,,,,,20141003,,,,,,,,,,0,,,,,,0,,,,,,,,,,0,,,,,,,,,,,,,,0,,,,,0,,,0,,,0,0,0,0,0,0,0,0,0,0,0,0,0,0,0,0,0,0,0,0,0,0,0,0,0,0,,,,,,,0,,N,1,1,2,,,,,Y,N
457,cmc-0026,M-013,1,,,,,,,20141004,,,,,,,,,,0,,,,,,0,,,,,,,,,,0,,,,,,,,,,,,,,0,,,,,0,,,0,,,0,0,0,0,0,0,0,0,0,0,0,0,0,0,0,0,0,0,0,0,0,0,0,0,0,0,,,,,,,0,,N,1,1,2,,,,,Y,N
555,cmc-0026,M-013,1,,,,,,,20141007,,,,,,,,,,0,,,,,,0,,,,,,,,,,0,,,,,,,,,,,,,,0,,,,,0,,,0,,,0,0,0,0,0,0,0,0,0,0,0,0,0,0,0,0,0,0,0,0,0,0,0,0,0,0,,,,,,,0,,N,1,1,2,,,,,Y,N
604,cmc-0026,M-013,1,,,,,,,20141008,,,,,,,,,,0,,,,,,0,,,,,,,,,,0,,,,,,,,,,,,,,0,,,,,0,,,0,,,0,0,0,0,0,0,0,0,0,0,0,0,0,0,0,0,0,0,0,0,0,0,0,0,0,0,,,,,,,0,,N,1,1,2,,,,,Y,N
605,cmc-0026,M-013,1,,,,,,,20141009,,,,,,,,,,0,,,,,,0,,,,,,,,,,0,,,,,,,,,,,,,,0,,,,,0,,,0,,,0,0,0,0,0,0,0,0,0,0,0,0,0,0,0,0,0,0,0,0,0,0,0,0,0,0,,,,,,,0,,N,1,1,2,,,,,Y,N
619,cmc-0026,M-013,1,,,,,,,20141010,,,,,,,,,,0,,,,,,0,,,,,,,,,,0,,,,,,,,,,,,,,0,,,,,0,,,0,,,0,0,0,0,0,0,0,0,0,0,0,0,0,0,0,0,0,0,0,0,0,0,0,0,0,0,,,,,,,0,,N,1,1,2,,,,,Y,N
637,cmc-0026,M-013,1,,,,,,,20141011,,,,,,,,,,0,,,,,,0,,,,,,,,,,0,,,,,,,,,,,,,,0,,,,,0,,,0,,,0,0,0,0,0,0,0,0,0,0,0,0,0,0,0,0,0,0,0,0,0,0,0,0,0,0,,,,,,,0,,N,1,1,2,,,,,Y,N
702,cmc-0026,M-013,1,,,,,,,20141014,,,,,,,,,,0,,,,,,0,,,,,,,,,,0,,,,,,,,,,,,,,0,,,,,0,,,0,,,0,0,0,0,0,0,0,0,0,0,0,0,0,0,0,0,0,0,0,0,0,0,0,0,0,0,,,,,,,0,,N,1,1,2,,,,,Y,N
779,cmc-0026,M-013,1,,,,,,,20141018,,,,,,,,,,0,,,,,,0,,,,,,,,,,0,,,,,,,,,,,,,,0,,,,,0,,,0,,,0,0,0,0,0,0,0,0,0,0,0,0,0,0,0,0,0,0,0,0,0,0,0,0,0,0,,,,,,,0,,N,1,1,2,,,,,Y,N
780,cmc-0026,M-013,1,,,,,,,20141019,,,,,,,,,,0,,,,,,0,,,,,,,,,,0,,,,,,,,,,,,,,0,,,,,0,,,0,,,0,0,0,0,0,0,0,0,0,0,0,0,0,0,0,0,0,0,0,0,0,0,0,0,0,0,,,,,,,0,,N,1,1,2,,,,,Y,N
926,cmc-0026,M-013,1,,,,,,,20141021,,,,,,,,,,0,,,,,,0,,,,,,,,,,0,,,,,,,,,,,,,,0,,,,,0,,,0,,,0,0,0,0,0,0,0,0,0,0,0,0,0,0,0,0,0,0,0,0,0,0,0,0,0,0,,,,,,,0,,N,1,1,2,,,,,Y,N
927,cmc-0026,M-013,1,,,,,,,20141022,,,,,,,,,,0,,,,,,0,,,,,,,,,,0,,,,,,,,,,,,,,0,,,,,0,,,0,,,0,0,0,0,0,0,0,0,0,0,0,0,0,0,0,0,0,0,0,0,0,0,0,0,0,0,,,,,,,0,,N,1,1,2,,,,,Y,N
928,cmc-0026,M-013,1,,,,,,,20141023,,,,,,,,,,0,,,,,,0,,,,,,,,,,0,,,,,,,,,,,,,,0,,,,,0,,,0,,,0,0,0,0,0,0,0,0,0,0,0,0,0,0,0,0,0,0,0,0,0,0,0,0,0,0,,,,,,,0,,N,1,1,2,,,,,Y,N
929,cmc-0026,M-013,1,,,,,,,20141024,,,,,,,,,,0,,,,,,0,,,,,,,,,,0,,,,,,,,,,,,,,0,,,,,0,,,0,,,0,0,0,0,0,0,0,0,0,0,0,0,0,0,0,0,0,0,0,0,0,0,0,0,0,0,,,,,,,0,,N,1,1,2,,,,,Y,N
930,cmc-0026,M-013,1,,,,,,,20141025,,,,,,,,,,0,,,,,,0,,,,,,,,,,0,,,,,,,,,,,,,,0,,,,,0,,,0,,,0,0,0,0,0,0,0,0,0,0,0,0,0,0,0,0,0,0,0,0,0,0,0,0,0,0,,,,,,,0,,N,1,1,2,,,,,Y,N
931,cmc-0026,M-013,1,,,,,,,20141026,,,,,,,,,,0,,,,,,0,,,,,,,,,,0,,,,,,,,,,,,,,0,,,,,0,,,0,,,0,0,0,0,0,0,0,0,0,0,0,0,0,0,0,0,0,0,0,0,0,0,0,0,0,0,,,,,,,0,,N,1,1,2,,,,,Y,N
1004,cmc-0026,M-013,1,,,,,,,20141027,,,,,,,,,,0,,,,,,0,,,,,,,,,,0,,,,,,,,,,,,,,0,,,,,0,,,0,,,0,0,0,0,0,0,0,0,0,0,0,0,0,0,0,0,0,0,0,0,0,0,0,0,0,0,,,,,,,0,,N,1,1,2,,,,,Y,N
1005,cmc-0026,M-013,1,,,,,,,20141028,,,,,,,,,,0,,,,,,0,,,,,,,,,,0,,,,,,,,,,,,,,0,,,,,0,,,0,,,0,0,0,0,0,0,0,0,0,0,0,0,0,0,0,0,0,0,0,0,0,0,0,0,0,0,,,,,,,0,,N,1,1,2,,,,,Y,N
1058,cmc-0026,M-013,1,,,,,,,20141029,,,,,,,,,,0,,,,,,0,,,,,,,,,,0,,,,,,,,,,,,,,0,,,,,0,,,0,,,0,0,0,0,0,0,0,0,0,0,0,0,0,0,0,0,0,0,0,0,0,0,0,0,0,0,,,,,,,0,,N,1,1,2,,,,,Y,N
1059,cmc-0026,M-013,1,,,,,,,20141030,,,,,,,,,,0,,,,,,0,,,,,,,,,,0,,,,,,,,,,,,,,0,,,,,0,,,0,,,0,0,0,0,0,0,0,0,0,0,0,0,0,0,0,0,0,0,0,0,0,0,0,0,0,0,,,,,,,0,,N,1,1,2,,,,,Y,N
1093,cmc-0026,M-013,1,,,,,,,20141031,,,,,,,,,,0,,,,,,0,,,,,,,,,,0,,,,,,,,,,,,,,0,,,,,0,,,0,,,0,0,0,0,0,0,0,0,0,0,0,0,0,0,0,0,0,0,0,0,0,0,0,0,0,0,,,,,,,0,,N,1,1,2,,,,,Y,N
1094,cmc-0026,M-013,1,,,,,,,20141101,,,,,,,,,,0,,,,,,0,,,,,,,,,,0,,,,,,,,,,,,,,0,,,,,0,,,0,,,0,0,0,0,0,0,0,0,0,0,0,0,0,0,0,0,0,0,0,0,0,0,0,0,0,0,,,,,,,0,,N,1,1,2,,,,,Y,N
1095,cmc-0026,M-013,1,,,,,,,20141102,,,,,,,,,,0,,,,,,0,,,,,,,,,,0,,,,,,,,,,,,,,0,,,,,0,,,0,,,0,0,0,0,0,0,0,0,0,0,0,0,0,0,0,0,0,0,0,0,0,0,0,0,0,0,,,,,,,0,,N,1,1,2,,,,,Y,N
1171,cmc-0026,M-013,1,,,,,,,20141103,,,,,,,,,,0,,,,,,0,,,,,,,,,,0,,,,,,,,,,,,,,0,,,,,0,,,0,,,0,0,0,0,0,0,0,0,0,0,0,0,0,0,0,0,0,0,0,0,0,0,0,0,0,0,,,,,,,0,,N,1,1,2,,,,,Y,N
1172,cmc-0026,M-013,1,,,,,,,20141104,,,,,,,,,,0,,,,,,0,,,,,,,,,,0,,,,,,,,,,,,,,0,,,,,0,,,0,,,0,0,0,0,0,0,0,0,0,0,0,0,0,0,0,0,0,0,0,0,0,0,0,0,0,0,,,,,,,0,,N,1,1,2,,,,,Y,N
1281,cmc-0026,M-013,1,,,,,,,20141107,,,,,,,,,,0,,,,,,0,,,,,,,,,,0,,,,,,,,,,,,,,0,,,,,0,,,0,,,0,0,0,0,0,0,0,0,0,0,0,0,0,0,0,0,0,0,0,0,0,0,0,0,0,0,,,,,,,0,,N,1,1,2,,,,,Y,N
1282,cmc-0026,M-013,1,,,,,,,20141108,,,,,,,,,,0,,,,,,0,,,,,,,,,,0,,,,,,,,,,,,,,0,,,,,0,,,0,,,0,0,0,0,0,0,0,0,0,0,0,0,0,0,0,0,0,0,0,0,0,0,0,0,0,0,,,,,,,0,,N,1,1,2,,,,,Y,N
1283,cmc-0026,M-013,1,,,,,,,20141109,,,,,,,,,,0,,,,,,0,,,,,,,,,,0,,,,,,,,,,,,,,0,,,,,0,,,0,,,0,0,0,0,0,0,0,0,0,0,0,0,0,0,0,0,0,0,0,0,0,0,0,0,0,0,,,,,,,0,,N,1,1,2,,,,,Y,N
1366,cmc-0026,M-013,1,,,,,,,20141110,,,,,,,,,,0,,,,,,0,,,,,,,,,,0,,,,,,,,,,,,,,0,,,,,0,,,0,,,0,0,0,0,0,0,0,0,0,0,0,0,0,0,0,0,0,0,0,0,0,0,0,0,0,0,,,,,,,0,,N,1,1,2,,,,,Y,N
1367,cmc-0026,M-013,1,,,,,,,20141111,,,,,,,,,,0,,,,,,0,,,,,,,,,,0,,,,,,,,,,,,,,0,,,,,0,,,0,,,0,0,0,0,0,0,0,0,0,0,0,0,0,0,0,0,0,0,0,0,0,0,0,0,0,0,,,,,,,0,,N,1,1,2,,,,,Y,N
1365,cmc-0026,M-013,1,,,,,,,20141112,,,,,,,,,,0,,,,,,0,,,,,,,,,,0,,,,,,,,,,,,,,0,,,,,0,,,0,,,0,0,0,0,0,0,0,0,0,0,0,0,0,0,0,0,0,0,0,0,0,0,0,0,0,0,,,,,,,0,,N,1,1,2,,,,,Y,N
1535,cmc-0026,M-013,1,,,,,,,20141113,,,,,,,,,,0,,,,,,0,,,,,,,,,,0,,,,,,,,,,,,,,0,,,,,0,,,0,,,0,0,0,0,0,0,0,0,0,0,0,0,0,0,0,0,0,0,0,0,0,0,0,0,0,0,,,,,,,0,,N,1,1,2,,,,,Y,N
1536,cmc-0026,M-013,1,,,,,,,20141114,,,,,,,,,,0,,,,,,0,,,,,,,,,,0,,,,,,,,,,,,,,0,,,,,0,,,0,,,0,0,0,0,0,0,0,0,0,0,0,0,0,0,0,0,0,0,0,0,0,0,0,0,0,0,,,,,,,0,,N,1,1,2,,,,,Y,N
1537,cmc-0026,M-013,1,,,,,,,20141115,,,,,,,,,,0,,,,,,0,,,,,,,,,,0,,,,,,,,,,,,,,0,,,,,0,,,0,,,0,0,0,0,0,0,0,0,0,0,0,0,0,0,0,0,0,0,0,0,0,0,0,0,0,0,,,,,,,0,,N,1,1,2,,,,,Y,N
1538,cmc-0026,M-013,1,,,,,,,20141116,,,,,,,,,,0,,,,,,0,,,,,,,,,,0,,,,,,,,,,,,,,0,,,,,0,,,0,,,0,0,0,0,0,0,0,0,0,0,0,0,0,0,0,0,0,0,0,0,0,0,0,0,0,0,,,,,,,0,,N,1,1,2,,,,,Y,N
1539,cmc-0026,M-013,1,,,,,,,20141117,,,,,,,,,,0,,,,,,0,,,,,,,,,,0,,,,,,,,,,,,,,0,,,,,0,,,0,,,0,0,0,0,0,0,0,0,0,0,0,0,0,0,0,0,0,0,0,0,0,0,0,0,0,0,,,,,,,0,,N,1,1,2,,,,,Y,N
1540,cmc-0026,M-013,1,,,,,,,20141118,,,,,,,,,,0,,,,,,0,,,,,,,,,,0,,,,,,,,,,,,,,0,,,,,0,,,0,,,0,0,0,0,0,0,0,0,0,0,0,0,0,0,0,0,0,0,0,0,0,0,0,0,0,0,,,,,,,0,,N,1,1,2,,,,,Y,N
1541,cmc-0026,M-013,1,,,,,,,20141119,,,,,,,,,,0,,,,,,0,,,,,,,,,,0,,,,,,,,,,,,,,0,,,,,0,,,0,,,0,0,0,0,0,0,0,0,0,0,0,0,0,0,0,0,0,0,0,0,0,0,0,0,0,0,,,,,,,0,,N,1,1,2,,,,,Y,N
1542,cmc-0026,M-013,1,,,,,,,20141120,,,,,,,,,,0,,,,,,0,,,,,,,,,,0,,,,,,,,,,,,,,0,,,,,0,,,0,,,0,0,0,0,0,0,0,0,0,0,0,0,0,0,0,0,0,0,0,0,0,0,0,0,0,0,,,,,,,0,,N,1,1,2,,,,,Y,N
1543,cmc-0026,M-013,1,,,,,,,20141121,,,,,,,,,,0,,,,,,0,,,,,,,,,,0,,,,,,,,,,,,,,0,,,,,0,,,0,,,0,0,0,0,0,0,0,0,0,0,0,0,0,0,0,0,0,0,0,0,0,0,0,0,0,0,,,,,,,0,,N,1,1,2,,,,,Y,N
1755,cmc-0026,M-013,1,,,,,,,20141124,,,,,,,,,,0,,,,,,0,,,,,,,,,,0,,,,,,,,,,,,,,0,,,,,0,,,0,,,0,0,0,0,0,0,0,0,0,0,0,0,0,0,0,0,0,0,0,0,0,0,0,0,0,0,I feel a little dizzy,,,,,,0,,N,1,1,2,,,,,Y,N
1754,cmc-0026,M-013,1,,,,,,,20141130,,,,,,,,,,0,,,,,,0,,,,,,,,,,0,,,,,,,,,,,,,,0,,,,,0,,,0,,,0,0,0,0,0,0,0,0,0,0,0,0,0,0,0,0,0,0,0,0,0,0,0,0,0,0,,,,,,,0,,N,1,1,2,,,,,Y,N
1856,cmc-0026,M-013,1,,,,,,,20141202,,,,,,,,,,0,,,,,,0,,,,,,,,,,0,,,,,,,,,,,,,,0,,,,,0,,,0,,,0,0,0,0,0,0,0,0,0,0,0,0,0,0,0,0,0,0,0,0,0,0,0,0,0,0,,,,,,,0,,N,1,1,2,,,,,Y,N
1858,cmc-0026,M-013,1,,,,,,,20141204,,,,,,,,,,0,,,,,,0,,,,,,,,,,0,,,,,,,,,,,,,,0,,,,,0,,,0,,,0,0,0,0,0,0,0,0,0,0,0,0,0,0,0,0,0,0,0,0,0,0,0,0,0,0,,,,,,,0,,N,1,1,2,,,,,Y,N
1859,cmc-0026,M-013,1,,,,,,,20141205,,,,,,,,,,0,,,,,,0,,,,,,,,,,0,,,,,,,,,,,,,,0,,,,,0,,,0,,,0,0,0,0,0,0,0,0,0,0,0,0,0,0,0,0,0,0,0,0,0,0,0,0,0,0,,,,,,,0,,N,1,1,2,,,,,Y,N
1862,cmc-0026,M-013,1,,,,,,,20141208,,,,,,,,,,0,,,,,,0,,,,,,,,,,0,,,,,,,,,,,,,,0,,,,,0,,,0,,,0,0,0,0,0,0,0,0,0,0,0,0,0,0,0,0,0,0,0,0,0,0,0,0,0,0,,,,,,,0,,N,1,1,2,,,,,Y,N
206,cmc-0027,CM-004,1,,,,,,,20140918,,,,,,,,,,0,,,,,,0,,,,,,,,,,0,,,,,,,,,,,,,,0,,,,,0,,,0,,,0,0,0,0,0,0,0,0,0,0,0,0,0,0,0,0,0,0,0,0,0,0,0,0,0,0,,,,,,,0,,N,1,1,2,,,,,Y,N
585,cmc-0027,CM-004,1,,,,,,,20141008,,,,,,,,,,0,,,,,,0,,,,,,,,,,0,,,,,,,,,,,,,,0,,,,,0,,,0,,,0,0,0,0,0,0,0,0,0,0,0,0,0,0,0,0,0,0,0,0,0,0,0,0,0,0,,,,,,,0,,N,1,1,2,,,,,Y,N
740,cmc-0027,CM-004,1,,,,,,,20141015,,,,,,,,,,0,,,,,,0,,,,,,,,,,0,,,,,,,,,,,,,,0,,,,,0,,,0,,,0,0,0,0,0,0,0,0,0,0,0,0,0,0,0,0,0,0,0,0,0,0,0,0,0,0,,,,,,,0,,N,1,1,2,,,,,Y,N
741,cmc-0027,CM-004,1,,,,,,,20141016,,,,,,,,,,0,,,,,,0,,,,,,,,,,0,,,,,,,,,,,,,,0,,,,,0,,,0,,,0,0,0,0,0,0,0,0,0,0,0,0,0,0,0,0,0,0,0,0,0,0,0,0,0,0,,,,,,,0,,N,1,1,2,,,,,Y,N
623,cmc-0027,CM-004,1,,,,,,,20141019,,,,,,,,,,0,,,,,,0,,,,,,,,,,0,,,,,,,,,,,,,,0,,,,,0,,,0,,,0,0,0,0,0,0,0,0,0,0,0,0,0,0,0,0,0,0,0,0,0,0,0,0,0,0,,,,,,,0,,N,1,1,2,,,,,Y,N
1065,cmc-0027,CM-004,1,,,,,,,20141031,,,,,,,,,,0,,,,,,0,,,,,,,,,,0,,,,,,,,,,,,,,0,,,,,0,,,0,,,0,0,0,0,0,0,0,0,0,0,0,0,0,0,0,0,0,0,0,0,0,0,0,0,0,0,,,,,,,0,,N,1,1,2,,,,,Y,N
1126,cmc-0027,CM-004,1,,,,,,,20141101,,,,,,,,,,0,,,,,,0,,,,,,,,,,0,,,,,,,,,,,,,,0,,,,,0,,,0,,,0,0,0,0,0,0,0,0,0,0,0,0,0,0,0,0,0,0,0,0,0,0,0,0,0,0,,,,,,,0,,N,1,1,2,,,,,Y,N
1127,cmc-0027,CM-004,1,,,,,,,20141102,,,,,,,,,,0,,,,,,0,,,,,,,,,,0,,,,,,,,,,,,,,0,,,,,0,,,0,,,0,0,0,0,0,0,0,0,0,0,0,0,0,0,0,0,0,0,0,0,0,0,0,0,0,0,,,,,,,0,,N,1,1,2,,,,,Y,N
1135,cmc-0027,CM-004,1,,,,,,,20141103,,,,,,,,,,0,,,,,,0,,,,,,,,,,0,,,,,,,,,,,,,,0,,,,,0,,,0,,,0,0,0,0,0,0,0,0,0,0,0,0,0,0,0,0,0,0,0,0,0,0,0,0,0,0,,,,,,,0,,N,1,1,2,,,,,Y,N
1178,cmc-0027,CM-004,1,,,,,,,20141104,,,,,,,,,,0,,,,,,0,,,,,,,,,,0,,,,,,,,,,,,,,0,,,,,0,,,0,,,0,0,0,0,0,0,0,0,0,0,0,0,0,0,0,0,0,0,0,0,0,0,0,0,0,0,,,,,,,0,,N,1,1,2,,,,,Y,N
1179,cmc-0027,CM-004,1,,,,,,,20141105,,,,,,,,,,0,,,,,,0,,,,,,,,,,0,,,,,,,,,,,,,,0,,,,,0,,,0,,,0,0,0,0,0,0,0,0,0,0,0,0,0,0,0,0,0,0,0,0,0,0,0,0,0,0,,,,,,,0,,N,1,1,2,,,,,Y,N
1410,cmc-0027,CM-004,1,,,,,,,20141113,,,,,,,,,,0,,,,,,0,,,,,,,,,,0,,,,,,,,,,,,,,0,,,,,0,,,0,,,0,0,0,0,0,0,0,0,0,0,0,0,0,0,0,0,0,0,0,0,0,0,0,0,0,0,,,,,,,0,,N,1,1,2,,,,,Y,N
1426,cmc-0027,CM-004,1,,,,,,,20141114,,,,,,,,,,0,,,,,,0,,,,,,,,,,0,,,,,,,,,,,,,,0,,,,,0,,,0,,,0,0,0,0,0,0,0,0,0,0,0,0,0,0,0,0,0,0,0,0,0,0,0,0,0,0,,,,,,,0,,N,1,1,2,,,,,Y,N
1494,cmc-0027,CM-004,1,,,,,,,20141115,,,,,,,,,,0,,,,,,0,,,,,,,,,,0,,,,,,,,,,,,,,0,,,,,0,,,0,,,0,0,0,0,0,0,0,0,0,0,0,0,0,0,0,0,0,0,0,0,0,0,0,0,0,0,,,,,,,0,,N,1,1,2,,,,,Y,N
1495,cmc-0027,CM-004,1,,,,,,,20141116,,,,,,,,,,0,,,,,,0,,,,,,,,,,0,,,,,,,,,,,,,,0,,,,,0,,,0,,,0,0,0,0,0,0,0,0,0,0,0,0,0,0,0,0,0,0,0,0,0,0,0,0,0,0,,,,,,,0,,N,1,1,2,,,,,Y,N
1496,cmc-0027,CM-004,1,,,,,,,20141117,,,,,,,,,,0,,,,,,0,,,,,,,,,,0,,,,,,,,,,,,,,0,,,,,0,,,0,,,0,0,0,0,0,0,0,0,0,0,0,0,0,0,0,0,0,0,0,0,0,0,0,0,0,0,,,,,,,0,,N,1,1,2,,,,,Y,N
1526,cmc-0027,CM-004,1,,,,,,,20141119,,,,,,,,,,0,,,,,,0,,,,,,,,,,0,,,,,,,,,,,,,,0,,,,,0,,,0,,,0,0,0,0,0,0,0,0,0,0,0,0,0,0,0,0,0,0,0,0,0,0,0,0,0,0,,,,,,,0,,N,1,1,2,,,,,Y,N
1667,cmc-0027,CM-004,1,,,,,,,20141125,,,,,,,,,,0,,,,,,0,,,,,,,,,,0,,,,,,,,,,,,,,0,,,,,0,,,0,,,0,0,0,0,0,0,0,0,0,0,0,0,0,0,0,0,0,0,0,0,0,0,0,0,0,0,,,,,,,0,,N,1,1,2,,,,,Y,N
1669,cmc-0027,CM-004,1,,,,,,,20141127,,,,,,,,,,0,,,,,,0,,,,,,,,,,0,,,,,,,,,,,,,,0,,,,,0,,,0,,,0,0,0,0,0,0,0,0,0,0,0,0,0,0,0,0,0,0,0,0,0,0,0,0,0,0,,,,,,,0,,N,1,1,2,,,,,Y,N
1670,cmc-0027,CM-004,1,,,,,,,20141128,,,,,,,,,,0,,,,,,0,,,,,,,,,,0,,,,,,,,,,,,,,0,,,,,0,,,0,,,0,0,0,0,0,0,0,0,0,0,0,0,0,0,0,0,0,0,0,0,0,0,0,0,0,0,,,,,,,0,,N,1,1,2,,,,,Y,N
1693,cmc-0027,CM-004,1,,,,,,,20141129,,,,,,,,,,0,,,,,,0,,,,,,,,,,0,,,,,,,,,,,,,,0,,,,,0,,,0,,,0,0,0,0,0,0,0,0,0,0,0,0,0,0,0,0,0,0,0,0,0,0,0,0,0,0,,,,,,,0,,N,1,1,2,,,,,Y,N
1694,cmc-0027,cm-004,1,,,,,,,20141130,,,,,,,,,,0,,,,,,0,,,,,,,,,,0,,,,,,,,,,,,,,0,,,,,0,,,0,,,0,0,0,0,0,0,0,0,0,0,0,0,0,0,0,0,0,0,0,0,0,0,0,0,0,0,,,,,,,0,,N,1,1,2,,,,,Y,N
1710,cmc-0027,cm-004,1,,,,,,,20141201,,,,,,,,,,0,,,,,,0,,,,,,,,,,0,,,,,,,,,,,,,,0,,,,,0,,,0,,,0,0,0,0,0,0,0,0,0,0,0,0,0,0,0,0,0,0,0,0,0,0,0,0,0,0,,,,,,,0,,N,1,1,2,,,,,Y,N
1748,cmc-0027,cm-004,1,,,,,,,20141202,,,,,,,,,,0,,,,,,0,,,,,,,,,,0,,,,,,,,,,,,,,0,,,,,0,,,0,,,0,0,0,0,0,0,0,0,0,0,0,0,0,0,0,0,0,0,0,0,0,0,0,0,0,0,,,,,,,0,,N,1,1,2,,,,,Y,N
1749,cmc-0027,cm-004,1,,,,,,,20141203,,,,,,,,,,0,,,,,,0,,,,,,,,,,0,,,,,,,,,,,,,,0,,,,,0,,,0,,,0,0,0,0,0,0,0,0,0,0,0,0,0,0,0,0,0,0,0,0,0,0,0,0,0,0,,,,,,,0,,N,1,1,2,,,,,Y,N
1777,cmc-0027,cm-004,1,,,,,,,20141204,,,,,,,,,,0,,,,,,0,,,,,,,,,,0,,,,,,,,,,,,,,0,,,,,0,,,0,,,0,0,0,0,0,0,0,0,0,0,0,0,0,0,0,0,0,0,0,0,0,0,0,0,0,0,,,,,,,0,,N,1,1,2,,,,,Y,N
1905,cmc-0027,cm-004,1,,,,,,,20141208,,,,,,,,,,0,,,,,,0,,,,,,,,,,0,,,,,,,,,,,,,,0,,,,,0,,,0,,,0,0,0,0,0,0,0,0,0,0,0,0,0,0,0,0,0,0,0,0,0,0,0,0,0,0,,,,,,,0,,N,1,1,2,,,,,Y,N
1907,cmc-0027,cm-004,1,,,,,,,20141210,,,,,,,,,,0,,,,,,0,,,,,,,,,,0,,,,,,,,,,,,,,0,,,,,0,,,0,,,0,0,0,0,0,0,0,0,0,0,0,0,0,0,0,0,0,0,0,0,0,0,0,0,0,0,,,,,,,0,,N,1,1,2,,,,,Y,N
1959,cmc-0027,cm-004,1,,,,,,,20141211,,,,,,,,,,0,,,,,,0,,,,,,,,,,0,,,,,,,,,,,,,,0,,,,,0,,,0,,,0,0,0,0,0,0,0,0,0,0,0,0,0,0,0,0,0,0,0,0,0,0,0,0,0,0,,,,,,,0,,N,1,1,2,,,,,Y,N
1960,cmc-0027,cm-004,1,,,,,,,20141212,,,,,,,,,,0,,,,,,0,,,,,,,,,,0,,,,,,,,,,,,,,0,,,,,0,,,0,,,0,0,0,0,0,0,0,0,0,0,0,0,0,0,0,0,0,0,0,0,0,0,0,0,0,0,,,,,,,0,,N,1,1,2,,,,,Y,N
2041,cmc-0027,cm-004,1,,,,,,,20141214,,,,,,,,,,0,,,,,,0,,,,,,,,,,0,,,,,,,,,,,,,,0,,,,,0,,,0,,,0,0,0,0,0,0,0,0,0,0,0,0,0,0,0,0,0,0,0,0,0,0,0,0,0,0,,,,,,,0,,N,1,1,2,,,,,Y,N
2043,cmc-0027,cm-004,1,,,,,,,20141216,,,,,,,,,,0,,,,,,0,,,,,,,,,,0,,,,,,,,,,,,,,0,,,,,0,,,0,,,0,0,0,0,0,0,0,0,0,0,0,0,0,0,0,0,0,0,0,0,0,0,0,0,0,0,,,,,,,0,,N,1,1,2,,,,,Y,N
2060,cmc-0027,cm-004,1,,,,,,,20141217,,,,,,,,,,0,,,,,,0,,,,,,,,,,0,,,,,,,,,,,,,,0,,,,,0,,,0,,,0,0,0,0,0,0,0,0,0,0,0,0,0,0,0,0,0,0,0,0,0,0,0,0,0,0,,,,,,,0,,N,1,1,2,,,,,Y,N
2074,cmc-0027,cm-004,1,,,,,,,20141218,,,,,,,,,,0,,,,,,0,,,,,,,,,,0,,,,,,,,,,,,,,0,,,,,0,,,0,,,0,0,0,0,0,0,0,0,0,0,0,0,0,0,0,0,0,0,0,0,0,0,0,0,0,0,,,,,,,0,,N,1,1,2,,,,,Y,N
2116,cmc-0027,cm-004,1,,,,,,,20141219,,,,,,,,,,0,,,,,,0,,,,,,,,,,0,,,,,,,,,,,,,,0,,,,,0,,,0,,,0,0,0,0,0,0,0,0,0,0,0,0,0,0,0,0,0,0,0,0,0,0,0,0,0,0,,,,,,,0,,N,1,1,2,,,,,Y,N
2172,cmc-0027,cm-004,1,,,,,,,20141222,,,,,,,,,,0,,,,,,0,,,,,,,,,,0,,,,,,,,,,,,,,0,,,,,0,,,0,,,0,0,0,0,0,0,0,0,0,0,0,0,0,0,0,0,0,0,0,0,0,0,0,0,0,0,,,,,,,0,,N,1,1,2,,,,,Y,N
2220,cmc-0027,cm-004,1,,,,,,,20141224,,,,,,,,,,0,,,,,,0,,,,,,,,,,0,,,,,,,,,,,,,,0,,,,,0,,,0,,,0,0,0,0,0,0,0,0,0,0,0,0,0,0,0,0,0,0,0,0,0,0,0,0,0,0,,,,,,,0,,N,1,1,2,,,,,Y,N
2221,cmc-0027,cm-004,1,,,,,,,20141225,,,,,,,,,,0,,,,,,0,,,,,,,,,,0,,,,,,,,,,,,,,0,,,,,0,,,0,,,0,0,0,0,0,0,0,0,0,0,0,0,0,0,0,0,0,0,0,0,0,0,0,0,0,0,,,,,,,0,,N,1,1,2,,,,,Y,N
2274,cmc-0027,cm-004,1,,,,,,,20141227,,,,,,,,,,0,,,,,,0,,,,,,,,,,0,,,,,,,,,,,,,,0,,,,,0,,,0,,,0,0,0,0,0,0,0,0,0,0,0,0,0,0,0,0,0,0,0,0,0,0,0,0,0,0,,,,,,,0,,N,1,1,2,,,,,Y,N
2285,cmc-0027,cm-004,1,,,,,,,20141228,,,,,,,,,,0,,,,,,0,,,,,,,,,,0,,,,,,,,,,,,,,0,,,,,0,,,0,,,0,0,0,0,0,0,0,0,0,0,0,0,0,0,0,0,0,0,0,0,0,0,0,0,0,0,,,,,,,0,,N,1,1,2,,,,,Y,N
2321,cmc-0027,cm-004,1,,,,,,,20141229,,,,,,,,,,0,,,,,,0,,,,,,,,,,0,,,,,,,,,,,,,,0,,,,,0,,,0,,,0,0,0,0,0,0,0,0,0,0,0,0,0,0,0,0,0,0,0,0,0,0,0,0,0,0,,,,,,,0,,N,1,1,2,,,,,Y,N
371,cmc-0028,M-014,0,,,,,,,20140929,,,,,,,,,,0,,,,,,0,,,,,,,,,,0,,,,,,,,,,,,,,0,,,,,0,,,0,,,0,0,0,0,0,0,0,0,0,0,0,0,0,0,0,0,0,0,0,0,0,0,0,0,0,0,,,,,,,0,,N,1,1,2,,,,,Y,N
442,cmc-0028,M-014,0,,,,,,,20140930,,,,,,,,,,0,,,,,,0,,,,,,,,,,0,,,,,,,,,,,,,,0,,,,,0,,,0,,,0,0,0,0,0,0,0,0,0,0,0,0,0,0,0,0,0,0,0,0,0,0,0,0,0,0,,,,,,,0,,N,1,1,2,,,,,Y,N
447,cmc-0028,M-014,0,,,,,,,20141003,,,,,,,,,,0,,,,,,0,,,,,,,,,,0,,,,,,,,,,,,,,0,,,,,0,,,0,,,0,0,0,0,0,0,0,0,0,0,0,0,0,0,0,0,0,0,0,0,0,0,0,0,0,0,,,,,,,0,,N,1,1,2,,,,,Y,N
485,cmc-0028,M-014,0,,,,,,,20141004,,,,,,,,,,0,,,,,,0,,,,,,,,,,0,,,,,,,,,,,,,,0,,,,,0,,,0,,,0,0,0,0,0,0,0,0,0,0,0,0,0,0,0,0,0,0,0,0,0,0,0,0,0,0,,,,,,,0,,N,1,1,2,,,,,Y,N
677,cmc-0028,M-014,0,,,,,,,20141007,,,,,,,,,,0,,,,,,0,,,,,,,,,,0,,,,,,,,,,,,,,0,,,,,0,,,0,,,0,0,0,0,0,0,0,0,0,0,0,0,0,0,0,0,0,0,0,0,0,0,0,0,0,0,,,,,,,0,,N,1,1,2,,,,,Y,N
678,cmc-0028,M-014,0,,,,,,,20141008,,,,,,,,,,0,,,,,,0,,,,,,,,,,0,,,,,,,,,,,,,,0,,,,,0,,,0,,,0,0,0,0,0,0,0,0,0,0,0,0,0,0,0,0,0,0,0,0,0,0,0,0,0,0,,,,,,,0,,N,1,1,2,,,,,Y,N
679,cmc-0028,M-014,0,,,,,,,20141009,,,,,,,,,,0,,,,,,0,,,,,,,,,,0,,,,,,,,,,,,,,0,,,,,0,,,0,,,0,0,0,0,0,0,0,0,0,0,0,0,0,0,0,0,0,0,0,0,0,0,0,0,0,0,,,,,,,0,,N,1,1,2,,,,,Y,N
683,cmc-0028,M-014,0,,,,,,,20141013,,,,,,,,,,0,,,,,,0,,,,,,,,,,0,,,,,,,,,,,,,,0,,,,,0,,,0,,,0,0,0,0,0,0,0,0,0,0,0,0,0,0,0,0,0,0,0,0,0,0,0,0,0,0,,,,,,,0,,N,1,1,2,,,,,Y,N
746,cmc-0028,M-014,0,,,,,,,20141015,,,,,,,,,,0,,,,,,0,,,,,,,,,,0,,,,,,,,,,,,,,0,,,,,0,,,0,,,0,0,0,0,0,0,0,0,0,0,0,0,0,0,0,0,0,0,0,0,0,0,0,0,0,0,,,,,,,0,,N,1,1,2,,,,,Y,N
884,cmc-0028,M-014,0,,,,,,,20141020,,,,,,,,,,0,,,,,,0,,,,,,,,,,0,,,,,,,,,,,,,,0,,,,,0,,,0,,,0,0,0,0,0,0,0,0,0,0,0,0,0,0,0,0,0,0,0,0,0,0,0,0,0,0,,,,,,,0,,N,1,1,2,,,,,Y,N
885,cmc-0028,M-014,0,,,,,,,20141021,,,,,,,,,,0,,,,,,0,,,,,,,,,,0,,,,,,,,,,,,,,0,,,,,0,,,0,,,0,0,0,0,0,0,0,0,0,0,0,0,0,0,0,0,0,0,0,0,0,0,0,0,0,0,,,,,,,0,,N,1,1,2,,,,,Y,N
886,cmc-0028,M-014,0,,,,,,,20141022,,,,,,,,,,0,,,,,,0,,,,,,,,,,0,,,,,,,,,,,,,,0,,,,,0,,,0,,,0,0,0,0,0,0,0,0,0,0,0,0,0,0,0,0,0,0,0,0,0,0,0,0,0,0,,,,,,,0,,N,1,1,2,,,,,Y,N
887,cmc-0028,M-014,0,,,,,,,20141023,,,,,,,,,,0,,,,,,0,,,,,,,,,,0,,,,,,,,,,,,,,0,,,,,0,,,0,,,0,0,0,0,0,0,0,0,0,0,0,0,0,0,0,0,0,0,0,0,0,0,0,0,0,0,,,,,,,0,,N,1,1,2,,,,,Y,N
888,cmc-0028,M-014,0,,,,,,,20141024,,,,,,,,,,0,,,,,,0,,,,,,,,,,0,,,,,,,,,,,,,,0,,,,,0,,,0,,,0,0,0,0,0,0,0,0,0,0,0,0,0,0,0,0,0,0,0,0,0,0,0,0,0,0,,,,,,,0,,N,1,1,2,,,,,Y,N
1310,cmc-0028,M-014,0,,,,,,,20141025,,,,,,,,,,0,,,,,,0,,,,,,,,,,0,,,,,,,,,,,,,,0,,,,,0,,,0,,,0,0,0,0,0,0,0,0,0,0,0,0,0,0,0,0,0,0,0,0,0,0,0,0,0,0,,,,,,,0,,N,1,1,2,,,,,Y,N
1311,cmc-0028,M-014,0,,,,,,,20141026,,,,,,,,,,0,,,,,,0,,,,,,,,,,0,,,,,,,,,,,,,,0,,,,,0,,,0,,,0,0,0,0,0,0,0,0,0,0,0,0,0,0,0,0,0,0,0,0,0,0,0,0,0,0,,,,,,,0,,N,1,1,2,,,,,Y,N
1312,cmc-0028,M-014,0,,,,,,,20141027,,,,,,,,,,0,,,,,,0,,,,,,,,,,0,,,,,,,,,,,,,,0,,,,,0,,,0,,,0,0,0,0,0,0,0,0,0,0,0,0,0,0,0,0,0,0,0,0,0,0,0,0,0,0,,,,,,,0,,N,1,1,2,,,,,Y,N
1313,cmc-0028,M-014,0,,,,,,,20141028,,,,,,,,,,0,,,,,,0,,,,,,,,,,0,,,,,,,,,,,,,,0,,,,,0,,,0,,,0,0,0,0,0,0,0,0,0,0,0,0,0,0,0,0,0,0,0,0,0,0,0,0,0,0,,,,,,,0,,N,1,1,2,,,,,Y,N
1314,cmc-0028,M-014,0,,,,,,,20141029,,,,,,,,,,0,,,,,,0,,,,,,,,,,0,,,,,,,,,,,,,,0,,,,,0,,,0,,,0,0,0,0,0,0,0,0,0,0,0,0,0,0,0,0,0,0,0,0,0,0,0,0,0,0,,,,,,,0,,N,1,1,2,,,,,Y,N
1315,cmc-0028,M-014,0,,,,,,,20141030,,,,,,,,,,0,,,,,,0,,,,,,,,,,0,,,,,,,,,,,,,,0,,,,,0,,,0,,,0,0,0,0,0,0,0,0,0,0,0,0,0,0,0,0,0,0,0,0,0,0,0,0,0,0,,,,,,,0,,N,1,1,2,,,,,Y,N
1326,cmc-0028,M-014,0,,,,,,,20141104,,,,,,,,,,0,,,,,,0,,,,,,,,,,0,,,,,,,,,,,,,,0,,,,,0,,,0,,,0,0,0,0,0,0,0,0,0,0,0,0,0,0,0,0,0,0,0,0,0,0,0,0,0,0,,,,,,,0,,N,1,1,2,,,,,Y,N
1327,cmc-0028,M-014,0,,,,,,,20141105,,,,,,,,,,0,,,,,,0,,,,,,,,,,0,,,,,,,,,,,,,,0,,,,,0,,,0,,,0,0,0,0,0,0,0,0,0,0,0,0,0,0,0,0,0,0,0,0,0,0,0,0,0,0,,,,,,,0,,N,1,1,2,,,,,Y,N
1328,cmc-0028,M-014,0,,,,,,,20141106,,,,,,,,,,0,,,,,,0,,,,,,,,,,0,,,,,,,,,,,,,,0,,,,,0,,,0,,,0,0,0,0,0,0,0,0,0,0,0,0,0,0,0,0,0,0,0,0,0,0,0,0,0,0,,,,,,,0,,N,1,1,2,,,,,Y,N
1329,cmc-0028,M-014,0,,,,,,,20141107,,,,,,,,,,0,,,,,,0,,,,,,,,,,0,,,,,,,,,,,,,,0,,,,,0,,,0,,,0,0,0,0,0,0,0,0,0,0,0,0,0,0,0,0,0,0,0,0,0,0,0,0,0,0,,,,,,,0,,N,1,1,2,,,,,Y,N
1330,cmc-0028,M-014,0,,,,,,,20141108,,,,,,,,,,0,,,,,,0,,,,,,,,,,0,,,,,,,,,,,,,,0,,,,,0,,,0,,,0,0,0,0,0,0,0,0,0,0,0,0,0,0,0,0,0,0,0,0,0,0,0,0,0,0,,,,,,,0,,N,1,1,2,,,,,Y,N
1331,cmc-0028,M-014,0,,,,,,,20141109,,,,,,,,,,0,,,,,,0,,,,,,,,,,0,,,,,,,,,,,,,,0,,,,,0,,,0,,,0,0,0,0,0,0,0,0,0,0,0,0,0,0,0,0,0,0,0,0,0,0,0,0,0,0,,,,,,,0,,N,1,1,2,,,,,Y,N
1332,cmc-0028,M-014,0,,,,,,,20141110,,,,,,,,,,0,,,,,,0,,,,,,,,,,0,,,,,,,,,,,,,,0,,,,,0,,,0,,,0,0,0,0,0,0,0,0,0,0,0,0,0,0,0,0,0,0,0,0,0,0,0,0,0,0,,,,,,,0,,N,1,1,2,,,,,Y,N
1870,cmc-0028,M-014,0,,,,,,,20141113,,,,,,,,,,0,,,,,,0,,,,,,,,,,0,,,,,,,,,,,,,,0,,,,,0,,,0,,,0,0,0,0,0,0,0,0,0,0,0,0,0,0,0,0,0,0,0,0,0,0,0,0,0,0,,,,,,,0,,N,1,1,2,,,,,Y,N
1871,cmc-0028,M-014,0,,,,,,,20141114,,,,,,,,,,0,,,,,,0,,,,,,,,,,0,,,,,,,,,,,,,,0,,,,,0,,,0,,,0,0,0,0,0,0,0,0,0,0,0,0,0,0,0,0,0,0,0,0,0,0,0,0,0,0,,,,,,,0,,N,1,1,2,,,,,Y,N
1872,cmc-0028,M-014,0,,,,,,,20141115,,,,,,,,,,0,,,,,,0,,,,,,,,,,0,,,,,,,,,,,,,,0,,,,,0,,,0,,,0,0,0,0,0,0,0,0,0,0,0,0,0,0,0,0,0,0,0,0,0,0,0,0,0,0,,,,,,,0,,N,1,1,2,,,,,Y,N
1873,cmc-0028,M-014,0,,,,,,,20141116,,,,,,,,,,0,,,,,,0,,,,,,,,,,0,,,,,,,,,,,,,,0,,,,,0,,,0,,,0,0,0,0,0,0,0,0,0,0,0,0,0,0,0,0,0,0,0,0,0,0,0,0,0,0,,,,,,,0,,N,1,1,2,,,,,Y,N
1874,cmc-0028,M-014,0,,,,,,,20141117,,,,,,,,,,0,,,,,,0,,,,,,,,,,0,,,,,,,,,,,,,,0,,,,,0,,,0,,,0,0,0,0,0,0,0,0,0,0,0,0,0,0,0,0,0,0,0,0,0,0,0,0,0,0,,,,,,,0,,N,1,1,2,,,,,Y,N
1875,cmc-0028,M-014,0,,,,,,,20141118,,,,,,,,,,0,,,,,,0,,,,,,,,,,0,,,,,,,,,,,,,,0,,,,,0,,,0,,,0,0,0,0,0,0,0,0,0,0,0,0,0,0,0,0,0,0,0,0,0,0,0,0,0,0,,,,,,,0,,N,1,1,2,,,,,Y,N
1876,cmc-0028,M-014,0,,,,,,,20141119,,,,,,,,,,0,,,,,,0,,,,,,,,,,0,,,,,,,,,,,,,,0,,,,,0,,,0,,,0,0,0,0,0,0,0,0,0,0,0,0,0,0,0,0,0,0,0,0,0,0,0,0,0,0,,,,,,,0,,N,1,1,2,,,,,Y,N
1877,cmc-0028,M-014,0,,,,,,,20141120,,,,,,,,,,0,,,,,,0,,,,,,,,,,0,,,,,,,,,,,,,,0,,,,,0,,,0,,,0,0,0,0,0,0,0,0,0,0,0,0,0,0,0,0,0,0,0,0,0,0,0,0,0,0,,,,,,,0,,N,1,1,2,,,,,Y,N
1878,cmc-0028,M-014,0,,,,,,,20141121,,,,,,,,,,0,,,,,,0,,,,,,,,,,0,,,,,,,,,,,,,,0,,,,,0,,,0,,,0,0,0,0,0,0,0,0,0,0,0,0,0,0,0,0,0,0,0,0,0,0,0,0,0,0,,,,,,,0,,N,1,1,2,,,,,Y,N
1879,cmc-0028,M-014,0,,,,,,,20141122,,,,,,,,,,0,,,,,,0,,,,,,,,,,0,,,,,,,,,,,,,,0,,,,,0,,,0,,,0,0,0,0,0,0,0,0,0,0,0,0,0,0,0,0,0,0,0,0,0,0,0,0,0,0,,,,,,,0,,N,1,1,2,,,,,Y,N
1880,cmc-0028,M-014,0,,,,,,,20141123,,,,,,,,,,0,,,,,,0,,,,,,,,,,0,,,,,,,,,,,,,,0,,,,,0,,,0,,,0,0,0,0,0,0,0,0,0,0,0,0,0,0,0,0,0,0,0,0,0,0,0,0,0,0,,,,,,,0,,N,1,1,2,,,,,Y,N
1882,cmc-0028,M-014,0,,,,,,,20141125,,,,,,,,,,0,,,,,,0,,,,,,,,,,0,,,,,,,,,,,,,,0,,,,,0,,,0,,,0,0,0,0,0,0,0,0,0,0,0,0,0,0,0,0,0,0,0,0,0,0,0,0,0,0,,,,,,,0,,N,1,1,2,,,,,Y,N
1883,cmc-0028,M-014,0,,,,,,,20141126,,,,,,,,,,0,,,,,,0,,,,,,,,,,0,,,,,,,,,,,,,,0,,,,,0,,,0,,,0,0,0,0,0,0,0,0,0,0,0,0,0,0,0,0,0,0,0,0,0,0,0,0,0,0,,,,,,,0,,N,1,1,2,,,,,Y,N
1884,cmc-0028,M-014,0,,,,,,,20141127,,,,,,,,,,0,,,,,,0,,,,,,,,,,0,,,,,,,,,,,,,,0,,,,,0,,,0,,,0,0,0,0,0,0,0,0,0,0,0,0,0,0,0,0,0,0,0,0,0,0,0,0,0,0,,,,,,,0,,N,1,1,2,,,,,Y,N
1885,cmc-0028,M-014,0,,,,,,,20141128,,,,,,,,,,0,,,,,,0,,,,,,,,,,0,,,,,,,,,,,,,,0,,,,,0,,,0,,,0,0,0,0,0,0,0,0,0,0,0,0,0,0,0,0,0,0,0,0,0,0,0,0,0,0,,,,,,,0,,N,1,1,2,,,,,Y,N
1886,cmc-0028,M-014,0,,,,,,,20141129,,,,,,,,,,0,,,,,,0,,,,,,,,,,0,,,,,,,,,,,,,,0,,,,,0,,,0,,,0,0,0,0,0,0,0,0,0,0,0,0,0,0,0,0,0,0,0,0,0,0,0,0,0,0,,,,,,,0,,N,1,1,2,,,,,Y,N
1887,cmc-0028,M-014,0,,,,,,,20141130,,,,,,,,,,0,,,,,,0,,,,,,,,,,0,,,,,,,,,,,,,,0,,,,,0,,,0,,,0,0,0,0,0,0,0,0,0,0,0,0,0,0,0,0,0,0,0,0,0,0,0,0,0,0,,,,,,,0,,N,1,1,2,,,,,Y,N
1888,cmc-0028,M-014,0,,,,,,,20141201,,,,,,,,,,0,,,,,,0,,,,,,,,,,0,,,,,,,,,,,,,,0,,,,,0,,,0,,,0,0,0,0,0,0,0,0,0,0,0,0,0,0,0,0,0,0,0,0,0,0,0,0,0,0,,,,,,,0,,N,1,1,2,,,,,Y,N
1889,cmc-0028,M-014,0,,,,,,,20141202,,,,,,,,,,0,,,,,,0,,,,,,,,,,0,,,,,,,,,,,,,,0,,,,,0,,,0,,,0,0,0,0,0,0,0,0,0,0,0,0,0,0,0,0,0,0,0,0,0,0,0,0,0,0,,,,,,,0,,N,1,1,2,,,,,Y,N
1891,cmc-0028,M-014,0,,,,,,,20141204,,,,,,,,,,0,,,,,,0,,,,,,,,,,0,,,,,,,,,,,,,,0,,,,,0,,,0,,,0,0,0,0,0,0,0,0,0,0,0,0,0,0,0,0,0,0,0,0,0,0,0,0,0,0,,,,,,,0,,N,1,1,2,,,,,Y,N
1892,cmc-0028,M-014,0,,,,,,,20141205,,,,,,,,,,0,,,,,,0,,,,,,,,,,0,,,,,,,,,,,,,,0,,,,,0,,,0,,,0,0,0,0,0,0,0,0,0,0,0,0,0,0,0,0,0,0,0,0,0,0,0,0,0,0,,,,,,,0,,N,1,1,2,,,,,Y,N
1893,cmc-0028,M-014,0,,,,,,,20141206,,,,,,,,,,0,,,,,,0,,,,,,,,,,0,,,,,,,,,,,,,,0,,,,,0,,,0,,,0,0,0,0,0,0,0,0,0,0,0,0,0,0,0,0,0,0,0,0,0,0,0,0,0,0,,,,,,,0,,N,1,1,2,,,,,Y,N
1894,cmc-0028,M-014,0,,,,,,,20141207,,,,,,,,,,0,,,,,,0,,,,,,,,,,0,,,,,,,,,,,,,,0,,,,,0,,,0,,,0,0,0,0,0,0,0,0,0,0,0,0,0,0,0,0,0,0,0,0,0,0,0,0,0,0,,,,,,,0,,N,1,1,2,,,,,Y,N
1895,cmc-0028,M-014,0,,,,,,,20141208,,,,,,,,,,0,,,,,,0,,,,,,,,,,0,,,,,,,,,,,,,,0,,,,,0,,,0,,,0,0,0,0,0,0,0,0,0,0,0,0,0,0,0,0,0,0,0,0,0,0,0,0,0,0,,,,,,,0,,N,1,1,2,,,,,Y,N
1896,cmc-0028,M-014,0,,,,,,,20141209,,,,,,,,,,0,,,,,,0,,,,,,,,,,0,,,,,,,,,,,,,,0,,,,,0,,,0,,,0,0,0,0,0,0,0,0,0,0,0,0,0,0,0,0,0,0,0,0,0,0,0,0,0,0,,,,,,,0,,N,1,1,2,,,,,Y,N
1983,cmc-0028,M-014,0,,,,,,,20141210,,,,,,,,,,0,,,,,,0,,,,,,,,,,0,,,,,,,,,,,,,,0,,,,,0,,,0,,,0,0,0,0,0,0,0,0,0,0,0,0,0,0,0,0,0,0,0,0,0,0,0,0,0,0,,,,,,,0,,N,1,1,2,,,,,Y,N
582,cmc-0031,M-017,0,,,,,,,20141008,,,,,,,,,,0,,,,,,0,,,,,,,,,,0,,,,,,,,,,,,,,0,,,,,0,,,0,,,0,0,0,0,0,0,0,0,0,0,0,0,0,0,0,0,0,0,0,0,0,0,0,0,0,0,,,,,,,0,,N,1,1,2,,,,,Y,N
596,cmc-0031,M-017,0,,,,,,,20141009,,,,,,,,,,0,,,,,,0,,,,,,,,,,0,,,,,,,,,,,,,,0,,,,,0,,,0,,,0,0,0,0,0,0,0,0,0,0,0,0,0,0,0,0,0,0,0,0,0,0,0,0,0,0,,,,,,,0,,N,1,1,2,,,,,Y,N
636,cmc-0031,M-017,0,,,,,,,20141012,,,,,,,,,,0,,,,,,0,,,,,,,,,,0,,,,,,,,,,,,,,0,,,,,0,,,0,,,0,0,0,0,0,0,0,0,0,0,0,0,0,0,0,0,0,0,0,0,0,0,0,0,0,0,,,,,,,0,,N,1,1,2,,,,,Y,N
698,cmc-0031,M-017,0,,,,,,,20141015,,,,,,,,,,0,,,,,,0,,,,,,,,,,0,,,,,,,,,,,,,,0,,,,,0,,,0,,,0,0,0,0,0,0,0,0,0,0,0,0,0,0,0,0,0,0,0,0,0,0,0,0,0,0,,,,,,,0,,N,1,1,2,,,,,Y,N
731,cmc-0031,M-017,0,,,,,,,20141016,,,,,,,,,,0,,,,,,0,,,,,,,,,,0,,,,,,,,,,,,,,0,,,,,0,,,0,,,0,0,0,0,0,0,0,0,0,0,0,0,0,0,0,0,0,0,0,0,0,0,0,0,0,0,,,,,,,0,,N,1,1,2,,,,,Y,N
781,cmc-0031,M-017,0,,,,,,,20141019,,,,,,,,,,0,,,,,,0,,,,,,,,,,0,,,,,,,,,,,,,,0,,,,,0,,,0,,,0,0,0,0,0,0,0,0,0,0,0,0,0,0,0,0,0,0,0,0,0,0,0,0,0,0,,,,,,,0,,N,1,1,2,,,,,Y,N
824,cmc-0031,M-017,0,,,,,,,20141021,,,,,,,,,,0,,,,,,0,,,,,,,,,,0,,,,,,,,,,,,,,0,,,,,0,,,0,,,0,0,0,0,0,0,0,0,0,0,0,0,0,0,0,0,0,0,0,0,0,0,0,0,0,0,,,,,,,0,,N,1,1,2,,,,,Y,N
876,cmc-0031,M-017,0,,,,,,,20141024,,,,,,,,,,0,,,,,,0,,,,,,,,,,0,,,,,,,,,,,,,,0,,,,,0,,,0,,,0,0,0,0,0,0,0,0,0,0,0,0,0,0,0,0,0,0,0,0,0,0,0,0,0,0,,,,,,,0,,N,1,1,2,,,,,Y,N
945,cmc-0031,M-017,0,,,,,,,20141027,,,,,,,,,,0,,,,,,0,,,,,,,,,,0,,,,,,,,,,,,,,0,,,,,0,,,0,,,0,0,0,0,0,0,0,0,0,0,0,0,0,0,0,0,0,0,0,0,0,0,0,0,0,0,,,,,,,0,,N,1,1,2,,,,,Y,N
1010,cmc-0031,M-017,0,,,,,,,20141029,,,,,,,,,,0,,,,,,0,,,,,,,,,,0,,,,,,,,,,,,,,0,,,,,0,,,0,,,0,0,0,0,0,0,0,0,0,0,0,0,0,0,0,0,0,0,0,0,0,0,0,0,0,0,,,,,,,0,,N,1,1,2,,,,,Y,N
1163,cmc-0031,M-017,0,,,,,,,20141105,,,,,,,,,,0,,,,,,0,,,,,,,,,,0,,,,,,,,,,,,,,0,,,,,0,,,0,,,0,0,0,0,0,0,0,0,0,0,0,0,0,0,0,0,0,0,0,0,0,0,0,0,0,0,,,,,,,0,,N,1,1,2,,,,,Y,N
1189,cmc-0031,M-017,0,,,,,,,20141106,,,,,,,,,,0,,,,,,0,,,,,,,,,,0,,,,,,,,,,,,,,0,,,,,0,,,0,,,0,0,0,0,0,0,0,0,0,0,0,0,0,0,0,0,0,0,0,0,0,0,0,0,0,0,,,,,,,0,,N,1,1,2,,,,,Y,N
1230,cmc-0031,M-017,0,,,,,,,20141107,,,,,,,,,,0,,,,,,0,,,,,,,,,,0,,,,,,,,,,,,,,0,,,,,0,,,0,,,0,0,0,0,0,0,0,0,0,0,0,0,0,0,0,0,0,0,0,0,0,0,0,0,0,0,,,,,,,0,,N,1,1,2,,,,,Y,N
1249,cmc-0031,M-017,0,,,,,,,20141108,,,,,,,,,,0,,,,,,0,,,,,,,,,,0,,,,,,,,,,,,,,0,,,,,0,,,0,,,0,0,0,0,0,0,0,0,0,0,0,0,0,0,0,0,0,0,0,0,0,0,0,0,0,0,,,,,,,0,,N,1,1,2,,,,,Y,N
1267,cmc-0031,M-017,0,,,,,,,20141109,,,,,,,,,,0,,,,,,0,,,,,,,,,,0,,,,,,,,,,,,,,0,,,,,0,,,0,,,0,0,0,0,0,0,0,0,0,0,0,0,0,0,0,0,0,0,0,0,0,0,0,0,0,0,,,,,,,0,,N,1,1,2,,,,,Y,N
1322,cmc-0031,M-017,0,,,,,,,20141111,,,,,,,,,,0,,,,,,0,,,,,,,,,,0,,,,,,,,,,,,,,0,,,,,0,,,0,,,0,0,0,0,0,0,0,0,0,0,0,0,0,0,0,0,0,0,0,0,0,0,0,0,0,0,,,,,,,0,,N,1,1,2,,,,,Y,N
3232,cmc-0031,M-017,0,,,,,,,20141124,,,,,,,,,,0,,,,,,0,,,,,,,,,,0,,,,,,,,,,,,,,0,,,,,0,,,0,,,0,0,0,0,0,0,0,0,0,0,0,0,0,0,0,0,0,0,0,0,0,0,0,0,0,0,,,,,,,0,,N,1,1,2,,,,,Y,N
1624,cmc-0031,M-017,0,,,,,,,20141125,,,,,,,,,,0,,,,,,0,,,,,,,,,,0,,,,,,,,,,,,,,0,,,,,0,,,0,,,0,0,0,0,0,0,0,0,0,0,0,0,0,0,0,0,0,0,0,0,0,0,0,0,0,0,,,,,,,0,,N,1,1,2,,,,,Y,N
1645,cmc-0031,M-017,0,,,,,,,20141126,,,,,,,,,,0,,,,,,0,,,,,,,,,,0,,,,,,,,,,,,,,0,,,,,0,,,0,,,0,0,0,0,0,0,0,0,0,0,0,0,0,0,0,0,0,0,0,0,0,0,0,0,0,0,,,,,,,0,,N,1,1,2,,,,,Y,N
1712,cmc-0031,M-017,0,,,,,,,20141202,,,,,,,,,,0,,,,,,0,,,,,,,,,,0,,,,,,,,,,,,,,0,,,,,0,,,0,,,0,0,0,0,0,0,0,0,0,0,0,0,0,0,0,0,0,0,0,0,0,0,0,0,0,0,,,,,,,0,,N,1,1,2,,,,,Y,N
1743,cmc-0031,M-017,0,,,,,,,20141203,,,,,,,,,,0,,,,,,0,,,,,,,,,,0,,,,,,,,,,,,,,0,,,,,0,,,0,,,0,0,0,0,0,0,0,0,0,0,0,0,0,0,0,0,0,0,0,0,0,0,0,0,0,0,,,,,,,0,,N,1,1,2,,,,,Y,N
1817,cmc-0031,M-017,0,,,,,,,20141208,,,,,,,,,,0,,,,,,0,,,,,,,,,,0,,,,,,,,,,,,,,0,,,,,0,,,0,,,0,0,0,0,0,0,0,0,0,0,0,0,0,0,0,0,0,0,0,0,0,0,0,0,0,0,,,,,,,0,,N,1,1,2,,,,,Y,N
1923,cmc-0031,M-017,0,,,,,,,20141211,,,,,,,,,,0,,,,,,0,,,,,,,,,,0,,,,,,,,,,,,,,0,,,,,0,,,0,,,0,0,0,0,0,0,0,0,0,0,0,0,0,0,0,0,0,0,0,0,0,0,0,0,0,0,,,,,,,0,,N,1,1,2,,,,,Y,N
2003,cmc-0031,M-017,0,,,,,,,20141215,,,,,,,,,,0,,,,,,0,,,,,,,,,,0,,,,,,,,,,,,,,0,,,,,0,,,0,,,0,0,0,0,0,0,0,0,0,0,0,0,0,0,0,0,0,0,0,0,0,0,0,0,0,0,,,,,,,0,,N,1,1,2,,,,,Y,N
2050,cmc-0031,M-017,0,,,,,,,20141217,,,,,,,,,,0,,,,,,0,,,,,,,,,,0,,,,,,,,,,,,,,0,,,,,0,,,0,,,0,0,0,0,0,0,0,0,0,0,0,0,0,0,0,0,0,0,0,0,0,0,0,0,0,0,,,,,,,0,,N,1,1,2,,,,,Y,N
2072,cmc-0031,M-017,0,,,,,,,20141218,,,,,,,,,,0,,,,,,0,,,,,,,,,,0,,,,,,,,,,,,,,0,,,,,0,,,0,,,0,0,0,0,0,0,0,0,0,0,0,0,0,0,0,0,0,0,0,0,0,0,0,0,0,0,,,,,,,0,,N,1,1,2,,,,,Y,N
2100,cmc-0031,M-017,0,,,,,,,20141220,,,,,,,,,,0,,,,,,0,,,,,,,,,,0,,,,,,,,,,,,,,0,,,,,0,,,0,,,0,0,0,0,0,0,0,0,0,0,0,0,0,0,0,0,0,0,0,0,0,0,0,0,0,0,,,,,,,0,,N,1,1,2,,,,,Y,N
2113,cmc-0031,M-017,0,,,,,,,20141221,,,,,,,,,,0,,,,,,0,,,,,,,,,,0,,,,,,,,,,,,,,0,,,,,0,,,0,,,0,0,0,0,0,0,0,0,0,0,0,0,0,0,0,0,0,0,0,0,0,0,0,0,0,0,,,,,,,0,,N,1,1,2,,,,,Y,N
2149,cmc-0031,M-017,0,,,,,,,20141222,,,,,,,,,,0,,,,,,0,,,,,,,,,,0,,,,,,,,,,,,,,0,,,,,0,,,0,,,0,0,0,0,0,0,0,0,0,0,0,0,0,0,0,0,0,0,0,0,0,0,0,0,0,0,,,,,,,0,,N,1,1,2,,,,,Y,N
2223,cmc-0031,M-017,0,,,,,,,20141225,,,,,,,,,,0,,,,,,0,,,,,,,,,,0,,,,,,,,,,,,,,0,,,,,0,,,0,,,0,0,0,0,0,0,0,0,0,0,0,0,0,0,0,0,0,0,0,0,0,0,0,0,0,0,,,,,,,0,,N,1,1,2,,,,,Y,N
2267,cmc-0031,M-017,0,,,,,,,20141227,,,,,,,,,,0,,,,,,0,,,,,,,,,,0,,,,,,,,,,,,,,0,,,,,0,,,0,,,0,0,0,0,0,0,0,0,0,0,0,0,0,0,0,0,0,0,0,0,0,0,0,0,0,0,,,,,,,0,,N,1,1,2,,,,,Y,N
2278,cmc-0031,M-017,0,,,,,,,20141228,,,,,,,,,,0,,,,,,0,,,,,,,,,,0,,,,,,,,,,,,,,0,,,,,0,,,0,,,0,0,0,0,0,0,0,0,0,0,0,0,0,0,0,0,0,0,0,0,0,0,0,0,0,0,,,,,,,0,,N,1,1,2,,,,,Y,N
3233,cmc-0031,M-017,0,,,,,,,20141229,,,,,,,,,,0,,,,,,0,,,,,,,,,,0,,,,,,,,,,,,,,0,,,,,0,,,0,,,0,0,0,0,0,0,0,0,0,0,0,0,0,0,0,0,0,0,0,0,0,0,0,0,0,0,,,,,,,0,,N,1,1,2,,,,,Y,N
3231,cmc-0031,M-017,0,,,,,,,20141230,,,,,,,,,,0,,,,,,0,,,,,,,,,,0,,,,,,,,,,,,,,0,,,,,0,,,0,,,0,0,0,0,0,0,0,0,0,0,0,0,0,0,0,0,0,0,0,0,0,0,0,0,0,0,,,,,,,0,,N,1,1,2,,,,,Y,N
2377,cmc-0031,M-017,0,,,,,,,20150101,,,,,,,,,,0,,,,,,0,,,,,,,,,,0,,,,,,,,,,,,,,0,,,,,0,,,0,,,0,0,0,0,0,0,0,0,0,0,0,0,0,0,0,0,0,0,0,0,0,0,0,0,0,0,,,,,,,0,,N,1,1,2,,,,,Y,N
3230,cmc-0031,M-017,0,,,,,,,20150102,,,,,,,,,,0,,,,,,0,,,,,,,,,,0,,,,,,,,,,,,,,0,,,,,0,,,0,,,0,0,0,0,0,0,0,0,0,0,0,0,0,0,0,0,0,0,0,0,0,0,0,0,0,0,,,,,,,0,,N,1,1,2,,,,,Y,N
2434,cmc-0031,M-017,0,,,,,,,20150103,,,,,,,,,,0,,,,,,0,,,,,,,,,,0,,,,,,,,,,,,,,0,,,,,0,,,0,,,0,0,0,0,0,0,0,0,0,0,0,0,0,0,0,0,0,0,0,0,0,0,0,0,0,0,,,,,,,0,,N,1,1,2,,,,,Y,N
2452,cmc-0031,M-017,0,,,,,,,20150104,,,,,,,,,,0,,,,,,0,,,,,,,,,,0,,,,,,,,,,,,,,0,,,,,0,,,0,,,0,0,0,0,0,0,0,0,0,0,0,0,0,0,0,0,0,0,0,0,0,0,0,0,0,0,,,,,,,0,,N,1,1,2,,,,,Y,N
3229,cmc-0031,M-017,0,,,,,,,20150105,,,,,,,,,,0,,,,,,0,,,,,,,,,,0,,,,,,,,,,,,,,0,,,,,0,,,0,,,0,0,0,0,0,0,0,0,0,0,0,0,0,0,0,0,0,0,0,0,0,0,0,0,0,0,,,,,,,0,,N,1,1,2,,,,,Y,N
3228,cmc-0031,M-017,0,,,,,,,20150106,,,,,,,,,,0,,,,,,0,,,,,,,,,,0,,,,,,,,,,,,,,0,,,,,0,,,0,,,0,0,0,0,0,0,0,0,0,0,0,0,0,0,0,0,0,0,0,0,0,0,0,0,0,0,,,,,,,0,,N,1,1,2,,,,,Y,N
3227,cmc-0031,M-017,0,,,,,,,20150107,,,,,,,,,,0,,,,,,0,,,,,,,,,,0,,,,,,,,,,,,,,0,,,,,0,,,0,,,0,0,0,0,0,0,0,0,0,0,0,0,0,0,0,0,0,0,0,0,0,0,0,0,0,0,,,,,,,0,,N,1,1,2,,,,,Y,N
2543,cmc-0031,M-017,0,,,,,,,20150108,,,,,,,,,,0,,,,,,0,,,,,,,,,,0,,,,,,,,,,,,,,0,,,,,0,,,0,,,0,0,0,0,0,0,0,0,0,0,0,0,0,0,0,0,0,0,0,0,0,0,0,0,0,0,,,,,,,0,,N,1,1,2,,,,,Y,N
2555,cmc-0031,M-017,0,,,,,,,20150109,,,,,,,,,,0,,,,,,0,,,,,,,,,,0,,,,,,,,,,,,,,0,,,,,0,,,0,,,0,0,0,0,0,0,0,0,0,0,0,0,0,0,0,0,0,0,0,0,0,0,0,0,0,0,,,,,,,0,,N,1,1,2,,,,,Y,N
2580,cmc-0031,M-017,0,,,,,,,20150110,,,,,,,,,,0,,,,,,0,,,,,,,,,,0,,,,,,,,,,,,,,0,,,,,0,,,0,,,0,0,0,0,0,0,0,0,0,0,0,0,0,0,0,0,0,0,0,0,0,0,0,0,0,0,,,,,,,0,,N,1,1,2,,,,,Y,N
2591,cmc-0031,M-017,0,,,,,,,20150111,,,,,,,,,,0,,,,,,0,,,,,,,,,,0,,,,,,,,,,,,,,0,,,,,0,,,0,,,0,0,0,0,0,0,0,0,0,0,0,0,0,0,0,0,0,0,0,0,0,0,0,0,0,0,,,,,,,0,,N,1,1,2,,,,,Y,N
2624,cmc-0031,M-017,0,,,,,,,20150112,,,,,,,,,,0,,,,,,0,,,,,,,,,,0,,,,,,,,,,,,,,0,,,,,0,,,0,,,0,0,0,0,0,0,0,0,0,0,0,0,0,0,0,0,0,0,0,0,0,0,0,0,0,0,,,,,,,0,,N,1,1,2,,,,,Y,N
3226,cmc-0031,M-017,0,,,,,,,20150113,,,,,,,,,,0,,,,,,0,,,,,,,,,,0,,,,,,,,,,,,,,0,,,,,0,,,0,,,0,0,0,0,0,0,0,0,0,0,0,0,0,0,0,0,0,0,0,0,0,0,0,0,0,0,,,,,,,0,,N,1,1,2,,,,,Y,N
2673,cmc-0031,M-017,0,,,,,,,20150114,,,,,,,,,,0,,,,,,0,,,,,,,,,,0,,,,,,,,,,,,,,0,,,,,0,,,0,,,0,0,0,0,0,0,0,0,0,0,0,0,0,0,0,0,0,0,0,0,0,0,0,0,0,0,,,,,,,0,,N,1,1,2,,,,,Y,N
2726,cmc-0031,M-017,0,,,,,,,20150116,,,,,,,,,,0,,,,,,0,,,,,,,,,,0,,,,,,,,,,,,,,0,,,,,0,,,0,,,0,0,0,0,0,0,0,0,0,0,0,0,0,0,0,0,0,0,0,0,0,0,0,0,0,0,,,,,,,0,,N,1,1,2,,,,,Y,N
2759,cmc-0031,M-017,0,,,,,,,20150117,,,,,,,,,,0,,,,,,0,,,,,,,,,,0,,,,,,,,,,,,,,0,,,,,0,,,0,,,0,0,0,0,0,0,0,0,0,0,0,0,0,0,0,0,0,0,0,0,0,0,0,0,0,0,,,,,,,0,,N,1,1,2,,,,,Y,N
2769,cmc-0031,M-017,0,,,,,,,20150118,,,,,,,,,,0,,,,,,0,,,,,,,,,,0,,,,,,,,,,,,,,0,,,,,0,,,0,,,0,0,0,0,0,0,0,0,0,0,0,0,0,0,0,0,0,0,0,0,0,0,0,0,0,0,,,,,,,0,,N,1,1,2,,,,,Y,N
2814,cmc-0031,M-017,0,,,,,,,20150120,,,,,,,,,,0,,,,,,0,,,,,,,,,,0,,,,,,,,,,,,,,0,,,,,0,,,0,,,0,0,0,0,0,0,0,0,0,0,0,0,0,0,0,0,0,0,0,0,0,0,0,0,0,0,,,,,,,0,,N,1,1,2,,,,,Y,N
3224,cmc-0031,M-017,0,,,,,,,20150122,,,,,,,,,,0,,,,,,0,,,,,,,,,,0,,,,,,,,,,,,,,0,,,,,0,,,0,,,0,0,0,0,0,0,0,0,0,0,0,0,0,0,0,0,0,0,0,0,0,0,0,0,0,0,,,,,,,0,,N,1,1,2,,,,,Y,N
3225,cmc-0031,M-017,0,,,,,,,20150124,,,,,,,,,,0,,,,,,0,,,,,,,,,,0,,,,,,,,,,,,,,0,,,,,0,,,0,,,0,0,0,0,0,0,0,0,0,0,0,0,0,0,0,0,0,0,0,0,0,0,0,0,0,0,,,,,,,0,,N,1,1,2,,,,,Y,N
2982,cmc-0031,M-017,0,,,,,,,20150126,,,,,,,,,,0,,,,,,0,,,,,,,,,,0,,,,,,,,,,,,,,0,,,,,0,,,0,,,0,0,0,0,0,0,0,0,0,0,0,0,0,0,0,0,0,0,0,0,0,0,0,0,0,0,,,,,,,0,,N,1,1,2,,,,,Y,N
3219,cmc-0031,M-017,0,,,,,,,20150127,,,,,,,,,,0,,,,,,0,,,,,,,,,,0,,,,,,,,,,,,,,0,,,,,0,,,0,,,0,0,0,0,0,0,0,0,0,0,0,0,0,0,0,0,0,0,0,0,0,0,0,0,0,0,,,,,,,0,,N,1,1,2,,,,,Y,N
3220,cmc-0031,M-017,0,,,,,,,20150128,,,,,,,,,,0,,,,,,0,,,,,,,,,,0,,,,,,,,,,,,,,0,,,,,0,,,0,,,0,0,0,0,0,0,0,0,0,0,0,0,0,0,0,0,0,0,0,0,0,0,0,0,0,0,,,,,,,0,,N,1,1,2,,,,,Y,N
3221,cmc-0031,M-017,0,,,,,,,20150129,,,,,,,,,,0,,,,,,0,,,,,,,,,,0,,,,,,,,,,,,,,0,,,,,0,,,0,,,0,0,0,0,0,0,0,0,0,0,0,0,0,0,0,0,0,0,0,0,0,0,0,0,0,0,,,,,,,0,,N,1,1,2,,,,,Y,N
3222,cmc-0031,M-017,0,,,,,,,20150130,,,,,,,,,,0,,,,,,0,,,,,,,,,,0,,,,,,,,,,,,,,0,,,,,0,,,0,,,0,0,0,0,0,0,0,0,0,0,0,0,0,0,0,0,0,0,0,0,0,0,0,0,0,0,,,,,,,0,,N,1,1,2,,,,,Y,N
3130,cmc-0031,M-017,0,,,,,,,20150131,,,,,,,,,,0,,,,,,0,,,,,,,,,,0,,,,,,,,,,,,,,0,,,,,0,,,0,,,0,0,0,0,0,0,0,0,0,0,0,0,0,0,0,0,0,0,0,0,0,0,0,0,0,0,,,,,,,0,,N,1,1,2,,,,,Y,N
3144,cmc-0031,M-017,0,,,,,,,20150201,,,,,,,,,,0,,,,,,0,,,,,,,,,,0,,,,,,,,,,,,,,0,,,,,0,,,0,,,0,0,0,0,0,0,0,0,0,0,0,0,0,0,0,0,0,0,0,0,0,0,0,0,0,0,,,,,,,0,,N,1,1,2,,,,,Y,N
3238,cmc-0031,M-017,0,,,,,,,20150203,,,,,,,,,,0,,,,,,0,,,,,,,,,,0,,,,,,,,,,,,,,0,,,,,0,,,0,,,0,0,0,0,0,0,0,0,0,0,0,0,0,0,0,0,0,0,0,0,0,0,0,0,0,0,,,,,,,0,,N,1,1,2,,,,,Y,N
254,cmc-0032,CM-005,0,,,,,,,20140920,,,,,,,,,,0,,,,,,0,,,,,,,,,,0,,,,,,,,,,,,,,0,,,,,0,,,0,,,0,0,0,0,0,0,0,0,0,0,0,0,0,0,0,0,0,0,0,0,0,0,0,0,0,0,,,,,,,0,,N,1,1,2,,,,,Y,N
255,cmc-0032,CM-005,0,,,,,,,20140921,,,,,,,,,,0,,,,,,0,,,,,,,,,,0,,,,,,,,,,,,,,0,,,,,0,,,0,,,0,0,0,0,0,0,0,0,0,0,0,0,0,0,0,0,0,0,0,0,0,0,0,0,0,0,,,,,,,0,,Y,1,1,2,1 hour 0 minutes,60,2 hours 0 minutes,120,Y,N
216,cmc-0033,CM-006,1,,,,,,,20140919,,,,,,,,,,0,,,,,,0,,,,,,,,,,0,,,,,,,,,,,,,,0,,,,,0,,,0,,,0,0,0,0,0,0,0,0,0,0,0,0,0,0,0,0,0,0,0,0,0,0,0,0,0,0,,,,,,,0,,N,1,1,2,,,,,Y,N
225,cmc-0033,CM-006,1,,,,,,,20140920,,,,,,,,,,0,,,,,,0,,,,,,,,,,0,,,,,,,,,,,,,,0,,,,,0,,,0,,,0,0,0,0,0,0,0,0,0,0,0,0,0,0,0,0,0,0,0,0,0,0,0,0,0,0,,,,,,,0,,N,1,1,2,,,,,Y,N
299,cmc-0033,CM-006,1,,,,,,,20140923,,,,,,,,,,0,,,,,,0,,,,,,,,,,0,,,,,,,,,,,,,,0,,,,,0,,,0,,,0,0,0,0,0,0,0,0,0,0,0,0,0,0,0,0,0,0,0,0,0,0,0,0,0,0,,,,,,,0,,N,1,1,2,,,,,Y,N
372,cmc-0033,CM-006,1,,,,,,,20140929,,,,,,,,,,0,,,,,,0,,,,,,,,,,0,,,,,,,,,,,,,,0,,,,,0,,,0,,,0,0,0,0,0,0,0,0,0,0,0,0,0,0,0,0,0,0,0,0,0,0,0,0,0,0,,,,,,,0,,Y,1,1,2,0 hours 30 minutes,30,0 hours 30 minutes,30,Y,N
417,cmc-0033,CM-006,1,,,,,,,20140930,,,,,,,,,,0,,,,,,0,,,,,,,,,,0,,,,,,,,,,,,,,0,,,,,0,,,0,,,0,0,0,0,0,0,0,0,0,0,0,0,0,0,0,0,0,0,0,0,0,0,0,0,0,0,,,,,,,0,,N,1,1,2,,,,,Y,N
416,cmc-0033,CM-006,1,,,,,,,20141001,,,,,,,,,,0,,,,,,0,,,,,,,,,,0,,,,,,,,,,,,,,0,,,,,0,,,0,,,0,0,0,0,0,0,0,0,0,0,0,0,0,0,0,0,0,0,0,0,0,0,0,0,0,0,,,,,,,0,,N,1,1,2,,,,,Y,N
481,cmc-0033,CM-006,1,,,,,,,20141003,,,,,,,,,,0,,,,,,0,,,,,,,,,,0,,,,,,,,,,,,,,0,,,,,0,,,0,,,0,0,0,0,0,0,0,0,0,0,0,0,0,0,0,0,0,0,0,0,0,0,0,0,0,0,,,,,,,0,,N,1,1,2,,,,,Y,N
480,cmc-0033,CM-006,1,,,,,,,20141005,,,,,,,,,,0,,,,,,0,,,,,,,,,,0,,,,,,,,,,,,,,0,,,,,0,,,0,,,0,0,0,0,0,0,0,0,0,0,0,0,0,0,0,0,0,0,0,0,0,0,0,0,0,0,,,,,,,0,,N,1,1,2,,,,,Y,N
581,cmc-0033,CM-006,1,,,,,,,20141008,,,,,,,,,,0,,,,,,0,,,,,,,,,,0,,,,,,,,,,,,,,0,,,,,0,,,0,,,0,0,0,0,0,0,0,0,0,0,0,0,0,0,0,0,0,0,0,0,0,0,0,0,0,0,,,,,,,0,,N,1,1,2,,,,,Y,N
597,cmc-0033,CM-006,1,,,,,,,20141009,,,,,,,,,,0,,,,,,0,,,,,,,,,,0,,,,,,,,,,,,,,0,,,,,0,,,0,,,0,0,0,0,0,0,0,0,0,0,0,0,0,0,0,0,0,0,0,0,0,0,0,0,0,0,,,,,,,0,,N,1,1,2,,,,,Y,N
626,cmc-0033,CM-006,1,,,,,,,20141011,,,,,,,,,,0,,,,,,0,,,,,,,,,,0,,,,,,,,,,,,,,0,,,,,0,,,0,,,0,0,0,0,0,0,0,0,0,0,0,0,0,0,0,0,0,0,0,0,0,0,0,0,0,0,,,,,,,0,,N,1,1,2,,,,,Y,N
693,cmc-0033,CM-006,1,,,,,,,20141012,,,,,,,,,,0,,,,,,0,,,,,,,,,,0,,,,,,,,,,,,,,0,,,,,0,,,0,,,0,0,0,0,0,0,0,0,0,0,0,0,0,0,0,0,0,0,0,0,0,0,0,0,0,0,,,,,,,0,,N,1,1,2,,,,,Y,N
691,cmc-0033,CM-006,1,,,,,,,20141014,,,,,,,,,,0,,,,,,0,,,,,,,,,,0,,,,,,,,,,,,,,0,,,,,0,,,0,,,0,0,0,0,0,0,0,0,0,0,0,0,0,0,0,0,0,0,0,0,0,0,0,0,0,0,,,,,,,0,,Y,1,1,2,1 hour 0 minutes,60,0 hours 30 minutes,30,Y,N
714,cmc-0033,CM-006,1,,,,,,,20141015,,,,,,,,,,0,,,,,,0,,,,,,,,,,0,,,,,,,,,,,,,,0,,,,,0,,,0,,,0,0,0,0,0,0,0,0,0,0,0,0,0,0,0,0,0,0,0,0,0,0,0,0,0,0,,,,,,,0,,N,1,1,2,,,,,Y,N
795,cmc-0033,CM-006,1,,,,,,,20141020,,,,,,,,,,0,,,,,,0,,,,,,,,,,0,,,,,,,,,,,,,,0,,,,,0,,,0,,,0,0,0,0,0,0,0,0,0,0,0,0,0,0,0,0,0,0,0,0,0,0,0,0,0,0,,,,,,,0,,N,1,1,2,,,,,Y,N
863,cmc-0033,CM-006,1,,,,,,,20141022,,,,,,,,,,0,,,,,,0,,,,,,,,,,0,,,,,,,,,,,,,,0,,,,,0,,,0,,,0,0,0,0,0,0,0,0,0,0,0,0,0,0,0,0,0,0,0,0,0,0,0,0,0,0,,,,,,,0,,N,1,1,2,,,,,Y,N
892,cmc-0033,CM-006,1,,,,,,,20141023,,,,,,,,,,0,,,,,,0,,,,,,,,,,0,,,,,,,,,,,,,,0,,,,,0,,,0,,,0,0,0,0,0,0,0,0,0,0,0,0,0,0,0,0,0,0,0,0,0,0,0,0,0,0,,,,,,,0,,N,1,1,2,,,,,Y,N
893,cmc-0033,CM-006,1,,,,,,,20141024,,,,,,,,,,0,,,,,,0,,,,,,,,,,0,,,,,,,,,,,,,,0,,,,,0,,,0,,,0,0,0,0,0,0,0,0,0,0,0,0,0,0,0,0,0,0,0,0,0,0,0,0,0,0,,,,,,,0,,N,1,1,2,,,,,Y,N
963,cmc-0033,CM-006,1,,,,,,,20141026,,,,,,,,,,0,,,,,,0,,,,,,,,,,0,,,,,,,,,,,,,,0,,,,,0,,,0,,,0,0,0,0,0,0,0,0,0,0,0,0,0,0,0,0,0,0,0,0,0,0,0,0,0,0,,,,,,,0,,N,1,1,2,,,,,Y,N
964,cmc-0033,CM-006,1,,,,,,,20141027,,,,,,,,,,0,,,,,,0,,,,,,,,,,0,,,,,,,,,,,,,,0,,,,,0,,,0,,,0,0,0,0,0,0,0,0,0,0,0,0,0,0,0,0,0,0,0,0,0,0,0,0,0,0,,,,,,,0,,N,1,1,2,,,,,Y,N
1035,cmc-0033,CM-006,1,,,,,,,20141030,,,,,,,,,,0,,,,,,0,,,,,,,,,,0,,,,,,,,,,,,,,0,,,,,0,,,0,,,0,0,0,0,0,0,0,0,0,0,0,0,0,0,0,0,0,0,0,0,0,0,0,0,0,0,,,,,,,0,,N,1,1,2,,,,,Y,N
1190,cmc-0033,CM-006,1,,,,,,,20141102,,,,,,,,,,0,,,,,,0,,,,,,,,,,0,,,,,,,,,,,,,,0,,,,,0,,,0,,,0,0,0,0,0,0,0,0,0,0,0,0,0,0,0,0,0,0,0,0,0,0,0,0,0,0,,,,,,,0,,N,1,1,2,,,,,Y,N
1191,cmc-0033,CM-006,1,,,,,,,20141103,,,,,,,,,,0,,,,,,0,,,,,,,,,,0,,,,,,,,,,,,,,0,,,,,0,,,0,,,0,0,0,0,0,0,0,0,0,0,0,0,0,0,0,0,0,0,0,0,0,0,0,0,0,0,,,,,,,0,,N,1,1,2,,,,,Y,N
1193,cmc-0033,CM-006,1,,,,,,,20141105,,,,,,,,,,0,,,,,,0,,,,,,,,,,0,,,,,,,,,,,,,,0,,,,,0,,,0,,,0,0,0,0,0,0,0,0,0,0,0,0,0,0,0,0,0,0,0,0,0,0,0,0,0,0,,,,,,,0,,N,1,1,2,,,,,Y,N
1259,cmc-0033,CM-006,1,,,,,,,20141107,,,,,,,,,,0,,,,,,0,,,,,,,,,,0,,,,,,,,,,,,,,0,,,,,0,,,0,,,0,0,0,0,0,0,0,0,0,0,0,0,0,0,0,0,0,0,0,0,0,0,0,0,0,0,,,,,,,0,,N,1,1,2,,,,,Y,N
1260,cmc-0033,CM-006,1,,,,,,,20141108,,,,,,,,,,0,,,,,,0,,,,,,,,,,0,,,,,,,,,,,,,,0,,,,,0,,,0,,,0,0,0,0,0,0,0,0,0,0,0,0,0,0,0,0,0,0,0,0,0,0,0,0,0,0,,,,,,,0,,N,1,1,2,,,,,Y,N
1428,cmc-0033,CM-006,1,,,,,,,20141113,,,,,,,,,,0,,,,,,0,,,,,,,,,,0,,,,,,,,,,,,,,0,,,,,0,,,0,,,0,0,0,0,0,0,0,0,0,0,0,0,0,0,0,0,0,0,0,0,0,0,0,0,0,0,,,,,,,0,,N,1,1,2,,,,,Y,N
1429,cmc-0033,CM-006,1,,,,,,,20141114,,,,,,,,,,0,,,,,,0,,,,,,,,,,0,,,,,,,,,,,,,,0,,,,,0,,,0,,,0,0,0,0,0,0,0,0,0,0,0,0,0,0,0,0,0,0,0,0,0,0,0,0,0,0,,,,,,,0,,N,1,1,2,,,,,Y,N
1430,cmc-0033,CM-006,1,,,,,,,20141115,,,,,,,,,,0,,,,,,0,,,,,,,,,,0,,,,,,,,,,,,,,0,,,,,0,,,0,,,0,0,0,0,0,0,0,0,0,0,0,0,0,0,0,0,0,0,0,0,0,0,0,0,0,0,,,,,,,0,,N,1,1,2,,,,,Y,N
1554,cmc-0033,CM-006,1,,,,,,,20141116,,,,,,,,,,0,,,,,,0,,,,,,,,,,0,,,,,,,,,,,,,,0,,,,,0,,,0,,,0,0,0,0,0,0,0,0,0,0,0,0,0,0,0,0,0,0,0,0,0,0,0,0,0,0,,,,,,,0,,N,1,1,2,,,,,Y,N
1555,cmc-0033,CM-006,1,,,,,,,20141117,,,,,,,,,,0,,,,,,0,,,,,,,,,,0,,,,,,,,,,,,,,0,,,,,0,,,0,,,0,0,0,0,0,0,0,0,0,0,0,0,0,0,0,0,0,0,0,0,0,0,0,0,0,0,,,,,,,0,,N,1,1,2,,,,,Y,N
1556,cmc-0033,CM-006,1,,,,,,,20141118,,,,,,,,,,0,,,,,,0,,,,,,,,,,0,,,,,,,,,,,,,,0,,,,,0,,,0,,,0,0,0,0,0,0,0,0,0,0,0,0,0,0,0,0,0,0,0,0,0,0,0,0,0,0,,,,,,,0,,N,1,1,2,,,,,Y,N
1559,cmc-0033,CM-006,1,,,,,,,20141121,,,,,,,,,,0,,,,,,0,,,,,,,,,,0,,,,,,,,,,,,,,0,,,,,0,,,0,,,0,0,0,0,0,0,0,0,0,0,0,0,0,0,0,0,0,0,0,0,0,0,0,0,0,0,,,,,,,0,,N,1,1,2,,,,,Y,N
1662,cmc-0033,CM-006,1,,,,,,,20141127,,,,,,,,,,0,,,,,,0,,,,,,,,,,0,,,,,,,,,,,,,,0,,,,,0,,,0,,,0,0,0,0,0,0,0,0,0,0,0,0,0,0,0,0,0,0,0,0,0,0,0,0,0,0,,,,,,,0,,N,1,1,2,,,,,Y,N
1661,cmc-0033,CM-006,1,,,,,,,20141128,,,,,,,,,,0,,,,,,0,,,,,,,,,,0,,,,,,,,,,,,,,0,,,,,0,,,0,,,0,0,0,0,0,0,0,0,0,0,0,0,0,0,0,0,0,0,0,0,0,0,0,0,0,0,,,,,,,0,,N,1,1,2,,,,,Y,N
1682,cmc-0033,CM-006,1,,,,,,,20141129,,,,,,,,,,0,,,,,,0,,,,,,,,,,0,,,,,,,,,,,,,,0,,,,,0,,,0,,,0,0,0,0,0,0,0,0,0,0,0,0,0,0,0,0,0,0,0,0,0,0,0,0,0,0,,,,,,,0,,N,1,1,2,,,,,Y,N
1741,cmc-0033,CM-006,1,,,,,,,20141201,,,,,,,,,,0,,,,,,0,,,,,,,,,,0,,,,,,,,,,,,,,0,,,,,0,,,0,,,0,0,0,0,0,0,0,0,0,0,0,0,0,0,0,0,0,0,0,0,0,0,0,0,0,0,,,,,,,0,,N,1,1,2,,,,,Y,N
1739,cmc-0033,CM-006,1,,,,,,,20141203,,,,,,,,,,0,,,,,,0,,,,,,,,,,0,,,,,,,,,,,,,,0,,,,,0,,,0,,,0,0,0,0,0,0,0,0,0,0,0,0,0,0,0,0,0,0,0,0,0,0,0,0,0,0,,,,,,,0,,N,1,1,2,,,,,Y,N
1801,cmc-0033,CM-006,1,,,,,,,20141204,,,,,,,,,,0,,,,,,0,,,,,,,,,,0,,,,,,,,,,,,,,0,,,,,0,,,0,,,0,0,0,0,0,0,0,0,0,0,0,0,0,0,0,0,0,0,0,0,0,0,0,0,0,0,,,,,,,0,,N,1,1,2,,,,,Y,N
1802,cmc-0033,CM-006,1,,,,,,,20141205,,,,,,,,,,0,,,,,,0,,,,,,,,,,0,,,,,,,,,,,,,,0,,,,,0,,,0,,,0,0,0,0,0,0,0,0,0,0,0,0,0,0,0,0,0,0,0,0,0,0,0,0,0,0,,,,,,,0,,N,1,1,2,,,,,Y,N
1803,cmc-0033,CM-006,1,,,,,,,20141206,,,,,,,,,,0,,,,,,0,,,,,,,,,,0,,,,,,,,,,,,,,0,,,,,0,,,0,,,0,0,0,0,0,0,0,0,0,0,0,0,0,0,0,0,0,0,0,0,0,0,0,0,0,0,,,,,,,0,,N,1,1,2,,,,,Y,N
1804,cmc-0033,CM-006,1,,,,,,,20141208,,,,,,,,,,0,,,,,,0,,,,,,,,,,0,,,,,,,,,,,,,,0,,,,,0,,,0,,,0,0,0,0,0,0,0,0,0,0,0,0,0,0,0,0,0,0,0,0,0,0,0,0,0,0,,,,,,,0,,N,1,1,2,,,,,Y,N
1953,cmc-0033,CM-006,1,,,,,,,20141210,,,,,,,,,,0,,,,,,0,,,,,,,,,,0,,,,,,,,,,,,,,0,,,,,0,,,0,,,0,0,0,0,0,0,0,0,0,0,0,0,0,0,0,0,0,0,0,0,0,0,0,0,0,0,,,,,,,0,,N,1,1,2,,,,,Y,N
1954,cmc-0033,CM-006,1,,,,,,,20141211,,,,,,,,,,0,,,,,,0,,,,,,,,,,0,,,,,,,,,,,,,,0,,,,,0,,,0,,,0,0,0,0,0,0,0,0,0,0,0,0,0,0,0,0,0,0,0,0,0,0,0,0,0,0,,,,,,,0,,N,1,1,2,,,,,Y,N
1970,cmc-0033,CM-006,1,,,,,,,20141214,,,,,,,,,,0,,,,,,0,,,,,,,,,,0,,,,,,,,,,,,,,0,,,,,0,,,0,,,0,0,0,0,0,0,0,0,0,0,0,0,0,0,0,0,0,0,0,0,0,0,0,0,0,0,,,,,,,0,,N,1,1,2,,,,,Y,N
1253,cmc-0042,M-026,0,,,,,,,20141108,,,,,,,,,,0,,,,,,0,,,,,,,,,,0,,,,,,,,,,,,,,0,,,,,0,,,0,,,0,0,0,0,0,0,0,0,0,0,0,0,0,0,0,0,0,0,0,0,0,0,0,0,0,0,,,,,,,0,,N,1,1,2,,,,,Y,N
1632,cmc-0042,M-026,0,,,,,,,20141121,,,,,,,,,,0,,,,,,0,,,,,,,,,,0,,,,,,,,,,,,,,0,,,,,0,,,0,,,0,0,0,0,0,0,0,0,0,0,0,0,0,0,0,0,0,0,0,0,0,0,0,0,0,0,,,,,,,0,,N,1,1,2,,,,,Y,N
1631,cmc-0042,M-026,0,,,,,,,20141125,,,,,,,,,,0,,,,,,0,,,,,,,,,,0,,,,,,,,,,,,,,0,,,,,0,,,0,,,0,0,0,0,0,0,0,0,0,0,0,0,0,0,0,0,0,0,0,0,0,0,0,0,0,0,,,,,,,0,,N,1,1,2,,,,,Y,N
1650,cmc-0042,M-026,0,,,,,,,20141126,,,,,,,,,,0,,,,,,0,,,,,,,,,,0,,,,,,,,,,,,,,0,,,,,0,,,0,,,0,0,0,0,0,0,0,0,0,0,0,0,0,0,0,0,0,0,0,0,0,0,0,0,0,0,,,,,,,0,,N,1,1,2,,,,,Y,N
1979,cmc-0042,M-026,0,,,,,,,20141214,,,,,,,,,,0,,,,,,0,,,,,,,,,,0,,,,,,,,,,,,,,0,,,,,0,,,0,,,0,0,0,0,0,0,0,0,0,0,0,0,0,0,0,0,0,0,0,0,0,0,0,0,0,0,,,,,,,0,,N,1,1,2,,,,,Y,N
2229,cmc-0042,M-026,0,,,,,,,20141225,,,,,,,,,,0,,,,,,0,,,,,,,,,,0,,,,,,,,,,,,,,0,,,,,0,,,0,,,0,0,0,0,0,0,0,0,0,0,0,0,0,0,0,0,0,0,0,0,0,0,0,0,0,0,,,,,,,0,,N,1,1,2,,,,,Y,N
2332,cmc-0042,M-026,0,,,,,,,20141228,,,,,,,,,,0,,,,,,0,,,,,,,,,,0,,,,,,,,,,,,,,0,,,,,0,,,0,,,0,0,0,0,0,0,0,0,0,0,0,0,0,0,0,0,0,0,0,0,0,0,0,0,0,0,,,,,,,0,,N,1,1,2,,,,,Y,N
2331,cmc-0042,M-026,0,,,,,,,20141230,,,,,,,,,,0,,,,,,0,,,,,,,,,,0,,,,,,,,,,,,,,0,,,,,0,,,0,,,0,0,0,0,0,0,0,0,0,0,0,0,0,0,0,0,0,0,0,0,0,0,0,0,0,0,,,,,,,0,,N,1,1,2,,,,,Y,N
4976,cmc-0042,M-026,0,,,,,,,20150101,,,,,,,,,,0,,,,,,0,,,,,,,,,,0,,,,,,,,,,,,,,0,,,,,0,,,0,,,0,0,0,0,0,0,0,0,0,0,0,0,0,0,0,0,0,0,0,0,0,0,0,0,0,0,,,,,,,0,,N,1,1,2,,,,,Y,N
4977,cmc-0042,M-026,0,,,,,,,20150102,,,,,,,,,,0,,,,,,0,,,,,,,,,,0,,,,,,,,,,,,,,0,,,,,0,,,0,,,0,0,0,0,0,0,0,0,0,0,0,0,0,0,0,0,0,0,0,0,0,0,0,0,0,0,,,,,,,0,,N,1,1,2,,,,,Y,N
4978,cmc-0042,M-026,0,,,,,,,20150103,,,,,,,,,,0,,,,,,0,,,,,,,,,,0,,,,,,,,,,,,,,0,,,,,0,,,0,,,0,0,0,0,0,0,0,0,0,0,0,0,0,0,0,0,0,0,0,0,0,0,0,0,0,0,,,,,,,0,,N,1,1,2,,,,,Y,N
4979,cmc-0042,M-026,0,,,,,,,20150104,,,,,,,,,,0,,,,,,0,,,,,,,,,,0,,,,,,,,,,,,,,0,,,,,0,,,0,,,0,0,0,0,0,0,0,0,0,0,0,0,0,0,0,0,0,0,0,0,0,0,0,0,0,0,,,,,,,0,,N,1,1,2,,,,,Y,N
4980,cmc-0042,M-026,0,,,,,,,20150105,,,,,,,,,,0,,,,,,0,,,,,,,,,,0,,,,,,,,,,,,,,0,,,,,0,,,0,,,0,0,0,0,0,0,0,0,0,0,0,0,0,0,0,0,0,0,0,0,0,0,0,0,0,0,,,,,,,0,,N,1,1,2,,,,,Y,N
4981,cmc-0042,M-026,0,,,,,,,20150106,,,,,,,,,,0,,,,,,0,,,,,,,,,,0,,,,,,,,,,,,,,0,,,,,0,,,0,,,0,0,0,0,0,0,0,0,0,0,0,0,0,0,0,0,0,0,0,0,0,0,0,0,0,0,,,,,,,0,,N,1,1,2,,,,,Y,N
4982,cmc-0042,M-026,0,,,,,,,20150107,,,,,,,,,,0,,,,,,0,,,,,,,,,,0,,,,,,,,,,,,,,0,,,,,0,,,0,,,0,0,0,0,0,0,0,0,0,0,0,0,0,0,0,0,0,0,0,0,0,0,0,0,0,0,,,,,,,0,,N,1,1,2,,,,,Y,N
4983,cmc-0042,M-026,0,,,,,,,20150108,,,,,,,,,,0,,,,,,0,,,,,,,,,,0,,,,,,,,,,,,,,0,,,,,0,,,0,,,0,0,0,0,0,0,0,0,0,0,0,0,0,0,0,0,0,0,0,0,0,0,0,0,0,0,,,,,,,0,,N,1,1,2,,,,,Y,N
4984,cmc-0042,M-026,0,,,,,,,20150109,,,,,,,,,,0,,,,,,0,,,,,,,,,,0,,,,,,,,,,,,,,0,,,,,0,,,0,,,0,0,0,0,0,0,0,0,0,0,0,0,0,0,0,0,0,0,0,0,0,0,0,0,0,0,,,,,,,0,,N,1,1,2,,,,,Y,N
4985,cmc-0042,M-026,0,,,,,,,20150110,,,,,,,,,,0,,,,,,0,,,,,,,,,,0,,,,,,,,,,,,,,0,,,,,0,,,0,,,0,0,0,0,0,0,0,0,0,0,0,0,0,0,0,0,0,0,0,0,0,0,0,0,0,0,,,,,,,0,,N,1,1,2,,,,,Y,N
4986,cmc-0042,M-026,0,,,,,,,20150111,,,,,,,,,,0,,,,,,0,,,,,,,,,,0,,,,,,,,,,,,,,0,,,,,0,,,0,,,0,0,0,0,0,0,0,0,0,0,0,0,0,0,0,0,0,0,0,0,0,0,0,0,0,0,,,,,,,0,,N,1,1,2,,,,,Y,N
4987,cmc-0042,M-026,0,,,,,,,20150112,,,,,,,,,,0,,,,,,0,,,,,,,,,,0,,,,,,,,,,,,,,0,,,,,0,,,0,,,0,0,0,0,0,0,0,0,0,0,0,0,0,0,0,0,0,0,0,0,0,0,0,0,0,0,,,,,,,0,,N,1,1,2,,,,,Y,N
4988,cmc-0042,M-026,0,,,,,,,20150113,,,,,,,,,,0,,,,,,0,,,,,,,,,,0,,,,,,,,,,,,,,0,,,,,0,,,0,,,0,0,0,0,0,0,0,0,0,0,0,0,0,0,0,0,0,0,0,0,0,0,0,0,0,0,,,,,,,0,,N,1,1,2,,,,,Y,N
1219,cmc-0046,M-030,1,,,,,,,20141106,,,,,,,,,,0,,,,,,0,,,,,,,,,,0,,,,,,,,,,,,,,0,,,,,0,,,0,,,0,0,0,0,0,0,0,0,0,0,0,0,0,0,0,0,0,0,0,0,0,0,0,0,0,0,,,,,,,0,,N,1,1,2,,,,,Y,N
1511,cmc-0046,M-030,1,,,,,,,20141108,,,,,,,,,,0,,,,,,0,,,,,,,,,,0,,,,,,,,,,,,,,0,,,,,0,,,0,,,0,0,0,0,0,0,0,0,0,0,0,0,0,0,0,0,0,0,0,0,0,0,0,0,0,0,,,,,,,0,,N,1,1,2,,,,,Y,N
1512,cmc-0046,M-030,1,,,,,,,20141109,,,,,,,,,,0,,,,,,0,,,,,,,,,,0,,,,,,,,,,,,,,0,,,,,0,,,0,,,0,0,0,0,0,0,0,0,0,0,0,0,0,0,0,0,0,0,0,0,0,0,0,0,0,0,,,,,,,0,,N,1,1,2,,,,,Y,N
2053,cmc-0046,M-030,1,,,,,,,20141217,,,,,,,,,,0,,,,,,0,,,,,,,,,,0,,,,,,,,,,,,,,0,,,,,0,,,0,,,0,0,0,0,0,0,0,0,0,0,0,0,0,0,0,0,0,0,0,0,0,0,0,0,0,0,,,,,,,0,,N,1,1,2,,,,,Y,N
2079,cmc-0046,M-030,1,,,,,,,20141218,,,,,,,,,,0,,,,,,0,,,,,,,,,,0,,,,,,,,,,,,,,0,,,,,0,,,0,,,0,0,0,0,0,0,0,0,0,0,0,0,0,0,0,0,0,0,0,0,0,0,0,0,0,0,,,,,,,0,,N,1,1,2,,,,,Y,N
2078,cmc-0046,M-030,1,,,,,,,20141219,,,,,,,,,,0,,,,,,0,,,,,,,,,,0,,,,,,,,,,,,,,0,,,,,0,,,0,,,0,0,0,0,0,0,0,0,0,0,0,0,0,0,0,0,0,0,0,0,0,0,0,0,0,0,,,,,,,0,,N,1,1,2,,,,,Y,N
2143,cmc-0046,M-030,1,,,,,,,20141220,,,,,,,,,,0,,,,,,0,,,,,,,,,,0,,,,,,,,,,,,,,0,,,,,0,,,0,,,0,0,0,0,0,0,0,0,0,0,0,0,0,0,0,0,0,0,0,0,0,0,0,0,0,0,,,,,,,0,,N,1,1,2,,,,,Y,N
2144,cmc-0046,M-030,1,,,,,,,20141221,,,,,,,,,,0,,,,,,0,,,,,,,,,,0,,,,,,,,,,,,,,0,,,,,0,,,0,,,0,0,0,0,0,0,0,0,0,0,0,0,0,0,0,0,0,0,0,0,0,0,0,0,0,0,,,,,,,0,,N,1,1,2,,,,,Y,N
2145,cmc-0046,M-030,1,,,,,,,20141222,,,,,,,,,,0,,,,,,0,,,,,,,,,,0,,,,,,,,,,,,,,0,,,,,0,,,0,,,0,0,0,0,0,0,0,0,0,0,0,0,0,0,0,0,0,0,0,0,0,0,0,0,0,0,,,,,,,0,,N,1,1,2,,,,,Y,N
2217,cmc-0046,M-030,1,,,,,,,20141224,,,,,,,,,,0,,,,,,0,,,,,,,,,,0,,,,,,,,,,,,,,0,,,,,0,,,0,,,0,0,0,0,0,0,0,0,0,0,0,0,0,0,0,0,0,0,0,0,0,0,0,0,0,0,,,,,,,0,,N,1,1,2,,,,,Y,N
2286,cmc-0046,M-030,1,,,,,,,20141228,,,,,,,,,,0,,,,,,0,,,,,,,,,,0,,,,,,,,,,,,,,0,,,,,0,,,0,,,0,0,0,0,0,0,0,0,0,0,0,0,0,0,0,0,0,0,0,0,0,0,0,0,0,0,,,,,,,0,,N,1,1,2,,,,,Y,N
2391,cmc-0046,M-030,1,,,,,,,20141231,,,,,,,,,,0,,,,,,0,,,,,,,,,,0,,,,,,,,,,,,,,0,,,,,0,,,0,,,0,0,0,0,0,0,0,0,0,0,0,0,0,0,0,0,0,0,0,0,0,0,0,0,0,0,,,,,,,0,,N,1,1,2,,,,,Y,N
2491,cmc-0046,M-030,1,,,,,,,20150104,,,,,,,,,,0,,,,,,0,,,,,,,,,,0,,,,,,,,,,,,,,0,,,,,0,,,0,,,0,0,0,0,0,0,0,0,0,0,0,0,0,0,0,0,0,0,0,0,0,0,0,0,0,0,,,,,,,0,,N,1,1,2,,,,,Y,N
2659,cmc-0046,M-030,1,,,,,,,20150109,,,,,,,,,,0,,,,,,0,,,,,,,,,,0,,,,,,,,,,,,,,0,,,,,0,,,0,,,0,0,0,0,0,0,0,0,0,0,0,0,0,0,0,0,0,0,0,0,0,0,0,0,0,0,,,,,,,0,,N,1,1,2,,,,,Y,N
2612,cmc-0046,M-030,1,,,,,,,20150111,,,,,,,,,,0,,,,,,0,,,,,,,,,,0,,,,,,,,,,,,,,0,,,,,0,,,0,,,0,0,0,0,0,0,0,0,0,0,0,0,0,0,0,0,0,0,0,0,0,0,0,0,0,0,,,,,,,0,,N,1,1,2,,,,,Y,N
2611,cmc-0046,M-030,1,,,,,,,20150112,,,,,,,,,,0,,,,,,0,,,,,,,,,,0,,,,,,,,,,,,,,0,,,,,0,,,0,,,0,0,0,0,0,0,0,0,0,0,0,0,0,0,0,0,0,0,0,0,0,0,0,0,0,0,,,,,,,0,,N,1,1,2,,,,,Y,N
2658,cmc-0046,M-030,1,,,,,,,20150113,,,,,,,,,,0,,,,,,0,,,,,,,,,,0,,,,,,,,,,,,,,0,,,,,0,,,0,,,0,0,0,0,0,0,0,0,0,0,0,0,0,0,0,0,0,0,0,0,0,0,0,0,0,0,,,,,,,0,,N,1,1,2,,,,,Y,N
2792,cmc-0046,M-030,1,,,,,,,20150119,,,,,,,,,,0,,,,,,0,,,,,,,,,,0,,,,,,,,,,,,,,0,,,,,0,,,0,,,0,0,0,0,0,0,0,0,0,0,0,0,0,0,0,0,0,0,0,0,0,0,0,0,0,0,,,,,,,0,,N,1,1,2,,,,,Y,N
2884,cmc-0046,M-030,1,,,,,,,20150120,,,,,,,,,,0,,,,,,0,,,,,,,,,,0,,,,,,,,,,,,,,0,,,,,0,,,0,,,0,0,0,0,0,0,0,0,0,0,0,0,0,0,0,0,0,0,0,0,0,0,0,0,0,0,,,,,,,0,,N,1,1,2,,,,,Y,N
2883,cmc-0046,M-030,1,,,,,,,20150121,,,,,,,,,,0,,,,,,0,,,,,,,,,,0,,,,,,,,,,,,,,0,,,,,0,,,0,,,0,0,0,0,0,0,0,0,0,0,0,0,0,0,0,0,0,0,0,0,0,0,0,0,0,0,,,,,,,0,,N,1,1,2,,,,,Y,N
2927,cmc-0046,M-030,1,,,,,,,20150122,,,,,,,,,,0,,,,,,0,,,,,,,,,,0,,,,,,,,,,,,,,0,,,,,0,,,0,,,0,0,0,0,0,0,0,0,0,0,0,0,0,0,0,0,0,0,0,0,0,0,0,0,0,0,,,,,,,0,,N,1,1,2,,,,,Y,N
2965,cmc-0046,M-030,1,,,,,,,20150124,,,,,,,,,,0,,,,,,0,,,,,,,,,,0,,,,,,,,,,,,,,0,,,,,0,,,0,,,0,0,0,0,0,0,0,0,0,0,0,0,0,0,0,0,0,0,0,0,0,0,0,0,0,0,,,,,,,0,,N,1,1,2,,,,,Y,N
3060,cmc-0046,M-030,1,,,,,,,20150127,,,,,,,,,,0,,,,,,0,,,,,,,,,,0,,,,,,,,,,,,,,0,,,,,0,,,0,,,0,0,0,0,0,0,0,0,0,0,0,0,0,0,0,0,0,0,0,0,0,0,0,0,0,0,,,,,,,0,,N,1,1,2,,,,,Y,N
1393,cmc-0048,M-032,1,,,,,,,20141113,,,,,,,,,,0,,,,,,0,,,,,,,,,,0,,,,,,,,,,,,,,0,,,,,0,,,0,,,0,0,0,0,0,0,0,0,0,0,0,0,0,0,0,0,0,0,0,0,0,0,0,0,0,0,,,,,,,0,,N,1,1,2,,,,,Y,N
1162,cmc-0049,M-033,0,,,,,,,20141105,,,,,,,,,,0,,,,,,0,,,,,,,,,,0,,,,,,,,,,,,,,0,,,,,0,,,0,,,0,0,0,0,0,0,0,0,0,0,0,0,0,0,0,0,0,0,0,0,0,0,0,0,0,0,,,,,,,0,,N,1,1,2,,,,,Y,N
1262,cmc-0049,M-033,0,,,,,,,20141109,,,,,,,,,,0,,,,,,0,,,,,,,,,,0,,,,,,,,,,,,,,0,,,,,0,,,0,,,0,0,0,0,0,0,0,0,0,0,0,0,0,0,0,0,0,0,0,0,0,0,0,0,0,0,,,,,,,0,,N,1,1,2,,,,,Y,N
1324,cmc-0049,M-033,0,,,,,,,20141111,,,,,,,,,,0,,,,,,0,,,,,,,,,,0,,,,,,,,,,,,,,0,,,,,0,,,0,,,0,0,0,0,0,0,0,0,0,0,0,0,0,0,0,0,0,0,0,0,0,0,0,0,0,0,,,,,,,0,,N,1,1,2,,,,,Y,N
1436,cmc-0049,M-033,0,,,,,,,20141116,,,,,,,,,,0,,,,,,0,,,,,,,,,,0,,,,,,,,,,,,,,0,,,,,0,,,0,,,0,0,0,0,0,0,0,0,0,0,0,0,0,0,0,0,0,0,0,0,0,0,0,0,0,0,,,,,,,0,,N,1,1,2,,,,,Y,N
1498,cmc-0049,M-033,0,,,,,,,20141118,,,,,,,,,,0,,,,,,0,,,,,,,,,,0,,,,,,,,,,,,,,0,,,,,0,,,0,,,0,0,0,0,0,0,0,0,0,0,0,0,0,0,0,0,0,0,0,0,0,0,0,0,0,0,,,,,,,0,,N,1,1,2,,,,,Y,N
1515,cmc-0049,M-033,0,,,,,,,20141119,,,,,,,,,,0,,,,,,0,,,,,,,,,,0,,,,,,,,,,,,,,0,,,,,0,,,0,,,0,0,0,0,0,0,0,0,0,0,0,0,0,0,0,0,0,0,0,0,0,0,0,0,0,0,,,,,,,0,,N,1,1,2,,,,,Y,N
1570,cmc-0049,M-033,0,,,,,,,20141123,,,,,,,,,,0,,,,,,0,,,,,,,,,,0,,,,,,,,,,,,,,0,,,,,0,,,0,,,0,0,0,0,0,0,0,0,0,0,0,0,0,0,0,0,0,0,0,0,0,0,0,0,0,0,,,,,,,0,,N,1,1,2,,,,,Y,N
1623,cmc-0049,M-033,0,,,,,,,20141125,,,,,,,,,,0,,,,,,0,,,,,,,,,,0,,,,,,,,,,,,,,0,,,,,0,,,0,,,0,0,0,0,0,0,0,0,0,0,0,0,0,0,0,0,0,0,0,0,0,0,0,0,0,0,,,,,,,0,,N,1,1,2,,,,,Y,N
1660,cmc-0049,M-033,0,,,,,,,20141127,,,,,,,,,,0,,,,,,0,,,,,,,,,,0,,,,,,,,,,,,,,0,,,,,0,,,0,,,0,0,0,0,0,0,0,0,0,0,0,0,0,0,0,0,0,0,0,0,0,0,0,0,0,0,,,,,,,0,,N,1,1,2,,,,,Y,N
1914,cmc-0049,M-033,0,,,,,,,20141210,,,,,,,,,,0,,,,,,0,,,,,,,,,,0,,,,,,,,,,,,,,0,,,,,0,,,0,,,0,0,0,0,0,0,0,0,0,0,0,0,0,0,0,0,0,0,0,0,0,0,0,0,0,0,,,,,,,0,,N,1,1,2,,,,,Y,N
1947,cmc-0049,M-033,0,,,,,,,20141212,,,,,,,,,,0,,,,,,0,,,,,,,,,,0,,,,,,,,,,,,,,0,,,,,0,,,0,,,0,0,0,0,0,0,0,0,0,0,0,0,0,0,0,0,0,0,0,0,0,0,0,0,0,0,,,,,,,0,,N,1,1,2,,,,,Y,N
1969,cmc-0049,M-033,0,,,,,,,20141214,,,,,,,,,,0,,,,,,0,,,,,,,,,,0,,,,,,,,,,,,,,0,,,,,0,,,0,,,0,0,0,0,0,0,0,0,0,0,0,0,0,0,0,0,0,0,0,0,0,0,0,0,0,0,,,,,,,0,,N,1,1,2,,,,,Y,N
2006,cmc-0049,M-033,0,,,,,,,20141215,,,,,,,,,,0,,,,,,0,,,,,,,,,,0,,,,,,,,,,,,,,0,,,,,0,,,0,,,0,0,0,0,0,0,0,0,0,0,0,0,0,0,0,0,0,0,0,0,0,0,0,0,0,0,,,,,,,0,,N,1,1,2,,,,,Y,N
2080,cmc-0049,M-033,0,,,,,,,20141216,,,,,,,,,,0,,,,,,0,,,,,,,,,,0,,,,,,,,,,,,,,0,,,,,0,,,0,,,0,0,0,0,0,0,0,0,0,0,0,0,0,0,0,0,0,0,0,0,0,0,0,0,0,0,,,,,,,0,,N,1,1,2,,,,,Y,N
2081,cmc-0049,M-033,0,,,,,,,20141218,,,,,,,,,,0,,,,,,0,,,,,,,,,,0,,,,,,,,,,,,,,0,,,,,0,,,0,,,0,0,0,0,0,0,0,0,0,0,0,0,0,0,0,0,0,0,0,0,0,0,0,0,0,0,,,,,,,0,,N,1,1,2,,,,,Y,N
2169,cmc-0049,M-033,0,,,,,,,20141222,,,,,,,,,,0,,,,,,0,,,,,,,,,,0,,,,,,,,,,,,,,0,,,,,0,,,0,,,0,0,0,0,0,0,0,0,0,0,0,0,0,0,0,0,0,0,0,0,0,0,0,0,0,0,,,,,,,0,,N,1,1,2,,,,,Y,N
2206,cmc-0049,M-033,0,,,,,,,20141224,,,,,,,,,,0,,,,,,0,,,,,,,,,,0,,,,,,,,,,,,,,0,,,,,0,,,0,,,0,0,0,0,0,0,0,0,0,0,0,0,0,0,0,0,0,0,0,0,0,0,0,0,0,0,,,,,,,0,,N,1,1,2,,,,,Y,N
2293,cmc-0049,M-033,0,,,,,,,20141225,,,,,,,,,,0,,,,,,0,,,,,,,,,,0,,,,,,,,,,,,,,0,,,,,0,,,0,,,0,0,0,0,0,0,0,0,0,0,0,0,0,0,0,0,0,0,0,0,0,0,0,0,0,0,,,,,,,0,,N,1,1,2,,,,,Y,N
2294,cmc-0049,M-033,0,,,,,,,20141226,,,,,,,,,,0,,,,,,0,,,,,,,,,,0,,,,,,,,,,,,,,0,,,,,0,,,0,,,0,0,0,0,0,0,0,0,0,0,0,0,0,0,0,0,0,0,0,0,0,0,0,0,0,0,,,,,,,0,,N,1,1,2,,,,,Y,N
2296,cmc-0049,M-033,0,,,,,,,20141227,,,,,,,,,,0,,,,,,0,,,,,,,,,,0,,,,,,,,,,,,,,0,,,,,0,,,0,,,0,0,0,0,0,0,0,0,0,0,0,0,0,0,0,0,0,0,0,0,0,0,0,0,0,0,,,,,,,0,,N,1,1,2,,,,,Y,N
2297,cmc-0049,M-033,0,,,,,,,20141228,,,,,,,,,,0,,,,,,0,,,,,,,,,,0,,,,,,,,,,,,,,0,,,,,0,,,0,,,0,0,0,0,0,0,0,0,0,0,0,0,0,0,0,0,0,0,0,0,0,0,0,0,0,0,,,,,,,0,,N,1,1,2,,,,,Y,N
2370,cmc-0049,M-033,0,,,,,,,20141230,,,,,,,,,,0,,,,,,0,,,,,,,,,,0,,,,,,,,,,,,,,0,,,,,0,,,0,,,0,0,0,0,0,0,0,0,0,0,0,0,0,0,0,0,0,0,0,0,0,0,0,0,0,0,,,,,,,0,,N,1,1,2,,,,,Y,N
2375,cmc-0049,M-033,0,,,,,,,20150101,,,,,,,,,,0,,,,,,0,,,,,,,,,,0,,,,,,,,,,,,,,0,,,,,0,,,0,,,0,0,0,0,0,0,0,0,0,0,0,0,0,0,0,0,0,0,0,0,0,0,0,0,0,0,,,,,,,0,,N,1,1,2,,,,,Y,N
2454,cmc-0049,M-033,0,,,,,,,20150102,,,,,,,,,,0,,,,,,0,,,,,,,,,,0,,,,,,,,,,,,,,0,,,,,0,,,0,,,0,0,0,0,0,0,0,0,0,0,0,0,0,0,0,0,0,0,0,0,0,0,0,0,0,0,,,,,,,0,,N,1,1,2,,,,,Y,N
2455,cmc-0049,M-033,0,,,,,,,20150103,,,,,,,,,,0,,,,,,0,,,,,,,,,,0,,,,,,,,,,,,,,0,,,,,0,,,0,,,0,0,0,0,0,0,0,0,0,0,0,0,0,0,0,0,0,0,0,0,0,0,0,0,0,0,,,,,,,0,,N,1,1,2,,,,,Y,N
2453,cmc-0049,M-033,0,,,,,,,20150104,,,,,,,,,,0,,,,,,0,,,,,,,,,,0,,,,,,,,,,,,,,0,,,,,0,,,0,,,0,0,0,0,0,0,0,0,0,0,0,0,0,0,0,0,0,0,0,0,0,0,0,0,0,0,,,,,,,0,,N,1,1,2,,,,,Y,N
2511,cmc-0049,M-033,0,,,,,,,20150106,,,,,,,,,,0,,,,,,0,,,,,,,,,,0,,,,,,,,,,,,,,0,,,,,0,,,0,,,0,0,0,0,0,0,0,0,0,0,0,0,0,0,0,0,0,0,0,0,0,0,0,0,0,0,,,,,,,0,,N,1,1,2,,,,,Y,N
2540,cmc-0049,M-033,0,,,,,,,20150108,,,,,,,,,,0,,,,,,0,,,,,,,,,,0,,,,,,,,,,,,,,0,,,,,0,,,0,,,0,0,0,0,0,0,0,0,0,0,0,0,0,0,0,0,0,0,0,0,0,0,0,0,0,0,,,,,,,0,,N,1,1,2,,,,,Y,N
2595,cmc-0049,M-033,0,,,,,,,20150109,,,,,,,,,,0,,,,,,0,,,,,,,,,,0,,,,,,,,,,,,,,0,,,,,0,,,0,,,0,0,0,0,0,0,0,0,0,0,0,0,0,0,0,0,0,0,0,0,0,0,0,0,0,0,,,,,,,0,,N,1,1,2,,,,,Y,N
2596,cmc-0049,M-033,0,,,,,,,20150110,,,,,,,,,,0,,,,,,0,,,,,,,,,,0,,,,,,,,,,,,,,0,,,,,0,,,0,,,0,0,0,0,0,0,0,0,0,0,0,0,0,0,0,0,0,0,0,0,0,0,0,0,0,0,,,,,,,0,,N,1,1,2,,,,,Y,N
2594,cmc-0049,M-033,0,,,,,,,20150111,,,,,,,,,,0,,,,,,0,,,,,,,,,,0,,,,,,,,,,,,,,0,,,,,0,,,0,,,0,0,0,0,0,0,0,0,0,0,0,0,0,0,0,0,0,0,0,0,0,0,0,0,0,0,,,,,,,0,,N,1,1,2,,,,,Y,N
2628,cmc-0049,M-033,0,,,,,,,20150112,,,,,,,,,,0,,,,,,0,,,,,,,,,,0,,,,,,,,,,,,,,0,,,,,0,,,0,,,0,0,0,0,0,0,0,0,0,0,0,0,0,0,0,0,0,0,0,0,0,0,0,0,0,0,,,,,,,0,,N,1,1,2,,,,,Y,N
2651,cmc-0049,M-033,0,,,,,,,20150113,,,,,,,,,,0,,,,,,0,,,,,,,,,,0,,,,,,,,,,,,,,0,,,,,0,,,0,,,0,0,0,0,0,0,0,0,0,0,0,0,0,0,0,0,0,0,0,0,0,0,0,0,0,0,,,,,,,0,,N,1,1,2,,,,,Y,N
2670,cmc-0049,M-033,0,,,,,,,20150114,,,,,,,,,,0,,,,,,0,,,,,,,,,,0,,,,,,,,,,,,,,0,,,,,0,,,0,,,0,0,0,0,0,0,0,0,0,0,0,0,0,0,0,0,0,0,0,0,0,0,0,0,0,0,,,,,,,0,,N,1,1,2,,,,,Y,N
1325,cmc-0050,M-034,1,,,,,,,20141111,,,,,,,,,,0,,,,,,0,,,,,,,,,,0,,,,,,,,,,,,,,0,,,,,0,,,0,,,0,0,0,0,0,0,0,0,0,0,0,0,0,0,0,0,0,0,0,0,0,0,0,0,0,0,,,,,,,0,,N,1,1,2,,,,,Y,N
1370,cmc-0050,M-034,1,,,,,,,20141112,,,,,,,,,,0,,,,,,0,,,,,,,,,,0,,,,,,,,,,,,,,0,,,,,0,,,0,,,0,0,0,0,0,0,0,0,0,0,0,0,0,0,0,0,0,0,0,0,0,0,0,0,0,0,,,,,,,0,,N,1,1,2,,,,,Y,N
1425,cmc-0050,M-034,1,,,,,,,20141114,,,,,,,,,,0,,,,,,0,,,,,,,,,,0,,,,,,,,,,,,,,0,,,,,0,,,0,,,0,0,0,0,0,0,0,0,0,0,0,0,0,0,0,0,0,0,0,0,0,0,0,0,0,0,,,,,,,0,,N,1,1,2,,,,,Y,N
1434,cmc-0050,M-034,1,,,,,,,20141115,,,,,,,,,,0,,,,,,0,,,,,,,,,,0,,,,,,,,,,,,,,0,,,,,0,,,0,,,0,0,0,0,0,0,0,0,0,0,0,0,0,0,0,0,0,0,0,0,0,0,0,0,0,0,,,,,,,0,,N,1,1,2,,,,,Y,N
1487,cmc-0050,M-034,1,,,,,,,20141117,,,,,,,,,,0,,,,,,0,,,,,,,,,,0,,,,,,,,,,,,,,0,,,,,0,,,0,,,0,0,0,0,0,0,0,0,0,0,0,0,0,0,0,0,0,0,0,0,0,0,0,0,0,0,,,,,,,0,,N,1,1,2,,,,,Y,N
1527,cmc-0050,M-034,1,,,,,,,20141118,,,,,,,,,,0,,,,,,0,,,,,,,,,,0,,,,,,,,,,,,,,0,,,,,0,,,0,,,0,0,0,0,0,0,0,0,0,0,0,0,0,0,0,0,0,0,0,0,0,0,0,0,0,0,,,,,,,0,,N,1,1,2,,,,,Y,N
1528,cmc-0050,M-034,1,,,,,,,20141119,,,,,,,,,,0,,,,,,0,,,,,,,,,,0,,,,,,,,,,,,,,0,,,,,0,,,0,,,0,0,0,0,0,0,0,0,0,0,0,0,0,0,0,0,0,0,0,0,0,0,0,0,0,0,,,,,,,0,,N,1,1,2,,,,,Y,N
1599,cmc-0050,M-034,1,,,,,,,20141120,,,,,,,,,,0,,,,,,0,,,,,,,,,,0,,,,,,,,,,,,,,0,,,,,0,,,0,,,0,0,0,0,0,0,0,0,0,0,0,0,0,0,0,0,0,0,0,0,0,0,0,0,0,0,,,,,,,0,,N,1,1,2,,,,,Y,N
1598,cmc-0050,M-034,1,,,,,,,20141121,,,,,,,,,,0,,,,,,0,,,,,,,,,,0,,,,,,,,,,,,,,0,,,,,0,,,0,,,0,0,0,0,0,0,0,0,0,0,0,0,0,0,0,0,0,0,0,0,0,0,0,0,0,0,,,,,,,0,,N,1,1,2,,,,,Y,N
1597,cmc-0050,M-034,1,,,,,,,20141122,,,,,,,,,,0,,,,,,0,,,,,,,,,,0,,,,,,,,,,,,,,0,,,,,0,,,0,,,0,0,0,0,0,0,0,0,0,0,0,0,0,0,0,0,0,0,0,0,0,0,0,0,0,0,,,,,,,0,,N,1,1,2,,,,,Y,N
1596,cmc-0050,M-034,1,,,,,,,20141124,,,,,,,,,,0,,,,,,0,,,,,,,,,,0,,,,,,,,,,,,,,0,,,,,0,,,0,,,0,0,0,0,0,0,0,0,0,0,0,0,0,0,0,0,0,0,0,0,0,0,0,0,0,0,,,,,,,0,,N,1,1,2,,,,,Y,N
1711,cmc-0063,M-036,0,,,,,,,20141202,,,,,,,,,,0,,,,,,0,,,,,,,,,,0,,,,,,,,,,,,,,0,,,,,0,,,0,,,0,0,0,0,0,0,0,0,0,0,0,0,0,0,0,0,0,0,0,0,0,0,0,0,0,0,,,,,,,0,,N,1,1,2,,,,,Y,N
1752,cmc-0063,M-036,0,,,,,,,20141204,,,,,,,,,,0,,,,,,0,,,,,,,,,,0,,,,,,,,,,,,,,0,,,,,0,,,0,,,0,0,0,0,0,0,0,0,0,0,0,0,0,0,0,0,0,0,0,0,0,0,0,0,0,0,,,,,,,0,,N,1,1,2,,,,,Y,N
1781,cmc-0063,M-036,0,,,,,,,20141206,,,,,,,,,,0,,,,,,0,,,,,,,,,,0,,,,,,,,,,,,,,0,,,,,0,,,0,,,0,0,0,0,0,0,0,0,0,0,0,0,0,0,0,0,0,0,0,0,0,0,0,0,0,0,,,,,,,0,,N,1,1,2,,,,,Y,N
1789,cmc-0063,M-036,0,,,,,,,20141207,,,,,,,,,,0,,,,,,0,,,,,,,,,,0,,,,,,,,,,,,,,0,,,,,0,,,0,,,0,0,0,0,0,0,0,0,0,0,0,0,0,0,0,0,0,0,0,0,0,0,0,0,0,0,,,,,,,0,,N,1,1,2,,,,,Y,N
1863,cmc-0063,M-036,0,,,,,,,20141209,,,,,,,,,,0,,,,,,0,,,,,,,,,,0,,,,,,,,,,,,,,0,,,,,0,,,0,,,0,0,0,0,0,0,0,0,0,0,0,0,0,0,0,0,0,0,0,0,0,0,0,0,0,0,,,,,,,0,,N,1,1,2,,,,,Y,N
1913,cmc-0063,M-036,0,,,,,,,20141210,,,,,,,,,,0,,,,,,0,,,,,,,,,,0,,,,,,,,,,,,,,0,,,,,0,,,0,,,0,0,0,0,0,0,0,0,0,0,0,0,0,0,0,0,0,0,0,0,0,0,0,0,0,0,,,,,,,0,,N,1,1,2,,,,,Y,N
1921,cmc-0063,M-036,0,,,,,,,20141211,,,,,,,,,,0,,,,,,0,,,,,,,,,,0,,,,,,,,,,,,,,0,,,,,0,,,0,,,0,0,0,0,0,0,0,0,0,0,0,0,0,0,0,0,0,0,0,0,0,0,0,0,0,0,,,,,,,0,,N,1,1,2,,,,,Y,N
1942,cmc-0063,M-036,0,,,,,,,20141212,,,,,,,,,,0,,,,,,0,,,,,,,,,,0,,,,,,,,,,,,,,0,,,,,0,,,0,,,0,0,0,0,0,0,0,0,0,0,0,0,0,0,0,0,0,0,0,0,0,0,0,0,0,0,,,,,,,0,,N,1,1,2,,,,,Y,N
1958,cmc-0063,M-036,0,,,,,,,20141213,,,,,,,,,,0,,,,,,0,,,,,,,,,,0,,,,,,,,,,,,,,0,,,,,0,,,0,,,0,0,0,0,0,0,0,0,0,0,0,0,0,0,0,0,0,0,0,0,0,0,0,0,0,0,,,,,,,0,,N,1,1,2,,,,,Y,N
1987,cmc-0063,M-036,0,,,,,,,20141214,,,,,,,,,,0,,,,,,0,,,,,,,,,,0,,,,,,,,,,,,,,0,,,,,0,,,0,,,0,0,0,0,0,0,0,0,0,0,0,0,0,0,0,0,0,0,0,0,0,0,0,0,0,0,,,,,,,0,,N,1,1,2,,,,,Y,N
2004,cmc-0063,M-036,0,,,,,,,20141215,,,,,,,,,,0,,,,,,0,,,,,,,,,,0,,,,,,,,,,,,,,0,,,,,0,,,0,,,0,0,0,0,0,0,0,0,0,0,0,0,0,0,0,0,0,0,0,0,0,0,0,0,0,0,,,,,,,0,,N,1,1,2,,,,,Y,N
2029,cmc-0063,M-036,0,,,,,,,20141216,,,,,,,,,,0,,,,,,0,,,,,,,,,,0,,,,,,,,,,,,,,0,,,,,0,,,0,,,0,0,0,0,0,0,0,0,0,0,0,0,0,0,0,0,0,0,0,0,0,0,0,0,0,0,,,,,,,0,,N,1,1,2,,,,,Y,N
2075,cmc-0063,M-036,0,,,,,,,20141218,,,,,,,,,,0,,,,,,0,,,,,,,,,,0,,,,,,,,,,,,,,0,,,,,0,,,0,,,0,0,0,0,0,0,0,0,0,0,0,0,0,0,0,0,0,0,0,0,0,0,0,0,0,0,,,,,,,0,,N,1,1,2,,,,,Y,N
2093,cmc-0063,M-036,0,,,,,,,20141219,,,,,,,,,,0,,,,,,0,,,,,,,,,,0,,,,,,,,,,,,,,0,,,,,0,,,0,,,0,0,0,0,0,0,0,0,0,0,0,0,0,0,0,0,0,0,0,0,0,0,0,0,0,0,,,,,,,0,,N,1,1,2,,,,,Y,N
2118,cmc-0063,M-036,0,,,,,,,20141220,,,,,,,,,,0,,,,,,0,,,,,,,,,,0,,,,,,,,,,,,,,0,,,,,0,,,0,,,0,0,0,0,0,0,0,0,0,0,0,0,0,0,0,0,0,0,0,0,0,0,0,0,0,0,,,,,,,0,,N,1,1,2,,,,,Y,N
2119,cmc-0063,M-036,0,,,,,,,20141221,,,,,,,,,,0,,,,,,0,,,,,,,,,,0,,,,,,,,,,,,,,0,,,,,0,,,0,,,0,0,0,0,0,0,0,0,0,0,0,0,0,0,0,0,0,0,0,0,0,0,0,0,0,0,,,,,,,0,,N,1,1,2,,,,,Y,N
2162,cmc-0063,M-036,0,,,,,,,20141222,,,,,,,,,,0,,,,,,0,,,,,,,,,,0,,,,,,,,,,,,,,0,,,,,0,,,0,,,0,0,0,0,0,0,0,0,0,0,0,0,0,0,0,0,0,0,0,0,0,0,0,0,0,0,,,,,,,0,,N,1,1,2,,,,,Y,N
2269,cmc-0063,M-036,0,,,,,,,20141224,,,,,,,,,,0,,,,,,0,,,,,,,,,,0,,,,,,,,,,,,,,0,,,,,0,,,0,,,0,0,0,0,0,0,0,0,0,0,0,0,0,0,0,0,0,0,0,0,0,0,0,0,0,0,,,,,,,0,,N,1,1,2,,,,,Y,N
2270,cmc-0063,M-036,0,,,,,,,20141226,,,,,,,,,,0,,,,,,0,,,,,,,,,,0,,,,,,,,,,,,,,0,,,,,0,,,0,,,0,0,0,0,0,0,0,0,0,0,0,0,0,0,0,0,0,0,0,0,0,0,0,0,0,0,,,,,,,0,,N,1,1,2,,,,,Y,N
2283,cmc-0063,M-036,0,,,,,,,20141228,,,,,,,,,,0,,,,,,0,,,,,,,,,,0,,,,,,,,,,,,,,0,,,,,0,,,0,,,0,0,0,0,0,0,0,0,0,0,0,0,0,0,0,0,0,0,0,0,0,0,0,0,0,0,,,,,,,0,,N,1,1,2,,,,,Y,N
2357,cmc-0063,M-036,0,,,,,,,20141231,,,,,,,,,,0,,,,,,0,,,,,,,,,,0,,,,,,,,,,,,,,0,,,,,0,,,0,,,0,0,0,0,0,0,0,0,0,0,0,0,0,0,0,0,0,0,0,0,0,0,0,0,0,0,,,,,,,0,,N,1,1,2,,,,,Y,N
2376,cmc-0063,M-036,0,,,,,,,20150101,,,,,,,,,,0,,,,,,0,,,,,,,,,,0,,,,,,,,,,,,,,0,,,,,0,,,0,,,0,0,0,0,0,0,0,0,0,0,0,0,0,0,0,0,0,0,0,0,0,0,0,0,0,0,,,,,,,0,,N,1,1,2,,,,,Y,N
2392,cmc-0063,M-036,0,,,,,,,20150102,,,,,,,,,,0,,,,,,0,,,,,,,,,,0,,,,,,,,,,,,,,0,,,,,0,,,0,,,0,0,0,0,0,0,0,0,0,0,0,0,0,0,0,0,0,0,0,0,0,0,0,0,0,0,,,,,,,0,,N,1,1,2,,,,,Y,N
2449,cmc-0063,M-036,0,,,,,,,20150103,,,,,,,,,,0,,,,,,0,,,,,,,,,,0,,,,,,,,,,,,,,0,,,,,0,,,0,,,0,0,0,0,0,0,0,0,0,0,0,0,0,0,0,0,0,0,0,0,0,0,0,0,0,0,,,,,,,0,,N,1,1,2,,,,,Y,N
2517,cmc-0063,M-036,0,,,,,,,20150105,,,,,,,,,,0,,,,,,0,,,,,,,,,,0,,,,,,,,,,,,,,0,,,,,0,,,0,,,0,0,0,0,0,0,0,0,0,0,0,0,0,0,0,0,0,0,0,0,0,0,0,0,0,0,,,,,,,0,,N,1,1,2,,,,,Y,N
2518,cmc-0063,M-036,0,,,,,,,20150106,,,,,,,,,,0,,,,,,0,,,,,,,,,,0,,,,,,,,,,,,,,0,,,,,0,,,0,,,0,0,0,0,0,0,0,0,0,0,0,0,0,0,0,0,0,0,0,0,0,0,0,0,0,0,,,,,,,0,,N,1,1,2,,,,,Y,N
2614,cmc-0063,M-036,0,,,,,,,20150110,,,,,,,,,,0,,,,,,0,,,,,,,,,,0,,,,,,,,,,,,,,0,,,,,0,,,0,,,0,0,0,0,0,0,0,0,0,0,0,0,0,0,0,0,0,0,0,0,0,0,0,0,0,0,,,,,,,0,,N,1,1,2,,,,,Y,N
2615,cmc-0063,M-036,0,,,,,,,20150111,,,,,,,,,,0,,,,,,0,,,,,,,,,,0,,,,,,,,,,,,,,0,,,,,0,,,0,,,0,0,0,0,0,0,0,0,0,0,0,0,0,0,0,0,0,0,0,0,0,0,0,0,0,0,,,,,,,0,,N,1,1,2,,,,,Y,N
2705,cmc-0063,M-036,0,,,,,,,20150112,,,,,,,,,,0,,,,,,0,,,,,,,,,,0,,,,,,,,,,,,,,0,,,,,0,,,0,,,0,0,0,0,0,0,0,0,0,0,0,0,0,0,0,0,0,0,0,0,0,0,0,0,0,0,,,,,,,0,,N,1,1,2,,,,,Y,N
2706,cmc-0063,M-036,0,,,,,,,20150113,,,,,,,,,,0,,,,,,0,,,,,,,,,,0,,,,,,,,,,,,,,0,,,,,0,,,0,,,0,0,0,0,0,0,0,0,0,0,0,0,0,0,0,0,0,0,0,0,0,0,0,0,0,0,,,,,,,0,,N,1,1,2,,,,,Y,N
2707,cmc-0063,M-036,0,,,,,,,20150114,,,,,,,,,,0,,,,,,0,,,,,,,,,,0,,,,,,,,,,,,,,0,,,,,0,,,0,,,0,0,0,0,0,0,0,0,0,0,0,0,0,0,0,0,0,0,0,0,0,0,0,0,0,0,,,,,,,0,,N,1,1,2,,,,,Y,N
2942,cmc-0063,M-036,0,,,,,,,20150119,,,,,,,,,,0,,,,,,0,,,,,,,,,,0,,,,,,,,,,,,,,0,,,,,0,,,0,,,0,0,0,0,0,0,0,0,0,0,0,0,0,0,0,0,0,0,0,0,0,0,0,0,0,0,,,,,,,0,,N,1,1,2,,,,,Y,N
2943,cmc-0063,M-036,0,,,,,,,20150120,,,,,,,,,,0,,,,,,0,,,,,,,,,,0,,,,,,,,,,,,,,0,,,,,0,,,0,,,0,0,0,0,0,0,0,0,0,0,0,0,0,0,0,0,0,0,0,0,0,0,0,0,0,0,,,,,,,0,,N,1,1,2,,,,,Y,N
2944,cmc-0063,M-036,0,,,,,,,20150121,,,,,,,,,,0,,,,,,0,,,,,,,,,,0,,,,,,,,,,,,,,0,,,,,0,,,0,,,0,0,0,0,0,0,0,0,0,0,0,0,0,0,0,0,0,0,0,0,0,0,0,0,0,0,,,,,,,0,,N,1,1,2,,,,,Y,N
2945,cmc-0063,M-036,0,,,,,,,20150122,,,,,,,,,,0,,,,,,0,,,,,,,,,,0,,,,,,,,,,,,,,0,,,,,0,,,0,,,0,0,0,0,0,0,0,0,0,0,0,0,0,0,0,0,0,0,0,0,0,0,0,0,0,0,,,,,,,0,,N,1,1,2,,,,,Y,N
2946,cmc-0063,M-036,0,,,,,,,20150123,,,,,,,,,,0,,,,,,0,,,,,,,,,,0,,,,,,,,,,,,,,0,,,,,0,,,0,,,0,0,0,0,0,0,0,0,0,0,0,0,0,0,0,0,0,0,0,0,0,0,0,0,0,0,,,,,,,0,,N,1,1,2,,,,,Y,N
3006,cmc-0063,M-036,0,,,,,,,20150124,,,,,,,,,,0,,,,,,0,,,,,,,,,,0,,,,,,,,,,,,,,0,,,,,0,,,0,,,0,0,0,0,0,0,0,0,0,0,0,0,0,0,0,0,0,0,0,0,0,0,0,0,0,0,,,,,,,0,,N,1,1,2,,,,,Y,N
3086,cmc-0063,M-036,0,,,,,,,20150127,,,,,,,,,,0,,,,,,0,,,,,,,,,,0,,,,,,,,,,,,,,0,,,,,0,,,0,,,0,0,0,0,0,0,0,0,0,0,0,0,0,0,0,0,0,0,0,0,0,0,0,0,0,0,,,,,,,0,,N,1,1,2,,,,,Y,N
3087,cmc-0063,M-036,0,,,,,,,20150128,,,,,,,,,,0,,,,,,0,,,,,,,,,,0,,,,,,,,,,,,,,0,,,,,0,,,0,,,0,0,0,0,0,0,0,0,0,0,0,0,0,0,0,0,0,0,0,0,0,0,0,0,0,0,,,,,,,0,,N,1,1,2,,,,,Y,N
3088,cmc-0063,M-036,0,,,,,,,20150129,,,,,,,,,,0,,,,,,0,,,,,,,,,,0,,,,,,,,,,,,,,0,,,,,0,,,0,,,0,0,0,0,0,0,0,0,0,0,0,0,0,0,0,0,0,0,0,0,0,0,0,0,0,0,,,,,,,0,,N,1,1,2,,,,,Y,N
3169,cmc-0063,M-036,0,,,,,,,20150130,,,,,,,,,,0,,,,,,0,,,,,,,,,,0,,,,,,,,,,,,,,0,,,,,0,,,0,,,0,0,0,0,0,0,0,0,0,0,0,0,0,0,0,0,0,0,0,0,0,0,0,0,0,0,,,,,,,0,,N,1,1,2,,,,,Y,N
3170,cmc-0063,M-036,0,,,,,,,20150131,,,,,,,,,,0,,,,,,0,,,,,,,,,,0,,,,,,,,,,,,,,0,,,,,0,,,0,,,0,0,0,0,0,0,0,0,0,0,0,0,0,0,0,0,0,0,0,0,0,0,0,0,0,0,,,,,,,0,,N,1,1,2,,,,,Y,N
3539,cmc-0063,M-036,0,,,,,,,20150207,,,,,,,,,,0,,,,,,0,,,,,,,,,,0,,,,,,,,,,,,,,0,,,,,0,,,0,,,0,0,0,0,0,0,0,0,0,0,0,0,0,0,0,0,0,0,0,0,0,0,0,0,0,0,,,,,,,0,,N,1,1,2,,,,,Y,N
3540,cmc-0063,M-036,0,,,,,,,20150208,,,,,,,,,,0,,,,,,0,,,,,,,,,,0,,,,,,,,,,,,,,0,,,,,0,,,0,,,0,0,0,0,0,0,0,0,0,0,0,0,0,0,0,0,0,0,0,0,0,0,0,0,0,0,,,,,,,0,,N,1,1,2,,,,,Y,N
3541,cmc-0063,M-036,0,,,,,,,20150209,,,,,,,,,,0,,,,,,0,,,,,,,,,,0,,,,,,,,,,,,,,0,,,,,0,,,0,,,0,0,0,0,0,0,0,0,0,0,0,0,0,0,0,0,0,0,0,0,0,0,0,0,0,0,,,,,,,0,,N,1,1,2,,,,,Y,N
3542,cmc-0063,M-036,0,,,,,,,20150210,,,,,,,,,,0,,,,,,0,,,,,,,,,,0,,,,,,,,,,,,,,0,,,,,0,,,0,,,0,0,0,0,0,0,0,0,0,0,0,0,0,0,0,0,0,0,0,0,0,0,0,0,0,0,,,,,,,0,,N,1,1,2,,,,,Y,N
3557,cmc-0063,M-036,0,,,,,,,20150212,,,,,,,,,,0,,,,,,0,,,,,,,,,,0,,,,,,,,,,,,,,0,,,,,0,,,0,,,0,0,0,0,0,0,0,0,0,0,0,0,0,0,0,0,0,0,0,0,0,0,0,0,0,0,,,,,,,0,,N,1,1,2,,,,,Y,N
3544,cmc-0063,M-036,0,,,,,,,20150213,,,,,,,,,,0,,,,,,0,,,,,,,,,,0,,,,,,,,,,,,,,0,,,,,0,,,0,,,0,0,0,0,0,0,0,0,0,0,0,0,0,0,0,0,0,0,0,0,0,0,0,0,0,0,,,,,,,0,,N,1,1,2,,,,,Y,N
3831,cmc-0063,M-036,0,,,,,,,20150215,,,,,,,,,,0,,,,,,0,,,,,,,,,,0,,,,,,,,,,,,,,0,,,,,0,,,0,,,0,0,0,0,0,0,0,0,0,0,0,0,0,0,0,0,0,0,0,0,0,0,0,0,0,0,,,,,,,0,,N,1,1,2,,,,,Y,N
3832,cmc-0063,M-036,0,,,,,,,20150216,,,,,,,,,,0,,,,,,0,,,,,,,,,,0,,,,,,,,,,,,,,0,,,,,0,,,0,,,0,0,0,0,0,0,0,0,0,0,0,0,0,0,0,0,0,0,0,0,0,0,0,0,0,0,,,,,,,0,,N,1,1,2,,,,,Y,N
3833,cmc-0063,M-036,0,,,,,,,20150217,,,,,,,,,,0,,,,,,0,,,,,,,,,,0,,,,,,,,,,,,,,0,,,,,0,,,0,,,0,0,0,0,0,0,0,0,0,0,0,0,0,0,0,0,0,0,0,0,0,0,0,0,0,0,,,,,,,0,,N,1,1,2,,,,,Y,N
3834,cmc-0063,M-036,0,,,,,,,20150218,,,,,,,,,,0,,,,,,0,,,,,,,,,,0,,,,,,,,,,,,,,0,,,,,0,,,0,,,0,0,0,0,0,0,0,0,0,0,0,0,0,0,0,0,0,0,0,0,0,0,0,0,0,0,,,,,,,0,,N,1,1,2,,,,,Y,N
3835,cmc-0063,M-036,0,,,,,,,20150219,,,,,,,,,,0,,,,,,0,,,,,,,,,,0,,,,,,,,,,,,,,0,,,,,0,,,0,,,0,0,0,0,0,0,0,0,0,0,0,0,0,0,0,0,0,0,0,0,0,0,0,0,0,0,,,,,,,0,,N,1,1,2,,,,,Y,N
3836,cmc-0063,M-036,0,,,,,,,20150220,,,,,,,,,,0,,,,,,0,,,,,,,,,,0,,,,,,,,,,,,,,0,,,,,0,,,0,,,0,0,0,0,0,0,0,0,0,0,0,0,0,0,0,0,0,0,0,0,0,0,0,0,0,0,,,,,,,0,,N,1,1,2,,,,,Y,N
3837,cmc-0063,M-036,0,,,,,,,20150221,,,,,,,,,,0,,,,,,0,,,,,,,,,,0,,,,,,,,,,,,,,0,,,,,0,,,0,,,0,0,0,0,0,0,0,0,0,0,0,0,0,0,0,0,0,0,0,0,0,0,0,0,0,0,,,,,,,0,,N,1,1,2,,,,,Y,N
3838,cmc-0063,M-036,0,,,,,,,20150222,,,,,,,,,,0,,,,,,0,,,,,,,,,,0,,,,,,,,,,,,,,0,,,,,0,,,0,,,0,0,0,0,0,0,0,0,0,0,0,0,0,0,0,0,0,0,0,0,0,0,0,0,0,0,,,,,,,0,,N,1,1,2,,,,,Y,N
4101,cmc-0063,M-036,0,,,,,,,20150224,,,,,,,,,,0,,,,,,0,,,,,,,,,,0,,,,,,,,,,,,,,0,,,,,0,,,0,,,0,0,0,0,0,0,0,0,0,0,0,0,0,0,0,0,0,0,0,0,0,0,0,0,0,0,,,,,,,0,,N,1,1,2,,,,,Y,N
2046,cmc-0064,M-037,1,,,,,,,20141210,,,,,,,,,,0,,,,,,0,,,,,,,,,,0,,,,,,,,,,,,,,0,,,,,0,,,0,,,0,0,0,0,0,0,0,0,0,0,0,0,0,0,0,0,0,0,0,0,0,0,0,0,0,0,,,,,,,0,,N,1,1,2,,,,,Y,N
2047,cmc-0064,M-037,1,,,,,,,20141213,,,,,,,,,,0,,,,,,0,,,,,,,,,,0,,,,,,,,,,,,,,0,,,,,0,,,0,,,0,0,0,0,0,0,0,0,0,0,0,0,0,0,0,0,0,0,0,0,0,0,0,0,0,0,,,,,,,0,,N,1,1,2,,,,,Y,N
2048,cmc-0064,M-037,1,,,,,,,20141215,,,,,,,,,,0,,,,,,0,,,,,,,,,,0,,,,,,,,,,,,,,0,,,,,0,,,0,,,0,0,0,0,0,0,0,0,0,0,0,0,0,0,0,0,0,0,0,0,0,0,0,0,0,0,,,,,,,0,,N,1,1,2,,,,,Y,N
2067,cmc-0064,M-037,1,,,,,,,20141217,,,,,,,,,,0,,,,,,0,,,,,,,,,,0,,,,,,,,,,,,,,0,,,,,0,,,0,,,0,0,0,0,0,0,0,0,0,0,0,0,0,0,0,0,0,0,0,0,0,0,0,0,0,0,,,,,,,0,,Y,1,1,2,0 hours 30 minutes,30,0 hours 50 minutes,50,Y,N
2159,cmc-0064,M-037,1,,,,,,,20141222,,,,,,,,,,0,,,,,,0,,,,,,,,,,0,,,,,,,,,,,,,,0,,,,,0,,,0,,,0,0,0,0,0,0,0,0,0,0,0,0,0,0,0,0,0,0,0,0,0,0,0,0,0,0,,,,,,,0,,Y,1,1,2,0 hours 30 minutes,30,0 hours 30 minutes,30,Y,N
2359,cmc-0064,M-037,1,,,,,,,20141229,,,,,,,,,,0,,,,,,0,,,,,,,,,,0,,,,,,,,,,,,,,0,,,,,0,,,0,,,0,0,0,0,0,0,0,0,0,0,0,0,0,0,0,0,0,0,0,0,0,0,0,0,0,0,,,,,,,0,,Y,1,1,2,0 hours 30 minutes,30,0 hours 30 minutes,30,Y,N
2368,cmc-0064,M-037,1,,,,,,,20141231,,,,,,,,,,0,,,,,,0,,,,,,,,,,0,,,,,,,,,,,,,,0,,,,,0,,,0,,,0,0,0,0,0,0,0,0,0,0,0,0,0,0,0,0,0,0,0,0,0,0,0,0,0,0,,,,,,,0,,N,1,1,2,,,,,Y,N
2441,cmc-0064,M-037,1,,,,,,,20150101,,,,,,,,,,0,,,,,,0,,,,,,,,,,0,,,,,,,,,,,,,,0,,,,,0,,,0,,,0,0,0,0,0,0,0,0,0,0,0,0,0,0,0,0,0,0,0,0,0,0,0,0,0,0,,,,,,,0,,N,1,1,2,,,,,Y,N
2442,cmc-0064,M-037,1,,,,,,,20150102,,,,,,,,,,0,,,,,,0,,,,,,,,,,0,,,,,,,,,,,,,,0,,,,,0,,,0,,,0,0,0,0,0,0,0,0,0,0,0,0,0,0,0,0,0,0,0,0,0,0,0,0,0,0,,,,,,,0,,N,1,1,2,,,,,Y,N
2443,cmc-0064,M-037,1,,,,,,,20150103,,,,,,,,,,0,,,,,,0,,,,,,,,,,0,,,,,,,,,,,,,,0,,,,,0,,,0,,,0,0,0,0,0,0,0,0,0,0,0,0,0,0,0,0,0,0,0,0,0,0,0,0,0,0,,,,,,,0,,N,1,1,2,,,,,Y,N
2465,cmc-0064,M-037,1,,,,,,,20150104,,,,,,,,,,0,,,,,,0,,,,,,,,,,0,,,,,,,,,,,,,,0,,,,,0,,,0,,,0,0,0,0,0,0,0,0,0,0,0,0,0,0,0,0,0,0,0,0,0,0,0,0,0,0,,,,,,,0,,N,1,1,2,,,,,Y,N
2489,cmc-0064,M-037,1,,,,,,,20150105,,,,,,,,,,0,,,,,,0,,,,,,,,,,0,,,,,,,,,,,,,,0,,,,,0,,,0,,,0,0,0,0,0,0,0,0,0,0,0,0,0,0,0,0,0,0,0,0,0,0,0,0,0,0,,,,,,,0,,Y,1,1,2,0 hours 30 minutes,30,0 hours 30 minutes,30,Y,N
2728,cmc-0064,M-037,1,,,,,,,20150106,,,,,,,,,,0,,,,,,0,,,,,,,,,,0,,,,,,,,,,,,,,0,,,,,0,,,0,,,0,0,0,0,0,0,0,0,0,0,0,0,0,0,0,0,0,0,0,0,0,0,0,0,0,0,,,,,,,0,,N,1,1,2,,,,,Y,N
2729,cmc-0064,M-037,1,,,,,,,20150107,,,,,,,,,,0,,,,,,0,,,,,,,,,,0,,,,,,,,,,,,,,0,,,,,0,,,0,,,0,0,0,0,0,0,0,0,0,0,0,0,0,0,0,0,0,0,0,0,0,0,0,0,0,0,,,,,,,0,,N,1,1,2,,,,,Y,N
2730,cmc-0064,M-037,1,,,,,,,20150108,,,,,,,,,,0,,,,,,0,,,,,,,,,,0,,,,,,,,,,,,,,0,,,,,0,,,0,,,0,0,0,0,0,0,0,0,0,0,0,0,0,0,0,0,0,0,0,0,0,0,0,0,0,0,,,,,,,0,,N,1,1,2,,,,,Y,N
2731,cmc-0064,M-037,1,,,,,,,20150109,,,,,,,,,,0,,,,,,0,,,,,,,,,,0,,,,,,,,,,,,,,0,,,,,0,,,0,,,0,0,0,0,0,0,0,0,0,0,0,0,0,0,0,0,0,0,0,0,0,0,0,0,0,0,,,,,,,0,,N,1,1,2,,,,,Y,N
2732,cmc-0064,M-037,1,,,,,,,20150110,,,,,,,,,,0,,,,,,0,,,,,,,,,,0,,,,,,,,,,,,,,0,,,,,0,,,0,,,0,0,0,0,0,0,0,0,0,0,0,0,0,0,0,0,0,0,0,0,0,0,0,0,0,0,,,,,,,0,,N,1,1,2,,,,,Y,N
2733,cmc-0064,M-037,1,,,,,,,20150111,,,,,,,,,,0,,,,,,0,,,,,,,,,,0,,,,,,,,,,,,,,0,,,,,0,,,0,,,0,0,0,0,0,0,0,0,0,0,0,0,0,0,0,0,0,0,0,0,0,0,0,0,0,0,,,,,,,0,,N,1,1,2,,,,,Y,N
2734,cmc-0064,M-037,1,,,,,,,20150112,,,,,,,,,,0,,,,,,0,,,,,,,,,,0,,,,,,,,,,,,,,0,,,,,0,,,0,,,0,0,0,0,0,0,0,0,0,0,0,0,0,0,0,0,0,0,0,0,0,0,0,0,0,0,,,,,,,0,,N,1,1,2,,,,,Y,N
2735,cmc-0064,M-037,1,,,,,,,20150113,,,,,,,,,,0,,,,,,0,,,,,,,,,,0,,,,,,,,,,,,,,0,,,,,0,,,0,,,0,0,0,0,0,0,0,0,0,0,0,0,0,0,0,0,0,0,0,0,0,0,0,0,0,0,,,,,,,0,,N,1,1,2,,,,,Y,N
2736,cmc-0064,M-037,1,,,,,,,20150114,,,,,,,,,,0,,,,,,0,,,,,,,,,,0,,,,,,,,,,,,,,0,,,,,0,,,0,,,0,0,0,0,0,0,0,0,0,0,0,0,0,0,0,0,0,0,0,0,0,0,0,0,0,0,,,,,,,0,,N,1,1,2,,,,,Y,N
2737,cmc-0064,M-037,1,,,,,,,20150115,,,,,,,,,,0,,,,,,0,,,,,,,,,,0,,,,,,,,,,,,,,0,,,,,0,,,0,,,0,0,0,0,0,0,0,0,0,0,0,0,0,0,0,0,0,0,0,0,0,0,0,0,0,0,,,,,,,0,,N,1,1,2,,,,,Y,N
2753,cmc-0064,M-037,1,,,,,,,20150116,,,,,,,,,,0,,,,,,0,,,,,,,,,,0,,,,,,,,,,,,,,0,,,,,0,,,0,,,0,0,0,0,0,0,0,0,0,0,0,0,0,0,0,0,0,0,0,0,0,0,0,0,0,0,,,,,,,0,,N,1,1,2,,,,,Y,N
3188,cmc-0064,M-037,1,,,,,,,20150117,,,,,,,,,,0,,,,,,0,,,,,,,,,,0,,,,,,,,,,,,,,0,,,,,0,,,0,,,0,0,0,0,0,0,0,0,0,0,0,0,0,0,0,0,0,0,0,0,0,0,0,0,0,0,,,,,,,0,,N,1,1,2,,,,,Y,N
3189,cmc-0064,M-037,1,,,,,,,20150118,,,,,,,,,,0,,,,,,0,,,,,,,,,,0,,,,,,,,,,,,,,0,,,,,0,,,0,,,0,0,0,0,0,0,0,0,0,0,0,0,0,0,0,0,0,0,0,0,0,0,0,0,0,0,,,,,,,0,,N,1,1,2,,,,,Y,N
3205,cmc-0064,M-037,1,,,,,,,20150119,,,,,,,,,,0,,,,,,0,,,,,,,,,,0,,,,,,,,,,,,,,0,,,,,0,,,0,,,0,0,0,0,0,0,0,0,0,0,0,0,0,0,0,0,0,0,0,0,0,0,0,0,0,0,,,,,,,0,,Y,1,1,2,0 hours 30 minutes,30,0 hours 30 minutes,30,Y,N
3204,cmc-0064,M-037,1,,,,,,,20150120,,,,,,,,,,0,,,,,,0,,,,,,,,,,0,,,,,,,,,,,,,,0,,,,,0,,,0,,,0,0,0,0,0,0,0,0,0,0,0,0,0,0,0,0,0,0,0,0,0,0,0,0,0,0,,,,,,,0,,Y,1,1,2,0 hours 30 minutes,30,0 hours 30 minutes,30,Y,N
3203,cmc-0064,M-037,1,,,,,,,20150121,,,,,,,,,,0,,,,,,0,,,,,,,,,,0,,,,,,,,,,,,,,0,,,,,0,,,0,,,0,0,0,0,0,0,0,0,0,0,0,0,0,0,0,0,0,0,0,0,0,0,0,0,0,0,,,,,,,0,,Y,1,1,2,0 hours 30 minutes,30,0 hours 30 minutes,30,Y,N
3202,cmc-0064,M-037,1,,,,,,,20150122,,,,,,,,,,0,,,,,,0,,,,,,,,,,0,,,,,,,,,,,,,,0,,,,,0,,,0,,,0,0,0,0,0,0,0,0,0,0,0,0,0,0,0,0,0,0,0,0,0,0,0,0,0,0,,,,,,,0,,N,1,1,2,,,,,Y,N
3201,cmc-0064,M-037,1,,,,,,,20150123,,,,,,,,,,0,,,,,,0,,,,,,,,,,0,,,,,,,,,,,,,,0,,,,,0,,,0,,,0,0,0,0,0,0,0,0,0,0,0,0,0,0,0,0,0,0,0,0,0,0,0,0,0,0,,,,,,,0,,N,1,1,2,,,,,Y,N
3200,cmc-0064,M-037,1,,,,,,,20150124,,,,,,,,,,0,,,,,,0,,,,,,,,,,0,,,,,,,,,,,,,,0,,,,,0,,,0,,,0,0,0,0,0,0,0,0,0,0,0,0,0,0,0,0,0,0,0,0,0,0,0,0,0,0,,,,,,,0,,N,1,1,2,,,,,Y,N
3199,cmc-0064,M-037,1,,,,,,,20150125,,,,,,,,,,0,,,,,,0,,,,,,,,,,0,,,,,,,,,,,,,,0,,,,,0,,,0,,,0,0,0,0,0,0,0,0,0,0,0,0,0,0,0,0,0,0,0,0,0,0,0,0,0,0,,,,,,,0,,Y,1,1,2,0 hours 30 minutes,30,0 hours 30 minutes,30,Y,N
3198,cmc-0064,M-037,1,,,,,,,20150126,,,,,,,,,,0,,,,,,0,,,,,,,,,,0,,,,,,,,,,,,,,0,,,,,0,,,0,,,0,0,0,0,0,0,0,0,0,0,0,0,0,0,0,0,0,0,0,0,0,0,0,0,0,0,,,,,,,0,,Y,1,1,2,0 hours 30 minutes,30,0 hours 30 minutes,30,Y,N
3197,cmc-0064,M-037,1,,,,,,,20150128,,,,,,,,,,0,,,,,,0,,,,,,,,,,0,,,,,,,,,,,,,,0,,,,,0,,,0,,,0,0,0,0,0,0,0,0,0,0,0,0,0,0,0,0,0,0,0,0,0,0,0,0,0,0,,,,,,,0,,N,1,1,2,,,,,Y,N
3196,cmc-0064,M-037,1,,,,,,,20150129,,,,,,,,,,0,,,,,,0,,,,,,,,,,0,,,,,,,,,,,,,,0,,,,,0,,,0,,,0,0,0,0,0,0,0,0,0,0,0,0,0,0,0,0,0,0,0,0,0,0,0,0,0,0,,,,,,,0,,N,1,1,2,,,,,Y,N
3195,cmc-0064,M-037,1,,,,,,,20150130,,,,,,,,,,0,,,,,,0,,,,,,,,,,0,,,,,,,,,,,,,,0,,,,,0,,,0,,,0,0,0,0,0,0,0,0,0,0,0,0,0,0,0,0,0,0,0,0,0,0,0,0,0,0,,,,,,,0,,Y,1,1,2,0 hours 30 minutes,30,0 hours 30 minutes,30,Y,N
3194,cmc-0064,M-037,1,,,,,,,20150131,,,,,,,,,,0,,,,,,0,,,,,,,,,,0,,,,,,,,,,,,,,0,,,,,0,,,0,,,0,0,0,0,0,0,0,0,0,0,0,0,0,0,0,0,0,0,0,0,0,0,0,0,0,0,,,,,,,0,,Y,1,1,2,0 hours 30 minutes,30,0 hours 30 minutes,30,Y,N
3190,cmc-0064,M-037,1,,,,,,,20150201,,,,,,,,,,0,,,,,,0,,,,,,,,,,0,,,,,,,,,,,,,,0,,,,,0,,,0,,,0,0,0,0,0,0,0,0,0,0,0,0,0,0,0,0,0,0,0,0,0,0,0,0,0,0,,,,,,,0,,N,1,1,2,,,,,Y,N
3193,cmc-0064,M-037,1,,,,,,,20150202,,,,,,,,,,0,,,,,,0,,,,,,,,,,0,,,,,,,,,,,,,,0,,,,,0,,,0,,,0,0,0,0,0,0,0,0,0,0,0,0,0,0,0,0,0,0,0,0,0,0,0,0,0,0,,,,,,,0,,Y,1,1,2,1 hour 30 minutes,90,0 hours 30 minutes,30,Y,N
3397,cmc-0064,M-037,1,,,,,,,20150205,,,,,,,,,,0,,,,,,0,,,,,,,,,,0,,,,,,,,,,,,,,0,,,,,0,,,0,,,0,0,0,0,0,0,0,0,0,0,0,0,0,0,0,0,0,0,0,0,0,0,0,0,0,0,,,,,,,0,,N,1,1,2,,,,,Y,N
3398,cmc-0064,M-037,1,,,,,,,20150206,,,,,,,,,,0,,,,,,0,,,,,,,,,,0,,,,,,,,,,,,,,0,,,,,0,,,0,,,0,0,0,0,0,0,0,0,0,0,0,0,0,0,0,0,0,0,0,0,0,0,0,0,0,0,,,,,,,0,,N,1,1,2,,,,,Y,N
3474,cmc-0064,M-037,1,,,,,,,20150209,,,,,,,,,,0,,,,,,0,,,,,,,,,,0,,,,,,,,,,,,,,0,,,,,0,,,0,,,0,0,0,0,0,0,0,0,0,0,0,0,0,0,0,0,0,0,0,0,0,0,0,0,0,0,,,,,,,0,,N,1,1,2,,,,,Y,N
3475,cmc-0064,M-037,1,,,,,,,20150210,,,,,,,,,,0,,,,,,0,,,,,,,,,,0,,,,,,,,,,,,,,0,,,,,0,,,0,,,0,0,0,0,0,0,0,0,0,0,0,0,0,0,0,0,0,0,0,0,0,0,0,0,0,0,,,,,,,0,,N,1,1,2,,,,,Y,N
3490,cmc-0064,M-037,1,,,,,,,20150211,,,,,,,,,,0,,,,,,0,,,,,,,,,,0,,,,,,,,,,,,,,0,,,,,0,,,0,,,0,0,0,0,0,0,0,0,0,0,0,0,0,0,0,0,0,0,0,0,0,0,0,0,0,0,,,,,,,0,,N,1,1,2,,,,,Y,N
3581,cmc-0064,M-037,1,,,,,,,20150212,,,,,,,,,,0,,,,,,0,,,,,,,,,,0,,,,,,,,,,,,,,0,,,,,0,,,0,,,0,0,0,0,0,0,0,0,0,0,0,0,0,0,0,0,0,0,0,0,0,0,0,0,0,0,,,,,,,0,,N,1,1,2,,,,,Y,N
3582,cmc-0064,M-037,1,,,,,,,20150213,,,,,,,,,,0,,,,,,0,,,,,,,,,,0,,,,,,,,,,,,,,0,,,,,0,,,0,,,0,0,0,0,0,0,0,0,0,0,0,0,0,0,0,0,0,0,0,0,0,0,0,0,0,0,,,,,,,0,,N,1,1,2,,,,,Y,N
3583,cmc-0064,M-037,1,,,,,,,20150214,,,,,,,,,,0,,,,,,0,,,,,,,,,,0,,,,,,,,,,,,,,0,,,,,0,,,0,,,0,0,0,0,0,0,0,0,0,0,0,0,0,0,0,0,0,0,0,0,0,0,0,0,0,0,,,,,,,0,,N,1,1,2,,,,,Y,N
3650,cmc-0064,M-037,1,,,,,,,20150215,,,,,,,,,,0,,,,,,0,,,,,,,,,,0,,,,,,,,,,,,,,0,,,,,0,,,0,,,0,0,0,0,0,0,0,0,0,0,0,0,0,0,0,0,0,0,0,0,0,0,0,0,0,0,,,,,,,0,,N,1,1,2,,,,,Y,N
3651,cmc-0064,M-037,1,,,,,,,20150216,,,,,,,,,,0,,,,,,0,,,,,,,,,,0,,,,,,,,,,,,,,0,,,,,0,,,0,,,0,0,0,0,0,0,0,0,0,0,0,0,0,0,0,0,0,0,0,0,0,0,0,0,0,0,,,,,,,0,,N,1,1,2,,,,,Y,N
3652,cmc-0064,M-037,1,,,,,,,20150217,,,,,,,,,,0,,,,,,0,,,,,,,,,,0,,,,,,,,,,,,,,0,,,,,0,,,0,,,0,0,0,0,0,0,0,0,0,0,0,0,0,0,0,0,0,0,0,0,0,0,0,0,0,0,,,,,,,0,,N,1,1,2,,,,,Y,N
3777,cmc-0064,M-037,1,,,,,,,20150220,,,,,,,,,,0,,,,,,0,,,,,,,,,,0,,,,,,,,,,,,,,0,,,,,0,,,0,,,0,0,0,0,0,0,0,0,0,0,0,0,0,0,0,0,0,0,0,0,0,0,0,0,0,0,,,,,,,0,,N,1,1,2,,,,,Y,N
3778,cmc-0064,M-037,1,,,,,,,20150221,,,,,,,,,,0,,,,,,0,,,,,,,,,,0,,,,,,,,,,,,,,0,,,,,0,,,0,,,0,0,0,0,0,0,0,0,0,0,0,0,0,0,0,0,0,0,0,0,0,0,0,0,0,0,,,,,,,0,,N,1,1,2,,,,,Y,N
3810,cmc-0064,M-037,1,,,,,,,20150222,,,,,,,,,,0,,,,,,0,,,,,,,,,,0,,,,,,,,,,,,,,0,,,,,0,,,0,,,0,0,0,0,0,0,0,0,0,0,0,0,0,0,0,0,0,0,0,0,0,0,0,0,0,0,,,,,,,0,,N,1,1,2,,,,,Y,N
3864,cmc-0064,M-037,1,,,,,,,20150223,,,,,,,,,,0,,,,,,0,,,,,,,,,,0,,,,,,,,,,,,,,0,,,,,0,,,0,,,0,0,0,0,0,0,0,0,0,0,0,0,0,0,0,0,0,0,0,0,0,0,0,0,0,0,,,,,,,0,,N,1,1,2,,,,,Y,N
3961,cmc-0064,M-037,1,,,,,,,20150225,,,,,,,,,,0,,,,,,0,,,,,,,,,,0,,,,,,,,,,,,,,0,,,,,0,,,0,,,0,0,0,0,0,0,0,0,0,0,0,0,0,0,0,0,0,0,0,0,0,0,0,0,0,0,,,,,,,0,,N,1,1,2,,,,,Y,N
3962,cmc-0064,M-037,1,,,,,,,20150226,,,,,,,,,,0,,,,,,0,,,,,,,,,,0,,,,,,,,,,,,,,0,,,,,0,,,0,,,0,0,0,0,0,0,0,0,0,0,0,0,0,0,0,0,0,0,0,0,0,0,0,0,0,0,,,,,,,0,,N,1,1,2,,,,,Y,N
4020,cmc-0064,M-037,1,,,,,,,20150228,,,,,,,,,,0,,,,,,0,,,,,,,,,,0,,,,,,,,,,,,,,0,,,,,0,,,0,,,0,0,0,0,0,0,0,0,0,0,0,0,0,0,0,0,0,0,0,0,0,0,0,0,0,0,,,,,,,0,,N,1,1,2,,,,,Y,N
4021,cmc-0064,M-037,1,,,,,,,20150301,,,,,,,,,,0,,,,,,0,,,,,,,,,,0,,,,,,,,,,,,,,0,,,,,0,,,0,,,0,0,0,0,0,0,0,0,0,0,0,0,0,0,0,0,0,0,0,0,0,0,0,0,0,0,,,,,,,0,,N,1,1,2,,,,,Y,N
4343,cmc-0064,M-037,1,,,,,,,20150303,,,,,,,,,,0,,,,,,0,,,,,,,,,,0,,,,,,,,,,,,,,0,,,,,0,,,0,,,0,0,0,0,0,0,0,0,0,0,0,0,0,0,0,0,0,0,0,0,0,0,0,0,0,0,,,,,,,0,,N,1,1,2,,,,,Y,N
2011,cmc-0066,M-039,1,,,,,,,20141216,,,,,,,,,,0,,,,,,0,,,,,,,,,,0,,,,,,,,,,,,,,0,,,,,0,,,0,,,0,0,0,0,0,0,0,0,0,0,0,0,0,0,0,0,0,0,0,0,0,0,0,0,0,0,,,,,,,0,,N,1,1,2,,,,,Y,N
2051,cmc-0066,M-039,1,,,,,,,20141217,,,,,,,,,,0,,,,,,0,,,,,,,,,,0,,,,,,,,,,,,,,0,,,,,0,,,0,,,0,0,0,0,0,0,0,0,0,0,0,0,0,0,0,0,0,0,0,0,0,0,0,0,0,0,,,,,,,0,,N,1,1,2,,,,,Y,N
2070,cmc-0066,M-039,1,,,,,,,20141218,,,,,,,,,,0,,,,,,0,,,,,,,,,,0,,,,,,,,,,,,,,0,,,,,0,,,0,,,0,0,0,0,0,0,0,0,0,0,0,0,0,0,0,0,0,0,0,0,0,0,0,0,0,0,,,,,,,0,,N,1,1,2,,,,,Y,N
2090,cmc-0066,M-039,1,,,,,,,20141219,,,,,,,,,,0,,,,,,0,,,,,,,,,,0,,,,,,,,,,,,,,0,,,,,0,,,0,,,0,0,0,0,0,0,0,0,0,0,0,0,0,0,0,0,0,0,0,0,0,0,0,0,0,0,,,,,,,0,,N,1,1,2,,,,,Y,N
2150,cmc-0066,M-039,1,,,,,,,20141222,,,,,,,,,,0,,,,,,0,,,,,,,,,,0,,,,,,,,,,,,,,0,,,,,0,,,0,,,0,0,0,0,0,0,0,0,0,0,0,0,0,0,0,0,0,0,0,0,0,0,0,0,0,0,,,,,,,0,,N,1,1,2,,,,,Y,N
2200,cmc-0066,M-039,1,,,,,,,20141223,,,,,,,,,,0,,,,,,0,,,,,,,,,,0,,,,,,,,,,,,,,0,,,,,0,,,0,,,0,0,0,0,0,0,0,0,0,0,0,0,0,0,0,0,0,0,0,0,0,0,0,0,0,0,,,,,,,0,,N,1,1,2,,,,,Y,N
2210,cmc-0066,M-039,1,,,,,,,20141224,,,,,,,,,,0,,,,,,0,,,,,,,,,,0,,,,,,,,,,,,,,0,,,,,0,,,0,,,0,0,0,0,0,0,0,0,0,0,0,0,0,0,0,0,0,0,0,0,0,0,0,0,0,0,,,,,,,0,,N,1,1,2,,,,,Y,N
2235,cmc-0066,M-039,1,,,,,,,20141225,,,,,,,,,,0,,,,,,0,,,,,,,,,,0,,,,,,,,,,,,,,0,,,,,0,,,0,,,0,0,0,0,0,0,0,0,0,0,0,0,0,0,0,0,0,0,0,0,0,0,0,0,0,0,,,,,,,0,,N,1,1,2,,,,,Y,N
2234,cmc-0066,M-039,1,,,,,,,20141226,,,,,,,,,,0,,,,,,0,,,,,,,,,,0,,,,,,,,,,,,,,0,,,,,0,,,0,,,0,0,0,0,0,0,0,0,0,0,0,0,0,0,0,0,0,0,0,0,0,0,0,0,0,0,,,,,,,0,,N,1,1,2,,,,,Y,N
2288,cmc-0066,M-039,1,,,,,,,20141227,,,,,,,,,,0,,,,,,0,,,,,,,,,,0,,,,,,,,,,,,,,0,,,,,0,,,0,,,0,0,0,0,0,0,0,0,0,0,0,0,0,0,0,0,0,0,0,0,0,0,0,0,0,0,,,,,,,0,,N,1,1,2,,,,,Y,N
2289,cmc-0066,M-039,1,,,,,,,20141228,,,,,,,,,,0,,,,,,0,,,,,,,,,,0,,,,,,,,,,,,,,0,,,,,0,,,0,,,0,0,0,0,0,0,0,0,0,0,0,0,0,0,0,0,0,0,0,0,0,0,0,0,0,0,,,,,,,0,,N,1,1,2,,,,,Y,N
2290,cmc-0066,M-039,1,,,,,,,20141229,,,,,,,,,,0,,,,,,0,,,,,,,,,,0,,,,,,,,,,,,,,0,,,,,0,,,0,,,0,0,0,0,0,0,0,0,0,0,0,0,0,0,0,0,0,0,0,0,0,0,0,0,0,0,,,,,,,0,,N,1,1,2,,,,,Y,N
2415,cmc-0066,M-039,1,,,,,,,20141230,,,,,,,,,,0,,,,,,0,,,,,,,,,,0,,,,,,,,,,,,,,0,,,,,0,,,0,,,0,0,0,0,0,0,0,0,0,0,0,0,0,0,0,0,0,0,0,0,0,0,0,0,0,0,,,,,,,0,,N,1,1,2,,,,,Y,N
2416,cmc-0066,M-039,1,,,,,,,20141231,,,,,,,,,,0,,,,,,0,,,,,,,,,,0,,,,,,,,,,,,,,0,,,,,0,,,0,,,0,0,0,0,0,0,0,0,0,0,0,0,0,0,0,0,0,0,0,0,0,0,0,0,0,0,,,,,,,0,,N,1,1,2,,,,,Y,N
2417,cmc-0066,M-039,1,,,,,,,20150101,,,,,,,,,,0,,,,,,0,,,,,,,,,,0,,,,,,,,,,,,,,0,,,,,0,,,0,,,0,0,0,0,0,0,0,0,0,0,0,0,0,0,0,0,0,0,0,0,0,0,0,0,0,0,,,,,,,0,,N,1,1,2,,,,,Y,N
2418,cmc-0066,M-039,1,,,,,,,20150102,,,,,,,,,,0,,,,,,0,,,,,,,,,,0,,,,,,,,,,,,,,0,,,,,0,,,0,,,0,0,0,0,0,0,0,0,0,0,0,0,0,0,0,0,0,0,0,0,0,0,0,0,0,0,,,,,,,0,,N,1,1,2,,,,,Y,N
2524,cmc-0066,M-039,1,,,,,,,20150103,,,,,,,,,,0,,,,,,0,,,,,,,,,,0,,,,,,,,,,,,,,0,,,,,0,,,0,,,0,0,0,0,0,0,0,0,0,0,0,0,0,0,0,0,0,0,0,0,0,0,0,0,0,0,,,,,,,0,,N,1,1,2,,,,,Y,N
2456,cmc-0066,M-039,1,,,,,,,20150104,,,,,,,,,,0,,,,,,0,,,,,,,,,,0,,,,,,,,,,,,,,0,,,,,0,,,0,,,0,0,0,0,0,0,0,0,0,0,0,0,0,0,0,0,0,0,0,0,0,0,0,0,0,0,,,,,,,0,,N,1,1,2,,,,,Y,N
2523,cmc-0066,M-039,1,,,,,,,20150105,,,,,,,,,,0,,,,,,0,,,,,,,,,,0,,,,,,,,,,,,,,0,,,,,0,,,0,,,0,0,0,0,0,0,0,0,0,0,0,0,0,0,0,0,0,0,0,0,0,0,0,0,0,0,,,,,,,0,,N,1,1,2,,,,,Y,N
2522,cmc-0066,M-039,1,,,,,,,20150106,,,,,,,,,,0,,,,,,0,,,,,,,,,,0,,,,,,,,,,,,,,0,,,,,0,,,0,,,0,0,0,0,0,0,0,0,0,0,0,0,0,0,0,0,0,0,0,0,0,0,0,0,0,0,,,,,,,0,,N,1,1,2,,,,,Y,N
2521,cmc-0066,M-039,1,,,,,,,20150107,,,,,,,,,,0,,,,,,0,,,,,,,,,,0,,,,,,,,,,,,,,0,,,,,0,,,0,,,0,0,0,0,0,0,0,0,0,0,0,0,0,0,0,0,0,0,0,0,0,0,0,0,0,0,,,,,,,0,,N,1,1,2,,,,,Y,N
2812,cmc-0066,M-039,1,,,,,,,20150119,,,,,,,,,,0,,,,,,0,,,,,,,,,,0,,,,,,,,,,,,,,0,,,,,0,,,0,,,0,0,0,0,0,0,0,0,0,0,0,0,0,0,0,0,0,0,0,0,0,0,0,0,0,0,,,,,,,0,,N,1,1,2,,,,,Y,N
2811,cmc-0066,M-039,1,,,,,,,20150120,,,,,,,,,,0,,,,,,0,,,,,,,,,,0,,,,,,,,,,,,,,0,,,,,0,,,0,,,0,0,0,0,0,0,0,0,0,0,0,0,0,0,0,0,0,0,0,0,0,0,0,0,0,0,,,,,,,0,,N,1,1,2,,,,,Y,N
2910,cmc-0066,M-039,1,,,,,,,20150121,,,,,,,,,,0,,,,,,0,,,,,,,,,,0,,,,,,,,,,,,,,0,,,,,0,,,0,,,0,0,0,0,0,0,0,0,0,0,0,0,0,0,0,0,0,0,0,0,0,0,0,0,0,0,,,,,,,0,,N,1,1,2,,,,,Y,N
2909,cmc-0066,M-039,1,,,,,,,20150122,,,,,,,,,,0,,,,,,0,,,,,,,,,,0,,,,,,,,,,,,,,0,,,,,0,,,0,,,0,0,0,0,0,0,0,0,0,0,0,0,0,0,0,0,0,0,0,0,0,0,0,0,0,0,,,,,,,0,,N,1,1,2,,,,,Y,N
2908,cmc-0066,M-039,1,,,,,,,20150123,,,,,,,,,,0,,,,,,0,,,,,,,,,,0,,,,,,,,,,,,,,0,,,,,0,,,0,,,0,0,0,0,0,0,0,0,0,0,0,0,0,0,0,0,0,0,0,0,0,0,0,0,0,0,,,,,,,0,,N,1,1,2,,,,,Y,N
3146,cmc-0066,M-039,1,,,,,,,20150124,,,,,,,,,,0,,,,,,0,,,,,,,,,,0,,,,,,,,,,,,,,0,,,,,0,,,0,,,0,0,0,0,0,0,0,0,0,0,0,0,0,0,0,0,0,0,0,0,0,0,0,0,0,0,,,,,,,0,,N,1,1,2,,,,,Y,N
3147,cmc-0066,M-039,1,,,,,,,20150125,,,,,,,,,,0,,,,,,0,,,,,,,,,,0,,,,,,,,,,,,,,0,,,,,0,,,0,,,0,0,0,0,0,0,0,0,0,0,0,0,0,0,0,0,0,0,0,0,0,0,0,0,0,0,,,,,,,0,,N,1,1,2,,,,,Y,N
3148,cmc-0066,M-039,1,,,,,,,20150126,,,,,,,,,,0,,,,,,0,,,,,,,,,,0,,,,,,,,,,,,,,0,,,,,0,,,0,,,0,0,0,0,0,0,0,0,0,0,0,0,0,0,0,0,0,0,0,0,0,0,0,0,0,0,,,,,,,0,,N,1,1,2,,,,,Y,N
3149,cmc-0066,M-039,1,,,,,,,20150127,,,,,,,,,,0,,,,,,0,,,,,,,,,,0,,,,,,,,,,,,,,0,,,,,0,,,0,,,0,0,0,0,0,0,0,0,0,0,0,0,0,0,0,0,0,0,0,0,0,0,0,0,0,0,,,,,,,0,,N,1,1,2,,,,,Y,N
3150,cmc-0066,M-039,1,,,,,,,20150128,,,,,,,,,,0,,,,,,0,,,,,,,,,,0,,,,,,,,,,,,,,0,,,,,0,,,0,,,0,0,0,0,0,0,0,0,0,0,0,0,0,0,0,0,0,0,0,0,0,0,0,0,0,0,,,,,,,0,,N,1,1,2,,,,,Y,N
3145,cmc-0066,M-039,1,,,,,,,20150201,,,,,,,,,,0,,,,,,0,,,,,,,,,,0,,,,,,,,,,,,,,0,,,,,0,,,0,,,0,0,0,0,0,0,0,0,0,0,0,0,0,0,0,0,0,0,0,0,0,0,0,0,0,0,,,,,,,0,,N,1,1,2,,,,,Y,N
3259,cmc-0066,M-039,1,,,,,,,20150202,,,,,,,,,,0,,,,,,0,,,,,,,,,,0,,,,,,,,,,,,,,0,,,,,0,,,0,,,0,0,0,0,0,0,0,0,0,0,0,0,0,0,0,0,0,0,0,0,0,0,0,0,0,0,,,,,,,0,,N,1,1,2,,,,,Y,N
3260,cmc-0066,M-039,1,,,,,,,20150203,,,,,,,,,,0,,,,,,0,,,,,,,,,,0,,,,,,,,,,,,,,0,,,,,0,,,0,,,0,0,0,0,0,0,0,0,0,0,0,0,0,0,0,0,0,0,0,0,0,0,0,0,0,0,,,,,,,0,,N,1,1,2,,,,,Y,N
2077,cmc-0067,M-040,0,,,,,,,20141218,,,,,,,,,,0,,,,,,0,,,,,,,,,,0,,,,,,,,,,,,,,0,,,,,0,,,0,,,0,0,0,0,0,0,0,0,0,0,0,0,0,0,0,0,0,0,0,0,0,0,0,0,0,0,,,,,,,0,,N,1,1,2,,,,,Y,N
2208,cmc-0067,M-040,0,,,,,,,20141220,,,,,,,,,,0,,,,,,0,,,,,,,,,,0,,,,,,,,,,,,,,0,,,,,0,,,0,,,0,0,0,0,0,0,0,0,0,0,0,0,0,0,0,0,0,0,0,0,0,0,0,0,0,0,,,,,,,0,,N,1,1,2,,,,,Y,N
2117,cmc-0067,M-040,0,,,,,,,20141221,,,,,,,,,,0,,,,,,0,,,,,,,,,,0,,,,,,,,,,,,,,0,,,,,0,,,0,,,0,0,0,0,0,0,0,0,0,0,0,0,0,0,0,0,0,0,0,0,0,0,0,0,0,0,,,,,,,0,,N,1,1,2,,,,,Y,N
2152,cmc-0067,M-040,0,,,,,,,20141222,,,,,,,,,,0,,,,,,0,,,,,,,,,,0,,,,,,,,,,,,,,0,,,,,0,,,0,,,0,0,0,0,0,0,0,0,0,0,0,0,0,0,0,0,0,0,0,0,0,0,0,0,0,0,,,,,,,0,,N,1,1,2,,,,,Y,N
2207,cmc-0067,M-040,0,,,,,,,20141224,,,,,,,,,,0,,,,,,0,,,,,,,,,,0,,,,,,,,,,,,,,0,,,,,0,,,0,,,0,0,0,0,0,0,0,0,0,0,0,0,0,0,0,0,0,0,0,0,0,0,0,0,0,0,,,,,,,0,,N,1,1,2,,,,,Y,N
2230,cmc-0067,M-040,0,,,,,,,20141226,,,,,,,,,,0,,,,,,0,,,,,,,,,,0,,,,,,,,,,,,,,0,,,,,0,,,0,,,0,0,0,0,0,0,0,0,0,0,0,0,0,0,0,0,0,0,0,0,0,0,0,0,0,0,,,,,,,0,,N,1,1,2,,,,,Y,N
2280,cmc-0067,M-040,0,,,,,,,20141228,,,,,,,,,,0,,,,,,0,,,,,,,,,,0,,,,,,,,,,,,,,0,,,,,0,,,0,,,0,0,0,0,0,0,0,0,0,0,0,0,0,0,0,0,0,0,0,0,0,0,0,0,0,0,,,,,,,0,,N,1,1,2,,,,,Y,N
2333,cmc-0067,M-040,0,,,,,,,20141230,,,,,,,,,,0,,,,,,0,,,,,,,,,,0,,,,,,,,,,,,,,0,,,,,0,,,0,,,0,0,0,0,0,0,0,0,0,0,0,0,0,0,0,0,0,0,0,0,0,0,0,0,0,0,,,,,,,0,,N,1,1,2,,,,,Y,N
2363,cmc-0067,M-040,0,,,,,,,20141231,,,,,,,,,,0,,,,,,0,,,,,,,,,,0,,,,,,,,,,,,,,0,,,,,0,,,0,,,0,0,0,0,0,0,0,0,0,0,0,0,0,0,0,0,0,0,0,0,0,0,0,0,0,0,,,,,,,0,,N,1,1,2,,,,,Y,N
2362,cmc-0067,M-040,0,,,,,,,20150101,,,,,,,,,,0,,,,,,0,,,,,,,,,,0,,,,,,,,,,,,,,0,,,,,0,,,0,,,0,0,0,0,0,0,0,0,0,0,0,0,0,0,0,0,0,0,0,0,0,0,0,0,0,0,,,,,,,0,,N,1,1,2,,,,,Y,N
2483,cmc-0067,M-040,0,,,,,,,20150104,,,,,,,,,,0,,,,,,0,,,,,,,,,,0,,,,,,,,,,,,,,0,,,,,0,,,0,,,0,0,0,0,0,0,0,0,0,0,0,0,0,0,0,0,0,0,0,0,0,0,0,0,0,0,,,,,,,0,,N,1,1,2,,,,,Y,N
2626,cmc-0067,M-040,0,,,,,,,20150111,,,,,,,,,,0,,,,,,0,,,,,,,,,,0,,,,,,,,,,,,,,0,,,,,0,,,0,,,0,0,0,0,0,0,0,0,0,0,0,0,0,0,0,0,0,0,0,0,0,0,0,0,0,0,,,,,,,0,,N,1,1,2,,,,,Y,N
2625,cmc-0067,M-040,0,,,,,,,20150112,,,,,,,,,,0,,,,,,0,,,,,,,,,,0,,,,,,,,,,,,,,0,,,,,0,,,0,,,0,0,0,0,0,0,0,0,0,0,0,0,0,0,0,0,0,0,0,0,0,0,0,0,0,0,,,,,,,0,,N,1,1,2,,,,,Y,N
2703,cmc-0067,M-040,0,,,,,,,20150115,,,,,,,,,,0,,,,,,0,,,,,,,,,,0,,,,,,,,,,,,,,0,,,,,0,,,0,,,0,0,0,0,0,0,0,0,0,0,0,0,0,0,0,0,0,0,0,0,0,0,0,0,0,0,,,,,,,0,,N,1,1,2,,,,,Y,N
2765,cmc-0067,M-040,0,,,,,,,20150116,,,,,,,,,,0,,,,,,0,,,,,,,,,,0,,,,,,,,,,,,,,0,,,,,0,,,0,,,0,0,0,0,0,0,0,0,0,0,0,0,0,0,0,0,0,0,0,0,0,0,0,0,0,0,,,,,,,0,,N,1,1,2,,,,,Y,N
2772,cmc-0067,M-040,0,,,,,,,20150118,,,,,,,,,,0,,,,,,0,,,,,,,,,,0,,,,,,,,,,,,,,0,,,,,0,,,0,,,0,0,0,0,0,0,0,0,0,0,0,0,0,0,0,0,0,0,0,0,0,0,0,0,0,0,,,,,,,0,,N,1,1,2,,,,,Y,N
2980,cmc-0067,M-040,0,,,,,,,20150119,,,,,,,,,,0,,,,,,0,,,,,,,,,,0,,,,,,,,,,,,,,0,,,,,0,,,0,,,0,0,0,0,0,0,0,0,0,0,0,0,0,0,0,0,0,0,0,0,0,0,0,0,0,0,,,,,,,0,,N,1,1,2,,,,,Y,N
2971,cmc-0067,M-040,0,,,,,,,20150125,,,,,,,,,,0,,,,,,0,,,,,,,,,,0,,,,,,,,,,,,,,0,,,,,0,,,0,,,0,0,0,0,0,0,0,0,0,0,0,0,0,0,0,0,0,0,0,0,0,0,0,0,0,0,,,,,,,0,,N,1,1,2,,,,,Y,N
2979,cmc-0067,M-040,0,,,,,,,20150126,,,,,,,,,,0,,,,,,0,,,,,,,,,,0,,,,,,,,,,,,,,0,,,,,0,,,0,,,0,0,0,0,0,0,0,0,0,0,0,0,0,0,0,0,0,0,0,0,0,0,0,0,0,0,,,,,,,0,,N,1,1,2,,,,,Y,N
3101,cmc-0067,M-040,0,,,,,,,20150129,,,,,,,,,,0,,,,,,0,,,,,,,,,,0,,,,,,,,,,,,,,0,,,,,0,,,0,,,0,0,0,0,0,0,0,0,0,0,0,0,0,0,0,0,0,0,0,0,0,0,0,0,0,0,,,,,,,0,,N,1,1,2,,,,,Y,N
3131,cmc-0067,M-040,0,,,,,,,20150131,,,,,,,,,,0,,,,,,0,,,,,,,,,,0,,,,,,,,,,,,,,0,,,,,0,,,0,,,0,0,0,0,0,0,0,0,0,0,0,0,0,0,0,0,0,0,0,0,0,0,0,0,0,0,,,,,,,0,,N,1,1,2,,,,,Y,N
3182,cmc-0067,M-040,0,,,,,,,20150201,,,,,,,,,,0,,,,,,0,,,,,,,,,,0,,,,,,,,,,,,,,0,,,,,0,,,0,,,0,0,0,0,0,0,0,0,0,0,0,0,0,0,0,0,0,0,0,0,0,0,0,0,0,0,,,,,,,0,,N,1,1,2,,,,,Y,N
3369,cmc-0067,M-040,0,,,,,,,20150206,,,,,,,,,,0,,,,,,0,,,,,,,,,,0,,,,,,,,,,,,,,0,,,,,0,,,0,,,0,0,0,0,0,0,0,0,0,0,0,0,0,0,0,0,0,0,0,0,0,0,0,0,0,0,,,,,,,0,,N,1,1,2,,,,,Y,N
3410,cmc-0067,M-040,0,,,,,,,20150209,,,,,,,,,,0,,,,,,0,,,,,,,,,,0,,,,,,,,,,,,,,0,,,,,0,,,0,,,0,0,0,0,0,0,0,0,0,0,0,0,0,0,0,0,0,0,0,0,0,0,0,0,0,0,,,,,,,0,,N,1,1,2,,,,,Y,N
3493,cmc-0067,M-040,0,,,,,,,20150212,,,,,,,,,,0,,,,,,0,,,,,,,,,,0,,,,,,,,,,,,,,0,,,,,0,,,0,,,0,0,0,0,0,0,0,0,0,0,0,0,0,0,0,0,0,0,0,0,0,0,0,0,0,0,,,,,,,0,,N,1,1,2,,,,,Y,N
3600,cmc-0067,M-040,0,,,,,,,20150213,,,,,,,,,,0,,,,,,0,,,,,,,,,,0,,,,,,,,,,,,,,0,,,,,0,,,0,,,0,0,0,0,0,0,0,0,0,0,0,0,0,0,0,0,0,0,0,0,0,0,0,0,0,0,,,,,,,0,,N,1,1,2,,,,,Y,N
3601,cmc-0067,M-040,0,,,,,,,20150214,,,,,,,,,,0,,,,,,0,,,,,,,,,,0,,,,,,,,,,,,,,0,,,,,0,,,0,,,0,0,0,0,0,0,0,0,0,0,0,0,0,0,0,0,0,0,0,0,0,0,0,0,0,0,,,,,,,0,,N,1,1,2,,,,,Y,N
3665,cmc-0067,M-040,0,,,,,,,20150216,,,,,,,,,,0,,,,,,0,,,,,,,,,,0,,,,,,,,,,,,,,0,,,,,0,,,0,,,0,0,0,0,0,0,0,0,0,0,0,0,0,0,0,0,0,0,0,0,0,0,0,0,0,0,,,,,,,0,,N,1,1,2,,,,,Y,N
3876,cmc-0067,M-040,0,,,,,,,20150217,,,,,,,,,,0,,,,,,0,,,,,,,,,,0,,,,,,,,,,,,,,0,,,,,0,,,0,,,0,0,0,0,0,0,0,0,0,0,0,0,0,0,0,0,0,0,0,0,0,0,0,0,0,0,,,,,,,0,,N,1,1,2,,,,,Y,N
3878,cmc-0067,M-040,0,,,,,,,20150218,,,,,,,,,,0,,,,,,0,,,,,,,,,,0,,,,,,,,,,,,,,0,,,,,0,,,0,,,0,0,0,0,0,0,0,0,0,0,0,0,0,0,0,0,0,0,0,0,0,0,0,0,0,0,,,,,,,0,,N,1,1,2,,,,,Y,N
3879,cmc-0067,M-040,0,,,,,,,20150219,,,,,,,,,,0,,,,,,0,,,,,,,,,,0,,,,,,,,,,,,,,0,,,,,0,,,0,,,0,0,0,0,0,0,0,0,0,0,0,0,0,0,0,0,0,0,0,0,0,0,0,0,0,0,,,,,,,0,,N,1,1,2,,,,,Y,N
3715,cmc-0067,M-040,0,,,,,,,20150220,,,,,,,,,,0,,,,,,0,,,,,,,,,,0,,,,,,,,,,,,,,0,,,,,0,,,0,,,0,0,0,0,0,0,0,0,0,0,0,0,0,0,0,0,0,0,0,0,0,0,0,0,0,0,,,,,,,0,,N,1,1,2,,,,,Y,N
3880,cmc-0067,M-040,0,,,,,,,20150221,,,,,,,,,,0,,,,,,0,,,,,,,,,,0,,,,,,,,,,,,,,0,,,,,0,,,0,,,0,0,0,0,0,0,0,0,0,0,0,0,0,0,0,0,0,0,0,0,0,0,0,0,0,0,,,,,,,0,,N,1,1,2,,,,,Y,N
3882,cmc-0067,M-040,0,,,,,,,20150222,,,,,,,,,,0,,,,,,0,,,,,,,,,,0,,,,,,,,,,,,,,0,,,,,0,,,0,,,0,0,0,0,0,0,0,0,0,0,0,0,0,0,0,0,0,0,0,0,0,0,0,0,0,0,,,,,,,0,,N,1,1,2,,,,,Y,N
2068,cmc-0068,M-041,0,,,,,,,20141218,,,,,,,,,,0,,,,,,0,,,,,,,,,,0,,,,,,,,,,,,,,0,,,,,0,,,0,,,0,0,0,0,0,0,0,0,0,0,0,0,0,0,0,0,0,0,0,0,0,0,0,0,0,0,,,,,,,0,,N,1,1,2,,,,,Y,N
2201,cmc-0068,M-041,0,,,,,,,20141224,,,,,,,,,,0,,,,,,0,,,,,,,,,,0,,,,,,,,,,,,,,0,,,,,0,,,0,,,0,0,0,0,0,0,0,0,0,0,0,0,0,0,0,0,0,0,0,0,0,0,0,0,0,0,,,,,,,0,,N,1,1,2,,,,,Y,N
2219,cmc-0068,M-041,0,,,,,,,20141225,,,,,,,,,,0,,,,,,0,,,,,,,,,,0,,,,,,,,,,,,,,0,,,,,0,,,0,,,0,0,0,0,0,0,0,0,0,0,0,0,0,0,0,0,0,0,0,0,0,0,0,0,0,0,,,,,,,0,,N,1,1,2,,,,,Y,N
2231,cmc-0068,M-041,0,,,,,,,20141226,,,,,,,,,,0,,,,,,0,,,,,,,,,,0,,,,,,,,,,,,,,0,,,,,0,,,0,,,0,0,0,0,0,0,0,0,0,0,0,0,0,0,0,0,0,0,0,0,0,0,0,0,0,0,,,,,,,0,,N,1,1,2,,,,,Y,N
2265,cmc-0068,M-041,0,,,,,,,20141227,,,,,,,,,,0,,,,,,0,,,,,,,,,,0,,,,,,,,,,,,,,0,,,,,0,,,0,,,0,0,0,0,0,0,0,0,0,0,0,0,0,0,0,0,0,0,0,0,0,0,0,0,0,0,,,,,,,0,,N,1,1,2,,,,,Y,N
2277,cmc-0068,M-041,0,,,,,,,20141228,,,,,,,,,,0,,,,,,0,,,,,,,,,,0,,,,,,,,,,,,,,0,,,,,0,,,0,,,0,0,0,0,0,0,0,0,0,0,0,0,0,0,0,0,0,0,0,0,0,0,0,0,0,0,,,,,,,0,,N,1,1,2,,,,,Y,N
2329,cmc-0068,M-041,0,,,,,,,20141230,,,,,,,,,,0,,,,,,0,,,,,,,,,,0,,,,,,,,,,,,,,0,,,,,0,,,0,,,0,0,0,0,0,0,0,0,0,0,0,0,0,0,0,0,0,0,0,0,0,0,0,0,0,0,,,,,,,0,,N,1,1,2,,,,,Y,N
2352,cmc-0068,M-041,0,,,,,,,20141231,,,,,,,,,,0,,,,,,0,,,,,,,,,,0,,,,,,,,,,,,,,0,,,,,0,,,0,,,0,0,0,0,0,0,0,0,0,0,0,0,0,0,0,0,0,0,0,0,0,0,0,0,0,0,,,,,,,0,,N,1,1,2,,,,,Y,N
2379,cmc-0068,M-041,0,,,,,,,20150101,,,,,,,,,,0,,,,,,0,,,,,,,,,,0,,,,,,,,,,,,,,0,,,,,0,,,0,,,0,0,0,0,0,0,0,0,0,0,0,0,0,0,0,0,0,0,0,0,0,0,0,0,0,0,,,,,,,0,,N,1,1,2,,,,,Y,N
2378,cmc-0068,M-041,0,,,,,,,20150102,,,,,,,,,,0,,,,,,0,,,,,,,,,,0,,,,,,,,,,,,,,0,,,,,0,,,0,,,0,0,0,0,0,0,0,0,0,0,0,0,0,0,0,0,0,0,0,0,0,0,0,0,0,0,,,,,,,0,,N,1,1,2,,,,,Y,N
2444,cmc-0068,M-041,0,,,,,,,20150103,,,,,,,,,,0,,,,,,0,,,,,,,,,,0,,,,,,,,,,,,,,0,,,,,0,,,0,,,0,0,0,0,0,0,0,0,0,0,0,0,0,0,0,0,0,0,0,0,0,0,0,0,0,0,,,,,,,0,,N,1,1,2,,,,,Y,N
2474,cmc-0068,M-041,0,,,,,,,20150104,,,,,,,,,,0,,,,,,0,,,,,,,,,,0,,,,,,,,,,,,,,0,,,,,0,,,0,,,0,0,0,0,0,0,0,0,0,0,0,0,0,0,0,0,0,0,0,0,0,0,0,0,0,0,,,,,,,0,,N,1,1,2,,,,,Y,N
2473,cmc-0068,M-041,0,,,,,,,20150105,,,,,,,,,,0,,,,,,0,,,,,,,,,,0,,,,,,,,,,,,,,0,,,,,0,,,0,,,0,0,0,0,0,0,0,0,0,0,0,0,0,0,0,0,0,0,0,0,0,0,0,0,0,0,,,,,,,0,,N,1,1,2,,,,,Y,N
2532,cmc-0068,M-041,0,,,,,,,20150107,,,,,,,,,,0,,,,,,0,,,,,,,,,,0,,,,,,,,,,,,,,0,,,,,0,,,0,,,0,0,0,0,0,0,0,0,0,0,0,0,0,0,0,0,0,0,0,0,0,0,0,0,0,0,,,,,,,0,,N,1,1,2,,,,,Y,N
2533,cmc-0068,M-041,0,,,,,,,20150108,,,,,,,,,,0,,,,,,0,,,,,,,,,,0,,,,,,,,,,,,,,0,,,,,0,,,0,,,0,0,0,0,0,0,0,0,0,0,0,0,0,0,0,0,0,0,0,0,0,0,0,0,0,0,,,,,,,0,,N,1,1,2,,,,,Y,N
2550,cmc-0068,M-041,0,,,,,,,20150109,,,,,,,,,,0,,,,,,0,,,,,,,,,,0,,,,,,,,,,,,,,0,,,,,0,,,0,,,0,0,0,0,0,0,0,0,0,0,0,0,0,0,0,0,0,0,0,0,0,0,0,0,0,0,,,,,,,0,,N,1,1,2,,,,,Y,N
2588,cmc-0068,M-041,0,,,,,,,20150111,,,,,,,,,,0,,,,,,0,,,,,,,,,,0,,,,,,,,,,,,,,0,,,,,0,,,0,,,0,0,0,0,0,0,0,0,0,0,0,0,0,0,0,0,0,0,0,0,0,0,0,0,0,0,,,,,,,0,,N,1,1,2,,,,,Y,N
2602,cmc-0068,M-041,0,,,,,,,20150112,,,,,,,,,,0,,,,,,0,,,,,,,,,,0,,,,,,,,,,,,,,0,,,,,0,,,0,,,0,0,0,0,0,0,0,0,0,0,0,0,0,0,0,0,0,0,0,0,0,0,0,0,0,0,,,,,,,0,,N,1,1,2,,,,,Y,N
2644,cmc-0068,M-041,0,,,,,,,20150113,,,,,,,,,,0,,,,,,0,,,,,,,,,,0,,,,,,,,,,,,,,0,,,,,0,,,0,,,0,0,0,0,0,0,0,0,0,0,0,0,0,0,0,0,0,0,0,0,0,0,0,0,0,0,,,,,,,0,,N,1,1,2,,,,,Y,N
2727,cmc-0068,M-041,0,,,,,,,20150116,,,,,,,,,,0,,,,,,0,,,,,,,,,,0,,,,,,,,,,,,,,0,,,,,0,,,0,,,0,0,0,0,0,0,0,0,0,0,0,0,0,0,0,0,0,0,0,0,0,0,0,0,0,0,,,,,,,0,,N,1,1,2,,,,,Y,N
2768,cmc-0068,M-041,0,,,,,,,20150118,,,,,,,,,,0,,,,,,0,,,,,,,,,,0,,,,,,,,,,,,,,0,,,,,0,,,0,,,0,0,0,0,0,0,0,0,0,0,0,0,0,0,0,0,0,0,0,0,0,0,0,0,0,0,,,,,,,0,,N,1,1,2,,,,,Y,N
2865,cmc-0068,M-041,0,,,,,,,20150119,,,,,,,,,,0,,,,,,0,,,,,,,,,,0,,,,,,,,,,,,,,0,,,,,0,,,0,,,0,0,0,0,0,0,0,0,0,0,0,0,0,0,0,0,0,0,0,0,0,0,0,0,0,0,,,,,,,0,,N,1,1,2,,,,,Y,N
2866,cmc-0068,M-041,0,,,,,,,20150120,,,,,,,,,,0,,,,,,0,,,,,,,,,,0,,,,,,,,,,,,,,0,,,,,0,,,0,,,0,0,0,0,0,0,0,0,0,0,0,0,0,0,0,0,0,0,0,0,0,0,0,0,0,0,,,,,,,0,,N,1,1,2,,,,,Y,N
2952,cmc-0068,M-041,0,,,,,,,20150121,,,,,,,,,,0,,,,,,0,,,,,,,,,,0,,,,,,,,,,,,,,0,,,,,0,,,0,,,0,0,0,0,0,0,0,0,0,0,0,0,0,0,0,0,0,0,0,0,0,0,0,0,0,0,,,,,,,0,,N,1,1,2,,,,,Y,N
2895,cmc-0068,M-041,0,,,,,,,20150122,,,,,,,,,,0,,,,,,0,,,,,,,,,,0,,,,,,,,,,,,,,0,,,,,0,,,0,,,0,0,0,0,0,0,0,0,0,0,0,0,0,0,0,0,0,0,0,0,0,0,0,0,0,0,,,,,,,0,,N,1,1,2,,,,,Y,N
2953,cmc-0068,M-041,0,,,,,,,20150123,,,,,,,,,,0,,,,,,0,,,,,,,,,,0,,,,,,,,,,,,,,0,,,,,0,,,0,,,0,0,0,0,0,0,0,0,0,0,0,0,0,0,0,0,0,0,0,0,0,0,0,0,0,0,,,,,,,0,,N,1,1,2,,,,,Y,N
2954,cmc-0068,M-041,0,,,,,,,20150124,,,,,,,,,,0,,,,,,0,,,,,,,,,,0,,,,,,,,,,,,,,0,,,,,0,,,0,,,0,0,0,0,0,0,0,0,0,0,0,0,0,0,0,0,0,0,0,0,0,0,0,0,0,0,,,,,,,0,,N,1,1,2,,,,,Y,N
3003,cmc-0068,M-041,0,,,,,,,20150126,,,,,,,,,,0,,,,,,0,,,,,,,,,,0,,,,,,,,,,,,,,0,,,,,0,,,0,,,0,0,0,0,0,0,0,0,0,0,0,0,0,0,0,0,0,0,0,0,0,0,0,0,0,0,,,,,,,0,,N,1,1,2,,,,,Y,N
3002,cmc-0068,M-041,0,,,,,,,20150127,,,,,,,,,,0,,,,,,0,,,,,,,,,,0,,,,,,,,,,,,,,0,,,,,0,,,0,,,0,0,0,0,0,0,0,0,0,0,0,0,0,0,0,0,0,0,0,0,0,0,0,0,0,0,,,,,,,0,,N,1,1,2,,,,,Y,N
3063,cmc-0068,M-041,0,,,,,,,20150128,,,,,,,,,,0,,,,,,0,,,,,,,,,,0,,,,,,,,,,,,,,0,,,,,0,,,0,,,0,0,0,0,0,0,0,0,0,0,0,0,0,0,0,0,0,0,0,0,0,0,0,0,0,0,,,,,,,0,,N,1,1,2,,,,,Y,N
3122,cmc-0068,M-041,0,,,,,,,20150129,,,,,,,,,,0,,,,,,0,,,,,,,,,,0,,,,,,,,,,,,,,0,,,,,0,,,0,,,0,0,0,0,0,0,0,0,0,0,0,0,0,0,0,0,0,0,0,0,0,0,0,0,0,0,,,,,,,0,,N,1,1,2,,,,,Y,N
3123,cmc-0068,M-041,0,,,,,,,20150130,,,,,,,,,,0,,,,,,0,,,,,,,,,,0,,,,,,,,,,,,,,0,,,,,0,,,0,,,0,0,0,0,0,0,0,0,0,0,0,0,0,0,0,0,0,0,0,0,0,0,0,0,0,0,,,,,,,0,,N,1,1,2,,,,,Y,N
3121,cmc-0068,M-041,0,,,,,,,20150131,,,,,,,,,,0,,,,,,0,,,,,,,,,,0,,,,,,,,,,,,,,0,,,,,0,,,0,,,0,0,0,0,0,0,0,0,0,0,0,0,0,0,0,0,0,0,0,0,0,0,0,0,0,0,,,,,,,0,,N,1,1,2,,,,,Y,N
3139,cmc-0068,M-041,0,,,,,,,20150201,,,,,,,,,,0,,,,,,0,,,,,,,,,,0,,,,,,,,,,,,,,0,,,,,0,,,0,,,0,0,0,0,0,0,0,0,0,0,0,0,0,0,0,0,0,0,0,0,0,0,0,0,0,0,,,,,,,0,,N,1,1,2,,,,,Y,N
3254,cmc-0068,M-041,0,,,,,,,20150204,,,,,,,,,,0,,,,,,0,,,,,,,,,,0,,,,,,,,,,,,,,0,,,,,0,,,0,,,0,0,0,0,0,0,0,0,0,0,0,0,0,0,0,0,0,0,0,0,0,0,0,0,0,0,,,,,,,0,,N,1,1,2,,,,,Y,N
3286,cmc-0068,M-041,0,,,,,,,20150205,,,,,,,,,,0,,,,,,0,,,,,,,,,,0,,,,,,,,,,,,,,0,,,,,0,,,0,,,0,0,0,0,0,0,0,0,0,0,0,0,0,0,0,0,0,0,0,0,0,0,0,0,0,0,,,,,,,0,,N,1,1,2,,,,,Y,N
3351,cmc-0068,M-041,0,,,,,,,20150206,,,,,,,,,,0,,,,,,0,,,,,,,,,,0,,,,,,,,,,,,,,0,,,,,0,,,0,,,0,0,0,0,0,0,0,0,0,0,0,0,0,0,0,0,0,0,0,0,0,0,0,0,0,0,,,,,,,0,,N,1,1,2,,,,,Y,N
3350,cmc-0068,M-041,0,,,,,,,20150207,,,,,,,,,,0,,,,,,0,,,,,,,,,,0,,,,,,,,,,,,,,0,,,,,0,,,0,,,0,0,0,0,0,0,0,0,0,0,0,0,0,0,0,0,0,0,0,0,0,0,0,0,0,0,,,,,,,0,,N,1,1,2,,,,,Y,N
3374,cmc-0068,M-041,0,,,,,,,20150208,,,,,,,,,,0,,,,,,0,,,,,,,,,,0,,,,,,,,,,,,,,0,,,,,0,,,0,,,0,0,0,0,0,0,0,0,0,0,0,0,0,0,0,0,0,0,0,0,0,0,0,0,0,0,,,,,,,0,,N,1,1,2,,,,,Y,N
3424,cmc-0068,M-041,0,,,,,,,20150209,,,,,,,,,,0,,,,,,0,,,,,,,,,,0,,,,,,,,,,,,,,0,,,,,0,,,0,,,0,0,0,0,0,0,0,0,0,0,0,0,0,0,0,0,0,0,0,0,0,0,0,0,0,0,,,,,,,0,,N,1,1,2,,,,,Y,N
3423,cmc-0068,M-041,0,,,,,,,20150210,,,,,,,,,,0,,,,,,0,,,,,,,,,,0,,,,,,,,,,,,,,0,,,,,0,,,0,,,0,0,0,0,0,0,0,0,0,0,0,0,0,0,0,0,0,0,0,0,0,0,0,0,0,0,,,,,,,0,,N,1,1,2,,,,,Y,N
3462,cmc-0068,M-041,0,,,,,,,20150211,,,,,,,,,,0,,,,,,0,,,,,,,,,,0,,,,,,,,,,,,,,0,,,,,0,,,0,,,0,0,0,0,0,0,0,0,0,0,0,0,0,0,0,0,0,0,0,0,0,0,0,0,0,0,,,,,,,0,,N,1,1,2,,,,,Y,N
3521,cmc-0068,M-041,0,,,,,,,20150212,,,,,,,,,,0,,,,,,0,,,,,,,,,,0,,,,,,,,,,,,,,0,,,,,0,,,0,,,0,0,0,0,0,0,0,0,0,0,0,0,0,0,0,0,0,0,0,0,0,0,0,0,0,0,,,,,,,0,,N,1,1,2,,,,,Y,N
3520,cmc-0068,M-041,0,,,,,,,20150213,,,,,,,,,,0,,,,,,0,,,,,,,,,,0,,,,,,,,,,,,,,0,,,,,0,,,0,,,0,0,0,0,0,0,0,0,0,0,0,0,0,0,0,0,0,0,0,0,0,0,0,0,0,0,,,,,,,0,,N,1,1,2,,,,,Y,N
3559,cmc-0068,M-041,0,,,,,,,20150214,,,,,,,,,,0,,,,,,0,,,,,,,,,,0,,,,,,,,,,,,,,0,,,,,0,,,0,,,0,0,0,0,0,0,0,0,0,0,0,0,0,0,0,0,0,0,0,0,0,0,0,0,0,0,,,,,,,0,,N,1,1,2,,,,,Y,N
3633,cmc-0068,M-041,0,,,,,,,20150215,,,,,,,,,,0,,,,,,0,,,,,,,,,,0,,,,,,,,,,,,,,0,,,,,0,,,0,,,0,0,0,0,0,0,0,0,0,0,0,0,0,0,0,0,0,0,0,0,0,0,0,0,0,0,,,,,,,0,,N,1,1,2,,,,,Y,N
3634,cmc-0068,M-041,0,,,,,,,20150216,,,,,,,,,,0,,,,,,0,,,,,,,,,,0,,,,,,,,,,,,,,0,,,,,0,,,0,,,0,0,0,0,0,0,0,0,0,0,0,0,0,0,0,0,0,0,0,0,0,0,0,0,0,0,,,,,,,0,,N,1,1,2,,,,,Y,N
3632,cmc-0068,M-041,0,,,,,,,20150217,,,,,,,,,,0,,,,,,0,,,,,,,,,,0,,,,,,,,,,,,,,0,,,,,0,,,0,,,0,0,0,0,0,0,0,0,0,0,0,0,0,0,0,0,0,0,0,0,0,0,0,0,0,0,,,,,,,0,,N,1,1,2,,,,,Y,N
3659,cmc-0068,M-041,0,,,,,,,20150218,,,,,,,,,,0,,,,,,0,,,,,,,,,,0,,,,,,,,,,,,,,0,,,,,0,,,0,,,0,0,0,0,0,0,0,0,0,0,0,0,0,0,0,0,0,0,0,0,0,0,0,0,0,0,,,,,,,0,,N,1,1,2,,,,,Y,N
3682,cmc-0068,M-041,0,,,,,,,20150219,,,,,,,,,,0,,,,,,0,,,,,,,,,,0,,,,,,,,,,,,,,0,,,,,0,,,0,,,0,0,0,0,0,0,0,0,0,0,0,0,0,0,0,0,0,0,0,0,0,0,0,0,0,0,,,,,,,0,,N,1,1,2,,,,,Y,N
3699,cmc-0068,M-041,0,,,,,,,20150220,,,,,,,,,,0,,,,,,0,,,,,,,,,,0,,,,,,,,,,,,,,0,,,,,0,,,0,,,0,0,0,0,0,0,0,0,0,0,0,0,0,0,0,0,0,0,0,0,0,0,0,0,0,0,,,,,,,0,,N,1,1,2,,,,,Y,N
3763,cmc-0068,M-041,0,,,,,,,20150222,,,,,,,,,,0,,,,,,0,,,,,,,,,,0,,,,,,,,,,,,,,0,,,,,0,,,0,,,0,0,0,0,0,0,0,0,0,0,0,0,0,0,0,0,0,0,0,0,0,0,0,0,0,0,,,,,,,0,,N,1,1,2,,,,,Y,N
3849,cmc-0068,M-041,0,,,,,,,20150223,,,,,,,,,,0,,,,,,0,,,,,,,,,,0,,,,,,,,,,,,,,0,,,,,0,,,0,,,0,0,0,0,0,0,0,0,0,0,0,0,0,0,0,0,0,0,0,0,0,0,0,0,0,0,,,,,,,0,,N,1,1,2,,,,,Y,N
3848,cmc-0068,M-041,0,,,,,,,20150224,,,,,,,,,,0,,,,,,0,,,,,,,,,,0,,,,,,,,,,,,,,0,,,,,0,,,0,,,0,0,0,0,0,0,0,0,0,0,0,0,0,0,0,0,0,0,0,0,0,0,0,0,0,0,,,,,,,0,,N,1,1,2,,,,,Y,N
4072,cmc-0068,M-041,0,,,,,,,20150226,,,,,,,,,,0,,,,,,0,,,,,,,,,,0,,,,,,,,,,,,,,0,,,,,0,,,0,,,0,0,0,0,0,0,0,0,0,0,0,0,0,0,0,0,0,0,0,0,0,0,0,0,0,0,,,,,,,0,,N,1,1,2,,,,,Y,N
4073,cmc-0068,M-041,0,,,,,,,20150227,,,,,,,,,,0,,,,,,0,,,,,,,,,,0,,,,,,,,,,,,,,0,,,,,0,,,0,,,0,0,0,0,0,0,0,0,0,0,0,0,0,0,0,0,0,0,0,0,0,0,0,0,0,0,,,,,,,0,,N,1,1,2,,,,,Y,N
4080,cmc-0068,M-041,0,,,,,,,20150228,,,,,,,,,,0,,,,,,0,,,,,,,,,,0,,,,,,,,,,,,,,0,,,,,0,,,0,,,0,0,0,0,0,0,0,0,0,0,0,0,0,0,0,0,0,0,0,0,0,0,0,0,0,0,,,,,,,0,,N,1,1,2,,,,,Y,N
4081,cmc-0068,M-041,0,,,,,,,20150301,,,,,,,,,,0,,,,,,0,,,,,,,,,,0,,,,,,,,,,,,,,0,,,,,0,,,0,,,0,0,0,0,0,0,0,0,0,0,0,0,0,0,0,0,0,0,0,0,0,0,0,0,0,0,,,,,,,0,,N,1,1,2,,,,,Y,N
4082,cmc-0068,M-041,0,,,,,,,20150302,,,,,,,,,,0,,,,,,0,,,,,,,,,,0,,,,,,,,,,,,,,0,,,,,0,,,0,,,0,0,0,0,0,0,0,0,0,0,0,0,0,0,0,0,0,0,0,0,0,0,0,0,0,0,,,,,,,0,,N,1,1,2,,,,,Y,N
4083,cmc-0068,M-041,0,,,,,,,20150303,,,,,,,,,,0,,,,,,0,,,,,,,,,,0,,,,,,,,,,,,,,0,,,,,0,,,0,,,0,0,0,0,0,0,0,0,0,0,0,0,0,0,0,0,0,0,0,0,0,0,0,0,0,0,,,,,,,0,,N,1,1,2,,,,,Y,N
4099,cmc-0068,M-041,0,,,,,,,20150304,,,,,,,,,,0,,,,,,0,,,,,,,,,,0,,,,,,,,,,,,,,0,,,,,0,,,0,,,0,0,0,0,0,0,0,0,0,0,0,0,0,0,0,0,0,0,0,0,0,0,0,0,0,0,,,,,,,0,,N,1,1,2,,,,,Y,N
4113,cmc-0068,M-041,0,,,,,,,20150305,,,,,,,,,,0,,,,,,0,,,,,,,,,,0,,,,,,,,,,,,,,0,,,,,0,,,0,,,0,0,0,0,0,0,0,0,0,0,0,0,0,0,0,0,0,0,0,0,0,0,0,0,0,0,,,,,,,0,,N,1,1,2,,,,,Y,N
4142,cmc-0068,M-041,0,,,,,,,20150306,,,,,,,,,,0,,,,,,0,,,,,,,,,,0,,,,,,,,,,,,,,0,,,,,0,,,0,,,0,0,0,0,0,0,0,0,0,0,0,0,0,0,0,0,0,0,0,0,0,0,0,0,0,0,,,,,,,0,,N,1,1,2,,,,,Y,N
4141,cmc-0068,M-041,0,,,,,,,20150307,,,,,,,,,,0,,,,,,0,,,,,,,,,,0,,,,,,,,,,,,,,0,,,,,0,,,0,,,0,0,0,0,0,0,0,0,0,0,0,0,0,0,0,0,0,0,0,0,0,0,0,0,0,0,,,,,,,0,,N,1,1,2,,,,,Y,N
4196,cmc-0068,M-041,0,,,,,,,20150308,,,,,,,,,,0,,,,,,0,,,,,,,,,,0,,,,,,,,,,,,,,0,,,,,0,,,0,,,0,0,0,0,0,0,0,0,0,0,0,0,0,0,0,0,0,0,0,0,0,0,0,0,0,0,,,,,,,0,,N,1,1,2,,,,,Y,N
4270,cmc-0068,M-041,0,,,,,,,20150309,,,,,,,,,,0,,,,,,0,,,,,,,,,,0,,,,,,,,,,,,,,0,,,,,0,,,0,,,0,0,0,0,0,0,0,0,0,0,0,0,0,0,0,0,0,0,0,0,0,0,0,0,0,0,,,,,,,0,,N,1,1,2,,,,,Y,N
4271,cmc-0068,M-041,0,,,,,,,20150310,,,,,,,,,,0,,,,,,0,,,,,,,,,,0,,,,,,,,,,,,,,0,,,,,0,,,0,,,0,0,0,0,0,0,0,0,0,0,0,0,0,0,0,0,0,0,0,0,0,0,0,0,0,0,,,,,,,0,,N,1,1,2,,,,,Y,N
4316,cmc-0068,M-041,0,,,,,,,20150311,,,,,,,,,,0,,,,,,0,,,,,,,,,,0,,,,,,,,,,,,,,0,,,,,0,,,0,,,0,0,0,0,0,0,0,0,0,0,0,0,0,0,0,0,0,0,0,0,0,0,0,0,0,0,,,,,,,0,,N,1,1,2,,,,,Y,N
2253,cmc-0069,M-042,0,,,,,,,20141220,,,,,,,,,,0,,,,,,0,,,,,,,,,,0,,,,,,,,,,,,,,0,,,,,0,,,0,,,0,0,0,0,0,0,0,0,0,0,0,0,0,0,0,0,0,0,0,0,0,0,0,0,0,0,,,,,,,0,,N,1,1,2,,,,,Y,N
2254,cmc-0069,M-042,0,,,,,,,20141221,,,,,,,,,,0,,,,,,0,,,,,,,,,,0,,,,,,,,,,,,,,0,,,,,0,,,0,,,0,0,0,0,0,0,0,0,0,0,0,0,0,0,0,0,0,0,0,0,0,0,0,0,0,0,,,,,,,0,,N,1,1,2,,,,,Y,N
2255,cmc-0069,M-042,0,,,,,,,20141222,,,,,,,,,,0,,,,,,0,,,,,,,,,,0,,,,,,,,,,,,,,0,,,,,0,,,0,,,0,0,0,0,0,0,0,0,0,0,0,0,0,0,0,0,0,0,0,0,0,0,0,0,0,0,,,,,,,0,,N,1,1,2,,,,,Y,N
2256,cmc-0069,M-042,0,,,,,,,20141223,,,,,,,,,,0,,,,,,0,,,,,,,,,,0,,,,,,,,,,,,,,0,,,,,0,,,0,,,0,0,0,0,0,0,0,0,0,0,0,0,0,0,0,0,0,0,0,0,0,0,0,0,0,0,,,,,,,0,,N,1,1,2,,,,,Y,N
2257,cmc-0069,M-042,0,,,,,,,20141224,,,,,,,,,,0,,,,,,0,,,,,,,,,,0,,,,,,,,,,,,,,0,,,,,0,,,0,,,0,0,0,0,0,0,0,0,0,0,0,0,0,0,0,0,0,0,0,0,0,0,0,0,0,0,,,,,,,0,,N,1,1,2,,,,,Y,N
2258,cmc-0069,M-042,0,,,,,,,20141225,,,,,,,,,,0,,,,,,0,,,,,,,,,,0,,,,,,,,,,,,,,0,,,,,0,,,0,,,0,0,0,0,0,0,0,0,0,0,0,0,0,0,0,0,0,0,0,0,0,0,0,0,0,0,,,,,,,0,,N,1,1,2,,,,,Y,N
2259,cmc-0069,M-042,0,,,,,,,20141226,,,,,,,,,,0,,,,,,0,,,,,,,,,,0,,,,,,,,,,,,,,0,,,,,0,,,0,,,0,0,0,0,0,0,0,0,0,0,0,0,0,0,0,0,0,0,0,0,0,0,0,0,0,0,,,,,,,0,,N,1,1,2,,,,,Y,N
2291,cmc-0069,M-042,0,,,,,,,20141227,,,,,,,,,,0,,,,,,0,,,,,,,,,,0,,,,,,,,,,,,,,0,,,,,0,,,0,,,0,0,0,0,0,0,0,0,0,0,0,0,0,0,0,0,0,0,0,0,0,0,0,0,0,0,,,,,,,0,,N,1,1,2,,,,,Y,N
2393,cmc-0069,M-042,0,,,,,,,20141228,,,,,,,,,,0,,,,,,0,,,,,,,,,,0,,,,,,,,,,,,,,0,,,,,0,,,0,,,0,0,0,0,0,0,0,0,0,0,0,0,0,0,0,0,0,0,0,0,0,0,0,0,0,0,,,,,,,0,,N,1,1,2,,,,,Y,N
2394,cmc-0069,M-042,0,,,,,,,20141229,,,,,,,,,,0,,,,,,0,,,,,,,,,,0,,,,,,,,,,,,,,0,,,,,0,,,0,,,0,0,0,0,0,0,0,0,0,0,0,0,0,0,0,0,0,0,0,0,0,0,0,0,0,0,,,,,,,0,,N,1,1,2,,,,,Y,N
2395,cmc-0069,M-042,0,,,,,,,20141230,,,,,,,,,,0,,,,,,0,,,,,,,,,,0,,,,,,,,,,,,,,0,,,,,0,,,0,,,0,0,0,0,0,0,0,0,0,0,0,0,0,0,0,0,0,0,0,0,0,0,0,0,0,0,,,,,,,0,,N,1,1,2,,,,,Y,N
2396,cmc-0069,M-042,0,,,,,,,20141231,,,,,,,,,,0,,,,,,0,,,,,,,,,,0,,,,,,,,,,,,,,0,,,,,0,,,0,,,0,0,0,0,0,0,0,0,0,0,0,0,0,0,0,0,0,0,0,0,0,0,0,0,0,0,,,,,,,0,,N,1,1,2,,,,,Y,N
3004,cmc-0069,M-042,0,,,,,,,20150101,,,,,,,,,,0,,,,,,0,,,,,,,,,,0,,,,,,,,,,,,,,0,,,,,0,,,0,,,0,0,0,0,0,0,0,0,0,0,0,0,0,0,0,0,0,0,0,0,0,0,0,0,0,0,,,,,,,0,,N,1,1,2,,,,,Y,N
3005,cmc-0069,M-042,0,,,,,,,20150102,,,,,,,,,,0,,,,,,0,,,,,,,,,,0,,,,,,,,,,,,,,0,,,,,0,,,0,,,0,0,0,0,0,0,0,0,0,0,0,0,0,0,0,0,0,0,0,0,0,0,0,0,0,0,,,,,,,0,,N,1,1,2,,,,,Y,N
3014,cmc-0069,M-042,0,,,,,,,20150103,,,,,,,,,,0,,,,,,0,,,,,,,,,,0,,,,,,,,,,,,,,0,,,,,0,,,0,,,0,0,0,0,0,0,0,0,0,0,0,0,0,0,0,0,0,0,0,0,0,0,0,0,0,0,,,,,,,0,,N,1,1,2,,,,,Y,N
3015,cmc-0069,M-042,0,,,,,,,20150104,,,,,,,,,,0,,,,,,0,,,,,,,,,,0,,,,,,,,,,,,,,0,,,,,0,,,0,,,0,0,0,0,0,0,0,0,0,0,0,0,0,0,0,0,0,0,0,0,0,0,0,0,0,0,,,,,,,0,,N,1,1,2,,,,,Y,N
3017,cmc-0069,M-042,0,,,,,,,20150105,,,,,,,,,,0,,,,,,0,,,,,,,,,,0,,,,,,,,,,,,,,0,,,,,0,,,0,,,0,0,0,0,0,0,0,0,0,0,0,0,0,0,0,0,0,0,0,0,0,0,0,0,0,0,,,,,,,0,,N,1,1,2,,,,,Y,N
3018,cmc-0069,M-042,0,,,,,,,20150106,,,,,,,,,,0,,,,,,0,,,,,,,,,,0,,,,,,,,,,,,,,0,,,,,0,,,0,,,0,0,0,0,0,0,0,0,0,0,0,0,0,0,0,0,0,0,0,0,0,0,0,0,0,0,,,,,,,0,,N,1,1,2,,,,,Y,N
3019,cmc-0069,M-042,0,,,,,,,20150107,,,,,,,,,,0,,,,,,0,,,,,,,,,,0,,,,,,,,,,,,,,0,,,,,0,,,0,,,0,0,0,0,0,0,0,0,0,0,0,0,0,0,0,0,0,0,0,0,0,0,0,0,0,0,,,,,,,0,,N,1,1,2,,,,,Y,N
3020,cmc-0069,M-042,0,,,,,,,20150108,,,,,,,,,,0,,,,,,0,,,,,,,,,,0,,,,,,,,,,,,,,0,,,,,0,,,0,,,0,0,0,0,0,0,0,0,0,0,0,0,0,0,0,0,0,0,0,0,0,0,0,0,0,0,,,,,,,0,,N,1,1,2,,,,,Y,N
3021,cmc-0069,M-042,0,,,,,,,20150109,,,,,,,,,,0,,,,,,0,,,,,,,,,,0,,,,,,,,,,,,,,0,,,,,0,,,0,,,0,0,0,0,0,0,0,0,0,0,0,0,0,0,0,0,0,0,0,0,0,0,0,0,0,0,,,,,,,0,,N,1,1,2,,,,,Y,N
3022,cmc-0069,M-042,0,,,,,,,20150110,,,,,,,,,,0,,,,,,0,,,,,,,,,,0,,,,,,,,,,,,,,0,,,,,0,,,0,,,0,0,0,0,0,0,0,0,0,0,0,0,0,0,0,0,0,0,0,0,0,0,0,0,0,0,,,,,,,0,,N,1,1,2,,,,,Y,N
3023,cmc-0069,M-042,0,,,,,,,20150111,,,,,,,,,,0,,,,,,0,,,,,,,,,,0,,,,,,,,,,,,,,0,,,,,0,,,0,,,0,0,0,0,0,0,0,0,0,0,0,0,0,0,0,0,0,0,0,0,0,0,0,0,0,0,,,,,,,0,,N,1,1,2,,,,,Y,N
3024,cmc-0069,M-042,0,,,,,,,20150112,,,,,,,,,,0,,,,,,0,,,,,,,,,,0,,,,,,,,,,,,,,0,,,,,0,,,0,,,0,0,0,0,0,0,0,0,0,0,0,0,0,0,0,0,0,0,0,0,0,0,0,0,0,0,,,,,,,0,,N,1,1,2,,,,,Y,N
3025,cmc-0069,M-042,0,,,,,,,20150113,,,,,,,,,,0,,,,,,0,,,,,,,,,,0,,,,,,,,,,,,,,0,,,,,0,,,0,,,0,0,0,0,0,0,0,0,0,0,0,0,0,0,0,0,0,0,0,0,0,0,0,0,0,0,,,,,,,0,,N,1,1,2,,,,,Y,N
3026,cmc-0069,M-042,0,,,,,,,20150114,,,,,,,,,,0,,,,,,0,,,,,,,,,,0,,,,,,,,,,,,,,0,,,,,0,,,0,,,0,0,0,0,0,0,0,0,0,0,0,0,0,0,0,0,0,0,0,0,0,0,0,0,0,0,,,,,,,0,,N,1,1,2,,,,,Y,N
3027,cmc-0069,M-042,0,,,,,,,20150115,,,,,,,,,,0,,,,,,0,,,,,,,,,,0,,,,,,,,,,,,,,0,,,,,0,,,0,,,0,0,0,0,0,0,0,0,0,0,0,0,0,0,0,0,0,0,0,0,0,0,0,0,0,0,,,,,,,0,,N,1,1,2,,,,,Y,N
3028,cmc-0069,M-042,0,,,,,,,20150116,,,,,,,,,,0,,,,,,0,,,,,,,,,,0,,,,,,,,,,,,,,0,,,,,0,,,0,,,0,0,0,0,0,0,0,0,0,0,0,0,0,0,0,0,0,0,0,0,0,0,0,0,0,0,,,,,,,0,,N,1,1,2,,,,,Y,N
3029,cmc-0069,M-042,0,,,,,,,20150117,,,,,,,,,,0,,,,,,0,,,,,,,,,,0,,,,,,,,,,,,,,0,,,,,0,,,0,,,0,0,0,0,0,0,0,0,0,0,0,0,0,0,0,0,0,0,0,0,0,0,0,0,0,0,,,,,,,0,,N,1,1,2,,,,,Y,N
3030,cmc-0069,M-042,0,,,,,,,20150118,,,,,,,,,,0,,,,,,0,,,,,,,,,,0,,,,,,,,,,,,,,0,,,,,0,,,0,,,0,0,0,0,0,0,0,0,0,0,0,0,0,0,0,0,0,0,0,0,0,0,0,0,0,0,,,,,,,0,,N,1,1,2,,,,,Y,N
3031,cmc-0069,M-042,0,,,,,,,20150119,,,,,,,,,,0,,,,,,0,,,,,,,,,,0,,,,,,,,,,,,,,0,,,,,0,,,0,,,0,0,0,0,0,0,0,0,0,0,0,0,0,0,0,0,0,0,0,0,0,0,0,0,0,0,,,,,,,0,,N,1,1,2,,,,,Y,N
3032,cmc-0069,M-042,0,,,,,,,20150120,,,,,,,,,,0,,,,,,0,,,,,,,,,,0,,,,,,,,,,,,,,0,,,,,0,,,0,,,0,0,0,0,0,0,0,0,0,0,0,0,0,0,0,0,0,0,0,0,0,0,0,0,0,0,,,,,,,0,,N,1,1,2,,,,,Y,N
3033,cmc-0069,M-042,0,,,,,,,20150121,,,,,,,,,,0,,,,,,0,,,,,,,,,,0,,,,,,,,,,,,,,0,,,,,0,,,0,,,0,0,0,0,0,0,0,0,0,0,0,0,0,0,0,0,0,0,0,0,0,0,0,0,0,0,,,,,,,0,,N,1,1,2,,,,,Y,N
3034,cmc-0069,M-042,0,,,,,,,20150122,,,,,,,,,,0,,,,,,0,,,,,,,,,,0,,,,,,,,,,,,,,0,,,,,0,,,0,,,0,0,0,0,0,0,0,0,0,0,0,0,0,0,0,0,0,0,0,0,0,0,0,0,0,0,,,,,,,0,,N,1,1,2,,,,,Y,N
3035,cmc-0069,M-042,0,,,,,,,20150123,,,,,,,,,,0,,,,,,0,,,,,,,,,,0,,,,,,,,,,,,,,0,,,,,0,,,0,,,0,0,0,0,0,0,0,0,0,0,0,0,0,0,0,0,0,0,0,0,0,0,0,0,0,0,,,,,,,0,,N,1,1,2,,,,,Y,N
3036,cmc-0069,M-042,0,,,,,,,20150124,,,,,,,,,,0,,,,,,0,,,,,,,,,,0,,,,,,,,,,,,,,0,,,,,0,,,0,,,0,0,0,0,0,0,0,0,0,0,0,0,0,0,0,0,0,0,0,0,0,0,0,0,0,0,,,,,,,0,,N,1,1,2,,,,,Y,N
3037,cmc-0069,M-042,0,,,,,,,20150125,,,,,,,,,,0,,,,,,0,,,,,,,,,,0,,,,,,,,,,,,,,0,,,,,0,,,0,,,0,0,0,0,0,0,0,0,0,0,0,0,0,0,0,0,0,0,0,0,0,0,0,0,0,0,,,,,,,0,,N,1,1,2,,,,,Y,N
2978,cmc-0069,M-042,0,,,,,,,20150126,,,,,,,,,,0,,,,,,0,,,,,,,,,,0,,,,,,,,,,,,,,0,,,,,0,,,0,,,0,0,0,0,0,0,0,0,0,0,0,0,0,0,0,0,0,0,0,0,0,0,0,0,0,0,,,,,,,0,,N,1,1,2,,,,,Y,N
3043,cmc-0077,M-049,1,,,,,,,20150122,,,,,,,,,,0,,,,,,0,,,,,,,,,,0,,,,,,,,,,,,,,0,,,,,0,,,0,,,0,0,0,0,0,0,0,0,0,0,0,0,0,0,0,0,0,0,0,0,0,0,0,0,0,0,,,,,,,0,,N,1,1,2,,,,,Y,N
3819,cmc-0077,M-049,1,,,,,,,20150130,,,,,,,,,,0,,,,,,0,,,,,,,,,,0,,,,,,,,,,,,,,0,,,,,0,,,0,,,0,0,0,0,0,0,0,0,0,0,0,0,0,0,0,0,0,0,0,0,0,0,0,0,0,0,,,,,,,0,,N,1,1,2,,,,,Y,N
4456,cmc-0077,M-049,1,,,,,,,20150201,,,,,,,,,,0,,,,,,0,,,,,,,,,,0,,,,,,,,,,,,,,0,,,,,0,,,0,,,0,0,0,0,0,0,0,0,0,0,0,0,0,0,0,0,0,0,0,0,0,0,0,0,0,0,,,,,,,0,,N,1,1,2,,,,,Y,N
4457,cmc-0077,M-049,1,,,,,,,20150202,,,,,,,,,,0,,,,,,0,,,,,,,,,,0,,,,,,,,,,,,,,0,,,,,0,,,0,,,0,0,0,0,0,0,0,0,0,0,0,0,0,0,0,0,0,0,0,0,0,0,0,0,0,0,,,,,,,0,,N,1,1,2,,,,,Y,N
4459,cmc-0077,M-049,1,,,,,,,20150204,,,,,,,,,,0,,,,,,0,,,,,,,,,,0,,,,,,,,,,,,,,0,,,,,0,,,0,,,0,0,0,0,0,0,0,0,0,0,0,0,0,0,0,0,0,0,0,0,0,0,0,0,0,0,,,,,,,0,,N,1,1,2,,,,,Y,N
4460,cmc-0077,M-049,1,,,,,,,20150205,,,,,,,,,,0,,,,,,0,,,,,,,,,,0,,,,,,,,,,,,,,0,,,,,0,,,0,,,0,0,0,0,0,0,0,0,0,0,0,0,0,0,0,0,0,0,0,0,0,0,0,0,0,0,,,,,,,0,,N,1,1,2,,,,,Y,N
4464,cmc-0077,M-049,1,,,,,,,20150213,,,,,,,,,,0,,,,,,0,,,,,,,,,,0,,,,,,,,,,,,,,0,,,,,0,,,0,,,0,0,0,0,0,0,0,0,0,0,0,0,0,0,0,0,0,0,0,0,0,0,0,0,0,0,,,,,,,0,,N,1,1,2,,,,,Y,N
4465,cmc-0077,M-049,1,,,,,,,20150214,,,,,,,,,,0,,,,,,0,,,,,,,,,,0,,,,,,,,,,,,,,0,,,,,0,,,0,,,0,0,0,0,0,0,0,0,0,0,0,0,0,0,0,0,0,0,0,0,0,0,0,0,0,0,,,,,,,0,,N,1,1,2,,,,,Y,N
4471,cmc-0077,M-049,1,,,,,,,20150219,,,,,,,,,,0,,,,,,0,,,,,,,,,,0,,,,,,,,,,,,,,0,,,,,0,,,0,,,0,0,0,0,0,0,0,0,0,0,0,0,0,0,0,0,0,0,0,0,0,0,0,0,0,0,,,,,,,0,,N,1,1,2,,,,,Y,N
4472,cmc-0077,M-049,1,,,,,,,20150220,,,,,,,,,,0,,,,,,0,,,,,,,,,,0,,,,,,,,,,,,,,0,,,,,0,,,0,,,0,0,0,0,0,0,0,0,0,0,0,0,0,0,0,0,0,0,0,0,0,0,0,0,0,0,,,,,,,0,,N,1,1,2,,,,,Y,N
4473,cmc-0077,M-049,1,,,,,,,20150222,,,,,,,,,,0,,,,,,0,,,,,,,,,,0,,,,,,,,,,,,,,0,,,,,0,,,0,,,0,0,0,0,0,0,0,0,0,0,0,0,0,0,0,0,0,0,0,0,0,0,0,0,0,0,,,,,,,0,,N,1,1,2,,,,,Y,N
4474,cmc-0077,M-049,1,,,,,,,20150224,,,,,,,,,,0,,,,,,0,,,,,,,,,,0,,,,,,,,,,,,,,0,,,,,0,,,0,,,0,0,0,0,0,0,0,0,0,0,0,0,0,0,0,0,0,0,0,0,0,0,0,0,0,0,,,,,,,0,,N,1,1,2,,,,,Y,N
4475,cmc-0077,M-049,1,,,,,,,20150225,,,,,,,,,,0,,,,,,0,,,,,,,,,,0,,,,,,,,,,,,,,0,,,,,0,,,0,,,0,0,0,0,0,0,0,0,0,0,0,0,0,0,0,0,0,0,0,0,0,0,0,0,0,0,,,,,,,0,,N,1,1,2,,,,,Y,N
4481,cmc-0077,M-049,1,,,,,,,20150226,,,,,,,,,,0,,,,,,0,,,,,,,,,,0,,,,,,,,,,,,,,0,,,,,0,,,0,,,0,0,0,0,0,0,0,0,0,0,0,0,0,0,0,0,0,0,0,0,0,0,0,0,0,0,,,,,,,0,,N,1,1,2,,,,,Y,N
4482,cmc-0077,M-049,1,,,,,,,20150228,,,,,,,,,,0,,,,,,0,,,,,,,,,,0,,,,,,,,,,,,,,0,,,,,0,,,0,,,0,0,0,0,0,0,0,0,0,0,0,0,0,0,0,0,0,0,0,0,0,0,0,0,0,0,,,,,,,0,,N,1,1,2,,,,,Y,N
4483,cmc-0077,M-049,1,,,,,,,20150301,,,,,,,,,,0,,,,,,0,,,,,,,,,,0,,,,,,,,,,,,,,0,,,,,0,,,0,,,0,0,0,0,0,0,0,0,0,0,0,0,0,0,0,0,0,0,0,0,0,0,0,0,0,0,,,,,,,0,,N,1,1,2,,,,,Y,N
4484,cmc-0077,M-049,1,,,,,,,20150302,,,,,,,,,,0,,,,,,0,,,,,,,,,,0,,,,,,,,,,,,,,0,,,,,0,,,0,,,0,0,0,0,0,0,0,0,0,0,0,0,0,0,0,0,0,0,0,0,0,0,0,0,0,0,,,,,,,0,,N,1,1,2,,,,,Y,N
4487,cmc-0077,M-049,1,,,,,,,20150305,,,,,,,,,,0,,,,,,0,,,,,,,,,,0,,,,,,,,,,,,,,0,,,,,0,,,0,,,0,0,0,0,0,0,0,0,0,0,0,0,0,0,0,0,0,0,0,0,0,0,0,0,0,0,,,,,,,0,,N,1,1,2,,,,,Y,N
4489,cmc-0077,M-049,1,,,,,,,20150307,,,,,,,,,,0,,,,,,0,,,,,,,,,,0,,,,,,,,,,,,,,0,,,,,0,,,0,,,0,0,0,0,0,0,0,0,0,0,0,0,0,0,0,0,0,0,0,0,0,0,0,0,0,0,,,,,,,0,,N,1,1,2,,,,,Y,N
4490,cmc-0077,M-049,1,,,,,,,20150308,,,,,,,,,,0,,,,,,0,,,,,,,,,,0,,,,,,,,,,,,,,0,,,,,0,,,0,,,0,0,0,0,0,0,0,0,0,0,0,0,0,0,0,0,0,0,0,0,0,0,0,0,0,0,,,,,,,0,,N,1,1,2,,,,,Y,N
4491,cmc-0077,M-049,1,,,,,,,20150309,,,,,,,,,,0,,,,,,0,,,,,,,,,,0,,,,,,,,,,,,,,0,,,,,0,,,0,,,0,0,0,0,0,0,0,0,0,0,0,0,0,0,0,0,0,0,0,0,0,0,0,0,0,0,,,,,,,0,,N,1,1,2,,,,,Y,N
4493,cmc-0077,M-049,1,,,,,,,20150311,,,,,,,,,,0,,,,,,0,,,,,,,,,,0,,,,,,,,,,,,,,0,,,,,0,,,0,,,0,0,0,0,0,0,0,0,0,0,0,0,0,0,0,0,0,0,0,0,0,0,0,0,0,0,,,,,,,0,,N,1,1,2,,,,,Y,N
4494,cmc-0077,M-049,1,,,,,,,20150312,,,,,,,,,,0,,,,,,0,,,,,,,,,,0,,,,,,,,,,,,,,0,,,,,0,,,0,,,0,0,0,0,0,0,0,0,0,0,0,0,0,0,0,0,0,0,0,0,0,0,0,0,0,0,,,,,,,0,,N,1,1,2,,,,,Y,N
4495,cmc-0077,M-049,1,,,,,,,20150313,,,,,,,,,,0,,,,,,0,,,,,,,,,,0,,,,,,,,,,,,,,0,,,,,0,,,0,,,0,0,0,0,0,0,0,0,0,0,0,0,0,0,0,0,0,0,0,0,0,0,0,0,0,0,,,,,,,0,,N,1,1,2,,,,,Y,N
4498,cmc-0077,M-049,1,,,,,,,20150316,,,,,,,,,,0,,,,,,0,,,,,,,,,,0,,,,,,,,,,,,,,0,,,,,0,,,0,,,0,0,0,0,0,0,0,0,0,0,0,0,0,0,0,0,0,0,0,0,0,0,0,0,0,0,,,,,,,0,,N,1,1,2,,,,,Y,N
4612,cmc-0077,M-049,1,,,,,,,20150317,,,,,,,,,,0,,,,,,0,,,,,,,,,,0,,,,,,,,,,,,,,0,,,,,0,,,0,,,0,0,0,0,0,0,0,0,0,0,0,0,0,0,0,0,0,0,0,0,0,0,0,0,0,0,,,,,,,0,,N,1,1,2,,,,,Y,N
4614,cmc-0077,M-049,1,,,,,,,20150319,,,,,,,,,,0,,,,,,0,,,,,,,,,,0,,,,,,,,,,,,,,0,,,,,0,,,0,,,0,0,0,0,0,0,0,0,0,0,0,0,0,0,0,0,0,0,0,0,0,0,0,0,0,0,,,,,,,0,,N,1,1,2,,,,,Y,N
4615,cmc-0077,M-049,1,,,,,,,20150320,,,,,,,,,,0,,,,,,0,,,,,,,,,,0,,,,,,,,,,,,,,0,,,,,0,,,0,,,0,0,0,0,0,0,0,0,0,0,0,0,0,0,0,0,0,0,0,0,0,0,0,0,0,0,,,,,,,0,,N,1,1,2,,,,,Y,N
5097,cmc-0077,M-049,1,,,,,,,20150324,,,,,,,,,,0,,,,,,0,,,,,,,,,,0,,,,,,,,,,,,,,0,,,,,0,,,0,,,0,0,0,0,0,0,0,0,0,0,0,0,0,0,0,0,0,0,0,0,0,0,0,0,0,0,,,,,,,0,,N,1,1,2,,,,,Y,N
5099,cmc-0077,M-049,1,,,,,,,20150326,,,,,,,,,,0,,,,,,0,,,,,,,,,,0,,,,,,,,,,,,,,0,,,,,0,,,0,,,0,0,0,0,0,0,0,0,0,0,0,0,0,0,0,0,0,0,0,0,0,0,0,0,0,0,,,,,,,0,,N,1,1,2,,,,,Y,N
5100,cmc-0077,M-049,1,,,,,,,20150327,,,,,,,,,,0,,,,,,0,,,,,,,,,,0,,,,,,,,,,,,,,0,,,,,0,,,0,,,0,0,0,0,0,0,0,0,0,0,0,0,0,0,0,0,0,0,0,0,0,0,0,0,0,0,,,,,,,0,,N,1,1,2,,,,,Y,N
5101,cmc-0077,M-049,1,,,,,,,20150328,,,,,,,,,,0,,,,,,0,,,,,,,,,,0,,,,,,,,,,,,,,0,,,,,0,,,0,,,0,0,0,0,0,0,0,0,0,0,0,0,0,0,0,0,0,0,0,0,0,0,0,0,0,0,,,,,,,0,,N,1,1,2,,,,,Y,N
5102,cmc-0077,M-049,1,,,,,,,20150329,,,,,,,,,,0,,,,,,0,,,,,,,,,,0,,,,,,,,,,,,,,0,,,,,0,,,0,,,0,0,0,0,0,0,0,0,0,0,0,0,0,0,0,0,0,0,0,0,0,0,0,0,0,0,,,,,,,0,,N,1,1,2,,,,,Y,N
5104,cmc-0077,M-049,1,,,,,,,20150330,,,,,,,,,,0,,,,,,0,,,,,,,,,,0,,,,,,,,,,,,,,0,,,,,0,,,0,,,0,0,0,0,0,0,0,0,0,0,0,0,0,0,0,0,0,0,0,0,0,0,0,0,0,0,,,,,,,0,,N,1,1,2,,,,,Y,N
5105,cmc-0077,M-049,1,,,,,,,20150331,,,,,,,,,,0,,,,,,0,,,,,,,,,,0,,,,,,,,,,,,,,0,,,,,0,,,0,,,0,0,0,0,0,0,0,0,0,0,0,0,0,0,0,0,0,0,0,0,0,0,0,0,0,0,,,,,,,0,,N,1,1,2,,,,,Y,N
5107,cmc-0077,M-049,1,,,,,,,20150402,,,,,,,,,,0,,,,,,0,,,,,,,,,,0,,,,,,,,,,,,,,0,,,,,0,,,0,,,0,0,0,0,0,0,0,0,0,0,0,0,0,0,0,0,0,0,0,0,0,0,0,0,0,0,,,,,,,0,,N,1,1,2,,,,,Y,N
5108,cmc-0077,M-049,1,,,,,,,20150403,,,,,,,,,,0,,,,,,0,,,,,,,,,,0,,,,,,,,,,,,,,0,,,,,0,,,0,,,0,0,0,0,0,0,0,0,0,0,0,0,0,0,0,0,0,0,0,0,0,0,0,0,0,0,,,,,,,0,,N,1,1,2,,,,,Y,N
5109,cmc-0077,M-049,1,,,,,,,20150406,,,,,,,,,,0,,,,,,0,,,,,,,,,,0,,,,,,,,,,,,,,0,,,,,0,,,0,,,0,0,0,0,0,0,0,0,0,0,0,0,0,0,0,0,0,0,0,0,0,0,0,0,0,0,,,,,,,0,,N,1,1,2,,,,,Y,N
5112,cmc-0077,M-049,1,,,,,,,20150408,,,,,,,,,,0,,,,,,0,,,,,,,,,,0,,,,,,,,,,,,,,0,,,,,0,,,0,,,0,0,0,0,0,0,0,0,0,0,0,0,0,0,0,0,0,0,0,0,0,0,0,0,0,0,,,,,,,0,,N,1,1,2,,,,,Y,N
5115,cmc-0077,M-049,1,,,,,,,20150412,,,,,,,,,,0,,,,,,0,,,,,,,,,,0,,,,,,,,,,,,,,0,,,,,0,,,0,,,0,0,0,0,0,0,0,0,0,0,0,0,0,0,0,0,0,0,0,0,0,0,0,0,0,0,,,,,,,0,,N,1,1,2,,,,,Y,N
2922,cmc-0078,M-050,1,,,,,,,20150123,,,,,,,,,,0,,,,,,0,,,,,,,,,,0,,,,,,,,,,,,,,0,,,,,0,,,0,,,0,0,0,0,0,0,0,0,0,0,0,0,0,0,0,0,0,0,0,0,0,0,0,0,0,0,,,,,,,0,,N,1,1,2,,,,,Y,N
3207,cmc-0078,M-050,1,,,,,,,20150127,,,,,,,,,,0,,,,,,0,,,,,,,,,,0,,,,,,,,,,,,,,0,,,,,0,,,0,,,0,0,0,0,0,0,0,0,0,0,0,0,0,0,0,0,0,0,0,0,0,0,0,0,0,0,,,,,,,0,,N,1,1,2,,,,,Y,N
3081,cmc-0078,M-050,1,,,,,,,20150129,,,,,,,,,,0,,,,,,0,,,,,,,,,,0,,,,,,,,,,,,,,0,,,,,0,,,0,,,0,0,0,0,0,0,0,0,0,0,0,0,0,0,0,0,0,0,0,0,0,0,0,0,0,0,,,,,,,0,,N,1,1,2,,,,,Y,N
3128,cmc-0078,M-050,1,,,,,,,20150131,,,,,,,,,,0,,,,,,0,,,,,,,,,,0,,,,,,,,,,,,,,0,,,,,0,,,0,,,0,0,0,0,0,0,0,0,0,0,0,0,0,0,0,0,0,0,0,0,0,0,0,0,0,0,,,,,,,0,,N,1,1,2,,,,,Y,N
3160,cmc-0078,M-050,1,,,,,,,20150201,,,,,,,,,,0,,,,,,0,,,,,,,,,,0,,,,,,,,,,,,,,0,,,,,0,,,0,,,0,0,0,0,0,0,0,0,0,0,0,0,0,0,0,0,0,0,0,0,0,0,0,0,0,0,,,,,,,0,,N,1,1,2,,,,,Y,N
3177,cmc-0078,M-050,1,,,,,,,20150202,,,,,,,,,,0,,,,,,0,,,,,,,,,,0,,,,,,,,,,,,,,0,,,,,0,,,0,,,0,0,0,0,0,0,0,0,0,0,0,0,0,0,0,0,0,0,0,0,0,0,0,0,0,0,,,,,,,0,,N,1,1,2,,,,,Y,N
3361,cmc-0078,M-050,1,,,,,,,20150207,,,,,,,,,,0,,,,,,0,,,,,,,,,,0,,,,,,,,,,,,,,0,,,,,0,,,0,,,0,0,0,0,0,0,0,0,0,0,0,0,0,0,0,0,0,0,0,0,0,0,0,0,0,0,,,,,,,0,,N,1,1,2,,,,,Y,N
3394,cmc-0078,M-050,1,,,,,,,20150208,,,,,,,,,,0,,,,,,0,,,,,,,,,,0,,,,,,,,,,,,,,0,,,,,0,,,0,,,0,0,0,0,0,0,0,0,0,0,0,0,0,0,0,0,0,0,0,0,0,0,0,0,0,0,,,,,,,0,,N,1,1,2,,,,,Y,N
3413,cmc-0078,M-050,1,,,,,,,20150209,,,,,,,,,,0,,,,,,0,,,,,,,,,,0,,,,,,,,,,,,,,0,,,,,0,,,0,,,0,0,0,0,0,0,0,0,0,0,0,0,0,0,0,0,0,0,0,0,0,0,0,0,0,0,,,,,,,0,,N,1,1,2,,,,,Y,N
3438,cmc-0078,M-050,1,,,,,,,20150210,,,,,,,,,,0,,,,,,0,,,,,,,,,,0,,,,,,,,,,,,,,0,,,,,0,,,0,,,0,0,0,0,0,0,0,0,0,0,0,0,0,0,0,0,0,0,0,0,0,0,0,0,0,0,,,,,,,0,,N,1,1,2,,,,,Y,N
3523,cmc-0078,M-050,1,,,,,,,20150212,,,,,,,,,,0,,,,,,0,,,,,,,,,,0,,,,,,,,,,,,,,0,,,,,0,,,0,,,0,0,0,0,0,0,0,0,0,0,0,0,0,0,0,0,0,0,0,0,0,0,0,0,0,0,,,,,,,0,,N,1,1,2,,,,,Y,N
3598,cmc-0078,M-050,1,,,,,,,20150215,,,,,,,,,,0,,,,,,0,,,,,,,,,,0,,,,,,,,,,,,,,0,,,,,0,,,0,,,0,0,0,0,0,0,0,0,0,0,0,0,0,0,0,0,0,0,0,0,0,0,0,0,0,0,,,,,,,0,,N,1,1,2,,,,,Y,N
3624,cmc-0078,M-050,1,,,,,,,20150216,,,,,,,,,,0,,,,,,0,,,,,,,,,,0,,,,,,,,,,,,,,0,,,,,0,,,0,,,0,0,0,0,0,0,0,0,0,0,0,0,0,0,0,0,0,0,0,0,0,0,0,0,0,0,,,,,,,0,,N,1,1,2,,,,,Y,N
3667,cmc-0078,M-050,1,,,,,,,20150217,,,,,,,,,,0,,,,,,0,,,,,,,,,,0,,,,,,,,,,,,,,0,,,,,0,,,0,,,0,0,0,0,0,0,0,0,0,0,0,0,0,0,0,0,0,0,0,0,0,0,0,0,0,0,,,,,,,0,,N,1,1,2,,,,,Y,N
3668,cmc-0078,M-050,1,,,,,,,20150218,,,,,,,,,,0,,,,,,0,,,,,,,,,,0,,,,,,,,,,,,,,0,,,,,0,,,0,,,0,0,0,0,0,0,0,0,0,0,0,0,0,0,0,0,0,0,0,0,0,0,0,0,0,0,,,,,,,0,,N,1,1,2,,,,,Y,N
3681,cmc-0078,M-050,1,,,,,,,20150219,,,,,,,,,,0,,,,,,0,,,,,,,,,,0,,,,,,,,,,,,,,0,,,,,0,,,0,,,0,0,0,0,0,0,0,0,0,0,0,0,0,0,0,0,0,0,0,0,0,0,0,0,0,0,,,,,,,0,,N,1,1,2,,,,,Y,N
3714,cmc-0078,M-050,1,,,,,,,20150220,,,,,,,,,,0,,,,,,0,,,,,,,,,,0,,,,,,,,,,,,,,0,,,,,0,,,0,,,0,0,0,0,0,0,0,0,0,0,0,0,0,0,0,0,0,0,0,0,0,0,0,0,0,0,,,,,,,0,,N,1,1,2,,,,,Y,N
3764,cmc-0078,M-050,1,,,,,,,20150221,,,,,,,,,,0,,,,,,0,,,,,,,,,,0,,,,,,,,,,,,,,0,,,,,0,,,0,,,0,0,0,0,0,0,0,0,0,0,0,0,0,0,0,0,0,0,0,0,0,0,0,0,0,0,,,,,,,0,,N,1,1,2,,,,,Y,N
3781,cmc-0078,M-050,1,,,,,,,20150222,,,,,,,,,,0,,,,,,0,,,,,,,,,,0,,,,,,,,,,,,,,0,,,,,0,,,0,,,0,0,0,0,0,0,0,0,0,0,0,0,0,0,0,0,0,0,0,0,0,0,0,0,0,0,,,,,,,0,,N,1,1,2,,,,,Y,N
3843,cmc-0078,M-050,1,,,,,,,20150223,,,,,,,,,,0,,,,,,0,,,,,,,,,,0,,,,,,,,,,,,,,0,,,,,0,,,0,,,0,0,0,0,0,0,0,0,0,0,0,0,0,0,0,0,0,0,0,0,0,0,0,0,0,0,,,,,,,0,,N,1,1,2,,,,,Y,N
3866,cmc-0078,M-050,1,,,,,,,20150224,,,,,,,,,,0,,,,,,0,,,,,,,,,,0,,,,,,,,,,,,,,0,,,,,0,,,0,,,0,0,0,0,0,0,0,0,0,0,0,0,0,0,0,0,0,0,0,0,0,0,0,0,0,0,,,,,,,0,,N,1,1,2,,,,,Y,N
3898,cmc-0078,M-050,1,,,,,,,20150225,,,,,,,,,,0,,,,,,0,,,,,,,,,,0,,,,,,,,,,,,,,0,,,,,0,,,0,,,0,0,0,0,0,0,0,0,0,0,0,0,0,0,0,0,0,0,0,0,0,0,0,0,0,0,,,,,,,0,,N,1,1,2,,,,,Y,N
4001,cmc-0078,M-050,1,,,,,,,20150226,,,,,,,,,,0,,,,,,0,,,,,,,,,,0,,,,,,,,,,,,,,0,,,,,0,,,0,,,0,0,0,0,0,0,0,0,0,0,0,0,0,0,0,0,0,0,0,0,0,0,0,0,0,0,,,,,,,0,,N,1,1,2,,,,,Y,N
4002,cmc-0078,M-050,1,,,,,,,20150227,,,,,,,,,,0,,,,,,0,,,,,,,,,,0,,,,,,,,,,,,,,0,,,,,0,,,0,,,0,0,0,0,0,0,0,0,0,0,0,0,0,0,0,0,0,0,0,0,0,0,0,0,0,0,,,,,,,0,,N,1,1,2,,,,,Y,N
4003,cmc-0078,M-050,1,,,,,,,20150228,,,,,,,,,,0,,,,,,0,,,,,,,,,,0,,,,,,,,,,,,,,0,,,,,0,,,0,,,0,0,0,0,0,0,0,0,0,0,0,0,0,0,0,0,0,0,0,0,0,0,0,0,0,0,,,,,,,0,,N,1,1,2,,,,,Y,N
4004,cmc-0078,M-050,1,,,,,,,20150301,,,,,,,,,,0,,,,,,0,,,,,,,,,,0,,,,,,,,,,,,,,0,,,,,0,,,0,,,0,0,0,0,0,0,0,0,0,0,0,0,0,0,0,0,0,0,0,0,0,0,0,0,0,0,,,,,,,0,,N,1,1,2,,,,,Y,N
4005,cmc-0078,M-050,1,,,,,,,20150302,,,,,,,,,,0,,,,,,0,,,,,,,,,,0,,,,,,,,,,,,,,0,,,,,0,,,0,,,0,0,0,0,0,0,0,0,0,0,0,0,0,0,0,0,0,0,0,0,0,0,0,0,0,0,,,,,,,0,,N,1,1,2,,,,,Y,N
4087,cmc-0078,M-050,1,,,,,,,20150303,,,,,,,,,,0,,,,,,0,,,,,,,,,,0,,,,,,,,,,,,,,0,,,,,0,,,0,,,0,0,0,0,0,0,0,0,0,0,0,0,0,0,0,0,0,0,0,0,0,0,0,0,0,0,,,,,,,0,,N,1,1,2,,,,,Y,N
4184,cmc-0078,M-050,1,,,,,,,20150305,,,,,,,,,,0,,,,,,0,,,,,,,,,,0,,,,,,,,,,,,,,0,,,,,0,,,0,,,0,0,0,0,0,0,0,0,0,0,0,0,0,0,0,0,0,0,0,0,0,0,0,0,0,0,,,,,,,0,,N,1,1,2,,,,,Y,N
4185,cmc-0078,M-050,1,,,,,,,20150306,,,,,,,,,,0,,,,,,0,,,,,,,,,,0,,,,,,,,,,,,,,0,,,,,0,,,0,,,0,0,0,0,0,0,0,0,0,0,0,0,0,0,0,0,0,0,0,0,0,0,0,0,0,0,,,,,,,0,,N,1,1,2,,,,,Y,N
4186,cmc-0078,M-050,1,,,,,,,20150307,,,,,,,,,,0,,,,,,0,,,,,,,,,,0,,,,,,,,,,,,,,0,,,,,0,,,0,,,0,0,0,0,0,0,0,0,0,0,0,0,0,0,0,0,0,0,0,0,0,0,0,0,0,0,,,,,,,0,,N,1,1,2,,,,,Y,N
4187,cmc-0078,M-050,1,,,,,,,20150308,,,,,,,,,,0,,,,,,0,,,,,,,,,,0,,,,,,,,,,,,,,0,,,,,0,,,0,,,0,0,0,0,0,0,0,0,0,0,0,0,0,0,0,0,0,0,0,0,0,0,0,0,0,0,,,,,,,0,,N,1,1,2,,,,,Y,N
4278,cmc-0078,M-050,1,,,,,,,20150310,,,,,,,,,,0,,,,,,0,,,,,,,,,,0,,,,,,,,,,,,,,0,,,,,0,,,0,,,0,0,0,0,0,0,0,0,0,0,0,0,0,0,0,0,0,0,0,0,0,0,0,0,0,0,,,,,,,0,,N,1,1,2,,,,,Y,N
4306,cmc-0078,M-050,1,,,,,,,20150312,,,,,,,,,,0,,,,,,0,,,,,,,,,,0,,,,,,,,,,,,,,0,,,,,0,,,0,,,0,0,0,0,0,0,0,0,0,0,0,0,0,0,0,0,0,0,0,0,0,0,0,0,0,0,,,,,,,0,,N,1,1,2,,,,,Y,N
4477,cmc-0078,M-050,1,,,,,,,20150314,,,,,,,,,,0,,,,,,0,,,,,,,,,,0,,,,,,,,,,,,,,0,,,,,0,,,0,,,0,0,0,0,0,0,0,0,0,0,0,0,0,0,0,0,0,0,0,0,0,0,0,0,0,0,,,,,,,0,,N,1,1,2,,,,,Y,N
4478,cmc-0078,M-050,1,,,,,,,20150315,,,,,,,,,,0,,,,,,0,,,,,,,,,,0,,,,,,,,,,,,,,0,,,,,0,,,0,,,0,0,0,0,0,0,0,0,0,0,0,0,0,0,0,0,0,0,0,0,0,0,0,0,0,0,,,,,,,0,,N,1,1,2,,,,,Y,N
4480,cmc-0078,M-050,1,,,,,,,20150316,,,,,,,,,,0,,,,,,0,,,,,,,,,,0,,,,,,,,,,,,,,0,,,,,0,,,0,,,0,0,0,0,0,0,0,0,0,0,0,0,0,0,0,0,0,0,0,0,0,0,0,0,0,0,,,,,,,0,,N,1,1,2,,,,,Y,N
4574,cmc-0078,M-050,1,,,,,,,20150318,,,,,,,,,,0,,,,,,0,,,,,,,,,,0,,,,,,,,,,,,,,0,,,,,0,,,0,,,0,0,0,0,0,0,0,0,0,0,0,0,0,0,0,0,0,0,0,0,0,0,0,0,0,0,,,,,,,0,,N,1,1,2,,,,,Y,N
4575,cmc-0078,M-050,1,,,,,,,20150319,,,,,,,,,,0,,,,,,0,,,,,,,,,,0,,,,,,,,,,,,,,0,,,,,0,,,0,,,0,0,0,0,0,0,0,0,0,0,0,0,0,0,0,0,0,0,0,0,0,0,0,0,0,0,,,,,,,0,,N,1,1,2,,,,,Y,N
4576,cmc-0078,M-050,1,,,,,,,20150320,,,,,,,,,,0,,,,,,0,,,,,,,,,,0,,,,,,,,,,,,,,0,,,,,0,,,0,,,0,0,0,0,0,0,0,0,0,0,0,0,0,0,0,0,0,0,0,0,0,0,0,0,0,0,,,,,,,0,,N,1,1,2,,,,,Y,N
4658,cmc-0078,M-050,1,,,,,,,20150321,,,,,,,,,,0,,,,,,0,,,,,,,,,,0,,,,,,,,,,,,,,0,,,,,0,,,0,,,0,0,0,0,0,0,0,0,0,0,0,0,0,0,0,0,0,0,0,0,0,0,0,0,0,0,,,,,,,0,,N,1,1,2,,,,,Y,N
4659,cmc-0078,M-050,1,,,,,,,20150322,,,,,,,,,,0,,,,,,0,,,,,,,,,,0,,,,,,,,,,,,,,0,,,,,0,,,0,,,0,0,0,0,0,0,0,0,0,0,0,0,0,0,0,0,0,0,0,0,0,0,0,0,0,0,,,,,,,0,,N,1,1,2,,,,,Y,N
4660,cmc-0078,M-050,1,,,,,,,20150323,,,,,,,,,,0,,,,,,0,,,,,,,,,,0,,,,,,,,,,,,,,0,,,,,0,,,0,,,0,0,0,0,0,0,0,0,0,0,0,0,0,0,0,0,0,0,0,0,0,0,0,0,0,0,,,,,,,0,,N,1,1,2,,,,,Y,N
4661,cmc-0078,M-050,1,,,,,,,20150324,,,,,,,,,,0,,,,,,0,,,,,,,,,,0,,,,,,,,,,,,,,0,,,,,0,,,0,,,0,0,0,0,0,0,0,0,0,0,0,0,0,0,0,0,0,0,0,0,0,0,0,0,0,0,,,,,,,0,,N,1,1,2,,,,,Y,N
4728,cmc-0078,M-050,1,,,,,,,20150325,,,,,,,,,,0,,,,,,0,,,,,,,,,,0,,,,,,,,,,,,,,0,,,,,0,,,0,,,0,0,0,0,0,0,0,0,0,0,0,0,0,0,0,0,0,0,0,0,0,0,0,0,0,0,,,,,,,0,,N,1,1,2,,,,,Y,N
4729,cmc-0078,M-050,1,,,,,,,20150326,,,,,,,,,,0,,,,,,0,,,,,,,,,,0,,,,,,,,,,,,,,0,,,,,0,,,0,,,0,0,0,0,0,0,0,0,0,0,0,0,0,0,0,0,0,0,0,0,0,0,0,0,0,0,,,,,,,0,,N,1,1,2,,,,,Y,N
4730,cmc-0078,M-050,1,,,,,,,20150327,,,,,,,,,,0,,,,,,0,,,,,,,,,,0,,,,,,,,,,,,,,0,,,,,0,,,0,,,0,0,0,0,0,0,0,0,0,0,0,0,0,0,0,0,0,0,0,0,0,0,0,0,0,0,,,,,,,0,,N,1,1,2,,,,,Y,N
4790,cmc-0078,M-050,1,,,,,,,20150329,,,,,,,,,,0,,,,,,0,,,,,,,,,,0,,,,,,,,,,,,,,0,,,,,0,,,0,,,0,0,0,0,0,0,0,0,0,0,0,0,0,0,0,0,0,0,0,0,0,0,0,0,0,0,,,,,,,0,,N,1,1,2,,,,,Y,N
4791,cmc-0078,M-050,1,,,,,,,20150330,,,,,,,,,,0,,,,,,0,,,,,,,,,,0,,,,,,,,,,,,,,0,,,,,0,,,0,,,0,0,0,0,0,0,0,0,0,0,0,0,0,0,0,0,0,0,0,0,0,0,0,0,0,0,,,,,,,0,,N,1,1,2,,,,,Y,N
4944,cmc-0078,M-050,1,,,,,,,20150331,,,,,,,,,,0,,,,,,0,,,,,,,,,,0,,,,,,,,,,,,,,0,,,,,0,,,0,,,0,0,0,0,0,0,0,0,0,0,0,0,0,0,0,0,0,0,0,0,0,0,0,0,0,0,,,,,,,0,,N,1,1,2,,,,,Y,N
4945,cmc-0078,M-050,1,,,,,,,20150401,,,,,,,,,,0,,,,,,0,,,,,,,,,,0,,,,,,,,,,,,,,0,,,,,0,,,0,,,0,0,0,0,0,0,0,0,0,0,0,0,0,0,0,0,0,0,0,0,0,0,0,0,0,0,,,,,,,0,,N,1,1,2,,,,,Y,N
4946,cmc-0078,M-050,1,,,,,,,20150402,,,,,,,,,,0,,,,,,0,,,,,,,,,,0,,,,,,,,,,,,,,0,,,,,0,,,0,,,0,0,0,0,0,0,0,0,0,0,0,0,0,0,0,0,0,0,0,0,0,0,0,0,0,0,,,,,,,0,,N,1,1,2,,,,,Y,N
4947,cmc-0078,M-050,1,,,,,,,20150403,,,,,,,,,,0,,,,,,0,,,,,,,,,,0,,,,,,,,,,,,,,0,,,,,0,,,0,,,0,0,0,0,0,0,0,0,0,0,0,0,0,0,0,0,0,0,0,0,0,0,0,0,0,0,,,,,,,0,,N,1,1,2,,,,,Y,N
4948,cmc-0078,M-050,1,,,,,,,20150404,,,,,,,,,,0,,,,,,0,,,,,,,,,,0,,,,,,,,,,,,,,0,,,,,0,,,0,,,0,0,0,0,0,0,0,0,0,0,0,0,0,0,0,0,0,0,0,0,0,0,0,0,0,0,,,,,,,0,,N,1,1,2,,,,,Y,N
4949,cmc-0078,M-050,1,,,,,,,20150405,,,,,,,,,,0,,,,,,0,,,,,,,,,,0,,,,,,,,,,,,,,0,,,,,0,,,0,,,0,0,0,0,0,0,0,0,0,0,0,0,0,0,0,0,0,0,0,0,0,0,0,0,0,0,,,,,,,0,,N,1,1,2,,,,,Y,N
4950,cmc-0078,M-050,1,,,,,,,20150406,,,,,,,,,,0,,,,,,0,,,,,,,,,,0,,,,,,,,,,,,,,0,,,,,0,,,0,,,0,0,0,0,0,0,0,0,0,0,0,0,0,0,0,0,0,0,0,0,0,0,0,0,0,0,,,,,,,0,,N,1,1,2,,,,,Y,N
5019,cmc-0078,M-050,1,,,,,,,20150408,,,,,,,,,,0,,,,,,0,,,,,,,,,,0,,,,,,,,,,,,,,0,,,,,0,,,0,,,0,0,0,0,0,0,0,0,0,0,0,0,0,0,0,0,0,0,0,0,0,0,0,0,0,0,,,,,,,0,,N,1,1,2,,,,,Y,N
5020,cmc-0078,M-050,1,,,,,,,20150409,,,,,,,,,,0,,,,,,0,,,,,,,,,,0,,,,,,,,,,,,,,0,,,,,0,,,0,,,0,0,0,0,0,0,0,0,0,0,0,0,0,0,0,0,0,0,0,0,0,0,0,0,0,0,,,,,,,0,,N,1,1,2,,,,,Y,N
5137,cmc-0078,M-050,1,,,,,,,20150411,,,,,,,,,,0,,,,,,0,,,,,,,,,,0,,,,,,,,,,,,,,0,,,,,0,,,0,,,0,0,0,0,0,0,0,0,0,0,0,0,0,0,0,0,0,0,0,0,0,0,0,0,0,0,,,,,,,0,,N,1,1,2,,,,,Y,N
5138,cmc-0078,M-050,1,,,,,,,20150412,,,,,,,,,,0,,,,,,0,,,,,,,,,,0,,,,,,,,,,,,,,0,,,,,0,,,0,,,0,0,0,0,0,0,0,0,0,0,0,0,0,0,0,0,0,0,0,0,0,0,0,0,0,0,,,,,,,0,,N,1,1,2,,,,,Y,N
5139,cmc-0078,M-050,1,,,,,,,20150413,,,,,,,,,,0,,,,,,0,,,,,,,,,,0,,,,,,,,,,,,,,0,,,,,0,,,0,,,0,0,0,0,0,0,0,0,0,0,0,0,0,0,0,0,0,0,0,0,0,0,0,0,0,0,,,,,,,0,,N,1,1,2,,,,,Y,N
5140,cmc-0078,M-050,1,,,,,,,20150414,,,,,,,,,,0,,,,,,0,,,,,,,,,,0,,,,,,,,,,,,,,0,,,,,0,,,0,,,0,0,0,0,0,0,0,0,0,0,0,0,0,0,0,0,0,0,0,0,0,0,0,0,0,0,,,,,,,0,,N,1,1,2,,,,,Y,N
52,dha-0002,em2,0,,,,,,,20140814,,,,,,,,,,0,,,,,,0,,,,,,,,,,0,,,,,,,,,,,,,,0,,,,,0,,,0,,,0,0,0,0,0,0,0,0,0,0,0,0,0,0,0,0,0,0,0,0,0,0,0,0,0,0,,,,,,,0,,N,1,1,2,,,,,Y,N
35,dha-0002,em2,0,,,,,,,20140820,,,,,,,,,,0,,,,,,0,,,,,,,,,,0,,,,,,,,,,,,,,0,,,,,0,,,0,,,0,0,0,0,0,0,0,0,0,0,0,0,0,0,0,0,0,0,0,0,0,0,0,0,0,0,,,,,,,0,,N,1,1,2,,,,,Y,N
34,dha-0002,em2,0,,,,,,,20140821,,,,,,,,,,0,,,,,,0,,,,,,,,,,0,,,,,,,,,,,,,,0,,,,,0,,,0,,,0,0,0,0,0,0,0,0,0,0,0,0,0,0,0,0,0,0,0,0,0,0,0,0,0,0,,,,,,,0,,N,1,1,2,,,,,Y,N
27,dha-0002,em2,0,,,,,,,20140823,,,,,,,,,,0,,,,,,0,,,,,,,,,,0,,,,,,,,,,,,,,0,,,,,0,,,0,,,0,0,0,0,0,0,0,0,0,0,0,0,0,0,0,0,0,0,0,0,0,0,0,0,0,0,,,,,,,0,,N,1,1,2,,,,,Y,N
59,dha-0002,em2,0,,,,,,,20140828,,,,,,,,,,0,,,,,,0,,,,,,,,,,0,,,,,,,,,,,,,,0,,,,,0,,,0,,,0,0,0,0,0,0,0,0,0,0,0,0,0,0,0,0,0,0,0,0,0,0,0,0,0,0,,,,,,,0,,N,1,1,2,,,,,Y,N
128,dha-0002,em2,0,,,,,,,20140901,,,,,,,,,,0,,,,,,0,,,,,,,,,,0,,,,,,,,,,,,,,0,,,,,0,,,0,,,0,0,0,0,0,0,0,0,0,0,0,0,0,0,0,0,0,0,0,0,0,0,0,0,0,0,,,,,,,0,,N,1,1,2,,,,,Y,N
149,dha-0002,em2,0,,,,,,,20140903,,,,,,,,,,0,,,,,,0,,,,,,,,,,0,,,,,,,,,,,,,,0,,,,,0,,,0,,,0,0,0,0,0,0,0,0,0,0,0,0,0,0,0,0,0,0,0,0,0,0,0,0,0,0,,,,,,,0,,N,1,1,2,,,,,Y,N
165,dha-0002,em2,0,,,,,,,20140905,,,,,,,,,,0,,,,,,0,,,,,,,,,,0,,,,,,,,,,,,,,0,,,,,0,,,0,,,0,0,0,0,0,0,0,0,0,0,0,0,0,0,0,0,0,0,0,0,0,0,0,0,0,0,,,,,,,0,,N,1,1,2,,,,,Y,N
211,dha-0002,em2,0,,,,,,,20140910,,,,,,,,,,0,,,,,,0,,,,,,,,,,0,,,,,,,,,,,,,,0,,,,,0,,,0,,,0,0,0,0,0,0,0,0,0,0,0,0,0,0,0,0,0,0,0,0,0,0,0,0,0,0,,,,,,,0,,N,1,1,2,,,,,Y,N
249,dha-0002,em2,0,,,,,,,20140911,,,,,,,,,,0,,,,,,0,,,,,,,,,,0,,,,,,,,,,,,,,0,,,,,0,,,0,,,0,0,0,0,0,0,0,0,0,0,0,0,0,0,0,0,0,0,0,0,0,0,0,0,0,0,,,,,,,0,,N,1,1,2,,,,,Y,N
340,dha-0002,em2,0,,,,,,,20140920,,,,,,,,,,0,,,,,,0,,,,,,,,,,0,,,,,,,,,,,,,,0,,,,,0,,,0,,,0,0,0,0,0,0,0,0,0,0,0,0,0,0,0,0,0,0,0,0,0,0,0,0,0,0,,,,,,,0,,N,1,1,2,,,,,Y,N
539,dha-0002,em2,0,,,,,,,20140922,,,,,,,,,,0,,,,,,0,,,,,,,,,,0,,,,,,,,,,,,,,0,,,,,0,,,0,,,0,0,0,0,0,0,0,0,0,0,0,0,0,0,0,0,0,0,0,0,0,0,0,0,0,0,,,,,,,0,,N,1,1,2,,,,,Y,N
378,dha-0002,em2,0,,,,,,,20140923,,,,,,,,,,0,,,,,,0,,,,,,,,,,0,,,,,,,,,,,,,,0,,,,,0,,,0,,,0,0,0,0,0,0,0,0,0,0,0,0,0,0,0,0,0,0,0,0,0,0,0,0,0,0,,,,,,,0,,N,1,1,2,,,,,Y,N
385,dha-0002,em2,0,,,,,,,20140924,,,,,,,,,,0,,,,,,0,,,,,,,,,,0,,,,,,,,,,,,,,0,,,,,0,,,0,,,0,0,0,0,0,0,0,0,0,0,0,0,0,0,0,0,0,0,0,0,0,0,0,0,0,0,,,,,,,0,,N,1,1,2,,,,,Y,N
399,dha-0002,em2,0,,,,,,,20140925,,,,,,,,,,0,,,,,,0,,,,,,,,,,0,,,,,,,,,,,,,,0,,,,,0,,,0,,,0,0,0,0,0,0,0,0,0,0,0,0,0,0,0,0,0,0,0,0,0,0,0,0,0,0,,,,,,,0,,N,1,1,2,,,,,Y,N
427,dha-0002,em2,0,,,,,,,20140928,,,,,,,,,,0,,,,,,0,,,,,,,,,,0,,,,,,,,,,,,,,0,,,,,0,,,0,,,0,0,0,0,0,0,0,0,0,0,0,0,0,0,0,0,0,0,0,0,0,0,0,0,0,0,,,,,,,0,,N,1,1,2,,,,,Y,N
503,dha-0002,em2,0,,,,,,,20140929,,,,,,,,,,0,,,,,,0,,,,,,,,,,0,,,,,,,,,,,,,,0,,,,,0,,,0,,,0,0,0,0,0,0,0,0,0,0,0,0,0,0,0,0,0,0,0,0,0,0,0,0,0,0,,,,,,,0,,N,1,1,2,,,,,Y,N
446,dha-0002,em2,0,,,,,,,20140930,,,,,,,,,,0,,,,,,0,,,,,,,,,,0,,,,,,,,,,,,,,0,,,,,0,,,0,,,0,0,0,0,0,0,0,0,0,0,0,0,0,0,0,0,0,0,0,0,0,0,0,0,0,0,,,,,,,0,,N,1,1,2,,,,,Y,N
458,dha-0002,em2,0,,,,,,,20141001,,,,,,,,,,0,,,,,,0,,,,,,,,,,0,,,,,,,,,,,,,,0,,,,,0,,,0,,,0,0,0,0,0,0,0,0,0,0,0,0,0,0,0,0,0,0,0,0,0,0,0,0,0,0,,,,,,,0,,N,1,1,2,,,,,Y,N
502,dha-0002,em2,0,,,,,,,20141002,,,,,,,,,,0,,,,,,0,,,,,,,,,,0,,,,,,,,,,,,,,0,,,,,0,,,0,,,0,0,0,0,0,0,0,0,0,0,0,0,0,0,0,0,0,0,0,0,0,0,0,0,0,0,,,,,,,0,,N,1,1,2,,,,,Y,N
507,dha-0002,em2,0,,,,,,,20141004,,,,,,,,,,0,,,,,,0,,,,,,,,,,0,,,,,,,,,,,,,,0,,,,,0,,,0,,,0,0,0,0,0,0,0,0,0,0,0,0,0,0,0,0,0,0,0,0,0,0,0,0,0,0,,,,,,,0,,N,1,1,2,,,,,Y,N
517,dha-0002,em2,0,,,,,,,20141005,,,,,,,,,,0,,,,,,0,,,,,,,,,,0,,,,,,,,,,,,,,0,,,,,0,,,0,,,0,0,0,0,0,0,0,0,0,0,0,0,0,0,0,0,0,0,0,0,0,0,0,0,0,0,,,,,,,0,,N,1,1,2,,,,,Y,N
553,dha-0002,em2,0,,,,,,,20141007,,,,,,,,,,0,,,,,,0,,,,,,,,,,0,,,,,,,,,,,,,,0,,,,,0,,,0,,,0,0,0,0,0,0,0,0,0,0,0,0,0,0,0,0,0,0,0,0,0,0,0,0,0,0,,,,,,,0,,N,1,1,2,,,,,Y,N
606,dha-0002,em2,0,,,,,,,20141011,,,,,,,,,,0,,,,,,0,,,,,,,,,,0,,,,,,,,,,,,,,0,,,,,0,,,0,,,0,0,0,0,0,0,0,0,0,0,0,0,0,0,0,0,0,0,0,0,0,0,0,0,0,0,,,,,,,0,,N,1,1,2,,,,,Y,N
656,dha-0002,em2,0,,,,,,,20141013,,,,,,,,,,0,,,,,,0,,,,,,,,,,0,,,,,,,,,,,,,,0,,,,,0,,,0,,,0,0,0,0,0,0,0,0,0,0,0,0,0,0,0,0,0,0,0,0,0,0,0,0,0,0,,,,,,,0,,N,1,1,2,,,,,Y,N
669,dha-0002,em2,0,,,,,,,20141015,,,,,,,,,,0,,,,,,0,,,,,,,,,,0,,,,,,,,,,,,,,0,,,,,0,,,0,,,0,0,0,0,0,0,0,0,0,0,0,0,0,0,0,0,0,0,0,0,0,0,0,0,0,0,,,,,,,0,,N,1,1,2,,,,,Y,N
695,dha-0002,em2,0,,,,,,,20141016,,,,,,,,,,0,,,,,,0,,,,,,,,,,0,,,,,,,,,,,,,,0,,,,,0,,,0,,,0,0,0,0,0,0,0,0,0,0,0,0,0,0,0,0,0,0,0,0,0,0,0,0,0,0,,,,,,,0,,N,1,1,2,,,,,Y,N
854,dha-0002,em2,0,,,,,,,20141019,,,,,,,,,,0,,,,,,0,,,,,,,,,,0,,,,,,,,,,,,,,0,,,,,0,,,0,,,0,0,0,0,0,0,0,0,0,0,0,0,0,0,0,0,0,0,0,0,0,0,0,0,0,0,,,,,,,0,,N,1,1,2,,,,,Y,N
834,dha-0002,em2,0,,,,,,,20141024,,,,,,,,,,0,,,,,,0,,,,,,,,,,0,,,,,,,,,,,,,,0,,,,,0,,,0,,,0,0,0,0,0,0,0,0,0,0,0,0,0,0,0,0,0,0,0,0,0,0,0,0,0,0,,,,,,,0,,N,1,1,2,,,,,Y,N
901,dha-0002,em2,0,,,,,,,20141029,,,,,,,,,,0,,,,,,0,,,,,,,,,,0,,,,,,,,,,,,,,0,,,,,0,,,0,,,0,0,0,0,0,0,0,0,0,0,0,0,0,0,0,0,0,0,0,0,0,0,0,0,0,0,,,,,,,0,,N,1,1,2,,,,,Y,N
922,dha-0002,em2,0,,,,,,,20141030,,,,,,,,,,0,,,,,,0,,,,,,,,,,0,,,,,,,,,,,,,,0,,,,,0,,,0,,,0,0,0,0,0,0,0,0,0,0,0,0,0,0,0,0,0,0,0,0,0,0,0,0,0,0,,,,,,,0,,N,1,1,2,,,,,Y,N
951,dha-0002,em2,0,,,,,,,20141031,,,,,,,,,,0,,,,,,0,,,,,,,,,,0,,,,,,,,,,,,,,0,,,,,0,,,0,,,0,0,0,0,0,0,0,0,0,0,0,0,0,0,0,0,0,0,0,0,0,0,0,0,0,0,,,,,,,0,,N,1,1,2,,,,,Y,N
966,dha-0002,em2,0,,,,,,,20141101,,,,,,,,,,0,,,,,,0,,,,,,,,,,0,,,,,,,,,,,,,,0,,,,,0,,,0,,,0,0,0,0,0,0,0,0,0,0,0,0,0,0,0,0,0,0,0,0,0,0,0,0,0,0,,,,,,,0,,N,1,1,2,,,,,Y,N
982,dha-0002,em2,0,,,,,,,20141103,,,,,,,,,,0,,,,,,0,,,,,,,,,,0,,,,,,,,,,,,,,0,,,,,0,,,0,,,0,0,0,0,0,0,0,0,0,0,0,0,0,0,0,0,0,0,0,0,0,0,0,0,0,0,,,,,,,0,,N,1,1,2,,,,,Y,N
1056,dha-0002,em2,0,,,,,,,20141105,,,,,,,,,,0,,,,,,0,,,,,,,,,,0,,,,,,,,,,,,,,0,,,,,0,,,0,,,0,0,0,0,0,0,0,0,0,0,0,0,0,0,0,0,0,0,0,0,0,0,0,0,0,0,,,,,,,0,,N,1,1,2,,,,,Y,N
1055,dha-0002,em2,0,,,,,,,20141106,,,,,,,,,,0,,,,,,0,,,,,,,,,,0,,,,,,,,,,,,,,0,,,,,0,,,0,,,0,0,0,0,0,0,0,0,0,0,0,0,0,0,0,0,0,0,0,0,0,0,0,0,0,0,,,,,,,0,,N,1,1,2,,,,,Y,N
1069,dha-0002,em2,0,,,,,,,20141108,,,,,,,,,,0,,,,,,0,,,,,,,,,,0,,,,,,,,,,,,,,0,,,,,0,,,0,,,0,0,0,0,0,0,0,0,0,0,0,0,0,0,0,0,0,0,0,0,0,0,0,0,0,0,,,,,,,0,,N,1,1,2,,,,,Y,N
1077,dha-0002,em2,0,,,,,,,20141109,,,,,,,,,,0,,,,,,0,,,,,,,,,,0,,,,,,,,,,,,,,0,,,,,0,,,0,,,0,0,0,0,0,0,0,0,0,0,0,0,0,0,0,0,0,0,0,0,0,0,0,0,0,0,,,,,,,0,,N,1,1,2,,,,,Y,N
1146,dha-0002,em2,0,,,,,,,20141111,,,,,,,,,,0,,,,,,0,,,,,,,,,,0,,,,,,,,,,,,,,0,,,,,0,,,0,,,0,0,0,0,0,0,0,0,0,0,0,0,0,0,0,0,0,0,0,0,0,0,0,0,0,0,,,,,,,0,,N,1,1,2,,,,,Y,N
1153,dha-0002,em2,0,,,,,,,20141112,,,,,,,,,,0,,,,,,0,,,,,,,,,,0,,,,,,,,,,,,,,0,,,,,0,,,0,,,0,0,0,0,0,0,0,0,0,0,0,0,0,0,0,0,0,0,0,0,0,0,0,0,0,0,,,,,,,0,,N,1,1,2,,,,,Y,N
1203,dha-0002,em2,0,,,,,,,20141115,,,,,,,,,,0,,,,,,0,,,,,,,,,,0,,,,,,,,,,,,,,0,,,,,0,,,0,,,0,0,0,0,0,0,0,0,0,0,0,0,0,0,0,0,0,0,0,0,0,0,0,0,0,0,,,,,,,0,,N,1,1,2,,,,,Y,N
1227,dha-0002,em2,0,,,,,,,20141117,,,,,,,,,,0,,,,,,0,,,,,,,,,,0,,,,,,,,,,,,,,0,,,,,0,,,0,,,0,0,0,0,0,0,0,0,0,0,0,0,0,0,0,0,0,0,0,0,0,0,0,0,0,0,,,,,,,0,,N,1,1,2,,,,,Y,N
62,dha-0004,EM4,1,,,,,,,20140825,,,,,,,,,,0,,,,,,0,,,,,,,,,,0,,,,,,,,,,,,,,0,,,,,0,,,0,,,0,0,0,0,0,0,0,0,0,0,0,0,0,0,0,0,0,0,0,0,0,0,0,0,0,0,,,,,,,0,,N,1,1,2,,,,,Y,N
137,dha-0004,EM4,1,,,,,,,20140902,,,,,,,,,,0,,,,,,0,,,,,,,,,,0,,,,,,,,,,,,,,0,,,,,0,,,0,,,0,0,0,0,0,0,0,0,0,0,0,0,0,0,0,0,0,0,0,0,0,0,0,0,0,0,,,,,,,0,,N,1,1,2,,,,,Y,N
215,dha-0004,EM4,1,,,,,,,20140910,,,,,,,,,,0,,,,,,0,,,,,,,,,,0,,,,,,,,,,,,,,0,,,,,0,,,0,,,0,0,0,0,0,0,0,0,0,0,0,0,0,0,0,0,0,0,0,0,0,0,0,0,0,0,,,,,,,0,,N,1,1,2,,,,,Y,N
247,dha-0004,EM4,1,,,,,,,20140912,,,,,,,,,,0,,,,,,0,,,,,,,,,,0,,,,,,,,,,,,,,0,,,,,0,,,0,,,0,0,0,0,0,0,0,0,0,0,0,0,0,0,0,0,0,0,0,0,0,0,0,0,0,0,,,,,,,0,,N,1,1,2,,,,,Y,N
534,dha-0004,EM4,1,,,,,,,20141005,,,,,,,,,,0,,,,,,0,,,,,,,,,,0,,,,,,,,,,,,,,0,,,,,0,,,0,,,0,0,0,0,0,0,0,0,0,0,0,0,0,0,0,0,0,0,0,0,0,0,0,0,0,0,,,,,,,0,,N,1,1,2,,,,,Y,N
745,dha-0004,EM4,1,,,,,,,20141019,,,,,,,,,,0,,,,,,0,,,,,,,,,,0,,,,,,,,,,,,,,0,,,,,0,,,0,,,0,0,0,0,0,0,0,0,0,0,0,0,0,0,0,0,0,0,0,0,0,0,0,0,0,0,,,,,,,0,,N,1,1,2,,,,,Y,N
45,dha-0009,EM9,0,,,,,,,20140818,,,,,,,,,,0,,,,,,0,,,,,,,,,,0,,,,,,,,,,,,,,0,,,,,0,,,0,,,0,0,0,0,0,0,0,0,0,0,0,0,0,0,0,0,0,0,0,0,0,0,0,0,0,0,,,,,,,0,,N,1,1,2,,,,,Y,N
36,dha-0009,EM9,0,,,,,,,20140820,,,,,,,,,,0,,,,,,0,,,,,,,,,,0,,,,,,,,,,,,,,0,,,,,0,,,0,,,0,0,0,0,0,0,0,0,0,0,0,0,0,0,0,0,0,0,0,0,0,0,0,0,0,0,,,,,,,0,,N,1,1,2,,,,,Y,N
74,dha-0009,EM9,0,,,,,,,20140821,,,,,,,,,,0,,,,,,0,,,,,,,,,,0,,,,,,,,,,,,,,0,,,,,0,,,0,,,0,0,0,0,0,0,0,0,0,0,0,0,0,0,0,0,0,0,0,0,0,0,0,0,0,0,,,,,,,0,,N,1,1,2,,,,,Y,N
71,dha-0009,EM9,0,,,,,,,20140822,,,,,,,,,,0,,,,,,0,,,,,,,,,,0,,,,,,,,,,,,,,0,,,,,0,,,0,,,0,0,0,0,0,0,0,0,0,0,0,0,0,0,0,0,0,0,0,0,0,0,0,0,0,0,,,,,,,0,,N,1,1,2,,,,,Y,N
26,dha-0009,EM9,0,,,,,,,20140823,,,,,,,,,,0,,,,,,0,,,,,,,,,,0,,,,,,,,,,,,,,0,,,,,0,,,0,,,0,0,0,0,0,0,0,0,0,0,0,0,0,0,0,0,0,0,0,0,0,0,0,0,0,0,,,,,,,0,,N,1,1,2,,,,,Y,N
68,dha-0009,EM9,0,,,,,,,20140824,,,,,,,,,,0,,,,,,0,,,,,,,,,,0,,,,,,,,,,,,,,0,,,,,0,,,0,,,0,0,0,0,0,0,0,0,0,0,0,0,0,0,0,0,0,0,0,0,0,0,0,0,0,0,,,,,,,0,,N,1,1,2,,,,,Y,N
17,dha-0009,EM9,0,,,,,,,20140825,,,,,,,,,,0,,,,,,0,,,,,,,,,,0,,,,,,,,,,,,,,0,,,,,0,,,0,,,0,0,0,0,0,0,0,0,0,0,0,0,0,0,0,0,0,0,0,0,0,0,0,0,0,0,,,,,,,0,,N,1,1,2,,,,,Y,N
113,dha-0009,EM9,0,,,,,,,20140830,,,,,,,,,,0,,,,,,0,,,,,,,,,,0,,,,,,,,,,,,,,0,,,,,0,,,0,,,0,0,0,0,0,0,0,0,0,0,0,0,0,0,0,0,0,0,0,0,0,0,0,0,0,0,,,,,,,0,,N,1,1,2,,,,,Y,N
118,dha-0009,EM9,0,,,,,,,20140831,,,,,,,,,,0,,,,,,0,,,,,,,,,,0,,,,,,,,,,,,,,0,,,,,0,,,0,,,0,0,0,0,0,0,0,0,0,0,0,0,0,0,0,0,0,0,0,0,0,0,0,0,0,0,,,,,,,0,,N,1,1,2,,,,,Y,N
155,dha-0009,EM9,0,,,,,,,20140906,,,,,,,,,,0,,,,,,0,,,,,,,,,,0,,,,,,,,,,,,,,0,,,,,0,,,0,,,0,0,0,0,0,0,0,0,0,0,0,0,0,0,0,0,0,0,0,0,0,0,0,0,0,0,,,,,,,0,,N,1,1,2,,,,,Y,N
185,dha-0009,EM9,0,,,,,,,20140907,,,,,,,,,,0,,,,,,0,,,,,,,,,,0,,,,,,,,,,,,,,0,,,,,0,,,0,,,0,0,0,0,0,0,0,0,0,0,0,0,0,0,0,0,0,0,0,0,0,0,0,0,0,0,,,,,,,0,,N,1,1,2,,,,,Y,N
205,dha-0009,EM9,0,,,,,,,20140908,,,,,,,,,,0,,,,,,0,,,,,,,,,,0,,,,,,,,,,,,,,0,,,,,0,,,0,,,0,0,0,0,0,0,0,0,0,0,0,0,0,0,0,0,0,0,0,0,0,0,0,0,0,0,,,,,,,0,,N,1,1,2,,,,,Y,N
206,dha-0009,EM9,0,,,,,,,20140909,,,,,,,,,,0,,,,,,0,,,,,,,,,,0,,,,,,,,,,,,,,0,,,,,0,,,0,,,0,0,0,0,0,0,0,0,0,0,0,0,0,0,0,0,0,0,0,0,0,0,0,0,0,0,,,,,,,0,,N,1,1,2,,,,,Y,N
210,dha-0009,EM9,0,,,,,,,20140910,,,,,,,,,,0,,,,,,0,,,,,,,,,,0,,,,,,,,,,,,,,0,,,,,0,,,0,,,0,0,0,0,0,0,0,0,0,0,0,0,0,0,0,0,0,0,0,0,0,0,0,0,0,0,,,,,,,0,,N,1,1,2,,,,,Y,N
239,dha-0009,EM9,0,,,,,,,20140911,,,,,,,,,,0,,,,,,0,,,,,,,,,,0,,,,,,,,,,,,,,0,,,,,0,,,0,,,0,0,0,0,0,0,0,0,0,0,0,0,0,0,0,0,0,0,0,0,0,0,0,0,0,0,,,,,,,0,,N,1,1,2,,,,,Y,N
254,dha-0009,EM9,0,,,,,,,20140913,,,,,,,,,,0,,,,,,0,,,,,,,,,,0,,,,,,,,,,,,,,0,,,,,0,,,0,,,0,0,0,0,0,0,0,0,0,0,0,0,0,0,0,0,0,0,0,0,0,0,0,0,0,0,,,,,,,0,,N,1,1,2,,,,,Y,N
264,dha-0009,EM9,0,,,,,,,20140914,,,,,,,,,,0,,,,,,0,,,,,,,,,,0,,,,,,,,,,,,,,0,,,,,0,,,0,,,0,0,0,0,0,0,0,0,0,0,0,0,0,0,0,0,0,0,0,0,0,0,0,0,0,0,,,,,,,0,,N,1,1,2,,,,,Y,N
283,dha-0009,EM9,0,,,,,,,20140915,,,,,,,,,,0,,,,,,0,,,,,,,,,,0,,,,,,,,,,,,,,0,,,,,0,,,0,,,0,0,0,0,0,0,0,0,0,0,0,0,0,0,0,0,0,0,0,0,0,0,0,0,0,0,,,,,,,0,,N,1,1,2,,,,,Y,N
315,dha-0009,EM9,0,,,,,,,20140918,,,,,,,,,,0,,,,,,0,,,,,,,,,,0,,,,,,,,,,,,,,0,,,,,0,,,0,,,0,0,0,0,0,0,0,0,0,0,0,0,0,0,0,0,0,0,0,0,0,0,0,0,0,0,,,,,,,0,,N,1,1,2,,,,,Y,N
334,dha-0009,EM9,0,,,,,,,20140919,,,,,,,,,,0,,,,,,0,,,,,,,,,,0,,,,,,,,,,,,,,0,,,,,0,,,0,,,0,0,0,0,0,0,0,0,0,0,0,0,0,0,0,0,0,0,0,0,0,0,0,0,0,0,,,,,,,0,,N,1,1,2,,,,,Y,N
338,dha-0009,EM9,0,,,,,,,20140920,,,,,,,,,,0,,,,,,0,,,,,,,,,,0,,,,,,,,,,,,,,0,,,,,0,,,0,,,0,0,0,0,0,0,0,0,0,0,0,0,0,0,0,0,0,0,0,0,0,0,0,0,0,0,,,,,,,0,,N,1,1,2,,,,,Y,N
347,dha-0009,EM9,0,,,,,,,20140921,,,,,,,,,,0,,,,,,0,,,,,,,,,,0,,,,,,,,,,,,,,0,,,,,0,,,0,,,0,0,0,0,0,0,0,0,0,0,0,0,0,0,0,0,0,0,0,0,0,0,0,0,0,0,,,,,,,0,,N,1,1,2,,,,,Y,N
380,dha-0009,EM9,0,,,,,,,20140923,,,,,,,,,,0,,,,,,0,,,,,,,,,,0,,,,,,,,,,,,,,0,,,,,0,,,0,,,0,0,0,0,0,0,0,0,0,0,0,0,0,0,0,0,0,0,0,0,0,0,0,0,0,0,,,,,,,0,,N,1,1,2,,,,,Y,N
421,dha-0009,EM9,0,,,,,,,20140927,,,,,,,,,,0,,,,,,0,,,,,,,,,,0,,,,,,,,,,,,,,0,,,,,0,,,0,,,0,0,0,0,0,0,0,0,0,0,0,0,0,0,0,0,0,0,0,0,0,0,0,0,0,0,,,,,,,0,,N,1,1,2,,,,,Y,N
444,dha-0009,EM9,0,,,,,,,20140930,,,,,,,,,,0,,,,,,0,,,,,,,,,,0,,,,,,,,,,,,,,0,,,,,0,,,0,,,0,0,0,0,0,0,0,0,0,0,0,0,0,0,0,0,0,0,0,0,0,0,0,0,0,0,,,,,,,0,,N,1,1,2,,,,,Y,N
459,dha-0009,EM9,0,,,,,,,20141001,,,,,,,,,,0,,,,,,0,,,,,,,,,,0,,,,,,,,,,,,,,0,,,,,0,,,0,,,0,0,0,0,0,0,0,0,0,0,0,0,0,0,0,0,0,0,0,0,0,0,0,0,0,0,,,,,,,0,,N,1,1,2,,,,,Y,N
480,dha-0009,EM9,0,,,,,,,20141002,,,,,,,,,,0,,,,,,0,,,,,,,,,,0,,,,,,,,,,,,,,0,,,,,0,,,0,,,0,0,0,0,0,0,0,0,0,0,0,0,0,0,0,0,0,0,0,0,0,0,0,0,0,0,,,,,,,0,,N,1,1,2,,,,,Y,N
494,dha-0009,EM9,0,,,,,,,20141003,,,,,,,,,,0,,,,,,0,,,,,,,,,,0,,,,,,,,,,,,,,0,,,,,0,,,0,,,0,0,0,0,0,0,0,0,0,0,0,0,0,0,0,0,0,0,0,0,0,0,0,0,0,0,,,,,,,0,,N,1,1,2,,,,,Y,N
509,dha-0009,EM9,0,,,,,,,20141004,,,,,,,,,,0,,,,,,0,,,,,,,,,,0,,,,,,,,,,,,,,0,,,,,0,,,0,,,0,0,0,0,0,0,0,0,0,0,0,0,0,0,0,0,0,0,0,0,0,0,0,0,0,0,,,,,,,0,,N,1,1,2,,,,,Y,N
554,dha-0009,EM9,0,,,,,,,20141006,,,,,,,,,,0,,,,,,0,,,,,,,,,,0,,,,,,,,,,,,,,0,,,,,0,,,0,,,0,0,0,0,0,0,0,0,0,0,0,0,0,0,0,0,0,0,0,0,0,0,0,0,0,0,,,,,,,0,,N,1,1,2,,,,,Y,N
564,dha-0009,EM9,0,,,,,,,20141008,,,,,,,,,,0,,,,,,0,,,,,,,,,,0,,,,,,,,,,,,,,0,,,,,0,,,0,,,0,0,0,0,0,0,0,0,0,0,0,0,0,0,0,0,0,0,0,0,0,0,0,0,0,0,,,,,,,0,,N,1,1,2,,,,,Y,N
584,dha-0009,EM9,0,,,,,,,20141009,,,,,,,,,,0,,,,,,0,,,,,,,,,,0,,,,,,,,,,,,,,0,,,,,0,,,0,,,0,0,0,0,0,0,0,0,0,0,0,0,0,0,0,0,0,0,0,0,0,0,0,0,0,0,,,,,,,0,,N,1,1,2,,,,,Y,N
597,dha-0009,EM9,0,,,,,,,20141010,,,,,,,,,,0,,,,,,0,,,,,,,,,,0,,,,,,,,,,,,,,0,,,,,0,,,0,,,0,0,0,0,0,0,0,0,0,0,0,0,0,0,0,0,0,0,0,0,0,0,0,0,0,0,,,,,,,0,,N,1,1,2,,,,,Y,N
653,dha-0009,EM9,0,,,,,,,20141014,,,,,,,,,,0,,,,,,0,,,,,,,,,,0,,,,,,,,,,,,,,0,,,,,0,,,0,,,0,0,0,0,0,0,0,0,0,0,0,0,0,0,0,0,0,0,0,0,0,0,0,0,0,0,,,,,,,0,,N,1,1,2,,,,,Y,N
671,dha-0009,EM9,0,,,,,,,20141015,,,,,,,,,,0,,,,,,0,,,,,,,,,,0,,,,,,,,,,,,,,0,,,,,0,,,0,,,0,0,0,0,0,0,0,0,0,0,0,0,0,0,0,0,0,0,0,0,0,0,0,0,0,0,,,,,,,0,,N,1,1,2,,,,,Y,N
694,dha-0009,EM9,0,,,,,,,20141016,,,,,,,,,,0,,,,,,0,,,,,,,,,,0,,,,,,,,,,,,,,0,,,,,0,,,0,,,0,0,0,0,0,0,0,0,0,0,0,0,0,0,0,0,0,0,0,0,0,0,0,0,0,0,,,,,,,0,,N,1,1,2,,,,,Y,N
740,dha-0009,EM9,0,,,,,,,20141019,,,,,,,,,,0,,,,,,0,,,,,,,,,,0,,,,,,,,,,,,,,0,,,,,0,,,0,,,0,0,0,0,0,0,0,0,0,0,0,0,0,0,0,0,0,0,0,0,0,0,0,0,0,0,,,,,,,0,,N,1,1,2,,,,,Y,N
793,dha-0009,EM9,0,,,,,,,20141022,,,,,,,,,,0,,,,,,0,,,,,,,,,,0,,,,,,,,,,,,,,0,,,,,0,,,0,,,0,0,0,0,0,0,0,0,0,0,0,0,0,0,0,0,0,0,0,0,0,0,0,0,0,0,,,,,,,0,,N,1,1,2,,,,,Y,N
796,dha-0009,EM9,0,,,,,,,20141023,,,,,,,,,,0,,,,,,0,,,,,,,,,,0,,,,,,,,,,,,,,0,,,,,0,,,0,,,0,0,0,0,0,0,0,0,0,0,0,0,0,0,0,0,0,0,0,0,0,0,0,0,0,0,,,,,,,0,,N,1,1,2,,,,,Y,N
833,dha-0009,EM9,0,,,,,,,20141024,,,,,,,,,,0,,,,,,0,,,,,,,,,,0,,,,,,,,,,,,,,0,,,,,0,,,0,,,0,0,0,0,0,0,0,0,0,0,0,0,0,0,0,0,0,0,0,0,0,0,0,0,0,0,,,,,,,0,,N,1,1,2,,,,,Y,N
871,dha-0009,EM9,0,,,,,,,20141025,,,,,,,,,,0,,,,,,0,,,,,,,,,,0,,,,,,,,,,,,,,0,,,,,0,,,0,,,0,0,0,0,0,0,0,0,0,0,0,0,0,0,0,0,0,0,0,0,0,0,0,0,0,0,,,,,,,0,,N,1,1,2,,,,,Y,N
870,dha-0009,EM9,0,,,,,,,20141026,,,,,,,,,,0,,,,,,0,,,,,,,,,,0,,,,,,,,,,,,,,0,,,,,0,,,0,,,0,0,0,0,0,0,0,0,0,0,0,0,0,0,0,0,0,0,0,0,0,0,0,0,0,0,,,,,,,0,,N,1,1,2,,,,,Y,N
869,dha-0009,EM9,0,,,,,,,20141027,,,,,,,,,,0,,,,,,0,,,,,,,,,,0,,,,,,,,,,,,,,0,,,,,0,,,0,,,0,0,0,0,0,0,0,0,0,0,0,0,0,0,0,0,0,0,0,0,0,0,0,0,0,0,,,,,,,0,,N,1,1,2,,,,,Y,N
902,dha-0009,EM9,0,,,,,,,20141029,,,,,,,,,,0,,,,,,0,,,,,,,,,,0,,,,,,,,,,,,,,0,,,,,0,,,0,,,0,0,0,0,0,0,0,0,0,0,0,0,0,0,0,0,0,0,0,0,0,0,0,0,0,0,,,,,,,0,,N,1,1,2,,,,,Y,N
937,dha-0009,EM9,0,,,,,,,20141030,,,,,,,,,,0,,,,,,0,,,,,,,,,,0,,,,,,,,,,,,,,0,,,,,0,,,0,,,0,0,0,0,0,0,0,0,0,0,0,0,0,0,0,0,0,0,0,0,0,0,0,0,0,0,,,,,,,0,,N,1,1,2,,,,,Y,N
938,dha-0009,EM9,0,,,,,,,20141031,,,,,,,,,,0,,,,,,0,,,,,,,,,,0,,,,,,,,,,,,,,0,,,,,0,,,0,,,0,0,0,0,0,0,0,0,0,0,0,0,0,0,0,0,0,0,0,0,0,0,0,0,0,0,,,,,,,0,,N,1,1,2,,,,,Y,N
5,dha-0010,em10,1,,,,,,,20140827,,,,,,,,,,0,,,,,,0,,,,,,,,,,0,,,,,,,,,,,,,,0,,,,,0,,,0,,,0,0,0,0,0,0,0,0,0,0,0,0,0,0,0,0,0,0,0,0,0,0,0,0,0,0,,,,,,,0,,N,1,1,2,,,,,Y,N
6,dha-0010,em10,1,,,,,,,20140828,,,,,,,,,,0,,,,,,0,,,,,,,,,,0,,,,,,,,,,,,,,0,,,,,0,,,0,,,0,0,0,0,0,0,0,0,0,0,0,0,0,0,0,0,0,0,0,0,0,0,0,0,0,0,,,,,,,0,,N,1,1,2,,,,,Y,N
121,dha-0010,em10,1,,,,,,,20140830,,,,,,,,,,0,,,,,,0,,,,,,,,,,0,,,,,,,,,,,,,,0,,,,,0,,,0,,,0,0,0,0,0,0,0,0,0,0,0,0,0,0,0,0,0,0,0,0,0,0,0,0,0,0,,,,,,,0,,N,1,1,2,,,,,Y,N
122,dha-0010,em10,1,,,,,,,20140831,,,,,,,,,,0,,,,,,0,,,,,,,,,,0,,,,,,,,,,,,,,0,,,,,0,,,0,,,0,0,0,0,0,0,0,0,0,0,0,0,0,0,0,0,0,0,0,0,0,0,0,0,0,0,,,,,,,0,,N,1,1,2,,,,,Y,N
134,dha-0010,em10,1,,,,,,,20140901,,,,,,,,,,0,,,,,,0,,,,,,,,,,0,,,,,,,,,,,,,,0,,,,,0,,,0,,,0,0,0,0,0,0,0,0,0,0,0,0,0,0,0,0,0,0,0,0,0,0,0,0,0,0,,,,,,,0,,N,1,1,2,,,,,Y,N
439,dha-0010,em10,1,,,,,,,20140928,,,,,,,,,,0,,,,,,0,,,,,,,,,,0,,,,,,,,,,,,,,0,,,,,0,,,0,,,0,0,0,0,0,0,0,0,0,0,0,0,0,0,0,0,0,0,0,0,0,0,0,0,0,0,,,,,,,0,,N,1,1,2,,,,,Y,N
1198,dha-0010,em10,1,,,,,,,20141115,,,,,,,,,,0,,,,,,0,,,,,,,,,,0,,,,,,,,,,,,,,0,,,,,0,,,0,,,0,0,0,0,0,0,0,0,0,0,0,0,0,0,0,0,0,0,0,0,0,0,0,0,0,0,,,,,,,0,,N,1,1,2,,,,,Y,N
112,dha-0013,em13,0,,,,,,,20140830,,,,,,,,,,0,,,,,,0,,,,,,,,,,0,,,,,,,,,,,,,,0,,,,,0,,,0,,,0,0,0,0,0,0,0,0,0,0,0,0,0,0,0,0,0,0,0,0,0,0,0,0,0,0,,,,,,,0,,N,1,1,2,,,,,Y,N
1079,dha-0013,em13,0,,,,,,,20141109,,,,,,,,,,0,,,,,,0,,,,,,,,,,0,,,,,,,,,,,,,,0,,,,,0,,,0,,,0,0,0,0,0,0,0,0,0,0,0,0,0,0,0,0,0,0,0,0,0,0,0,0,0,0,,,,,,,0,,N,1,1,2,,,,,Y,N
1223,dha-0013,em13,0,,,,,,,20141117,,,,,,,,,,0,,,,,,0,,,,,,,,,,0,,,,,,,,,,,,,,0,,,,,0,,,0,,,0,0,0,0,0,0,0,0,0,0,0,0,0,0,0,0,0,0,0,0,0,0,0,0,0,0,,,,,,,0,,N,1,1,2,,,,,Y,N
1315,dha-0013,em13,0,,,,,,,20141122,,,,,,,,,,0,,,,,,0,,,,,,,,,,0,,,,,,,,,,,,,,0,,,,,0,,,0,,,0,0,0,0,0,0,0,0,0,0,0,0,0,0,0,0,0,0,0,0,0,0,0,0,0,0,,,,,,,0,,N,1,1,2,,,,,Y,N
140,dha-0014,em14,0,,,,,,,20140902,,,,,,,,,,0,,,,,,0,,,,,,,,,,0,,,,,,,,,,,,,,0,,,,,0,,,0,,,0,0,0,0,0,0,0,0,0,0,0,0,0,0,0,0,0,0,0,0,0,0,0,0,0,0,,,,,,,0,,N,1,1,2,,,,,Y,N
151,dha-0014,em14,0,,,,,,,20140903,,,,,,,,,,0,,,,,,0,,,,,,,,,,0,,,,,,,,,,,,,,0,,,,,0,,,0,,,0,0,0,0,0,0,0,0,0,0,0,0,0,0,0,0,0,0,0,0,0,0,0,0,0,0,,,,,,,0,,N,1,1,2,,,,,Y,N
157,dha-0014,em14,0,,,,,,,20140904,,,,,,,,,,0,,,,,,0,,,,,,,,,,0,,,,,,,,,,,,,,0,,,,,0,,,0,,,0,0,0,0,0,0,0,0,0,0,0,0,0,0,0,0,0,0,0,0,0,0,0,0,0,0,,,,,,,0,,N,1,1,2,,,,,Y,N
201,dha-0014,em14,0,,,,,,,20140907,,,,,,,,,,0,,,,,,0,,,,,,,,,,0,,,,,,,,,,,,,,0,,,,,0,,,0,,,0,0,0,0,0,0,0,0,0,0,0,0,0,0,0,0,0,0,0,0,0,0,0,0,0,0,,,,,,,0,,N,1,1,2,,,,,Y,N
212,dha-0014,em14,0,,,,,,,20140910,,,,,,,,,,0,,,,,,0,,,,,,,,,,0,,,,,,,,,,,,,,0,,,,,0,,,0,,,0,0,0,0,0,0,0,0,0,0,0,0,0,0,0,0,0,0,0,0,0,0,0,0,0,0,,,,,,,0,,N,1,1,2,,,,,Y,N
238,dha-0014,em14,0,,,,,,,20140911,,,,,,,,,,0,,,,,,0,,,,,,,,,,0,,,,,,,,,,,,,,0,,,,,0,,,0,,,0,0,0,0,0,0,0,0,0,0,0,0,0,0,0,0,0,0,0,0,0,0,0,0,0,0,,,,,,,0,,N,1,1,2,,,,,Y,N
258,dha-0014,em14,0,,,,,,,20140912,,,,,,,,,,0,,,,,,0,,,,,,,,,,0,,,,,,,,,,,,,,0,,,,,0,,,0,,,0,0,0,0,0,0,0,0,0,0,0,0,0,0,0,0,0,0,0,0,0,0,0,0,0,0,,,,,,,0,,N,1,1,2,,,,,Y,N
257,dha-0014,em14,0,,,,,,,20140913,,,,,,,,,,0,,,,,,0,,,,,,,,,,0,,,,,,,,,,,,,,0,,,,,0,,,0,,,0,0,0,0,0,0,0,0,0,0,0,0,0,0,0,0,0,0,0,0,0,0,0,0,0,0,,,,,,,0,,N,1,1,2,,,,,Y,N
291,dha-0014,em14,0,,,,,,,20140915,,,,,,,,,,0,,,,,,0,,,,,,,,,,0,,,,,,,,,,,,,,0,,,,,0,,,0,,,0,0,0,0,0,0,0,0,0,0,0,0,0,0,0,0,0,0,0,0,0,0,0,0,0,0,,,,,,,0,,N,1,1,2,,,,,Y,N
292,dha-0014,em14,0,,,,,,,20140916,,,,,,,,,,0,,,,,,0,,,,,,,,,,0,,,,,,,,,,,,,,0,,,,,0,,,0,,,0,0,0,0,0,0,0,0,0,0,0,0,0,0,0,0,0,0,0,0,0,0,0,0,0,0,,,,,,,0,,N,1,1,2,,,,,Y,N
314,dha-0014,em14,0,,,,,,,20140917,,,,,,,,,,0,,,,,,0,,,,,,,,,,0,,,,,,,,,,,,,,0,,,,,0,,,0,,,0,0,0,0,0,0,0,0,0,0,0,0,0,0,0,0,0,0,0,0,0,0,0,0,0,0,,,,,,,0,,N,1,1,2,,,,,Y,N
320,dha-0014,em14,0,,,,,,,20140918,,,,,,,,,,0,,,,,,0,,,,,,,,,,0,,,,,,,,,,,,,,0,,,,,0,,,0,,,0,0,0,0,0,0,0,0,0,0,0,0,0,0,0,0,0,0,0,0,0,0,0,0,0,0,,,,,,,0,,N,1,1,2,,,,,Y,N
330,dha-0014,em14,0,,,,,,,20140919,,,,,,,,,,0,,,,,,0,,,,,,,,,,0,,,,,,,,,,,,,,0,,,,,0,,,0,,,0,0,0,0,0,0,0,0,0,0,0,0,0,0,0,0,0,0,0,0,0,0,0,0,0,0,,,,,,,0,,N,1,1,2,,,,,Y,N
359,dha-0014,em14,0,,,,,,,20140920,,,,,,,,,,0,,,,,,0,,,,,,,,,,0,,,,,,,,,,,,,,0,,,,,0,,,0,,,0,0,0,0,0,0,0,0,0,0,0,0,0,0,0,0,0,0,0,0,0,0,0,0,0,0,,,,,,,0,,N,1,1,2,,,,,Y,N
361,dha-0014,em14,0,,,,,,,20140922,,,,,,,,,,0,,,,,,0,,,,,,,,,,0,,,,,,,,,,,,,,0,,,,,0,,,0,,,0,0,0,0,0,0,0,0,0,0,0,0,0,0,0,0,0,0,0,0,0,0,0,0,0,0,,,,,,,0,,N,1,1,2,,,,,Y,N
412,dha-0014,em14,0,,,,,,,20140924,,,,,,,,,,0,,,,,,0,,,,,,,,,,0,,,,,,,,,,,,,,0,,,,,0,,,0,,,0,0,0,0,0,0,0,0,0,0,0,0,0,0,0,0,0,0,0,0,0,0,0,0,0,0,,,,,,,0,,N,1,1,2,,,,,Y,N
411,dha-0014,em14,0,,,,,,,20140925,,,,,,,,,,0,,,,,,0,,,,,,,,,,0,,,,,,,,,,,,,,0,,,,,0,,,0,,,0,0,0,0,0,0,0,0,0,0,0,0,0,0,0,0,0,0,0,0,0,0,0,0,0,0,,,,,,,0,,N,1,1,2,,,,,Y,N
410,dha-0014,em14,0,,,,,,,20140926,,,,,,,,,,0,,,,,,0,,,,,,,,,,0,,,,,,,,,,,,,,0,,,,,0,,,0,,,0,0,0,0,0,0,0,0,0,0,0,0,0,0,0,0,0,0,0,0,0,0,0,0,0,0,,,,,,,0,,N,1,1,2,,,,,Y,N
449,dha-0014,em14,0,,,,,,,20140929,,,,,,,,,,0,,,,,,0,,,,,,,,,,0,,,,,,,,,,,,,,0,,,,,0,,,0,,,0,0,0,0,0,0,0,0,0,0,0,0,0,0,0,0,0,0,0,0,0,0,0,0,0,0,,,,,,,0,,N,1,1,2,,,,,Y,N
448,dha-0014,em14,0,,,,,,,20140930,,,,,,,,,,0,,,,,,0,,,,,,,,,,0,,,,,,,,,,,,,,0,,,,,0,,,0,,,0,0,0,0,0,0,0,0,0,0,0,0,0,0,0,0,0,0,0,0,0,0,0,0,0,0,,,,,,,0,,N,1,1,2,,,,,Y,N
513,dha-0014,em14,0,,,,,,,20141001,,,,,,,,,,0,,,,,,0,,,,,,,,,,0,,,,,,,,,,,,,,0,,,,,0,,,0,,,0,0,0,0,0,0,0,0,0,0,0,0,0,0,0,0,0,0,0,0,0,0,0,0,0,0,,,,,,,0,,N,1,1,2,,,,,Y,N
477,dha-0014,em14,0,,,,,,,20141002,,,,,,,,,,0,,,,,,0,,,,,,,,,,0,,,,,,,,,,,,,,0,,,,,0,,,0,,,0,0,0,0,0,0,0,0,0,0,0,0,0,0,0,0,0,0,0,0,0,0,0,0,0,0,,,,,,,0,,N,1,1,2,,,,,Y,N
611,dha-0014,em14,0,,,,,,,20141005,,,,,,,,,,0,,,,,,0,,,,,,,,,,0,,,,,,,,,,,,,,0,,,,,0,,,0,,,0,0,0,0,0,0,0,0,0,0,0,0,0,0,0,0,0,0,0,0,0,0,0,0,0,0,,,,,,,0,,N,1,1,2,,,,,Y,N
612,dha-0014,em14,0,,,,,,,20141006,,,,,,,,,,0,,,,,,0,,,,,,,,,,0,,,,,,,,,,,,,,0,,,,,0,,,0,,,0,0,0,0,0,0,0,0,0,0,0,0,0,0,0,0,0,0,0,0,0,0,0,0,0,0,,,,,,,0,,N,1,1,2,,,,,Y,N
613,dha-0014,em14,0,,,,,,,20141007,,,,,,,,,,0,,,,,,0,,,,,,,,,,0,,,,,,,,,,,,,,0,,,,,0,,,0,,,0,0,0,0,0,0,0,0,0,0,0,0,0,0,0,0,0,0,0,0,0,0,0,0,0,0,,,,,,,0,,N,1,1,2,,,,,Y,N
614,dha-0014,em14,0,,,,,,,20141008,,,,,,,,,,0,,,,,,0,,,,,,,,,,0,,,,,,,,,,,,,,0,,,,,0,,,0,,,0,0,0,0,0,0,0,0,0,0,0,0,0,0,0,0,0,0,0,0,0,0,0,0,0,0,,,,,,,0,,N,1,1,2,,,,,Y,N
615,dha-0014,em14,0,,,,,,,20141009,,,,,,,,,,0,,,,,,0,,,,,,,,,,0,,,,,,,,,,,,,,0,,,,,0,,,0,,,0,0,0,0,0,0,0,0,0,0,0,0,0,0,0,0,0,0,0,0,0,0,0,0,0,0,,,,,,,0,,N,1,1,2,,,,,Y,N
616,dha-0014,em14,0,,,,,,,20141010,,,,,,,,,,0,,,,,,0,,,,,,,,,,0,,,,,,,,,,,,,,0,,,,,0,,,0,,,0,0,0,0,0,0,0,0,0,0,0,0,0,0,0,0,0,0,0,0,0,0,0,0,0,0,,,,,,,0,,N,1,1,2,,,,,Y,N
617,dha-0014,em14,0,,,,,,,20141011,,,,,,,,,,0,,,,,,0,,,,,,,,,,0,,,,,,,,,,,,,,0,,,,,0,,,0,,,0,0,0,0,0,0,0,0,0,0,0,0,0,0,0,0,0,0,0,0,0,0,0,0,0,0,,,,,,,0,,N,1,1,2,,,,,Y,N
643,dha-0014,em14,0,,,,,,,20141013,,,,,,,,,,0,,,,,,0,,,,,,,,,,0,,,,,,,,,,,,,,0,,,,,0,,,0,,,0,0,0,0,0,0,0,0,0,0,0,0,0,0,0,0,0,0,0,0,0,0,0,0,0,0,,,,,,,0,,N,1,1,2,,,,,Y,N
687,dha-0014,em14,0,,,,,,,20141015,,,,,,,,,,0,,,,,,0,,,,,,,,,,0,,,,,,,,,,,,,,0,,,,,0,,,0,,,0,0,0,0,0,0,0,0,0,0,0,0,0,0,0,0,0,0,0,0,0,0,0,0,0,0,,,,,,,0,,N,1,1,2,,,,,Y,N
783,dha-0014,em14,0,,,,,,,20141016,,,,,,,,,,0,,,,,,0,,,,,,,,,,0,,,,,,,,,,,,,,0,,,,,0,,,0,,,0,0,0,0,0,0,0,0,0,0,0,0,0,0,0,0,0,0,0,0,0,0,0,0,0,0,,,,,,,0,,N,1,1,2,,,,,Y,N
784,dha-0014,em14,0,,,,,,,20141017,,,,,,,,,,0,,,,,,0,,,,,,,,,,0,,,,,,,,,,,,,,0,,,,,0,,,0,,,0,0,0,0,0,0,0,0,0,0,0,0,0,0,0,0,0,0,0,0,0,0,0,0,0,0,,,,,,,0,,N,1,1,2,,,,,Y,N
785,dha-0014,em14,0,,,,,,,20141018,,,,,,,,,,0,,,,,,0,,,,,,,,,,0,,,,,,,,,,,,,,0,,,,,0,,,0,,,0,0,0,0,0,0,0,0,0,0,0,0,0,0,0,0,0,0,0,0,0,0,0,0,0,0,,,,,,,0,,N,1,1,2,,,,,Y,N
787,dha-0014,em14,0,,,,,,,20141019,,,,,,,,,,0,,,,,,0,,,,,,,,,,0,,,,,,,,,,,,,,0,,,,,0,,,0,,,0,0,0,0,0,0,0,0,0,0,0,0,0,0,0,0,0,0,0,0,0,0,0,0,0,0,,,,,,,0,,N,1,1,2,,,,,Y,N
788,dha-0014,em14,0,,,,,,,20141020,,,,,,,,,,0,,,,,,0,,,,,,,,,,0,,,,,,,,,,,,,,0,,,,,0,,,0,,,0,0,0,0,0,0,0,0,0,0,0,0,0,0,0,0,0,0,0,0,0,0,0,0,0,0,,,,,,,0,,N,1,1,2,,,,,Y,N
786,dha-0014,em14,0,,,,,,,20141022,,,,,,,,,,0,,,,,,0,,,,,,,,,,0,,,,,,,,,,,,,,0,,,,,0,,,0,,,0,0,0,0,0,0,0,0,0,0,0,0,0,0,0,0,0,0,0,0,0,0,0,0,0,0,,,,,,,0,,N,1,1,2,,,,,Y,N
915,dha-0014,em14,0,,,,,,,20141023,,,,,,,,,,0,,,,,,0,,,,,,,,,,0,,,,,,,,,,,,,,0,,,,,0,,,0,,,0,0,0,0,0,0,0,0,0,0,0,0,0,0,0,0,0,0,0,0,0,0,0,0,0,0,,,,,,,0,,N,1,1,2,,,,,Y,N
916,dha-0014,em14,0,,,,,,,20141024,,,,,,,,,,0,,,,,,0,,,,,,,,,,0,,,,,,,,,,,,,,0,,,,,0,,,0,,,0,0,0,0,0,0,0,0,0,0,0,0,0,0,0,0,0,0,0,0,0,0,0,0,0,0,,,,,,,0,,N,1,1,2,,,,,Y,N
913,dha-0014,em14,0,,,,,,,20141026,,,,,,,,,,0,,,,,,0,,,,,,,,,,0,,,,,,,,,,,,,,0,,,,,0,,,0,,,0,0,0,0,0,0,0,0,0,0,0,0,0,0,0,0,0,0,0,0,0,0,0,0,0,0,,,,,,,0,,N,1,1,2,,,,,Y,N
911,dha-0014,em14,0,,,,,,,20141028,,,,,,,,,,0,,,,,,0,,,,,,,,,,0,,,,,,,,,,,,,,0,,,,,0,,,0,,,0,0,0,0,0,0,0,0,0,0,0,0,0,0,0,0,0,0,0,0,0,0,0,0,0,0,,,,,,,0,,N,1,1,2,,,,,Y,N
910,dha-0014,em14,0,,,,,,,20141029,,,,,,,,,,0,,,,,,0,,,,,,,,,,0,,,,,,,,,,,,,,0,,,,,0,,,0,,,0,0,0,0,0,0,0,0,0,0,0,0,0,0,0,0,0,0,0,0,0,0,0,0,0,0,,,,,,,0,,N,1,1,2,,,,,Y,N
952,dha-0014,em14,0,,,,,,,20141030,,,,,,,,,,0,,,,,,0,,,,,,,,,,0,,,,,,,,,,,,,,0,,,,,0,,,0,,,0,0,0,0,0,0,0,0,0,0,0,0,0,0,0,0,0,0,0,0,0,0,0,0,0,0,,,,,,,0,,N,1,1,2,,,,,Y,N
953,dha-0014,em14,0,,,,,,,20141031,,,,,,,,,,0,,,,,,0,,,,,,,,,,0,,,,,,,,,,,,,,0,,,,,0,,,0,,,0,0,0,0,0,0,0,0,0,0,0,0,0,0,0,0,0,0,0,0,0,0,0,0,0,0,,,,,,,0,,N,1,1,2,,,,,Y,N
954,dha-0014,em14,0,,,,,,,20141101,,,,,,,,,,0,,,,,,0,,,,,,,,,,0,,,,,,,,,,,,,,0,,,,,0,,,0,,,0,0,0,0,0,0,0,0,0,0,0,0,0,0,0,0,0,0,0,0,0,0,0,0,0,0,,,,,,,0,,N,1,1,2,,,,,Y,N
1044,dha-0014,em14,0,,,,,,,20141102,,,,,,,,,,0,,,,,,0,,,,,,,,,,0,,,,,,,,,,,,,,0,,,,,0,,,0,,,0,0,0,0,0,0,0,0,0,0,0,0,0,0,0,0,0,0,0,0,0,0,0,0,0,0,,,,,,,0,,N,1,1,2,,,,,Y,N
1045,dha-0014,em14,0,,,,,,,20141103,,,,,,,,,,0,,,,,,0,,,,,,,,,,0,,,,,,,,,,,,,,0,,,,,0,,,0,,,0,0,0,0,0,0,0,0,0,0,0,0,0,0,0,0,0,0,0,0,0,0,0,0,0,0,,,,,,,0,,N,1,1,2,,,,,Y,N
1049,dha-0014,em14,0,,,,,,,20141105,,,,,,,,,,0,,,,,,0,,,,,,,,,,0,,,,,,,,,,,,,,0,,,,,0,,,0,,,0,0,0,0,0,0,0,0,0,0,0,0,0,0,0,0,0,0,0,0,0,0,0,0,0,0,,,,,,,0,,N,1,1,2,,,,,Y,N
1043,dha-0014,em14,0,,,,,,,20141106,,,,,,,,,,0,,,,,,0,,,,,,,,,,0,,,,,,,,,,,,,,0,,,,,0,,,0,,,0,0,0,0,0,0,0,0,0,0,0,0,0,0,0,0,0,0,0,0,0,0,0,0,0,0,,,,,,,0,,N,1,1,2,,,,,Y,N
1086,dha-0014,em14,0,,,,,,,20141107,,,,,,,,,,0,,,,,,0,,,,,,,,,,0,,,,,,,,,,,,,,0,,,,,0,,,0,,,0,0,0,0,0,0,0,0,0,0,0,0,0,0,0,0,0,0,0,0,0,0,0,0,0,0,,,,,,,0,,N,1,1,2,,,,,Y,N
1085,dha-0014,em14,0,,,,,,,20141109,,,,,,,,,,0,,,,,,0,,,,,,,,,,0,,,,,,,,,,,,,,0,,,,,0,,,0,,,0,0,0,0,0,0,0,0,0,0,0,0,0,0,0,0,0,0,0,0,0,0,0,0,0,0,,,,,,,0,,N,1,1,2,,,,,Y,N
1274,dha-0014,em14,0,,,,,,,20141110,,,,,,,,,,0,,,,,,0,,,,,,,,,,0,,,,,,,,,,,,,,0,,,,,0,,,0,,,0,0,0,0,0,0,0,0,0,0,0,0,0,0,0,0,0,0,0,0,0,0,0,0,0,0,,,,,,,0,,N,1,1,2,,,,,Y,N
1273,dha-0014,em14,0,,,,,,,20141111,,,,,,,,,,0,,,,,,0,,,,,,,,,,0,,,,,,,,,,,,,,0,,,,,0,,,0,,,0,0,0,0,0,0,0,0,0,0,0,0,0,0,0,0,0,0,0,0,0,0,0,0,0,0,,,,,,,0,,N,1,1,2,,,,,Y,N
1272,dha-0014,em14,0,,,,,,,20141112,,,,,,,,,,0,,,,,,0,,,,,,,,,,0,,,,,,,,,,,,,,0,,,,,0,,,0,,,0,0,0,0,0,0,0,0,0,0,0,0,0,0,0,0,0,0,0,0,0,0,0,0,0,0,,,,,,,0,,N,1,1,2,,,,,Y,N
1270,dha-0014,em14,0,,,,,,,20141114,,,,,,,,,,0,,,,,,0,,,,,,,,,,0,,,,,,,,,,,,,,0,,,,,0,,,0,,,0,0,0,0,0,0,0,0,0,0,0,0,0,0,0,0,0,0,0,0,0,0,0,0,0,0,,,,,,,0,,N,1,1,2,,,,,Y,N
1269,dha-0014,em14,0,,,,,,,20141115,,,,,,,,,,0,,,,,,0,,,,,,,,,,0,,,,,,,,,,,,,,0,,,,,0,,,0,,,0,0,0,0,0,0,0,0,0,0,0,0,0,0,0,0,0,0,0,0,0,0,0,0,0,0,,,,,,,0,,N,1,1,2,,,,,Y,N
1268,dha-0014,em14,0,,,,,,,20141116,,,,,,,,,,0,,,,,,0,,,,,,,,,,0,,,,,,,,,,,,,,0,,,,,0,,,0,,,0,0,0,0,0,0,0,0,0,0,0,0,0,0,0,0,0,0,0,0,0,0,0,0,0,0,,,,,,,0,,N,1,1,2,,,,,Y,N
1267,dha-0014,em14,0,,,,,,,20141117,,,,,,,,,,0,,,,,,0,,,,,,,,,,0,,,,,,,,,,,,,,0,,,,,0,,,0,,,0,0,0,0,0,0,0,0,0,0,0,0,0,0,0,0,0,0,0,0,0,0,0,0,0,0,,,,,,,0,,N,1,1,2,,,,,Y,N
1266,dha-0014,em14,0,,,,,,,20141118,,,,,,,,,,0,,,,,,0,,,,,,,,,,0,,,,,,,,,,,,,,0,,,,,0,,,0,,,0,0,0,0,0,0,0,0,0,0,0,0,0,0,0,0,0,0,0,0,0,0,0,0,0,0,,,,,,,0,,N,1,1,2,,,,,Y,N
1265,dha-0014,em14,0,,,,,,,20141119,,,,,,,,,,0,,,,,,0,,,,,,,,,,0,,,,,,,,,,,,,,0,,,,,0,,,0,,,0,0,0,0,0,0,0,0,0,0,0,0,0,0,0,0,0,0,0,0,0,0,0,0,0,0,,,,,,,0,,N,1,1,2,,,,,Y,N
1264,dha-0014,em14,0,,,,,,,20141120,,,,,,,,,,0,,,,,,0,,,,,,,,,,0,,,,,,,,,,,,,,0,,,,,0,,,0,,,0,0,0,0,0,0,0,0,0,0,0,0,0,0,0,0,0,0,0,0,0,0,0,0,0,0,,,,,,,0,,N,1,1,2,,,,,Y,N
1338,dha-0014,em14,0,,,,,,,20141121,,,,,,,,,,0,,,,,,0,,,,,,,,,,0,,,,,,,,,,,,,,0,,,,,0,,,0,,,0,0,0,0,0,0,0,0,0,0,0,0,0,0,0,0,0,0,0,0,0,0,0,0,0,0,,,,,,,0,,N,1,1,2,,,,,Y,N
1339,dha-0014,em14,0,,,,,,,20141122,,,,,,,,,,0,,,,,,0,,,,,,,,,,0,,,,,,,,,,,,,,0,,,,,0,,,0,,,0,0,0,0,0,0,0,0,0,0,0,0,0,0,0,0,0,0,0,0,0,0,0,0,0,0,,,,,,,0,,N,1,1,2,,,,,Y,N
163,dha-0015,em15,0,,,,,,,20140904,,,,,,,,,,0,,,,,,0,,,,,,,,,,0,,,,,,,,,,,,,,0,,,,,0,,,0,,,0,0,0,0,0,0,0,0,0,0,0,0,0,0,0,0,0,0,0,0,0,0,0,0,0,0,,,,,,,0,,N,1,1,2,,,,,Y,N
193,dha-0015,em15,0,,,,,,,20140906,,,,,,,,,,0,,,,,,0,,,,,,,,,,0,,,,,,,,,,,,,,0,,,,,0,,,0,,,0,0,0,0,0,0,0,0,0,0,0,0,0,0,0,0,0,0,0,0,0,0,0,0,0,0,,,,,,,0,,N,1,1,2,,,,,Y,N
194,dha-0015,em15,0,,,,,,,20140907,,,,,,,,,,0,,,,,,0,,,,,,,,,,0,,,,,,,,,,,,,,0,,,,,0,,,0,,,0,0,0,0,0,0,0,0,0,0,0,0,0,0,0,0,0,0,0,0,0,0,0,0,0,0,,,,,,,0,,N,1,1,2,,,,,Y,N
227,dha-0015,em15,0,,,,,,,20140908,,,,,,,,,,0,,,,,,0,,,,,,,,,,0,,,,,,,,,,,,,,0,,,,,0,,,0,,,0,0,0,0,0,0,0,0,0,0,0,0,0,0,0,0,0,0,0,0,0,0,0,0,0,0,,,,,,,0,,N,1,1,2,,,,,Y,N
228,dha-0015,em15,0,,,,,,,20140909,,,,,,,,,,0,,,,,,0,,,,,,,,,,0,,,,,,,,,,,,,,0,,,,,0,,,0,,,0,0,0,0,0,0,0,0,0,0,0,0,0,0,0,0,0,0,0,0,0,0,0,0,0,0,,,,,,,0,,N,1,1,2,,,,,Y,N
270,dha-0015,em15,0,,,,,,,20140910,,,,,,,,,,0,,,,,,0,,,,,,,,,,0,,,,,,,,,,,,,,0,,,,,0,,,0,,,0,0,0,0,0,0,0,0,0,0,0,0,0,0,0,0,0,0,0,0,0,0,0,0,0,0,,,,,,,0,,N,1,1,2,,,,,Y,N
271,dha-0015,em15,0,,,,,,,20140911,,,,,,,,,,0,,,,,,0,,,,,,,,,,0,,,,,,,,,,,,,,0,,,,,0,,,0,,,0,0,0,0,0,0,0,0,0,0,0,0,0,0,0,0,0,0,0,0,0,0,0,0,0,0,,,,,,,0,,N,1,1,2,,,,,Y,N
272,dha-0015,em15,0,,,,,,,20140912,,,,,,,,,,0,,,,,,0,,,,,,,,,,0,,,,,,,,,,,,,,0,,,,,0,,,0,,,0,0,0,0,0,0,0,0,0,0,0,0,0,0,0,0,0,0,0,0,0,0,0,0,0,0,,,,,,,0,,N,1,1,2,,,,,Y,N
275,dha-0015,em15,0,,,,,,,20140914,,,,,,,,,,0,,,,,,0,,,,,,,,,,0,,,,,,,,,,,,,,0,,,,,0,,,0,,,0,0,0,0,0,0,0,0,0,0,0,0,0,0,0,0,0,0,0,0,0,0,0,0,0,0,,,,,,,0,,N,1,1,2,,,,,Y,N
366,dha-0015,em15,0,,,,,,,20140915,,,,,,,,,,0,,,,,,0,,,,,,,,,,0,,,,,,,,,,,,,,0,,,,,0,,,0,,,0,0,0,0,0,0,0,0,0,0,0,0,0,0,0,0,0,0,0,0,0,0,0,0,0,0,,,,,,,0,,N,1,1,2,,,,,Y,N
367,dha-0015,em15,0,,,,,,,20140916,,,,,,,,,,0,,,,,,0,,,,,,,,,,0,,,,,,,,,,,,,,0,,,,,0,,,0,,,0,0,0,0,0,0,0,0,0,0,0,0,0,0,0,0,0,0,0,0,0,0,0,0,0,0,,,,,,,0,,N,1,1,2,,,,,Y,N
368,dha-0015,em15,0,,,,,,,20140917,,,,,,,,,,0,,,,,,0,,,,,,,,,,0,,,,,,,,,,,,,,0,,,,,0,,,0,,,0,0,0,0,0,0,0,0,0,0,0,0,0,0,0,0,0,0,0,0,0,0,0,0,0,0,,,,,,,0,,N,1,1,2,,,,,Y,N
369,dha-0015,em15,0,,,,,,,20140918,,,,,,,,,,0,,,,,,0,,,,,,,,,,0,,,,,,,,,,,,,,0,,,,,0,,,0,,,0,0,0,0,0,0,0,0,0,0,0,0,0,0,0,0,0,0,0,0,0,0,0,0,0,0,,,,,,,0,,N,1,1,2,,,,,Y,N
372,dha-0015,em15,0,,,,,,,20140921,,,,,,,,,,0,,,,,,0,,,,,,,,,,0,,,,,,,,,,,,,,0,,,,,0,,,0,,,0,0,0,0,0,0,0,0,0,0,0,0,0,0,0,0,0,0,0,0,0,0,0,0,0,0,,,,,,,0,,N,1,1,2,,,,,Y,N
373,dha-0015,em15,0,,,,,,,20140922,,,,,,,,,,0,,,,,,0,,,,,,,,,,0,,,,,,,,,,,,,,0,,,,,0,,,0,,,0,0,0,0,0,0,0,0,0,0,0,0,0,0,0,0,0,0,0,0,0,0,0,0,0,0,,,,,,,0,,N,1,1,2,,,,,Y,N
374,dha-0015,em15,0,,,,,,,20140923,,,,,,,,,,0,,,,,,0,,,,,,,,,,0,,,,,,,,,,,,,,0,,,,,0,,,0,,,0,0,0,0,0,0,0,0,0,0,0,0,0,0,0,0,0,0,0,0,0,0,0,0,0,0,,,,,,,0,,N,1,1,2,,,,,Y,N
397,dha-0015,em15,0,,,,,,,20140924,,,,,,,,,,0,,,,,,0,,,,,,,,,,0,,,,,,,,,,,,,,0,,,,,0,,,0,,,0,0,0,0,0,0,0,0,0,0,0,0,0,0,0,0,0,0,0,0,0,0,0,0,0,0,,,,,,,0,,N,1,1,2,,,,,Y,N
398,dha-0015,em15,0,,,,,,,20140925,,,,,,,,,,0,,,,,,0,,,,,,,,,,0,,,,,,,,,,,,,,0,,,,,0,,,0,,,0,0,0,0,0,0,0,0,0,0,0,0,0,0,0,0,0,0,0,0,0,0,0,0,0,0,,,,,,,0,,N,1,1,2,,,,,Y,N
520,dha-0015,em15,0,,,,,,,20140930,,,,,,,,,,0,,,,,,0,,,,,,,,,,0,,,,,,,,,,,,,,0,,,,,0,,,0,,,0,0,0,0,0,0,0,0,0,0,0,0,0,0,0,0,0,0,0,0,0,0,0,0,0,0,,,,,,,0,,N,1,1,2,,,,,Y,N
521,dha-0015,em15,0,,,,,,,20141001,,,,,,,,,,0,,,,,,0,,,,,,,,,,0,,,,,,,,,,,,,,0,,,,,0,,,0,,,0,0,0,0,0,0,0,0,0,0,0,0,0,0,0,0,0,0,0,0,0,0,0,0,0,0,,,,,,,0,,N,1,1,2,,,,,Y,N
522,dha-0015,em15,0,,,,,,,20141002,,,,,,,,,,0,,,,,,0,,,,,,,,,,0,,,,,,,,,,,,,,0,,,,,0,,,0,,,0,0,0,0,0,0,0,0,0,0,0,0,0,0,0,0,0,0,0,0,0,0,0,0,0,0,,,,,,,0,,N,1,1,2,,,,,Y,N
525,dha-0015,em15,0,,,,,,,20141005,,,,,,,,,,0,,,,,,0,,,,,,,,,,0,,,,,,,,,,,,,,0,,,,,0,,,0,,,0,0,0,0,0,0,0,0,0,0,0,0,0,0,0,0,0,0,0,0,0,0,0,0,0,0,,,,,,,0,,N,1,1,2,,,,,Y,N
558,dha-0015,em15,0,,,,,,,20141006,,,,,,,,,,0,,,,,,0,,,,,,,,,,0,,,,,,,,,,,,,,0,,,,,0,,,0,,,0,0,0,0,0,0,0,0,0,0,0,0,0,0,0,0,0,0,0,0,0,0,0,0,0,0,,,,,,,0,,N,1,1,2,,,,,Y,N
559,dha-0015,em15,0,,,,,,,20141007,,,,,,,,,,0,,,,,,0,,,,,,,,,,0,,,,,,,,,,,,,,0,,,,,0,,,0,,,0,0,0,0,0,0,0,0,0,0,0,0,0,0,0,0,0,0,0,0,0,0,0,0,0,0,,,,,,,0,,N,1,1,2,,,,,Y,N
557,dha-0015,em15,0,,,,,,,20141008,,,,,,,,,,0,,,,,,0,,,,,,,,,,0,,,,,,,,,,,,,,0,,,,,0,,,0,,,0,0,0,0,0,0,0,0,0,0,0,0,0,0,0,0,0,0,0,0,0,0,0,0,0,0,,,,,,,0,,N,1,1,2,,,,,Y,N
661,dha-0015,em15,0,,,,,,,20141009,,,,,,,,,,0,,,,,,0,,,,,,,,,,0,,,,,,,,,,,,,,0,,,,,0,,,0,,,0,0,0,0,0,0,0,0,0,0,0,0,0,0,0,0,0,0,0,0,0,0,0,0,0,0,,,,,,,0,,N,1,1,2,,,,,Y,N
662,dha-0015,em15,0,,,,,,,20141010,,,,,,,,,,0,,,,,,0,,,,,,,,,,0,,,,,,,,,,,,,,0,,,,,0,,,0,,,0,0,0,0,0,0,0,0,0,0,0,0,0,0,0,0,0,0,0,0,0,0,0,0,0,0,,,,,,,0,,N,1,1,2,,,,,Y,N
663,dha-0015,em15,0,,,,,,,20141011,,,,,,,,,,0,,,,,,0,,,,,,,,,,0,,,,,,,,,,,,,,0,,,,,0,,,0,,,0,0,0,0,0,0,0,0,0,0,0,0,0,0,0,0,0,0,0,0,0,0,0,0,0,0,,,,,,,0,,N,1,1,2,,,,,Y,N
665,dha-0015,em15,0,,,,,,,20141013,,,,,,,,,,0,,,,,,0,,,,,,,,,,0,,,,,,,,,,,,,,0,,,,,0,,,0,,,0,0,0,0,0,0,0,0,0,0,0,0,0,0,0,0,0,0,0,0,0,0,0,0,0,0,,,,,,,0,,N,1,1,2,,,,,Y,N
666,dha-0015,em15,0,,,,,,,20141014,,,,,,,,,,0,,,,,,0,,,,,,,,,,0,,,,,,,,,,,,,,0,,,,,0,,,0,,,0,0,0,0,0,0,0,0,0,0,0,0,0,0,0,0,0,0,0,0,0,0,0,0,0,0,,,,,,,0,,N,1,1,2,,,,,Y,N
667,dha-0015,em15,0,,,,,,,20141015,,,,,,,,,,0,,,,,,0,,,,,,,,,,0,,,,,,,,,,,,,,0,,,,,0,,,0,,,0,0,0,0,0,0,0,0,0,0,0,0,0,0,0,0,0,0,0,0,0,0,0,0,0,0,,,,,,,0,,N,1,1,2,,,,,Y,N
815,dha-0015,em15,0,,,,,,,20141016,,,,,,,,,,0,,,,,,0,,,,,,,,,,0,,,,,,,,,,,,,,0,,,,,0,,,0,,,0,0,0,0,0,0,0,0,0,0,0,0,0,0,0,0,0,0,0,0,0,0,0,0,0,0,,,,,,,0,,N,1,1,2,,,,,Y,N
819,dha-0015,em15,0,,,,,,,20141020,,,,,,,,,,0,,,,,,0,,,,,,,,,,0,,,,,,,,,,,,,,0,,,,,0,,,0,,,0,0,0,0,0,0,0,0,0,0,0,0,0,0,0,0,0,0,0,0,0,0,0,0,0,0,,,,,,,0,,N,1,1,2,,,,,Y,N
820,dha-0015,em15,0,,,,,,,20141021,,,,,,,,,,0,,,,,,0,,,,,,,,,,0,,,,,,,,,,,,,,0,,,,,0,,,0,,,0,0,0,0,0,0,0,0,0,0,0,0,0,0,0,0,0,0,0,0,0,0,0,0,0,0,,,,,,,0,,N,1,1,2,,,,,Y,N
813,dha-0015,em15,0,,,,,,,20141024,,,,,,,,,,0,,,,,,0,,,,,,,,,,0,,,,,,,,,,,,,,0,,,,,0,,,0,,,0,0,0,0,0,0,0,0,0,0,0,0,0,0,0,0,0,0,0,0,0,0,0,0,0,0,,,,,,,0,,N,1,1,2,,,,,Y,N
304,dha-0018,EM18,1,,,,,,,20140910,,,,,,,,,,0,,,,,,0,,,,,,,,,,0,,,,,,,,,,,,,,0,,,,,0,,,0,,,0,0,0,0,0,0,0,0,0,0,0,0,0,0,0,0,0,0,0,0,0,0,0,0,0,0,,,,,,,0,,N,1,1,2,,,,,Y,N
303,dha-0018,EM18,1,,,,,,,20140914,,,,,,,,,,0,,,,,,0,,,,,,,,,,0,,,,,,,,,,,,,,0,,,,,0,,,0,,,0,0,0,0,0,0,0,0,0,0,0,0,0,0,0,0,0,0,0,0,0,0,0,0,0,0,,,,,,,0,,N,1,1,2,,,,,Y,N
327,dha-0018,EM18,1,,,,,,,20140919,,,,,,,,,,0,,,,,,0,,,,,,,,,,0,,,,,,,,,,,,,,0,,,,,0,,,0,,,0,0,0,0,0,0,0,0,0,0,0,0,0,0,0,0,0,0,0,0,0,0,0,0,0,0,,,,,,,0,,N,1,1,2,,,,,Y,N
549,dha-0018,EM18,1,,,,,,,20141006,,,,,,,,,,0,,,,,,0,,,,,,,,,,0,,,,,,,,,,,,,,0,,,,,0,,,0,,,0,0,0,0,0,0,0,0,0,0,0,0,0,0,0,0,0,0,0,0,0,0,0,0,0,0,,,,,,,0,,N,1,1,2,,,,,Y,N
1013,dha-0018,EM18,1,,,,,,,20141105,,,,,,,,,,0,,,,,,0,,,,,,,,,,0,,,,,,,,,,,,,,0,,,,,0,,,0,,,0,0,0,0,0,0,0,0,0,0,0,0,0,0,0,0,0,0,0,0,0,0,0,0,0,0,,,,,,,0,,N,1,1,2,,,,,Y,N
1145,dha-0018,EM18,1,,,,,,,20141108,,,,,,,,,,0,,,,,,0,,,,,,,,,,0,,,,,,,,,,,,,,0,,,,,0,,,0,,,0,0,0,0,0,0,0,0,0,0,0,0,0,0,0,0,0,0,0,0,0,0,0,0,0,0,,,,,,,0,,N,1,1,2,,,,,Y,N
1144,dha-0018,EM18,1,,,,,,,20141110,,,,,,,,,,0,,,,,,0,,,,,,,,,,0,,,,,,,,,,,,,,0,,,,,0,,,0,,,0,0,0,0,0,0,0,0,0,0,0,0,0,0,0,0,0,0,0,0,0,0,0,0,0,0,,,,,,,0,,N,1,1,2,,,,,Y,N
1628,dha-0018,EM18,1,,,,,,,20141125,,,,,,,,,,0,,,,,,0,,,,,,,,,,0,,,,,,,,,,,,,,0,,,,,0,,,0,,,0,0,0,0,0,0,0,0,0,0,0,0,0,0,0,0,0,0,0,0,0,0,0,0,0,0,,,,,,,0,,N,1,1,2,,,,,Y,N
1627,dha-0018,EM18,1,,,,,,,20141126,,,,,,,,,,0,,,,,,0,,,,,,,,,,0,,,,,,,,,,,,,,0,,,,,0,,,0,,,0,0,0,0,0,0,0,0,0,0,0,0,0,0,0,0,0,0,0,0,0,0,0,0,0,0,,,,,,,0,,N,1,1,2,,,,,Y,N
1624,dha-0018,EM18,1,,,,,,,20141129,,,,,,,,,,0,,,,,,0,,,,,,,,,,0,,,,,,,,,,,,,,0,,,,,0,,,0,,,0,0,0,0,0,0,0,0,0,0,0,0,0,0,0,0,0,0,0,0,0,0,0,0,0,0,,,,,,,0,,N,1,1,2,,,,,Y,N
1656,dha-0018,EM18,1,,,,,,,20141206,,,,,,,,,,0,,,,,,0,,,,,,,,,,0,,,,,,,,,,,,,,0,,,,,0,,,0,,,0,0,0,0,0,0,0,0,0,0,0,0,0,0,0,0,0,0,0,0,0,0,0,0,0,0,,,,,,,0,,N,1,1,2,,,,,Y,N
416,dha-0022,em22,0,,,,,,,20140927,,,,,,,,,,0,,,,,,0,,,,,,,,,,0,,,,,,,,,,,,,,0,,,,,0,,,0,,,0,0,0,0,0,0,0,0,0,0,0,0,0,0,0,0,0,0,0,0,0,0,0,0,0,0,,,,,,,0,,N,1,1,2,,,,,Y,N
437,dha-0022,em22,0,,,,,,,20140929,,,,,,,,,,0,,,,,,0,,,,,,,,,,0,,,,,,,,,,,,,,0,,,,,0,,,0,,,0,0,0,0,0,0,0,0,0,0,0,0,0,0,0,0,0,0,0,0,0,0,0,0,0,0,,,,,,,0,,N,1,1,2,,,,,Y,N
515,dha-0022,em22,0,,,,,,,20141005,,,,,,,,,,0,,,,,,0,,,,,,,,,,0,,,,,,,,,,,,,,0,,,,,0,,,0,,,0,0,0,0,0,0,0,0,0,0,0,0,0,0,0,0,0,0,0,0,0,0,0,0,0,0,,,,,,,0,,N,1,1,2,,,,,Y,N
593,dha-0022,em22,0,,,,,,,20141010,,,,,,,,,,0,,,,,,0,,,,,,,,,,0,,,,,,,,,,,,,,0,,,,,0,,,0,,,0,0,0,0,0,0,0,0,0,0,0,0,0,0,0,0,0,0,0,0,0,0,0,0,0,0,,,,,,,0,,N,1,1,2,,,,,Y,N
720,dha-0022,em22,0,,,,,,,20141017,,,,,,,,,,0,,,,,,0,,,,,,,,,,0,,,,,,,,,,,,,,0,,,,,0,,,0,,,0,0,0,0,0,0,0,0,0,0,0,0,0,0,0,0,0,0,0,0,0,0,0,0,0,0,,,,,,,0,,N,1,1,2,,,,,Y,N
728,dha-0022,em22,0,,,,,,,20141018,,,,,,,,,,0,,,,,,0,,,,,,,,,,0,,,,,,,,,,,,,,0,,,,,0,,,0,,,0,0,0,0,0,0,0,0,0,0,0,0,0,0,0,0,0,0,0,0,0,0,0,0,0,0,,,,,,,0,,N,1,1,2,,,,,Y,N
751,dha-0022,em22,0,,,,,,,20141019,,,,,,,,,,0,,,,,,0,,,,,,,,,,0,,,,,,,,,,,,,,0,,,,,0,,,0,,,0,0,0,0,0,0,0,0,0,0,0,0,0,0,0,0,0,0,0,0,0,0,0,0,0,0,,,,,,,0,,N,1,1,2,,,,,Y,N
752,dha-0022,em22,0,,,,,,,20141020,,,,,,,,,,0,,,,,,0,,,,,,,,,,0,,,,,,,,,,,,,,0,,,,,0,,,0,,,0,0,0,0,0,0,0,0,0,0,0,0,0,0,0,0,0,0,0,0,0,0,0,0,0,0,,,,,,,0,,N,1,1,2,,,,,Y,N
791,dha-0022,em22,0,,,,,,,20141022,,,,,,,,,,0,,,,,,0,,,,,,,,,,0,,,,,,,,,,,,,,0,,,,,0,,,0,,,0,0,0,0,0,0,0,0,0,0,0,0,0,0,0,0,0,0,0,0,0,0,0,0,0,0,,,,,,,0,,N,1,1,2,,,,,Y,N
829,dha-0022,em22,0,,,,,,,20141023,,,,,,,,,,0,,,,,,0,,,,,,,,,,0,,,,,,,,,,,,,,0,,,,,0,,,0,,,0,0,0,0,0,0,0,0,0,0,0,0,0,0,0,0,0,0,0,0,0,0,0,0,0,0,,,,,,,0,,N,1,1,2,,,,,Y,N
851,dha-0022,em22,0,,,,,,,20141025,,,,,,,,,,0,,,,,,0,,,,,,,,,,0,,,,,,,,,,,,,,0,,,,,0,,,0,,,0,0,0,0,0,0,0,0,0,0,0,0,0,0,0,0,0,0,0,0,0,0,0,0,0,0,,,,,,,0,,N,1,1,2,,,,,Y,N
931,dha-0022,em22,0,,,,,,,20141031,,,,,,,,,,0,,,,,,0,,,,,,,,,,0,,,,,,,,,,,,,,0,,,,,0,,,0,,,0,0,0,0,0,0,0,0,0,0,0,0,0,0,0,0,0,0,0,0,0,0,0,0,0,0,,,,,,,0,,N,1,1,2,,,,,Y,N
985,dha-0022,em22,0,,,,,,,20141103,,,,,,,,,,0,,,,,,0,,,,,,,,,,0,,,,,,,,,,,,,,0,,,,,0,,,0,,,0,0,0,0,0,0,0,0,0,0,0,0,0,0,0,0,0,0,0,0,0,0,0,0,0,0,,,,,,,0,,N,1,1,2,,,,,Y,N
1061,dha-0022,em22,0,,,,,,,20141104,,,,,,,,,,0,,,,,,0,,,,,,,,,,0,,,,,,,,,,,,,,0,,,,,0,,,0,,,0,0,0,0,0,0,0,0,0,0,0,0,0,0,0,0,0,0,0,0,0,0,0,0,0,0,,,,,,,0,,N,1,1,2,,,,,Y,N
1062,dha-0022,em22,0,,,,,,,20141105,,,,,,,,,,0,,,,,,0,,,,,,,,,,0,,,,,,,,,,,,,,0,,,,,0,,,0,,,0,0,0,0,0,0,0,0,0,0,0,0,0,0,0,0,0,0,0,0,0,0,0,0,0,0,,,,,,,0,,N,1,1,2,,,,,Y,N
1063,dha-0022,em22,0,,,,,,,20141106,,,,,,,,,,0,,,,,,0,,,,,,,,,,0,,,,,,,,,,,,,,0,,,,,0,,,0,,,0,0,0,0,0,0,0,0,0,0,0,0,0,0,0,0,0,0,0,0,0,0,0,0,0,0,,,,,,,0,,N,1,1,2,,,,,Y,N
1067,dha-0022,em22,0,,,,,,,20141108,,,,,,,,,,0,,,,,,0,,,,,,,,,,0,,,,,,,,,,,,,,0,,,,,0,,,0,,,0,0,0,0,0,0,0,0,0,0,0,0,0,0,0,0,0,0,0,0,0,0,0,0,0,0,,,,,,,0,,N,1,1,2,,,,,Y,N
1115,dha-0022,em22,0,,,,,,,20141109,,,,,,,,,,0,,,,,,0,,,,,,,,,,0,,,,,,,,,,,,,,0,,,,,0,,,0,,,0,0,0,0,0,0,0,0,0,0,0,0,0,0,0,0,0,0,0,0,0,0,0,0,0,0,,,,,,,0,,N,1,1,2,,,,,Y,N
1116,dha-0022,em22,0,,,,,,,20141110,,,,,,,,,,0,,,,,,0,,,,,,,,,,0,,,,,,,,,,,,,,0,,,,,0,,,0,,,0,0,0,0,0,0,0,0,0,0,0,0,0,0,0,0,0,0,0,0,0,0,0,0,0,0,,,,,,,0,,N,1,1,2,,,,,Y,N
1154,dha-0022,em22,0,,,,,,,20141111,,,,,,,,,,0,,,,,,0,,,,,,,,,,0,,,,,,,,,,,,,,0,,,,,0,,,0,,,0,0,0,0,0,0,0,0,0,0,0,0,0,0,0,0,0,0,0,0,0,0,0,0,0,0,,,,,,,0,,N,1,1,2,,,,,Y,N
1155,dha-0022,em22,0,,,,,,,20141112,,,,,,,,,,0,,,,,,0,,,,,,,,,,0,,,,,,,,,,,,,,0,,,,,0,,,0,,,0,0,0,0,0,0,0,0,0,0,0,0,0,0,0,0,0,0,0,0,0,0,0,0,0,0,,,,,,,0,,N,1,1,2,,,,,Y,N
1186,dha-0022,em22,0,,,,,,,20141113,,,,,,,,,,0,,,,,,0,,,,,,,,,,0,,,,,,,,,,,,,,0,,,,,0,,,0,,,0,0,0,0,0,0,0,0,0,0,0,0,0,0,0,0,0,0,0,0,0,0,0,0,0,0,,,,,,,0,,N,1,1,2,,,,,Y,N
1187,dha-0022,em22,0,,,,,,,20141114,,,,,,,,,,0,,,,,,0,,,,,,,,,,0,,,,,,,,,,,,,,0,,,,,0,,,0,,,0,0,0,0,0,0,0,0,0,0,0,0,0,0,0,0,0,0,0,0,0,0,0,0,0,0,,,,,,,0,,N,1,1,2,,,,,Y,N
1215,dha-0022,em22,0,,,,,,,20141115,,,,,,,,,,0,,,,,,0,,,,,,,,,,0,,,,,,,,,,,,,,0,,,,,0,,,0,,,0,0,0,0,0,0,0,0,0,0,0,0,0,0,0,0,0,0,0,0,0,0,0,0,0,0,,,,,,,0,,N,1,1,2,,,,,Y,N
1216,dha-0022,em22,0,,,,,,,20141116,,,,,,,,,,0,,,,,,0,,,,,,,,,,0,,,,,,,,,,,,,,0,,,,,0,,,0,,,0,0,0,0,0,0,0,0,0,0,0,0,0,0,0,0,0,0,0,0,0,0,0,0,0,0,,,,,,,0,,N,1,1,2,,,,,Y,N
1240,dha-0022,em22,0,,,,,,,20141117,,,,,,,,,,0,,,,,,0,,,,,,,,,,0,,,,,,,,,,,,,,0,,,,,0,,,0,,,0,0,0,0,0,0,0,0,0,0,0,0,0,0,0,0,0,0,0,0,0,0,0,0,0,0,,,,,,,0,,N,1,1,2,,,,,Y,N
1278,dha-0022,em22,0,,,,,,,20141118,,,,,,,,,,0,,,,,,0,,,,,,,,,,0,,,,,,,,,,,,,,0,,,,,0,,,0,,,0,0,0,0,0,0,0,0,0,0,0,0,0,0,0,0,0,0,0,0,0,0,0,0,0,0,,,,,,,0,,N,1,1,2,,,,,Y,N
1324,dha-0022,em22,0,,,,,,,20141122,,,,,,,,,,0,,,,,,0,,,,,,,,,,0,,,,,,,,,,,,,,0,,,,,0,,,0,,,0,0,0,0,0,0,0,0,0,0,0,0,0,0,0,0,0,0,0,0,0,0,0,0,0,0,,,,,,,0,,N,1,1,2,,,,,Y,N
1325,dha-0022,em22,0,,,,,,,20141123,,,,,,,,,,0,,,,,,0,,,,,,,,,,0,,,,,,,,,,,,,,0,,,,,0,,,0,,,0,0,0,0,0,0,0,0,0,0,0,0,0,0,0,0,0,0,0,0,0,0,0,0,0,0,,,,,,,0,,N,1,1,2,,,,,Y,N
1476,dha-0022,em22,0,,,,,,,20141125,,,,,,,,,,0,,,,,,0,,,,,,,,,,0,,,,,,,,,,,,,,0,,,,,0,,,0,,,0,0,0,0,0,0,0,0,0,0,0,0,0,0,0,0,0,0,0,0,0,0,0,0,0,0,,,,,,,0,,N,1,1,2,,,,,Y,N
1475,dha-0022,em22,0,,,,,,,20141126,,,,,,,,,,0,,,,,,0,,,,,,,,,,0,,,,,,,,,,,,,,0,,,,,0,,,0,,,0,0,0,0,0,0,0,0,0,0,0,0,0,0,0,0,0,0,0,0,0,0,0,0,0,0,,,,,,,0,,N,1,1,2,,,,,Y,N
1474,dha-0022,em22,0,,,,,,,20141127,,,,,,,,,,0,,,,,,0,,,,,,,,,,0,,,,,,,,,,,,,,0,,,,,0,,,0,,,0,0,0,0,0,0,0,0,0,0,0,0,0,0,0,0,0,0,0,0,0,0,0,0,0,0,,,,,,,0,,N,1,1,2,,,,,Y,N
1473,dha-0022,em22,0,,,,,,,20141128,,,,,,,,,,0,,,,,,0,,,,,,,,,,0,,,,,,,,,,,,,,0,,,,,0,,,0,,,0,0,0,0,0,0,0,0,0,0,0,0,0,0,0,0,0,0,0,0,0,0,0,0,0,0,,,,,,,0,,N,1,1,2,,,,,Y,N
1472,dha-0022,em22,0,,,,,,,20141129,,,,,,,,,,0,,,,,,0,,,,,,,,,,0,,,,,,,,,,,,,,0,,,,,0,,,0,,,0,0,0,0,0,0,0,0,0,0,0,0,0,0,0,0,0,0,0,0,0,0,0,0,0,0,,,,,,,0,,N,1,1,2,,,,,Y,N
1493,dha-0022,em22,0,,,,,,,20141130,,,,,,,,,,0,,,,,,0,,,,,,,,,,0,,,,,,,,,,,,,,0,,,,,0,,,0,,,0,0,0,0,0,0,0,0,0,0,0,0,0,0,0,0,0,0,0,0,0,0,0,0,0,0,,,,,,,0,,N,1,1,2,,,,,Y,N
1513,dha-0022,em22,0,,,,,,,20141201,,,,,,,,,,0,,,,,,0,,,,,,,,,,0,,,,,,,,,,,,,,0,,,,,0,,,0,,,0,0,0,0,0,0,0,0,0,0,0,0,0,0,0,0,0,0,0,0,0,0,0,0,0,0,,,,,,,0,,N,1,1,2,,,,,Y,N
1805,dha-0022,em22,0,,,,,,,20141202,,,,,,,,,,0,,,,,,0,,,,,,,,,,0,,,,,,,,,,,,,,0,,,,,0,,,0,,,0,0,0,0,0,0,0,0,0,0,0,0,0,0,0,0,0,0,0,0,0,0,0,0,0,0,,,,,,,0,,N,1,1,2,,,,,Y,N
1806,dha-0022,em22,0,,,,,,,20141203,,,,,,,,,,0,,,,,,0,,,,,,,,,,0,,,,,,,,,,,,,,0,,,,,0,,,0,,,0,0,0,0,0,0,0,0,0,0,0,0,0,0,0,0,0,0,0,0,0,0,0,0,0,0,,,,,,,0,,N,1,1,2,,,,,Y,N
1807,dha-0022,em22,0,,,,,,,20141204,,,,,,,,,,0,,,,,,0,,,,,,,,,,0,,,,,,,,,,,,,,0,,,,,0,,,0,,,0,0,0,0,0,0,0,0,0,0,0,0,0,0,0,0,0,0,0,0,0,0,0,0,0,0,,,,,,,0,,N,1,1,2,,,,,Y,N
1808,dha-0022,em22,0,,,,,,,20141205,,,,,,,,,,0,,,,,,0,,,,,,,,,,0,,,,,,,,,,,,,,0,,,,,0,,,0,,,0,0,0,0,0,0,0,0,0,0,0,0,0,0,0,0,0,0,0,0,0,0,0,0,0,0,,,,,,,0,,N,1,1,2,,,,,Y,N
1809,dha-0022,em22,0,,,,,,,20141206,,,,,,,,,,0,,,,,,0,,,,,,,,,,0,,,,,,,,,,,,,,0,,,,,0,,,0,,,0,0,0,0,0,0,0,0,0,0,0,0,0,0,0,0,0,0,0,0,0,0,0,0,0,0,,,,,,,0,,N,1,1,2,,,,,Y,N
1810,dha-0022,em22,0,,,,,,,20141207,,,,,,,,,,0,,,,,,0,,,,,,,,,,0,,,,,,,,,,,,,,0,,,,,0,,,0,,,0,0,0,0,0,0,0,0,0,0,0,0,0,0,0,0,0,0,0,0,0,0,0,0,0,0,,,,,,,0,,N,1,1,2,,,,,Y,N
1811,dha-0022,em22,0,,,,,,,20141208,,,,,,,,,,0,,,,,,0,,,,,,,,,,0,,,,,,,,,,,,,,0,,,,,0,,,0,,,0,0,0,0,0,0,0,0,0,0,0,0,0,0,0,0,0,0,0,0,0,0,0,0,0,0,,,,,,,0,,N,1,1,2,,,,,Y,N
1812,dha-0022,em22,0,,,,,,,20141209,,,,,,,,,,0,,,,,,0,,,,,,,,,,0,,,,,,,,,,,,,,0,,,,,0,,,0,,,0,0,0,0,0,0,0,0,0,0,0,0,0,0,0,0,0,0,0,0,0,0,0,0,0,0,,,,,,,0,,N,1,1,2,,,,,Y,N
1813,dha-0022,em22,0,,,,,,,20141210,,,,,,,,,,0,,,,,,0,,,,,,,,,,0,,,,,,,,,,,,,,0,,,,,0,,,0,,,0,0,0,0,0,0,0,0,0,0,0,0,0,0,0,0,0,0,0,0,0,0,0,0,0,0,,,,,,,0,,N,1,1,2,,,,,Y,N
1814,dha-0022,em22,0,,,,,,,20141211,,,,,,,,,,0,,,,,,0,,,,,,,,,,0,,,,,,,,,,,,,,0,,,,,0,,,0,,,0,0,0,0,0,0,0,0,0,0,0,0,0,0,0,0,0,0,0,0,0,0,0,0,0,0,,,,,,,0,,N,1,1,2,,,,,Y,N
1815,dha-0022,em22,0,,,,,,,20141212,,,,,,,,,,0,,,,,,0,,,,,,,,,,0,,,,,,,,,,,,,,0,,,,,0,,,0,,,0,0,0,0,0,0,0,0,0,0,0,0,0,0,0,0,0,0,0,0,0,0,0,0,0,0,,,,,,,0,,N,1,1,2,,,,,Y,N
1816,dha-0022,em22,0,,,,,,,20141213,,,,,,,,,,0,,,,,,0,,,,,,,,,,0,,,,,,,,,,,,,,0,,,,,0,,,0,,,0,0,0,0,0,0,0,0,0,0,0,0,0,0,0,0,0,0,0,0,0,0,0,0,0,0,,,,,,,0,,N,1,1,2,,,,,Y,N
1804,dha-0022,em22,0,,,,,,,20141214,,,,,,,,,,0,,,,,,0,,,,,,,,,,0,,,,,,,,,,,,,,0,,,,,0,,,0,,,0,0,0,0,0,0,0,0,0,0,0,0,0,0,0,0,0,0,0,0,0,0,0,0,0,0,,,,,,,0,,N,1,1,2,,,,,Y,N
1888,dha-0022,em22,0,,,,,,,20141216,,,,,,,,,,0,,,,,,0,,,,,,,,,,0,,,,,,,,,,,,,,0,,,,,0,,,0,,,0,0,0,0,0,0,0,0,0,0,0,0,0,0,0,0,0,0,0,0,0,0,0,0,0,0,,,,,,,0,,N,1,1,2,,,,,Y,N
1886,dha-0022,em22,0,,,,,,,20141217,,,,,,,,,,0,,,,,,0,,,,,,,,,,0,,,,,,,,,,,,,,0,,,,,0,,,0,,,0,0,0,0,0,0,0,0,0,0,0,0,0,0,0,0,0,0,0,0,0,0,0,0,0,0,,,,,,,0,,N,1,1,2,,,,,Y,N
1925,dha-0022,em22,0,,,,,,,20141218,,,,,,,,,,0,,,,,,0,,,,,,,,,,0,,,,,,,,,,,,,,0,,,,,0,,,0,,,0,0,0,0,0,0,0,0,0,0,0,0,0,0,0,0,0,0,0,0,0,0,0,0,0,0,,,,,,,0,,N,1,1,2,,,,,Y,N
1966,dha-0022,em22,0,,,,,,,20141219,,,,,,,,,,0,,,,,,0,,,,,,,,,,0,,,,,,,,,,,,,,0,,,,,0,,,0,,,0,0,0,0,0,0,0,0,0,0,0,0,0,0,0,0,0,0,0,0,0,0,0,0,0,0,,,,,,,0,,N,1,1,2,,,,,Y,N
1967,dha-0022,em22,0,,,,,,,20141220,,,,,,,,,,0,,,,,,0,,,,,,,,,,0,,,,,,,,,,,,,,0,,,,,0,,,0,,,0,0,0,0,0,0,0,0,0,0,0,0,0,0,0,0,0,0,0,0,0,0,0,0,0,0,,,,,,,0,,N,1,1,2,,,,,Y,N
1965,dha-0022,em22,0,,,,,,,20141221,,,,,,,,,,0,,,,,,0,,,,,,,,,,0,,,,,,,,,,,,,,0,,,,,0,,,0,,,0,0,0,0,0,0,0,0,0,0,0,0,0,0,0,0,0,0,0,0,0,0,0,0,0,0,,,,,,,0,,N,1,1,2,,,,,Y,N
574,dha-0023,EM23,0,,,,,,,20141007,,,,,,,,,,0,,,,,,0,,,,,,,,,,0,,,,,,,,,,,,,,0,,,,,0,,,0,,,0,0,0,0,0,0,0,0,0,0,0,0,0,0,0,0,0,0,0,0,0,0,0,0,0,0,,,,,,,0,,N,1,1,2,,,,,Y,N
575,dha-0023,EM23,0,,,,,,,20141008,,,,,,,,,,0,,,,,,0,,,,,,,,,,0,,,,,,,,,,,,,,0,,,,,0,,,0,,,0,0,0,0,0,0,0,0,0,0,0,0,0,0,0,0,0,0,0,0,0,0,0,0,0,0,,,,,,,0,,N,1,1,2,,,,,Y,N
595,dha-0023,EM23,0,,,,,,,20141009,,,,,,,,,,0,,,,,,0,,,,,,,,,,0,,,,,,,,,,,,,,0,,,,,0,,,0,,,0,0,0,0,0,0,0,0,0,0,0,0,0,0,0,0,0,0,0,0,0,0,0,0,0,0,,,,,,,0,,N,1,1,2,,,,,Y,N
596,dha-0023,EM23,0,,,,,,,20141010,,,,,,,,,,0,,,,,,0,,,,,,,,,,0,,,,,,,,,,,,,,0,,,,,0,,,0,,,0,0,0,0,0,0,0,0,0,0,0,0,0,0,0,0,0,0,0,0,0,0,0,0,0,0,,,,,,,0,,N,1,1,2,,,,,Y,N
618,dha-0023,EM23,0,,,,,,,20141011,,,,,,,,,,0,,,,,,0,,,,,,,,,,0,,,,,,,,,,,,,,0,,,,,0,,,0,,,0,0,0,0,0,0,0,0,0,0,0,0,0,0,0,0,0,0,0,0,0,0,0,0,0,0,,,,,,,0,,N,1,1,2,,,,,Y,N
619,dha-0023,EM23,0,,,,,,,20141012,,,,,,,,,,0,,,,,,0,,,,,,,,,,0,,,,,,,,,,,,,,0,,,,,0,,,0,,,0,0,0,0,0,0,0,0,0,0,0,0,0,0,0,0,0,0,0,0,0,0,0,0,0,0,,,,,,,0,,N,1,1,2,,,,,Y,N
649,dha-0023,EM23,0,,,,,,,20141013,,,,,,,,,,0,,,,,,0,,,,,,,,,,0,,,,,,,,,,,,,,0,,,,,0,,,0,,,0,0,0,0,0,0,0,0,0,0,0,0,0,0,0,0,0,0,0,0,0,0,0,0,0,0,,,,,,,0,,N,1,1,2,,,,,Y,N
689,dha-0023,EM23,0,,,,,,,20141015,,,,,,,,,,0,,,,,,0,,,,,,,,,,0,,,,,,,,,,,,,,0,,,,,0,,,0,,,0,0,0,0,0,0,0,0,0,0,0,0,0,0,0,0,0,0,0,0,0,0,0,0,0,0,,,,,,,0,,N,1,1,2,,,,,Y,N
738,dha-0023,EM23,0,,,,,,,20141017,,,,,,,,,,0,,,,,,0,,,,,,,,,,0,,,,,,,,,,,,,,0,,,,,0,,,0,,,0,0,0,0,0,0,0,0,0,0,0,0,0,0,0,0,0,0,0,0,0,0,0,0,0,0,,,,,,,0,,N,1,1,2,,,,,Y,N
742,dha-0023,EM23,0,,,,,,,20141019,,,,,,,,,,0,,,,,,0,,,,,,,,,,0,,,,,,,,,,,,,,0,,,,,0,,,0,,,0,0,0,0,0,0,0,0,0,0,0,0,0,0,0,0,0,0,0,0,0,0,0,0,0,0,,,,,,,0,,N,1,1,2,,,,,Y,N
750,dha-0023,EM23,0,,,,,,,20141020,,,,,,,,,,0,,,,,,0,,,,,,,,,,0,,,,,,,,,,,,,,0,,,,,0,,,0,,,0,0,0,0,0,0,0,0,0,0,0,0,0,0,0,0,0,0,0,0,0,0,0,0,0,0,,,,,,,0,,N,1,1,2,,,,,Y,N
856,dha-0023,EM23,0,,,,,,,20141021,,,,,,,,,,0,,,,,,0,,,,,,,,,,0,,,,,,,,,,,,,,0,,,,,0,,,0,,,0,0,0,0,0,0,0,0,0,0,0,0,0,0,0,0,0,0,0,0,0,0,0,0,0,0,,,,,,,0,,N,1,1,2,,,,,Y,N
857,dha-0023,EM23,0,,,,,,,20141022,,,,,,,,,,0,,,,,,0,,,,,,,,,,0,,,,,,,,,,,,,,0,,,,,0,,,0,,,0,0,0,0,0,0,0,0,0,0,0,0,0,0,0,0,0,0,0,0,0,0,0,0,0,0,,,,,,,0,,N,1,1,2,,,,,Y,N
858,dha-0023,EM23,0,,,,,,,20141023,,,,,,,,,,0,,,,,,0,,,,,,,,,,0,,,,,,,,,,,,,,0,,,,,0,,,0,,,0,0,0,0,0,0,0,0,0,0,0,0,0,0,0,0,0,0,0,0,0,0,0,0,0,0,,,,,,,0,,N,1,1,2,,,,,Y,N
859,dha-0023,EM23,0,,,,,,,20141024,,,,,,,,,,0,,,,,,0,,,,,,,,,,0,,,,,,,,,,,,,,0,,,,,0,,,0,,,0,0,0,0,0,0,0,0,0,0,0,0,0,0,0,0,0,0,0,0,0,0,0,0,0,0,,,,,,,0,,N,1,1,2,,,,,Y,N
860,dha-0023,EM23,0,,,,,,,20141025,,,,,,,,,,0,,,,,,0,,,,,,,,,,0,,,,,,,,,,,,,,0,,,,,0,,,0,,,0,0,0,0,0,0,0,0,0,0,0,0,0,0,0,0,0,0,0,0,0,0,0,0,0,0,,,,,,,0,,N,1,1,2,,,,,Y,N
861,dha-0023,EM23,0,,,,,,,20141026,,,,,,,,,,0,,,,,,0,,,,,,,,,,0,,,,,,,,,,,,,,0,,,,,0,,,0,,,0,0,0,0,0,0,0,0,0,0,0,0,0,0,0,0,0,0,0,0,0,0,0,0,0,0,,,,,,,0,,N,1,1,2,,,,,Y,N
855,dha-0023,EM23,0,,,,,,,20141027,,,,,,,,,,0,,,,,,0,,,,,,,,,,0,,,,,,,,,,,,,,0,,,,,0,,,0,,,0,0,0,0,0,0,0,0,0,0,0,0,0,0,0,0,0,0,0,0,0,0,0,0,0,0,,,,,,,0,,N,1,1,2,,,,,Y,N
905,dha-0023,EM23,0,,,,,,,20141028,,,,,,,,,,0,,,,,,0,,,,,,,,,,0,,,,,,,,,,,,,,0,,,,,0,,,0,,,0,0,0,0,0,0,0,0,0,0,0,0,0,0,0,0,0,0,0,0,0,0,0,0,0,0,,,,,,,0,,N,1,1,2,,,,,Y,N
935,dha-0023,EM23,0,,,,,,,20141031,,,,,,,,,,0,,,,,,0,,,,,,,,,,0,,,,,,,,,,,,,,0,,,,,0,,,0,,,0,0,0,0,0,0,0,0,0,0,0,0,0,0,0,0,0,0,0,0,0,0,0,0,0,0,,,,,,,0,,N,1,1,2,,,,,Y,N
948,dha-0023,EM23,0,,,,,,,20141101,,,,,,,,,,0,,,,,,0,,,,,,,,,,0,,,,,,,,,,,,,,0,,,,,0,,,0,,,0,0,0,0,0,0,0,0,0,0,0,0,0,0,0,0,0,0,0,0,0,0,0,0,0,0,,,,,,,0,,N,1,1,2,,,,,Y,N
964,dha-0023,EM23,0,,,,,,,20141102,,,,,,,,,,0,,,,,,0,,,,,,,,,,0,,,,,,,,,,,,,,0,,,,,0,,,0,,,0,0,0,0,0,0,0,0,0,0,0,0,0,0,0,0,0,0,0,0,0,0,0,0,0,0,,,,,,,0,,N,1,1,2,,,,,Y,N
987,dha-0023,EM23,0,,,,,,,20141103,,,,,,,,,,0,,,,,,0,,,,,,,,,,0,,,,,,,,,,,,,,0,,,,,0,,,0,,,0,0,0,0,0,0,0,0,0,0,0,0,0,0,0,0,0,0,0,0,0,0,0,0,0,0,,,,,,,0,,N,1,1,2,,,,,Y,N
1036,dha-0023,EM23,0,,,,,,,20141105,,,,,,,,,,0,,,,,,0,,,,,,,,,,0,,,,,,,,,,,,,,0,,,,,0,,,0,,,0,0,0,0,0,0,0,0,0,0,0,0,0,0,0,0,0,0,0,0,0,0,0,0,0,0,,,,,,,0,,N,1,1,2,,,,,Y,N
1158,dha-0023,EM23,0,,,,,,,20141111,,,,,,,,,,0,,,,,,0,,,,,,,,,,0,,,,,,,,,,,,,,0,,,,,0,,,0,,,0,0,0,0,0,0,0,0,0,0,0,0,0,0,0,0,0,0,0,0,0,0,0,0,0,0,,,,,,,0,,N,1,1,2,,,,,Y,N
1157,dha-0023,EM23,0,,,,,,,20141112,,,,,,,,,,0,,,,,,0,,,,,,,,,,0,,,,,,,,,,,,,,0,,,,,0,,,0,,,0,0,0,0,0,0,0,0,0,0,0,0,0,0,0,0,0,0,0,0,0,0,0,0,0,0,,,,,,,0,,N,1,1,2,,,,,Y,N
1182,dha-0023,EM23,0,,,,,,,20141113,,,,,,,,,,0,,,,,,0,,,,,,,,,,0,,,,,,,,,,,,,,0,,,,,0,,,0,,,0,0,0,0,0,0,0,0,0,0,0,0,0,0,0,0,0,0,0,0,0,0,0,0,0,0,,,,,,,0,,N,1,1,2,,,,,Y,N
1181,dha-0023,EM23,0,,,,,,,20141114,,,,,,,,,,0,,,,,,0,,,,,,,,,,0,,,,,,,,,,,,,,0,,,,,0,,,0,,,0,0,0,0,0,0,0,0,0,0,0,0,0,0,0,0,0,0,0,0,0,0,0,0,0,0,,,,,,,0,,N,1,1,2,,,,,Y,N
1248,dha-0023,EM23,0,,,,,,,20141115,,,,,,,,,,0,,,,,,0,,,,,,,,,,0,,,,,,,,,,,,,,0,,,,,0,,,0,,,0,0,0,0,0,0,0,0,0,0,0,0,0,0,0,0,0,0,0,0,0,0,0,0,0,0,,,,,,,0,,N,1,1,2,,,,,Y,N
1250,dha-0023,EM23,0,,,,,,,20141117,,,,,,,,,,0,,,,,,0,,,,,,,,,,0,,,,,,,,,,,,,,0,,,,,0,,,0,,,0,0,0,0,0,0,0,0,0,0,0,0,0,0,0,0,0,0,0,0,0,0,0,0,0,0,,,,,,,0,,N,1,1,2,,,,,Y,N
1251,dha-0023,EM23,0,,,,,,,20141118,,,,,,,,,,0,,,,,,0,,,,,,,,,,0,,,,,,,,,,,,,,0,,,,,0,,,0,,,0,0,0,0,0,0,0,0,0,0,0,0,0,0,0,0,0,0,0,0,0,0,0,0,0,0,,,,,,,0,,N,1,1,2,,,,,Y,N
1459,dha-0023,EM23,0,,,,,,,20141127,,,,,,,,,,0,,,,,,0,,,,,,,,,,0,,,,,,,,,,,,,,0,,,,,0,,,0,,,0,0,0,0,0,0,0,0,0,0,0,0,0,0,0,0,0,0,0,0,0,0,0,0,0,0,,,,,,,0,,N,1,1,2,,,,,Y,N
1457,dha-0023,EM23,0,,,,,,,20141128,,,,,,,,,,0,,,,,,0,,,,,,,,,,0,,,,,,,,,,,,,,0,,,,,0,,,0,,,0,0,0,0,0,0,0,0,0,0,0,0,0,0,0,0,0,0,0,0,0,0,0,0,0,0,,,,,,,0,,N,1,1,2,,,,,Y,N
1518,dha-0023,EM23,0,,,,,,,20141129,,,,,,,,,,0,,,,,,0,,,,,,,,,,0,,,,,,,,,,,,,,0,,,,,0,,,0,,,0,0,0,0,0,0,0,0,0,0,0,0,0,0,0,0,0,0,0,0,0,0,0,0,0,0,,,,,,,0,,N,1,1,2,,,,,Y,N
1517,dha-0023,EM23,0,,,,,,,20141130,,,,,,,,,,0,,,,,,0,,,,,,,,,,0,,,,,,,,,,,,,,0,,,,,0,,,0,,,0,0,0,0,0,0,0,0,0,0,0,0,0,0,0,0,0,0,0,0,0,0,0,0,0,0,,,,,,,0,,N,1,1,2,,,,,Y,N
1516,dha-0023,EM23,0,,,,,,,20141201,,,,,,,,,,0,,,,,,0,,,,,,,,,,0,,,,,,,,,,,,,,0,,,,,0,,,0,,,0,0,0,0,0,0,0,0,0,0,0,0,0,0,0,0,0,0,0,0,0,0,0,0,0,0,,,,,,,0,,N,1,1,2,,,,,Y,N
1515,dha-0023,EM23,0,,,,,,,20141202,,,,,,,,,,0,,,,,,0,,,,,,,,,,0,,,,,,,,,,,,,,0,,,,,0,,,0,,,0,0,0,0,0,0,0,0,0,0,0,0,0,0,0,0,0,0,0,0,0,0,0,0,0,0,,,,,,,0,,N,1,1,2,,,,,Y,N
1603,dha-0023,EM23,0,,,,,,,20141203,,,,,,,,,,0,,,,,,0,,,,,,,,,,0,,,,,,,,,,,,,,0,,,,,0,,,0,,,0,0,0,0,0,0,0,0,0,0,0,0,0,0,0,0,0,0,0,0,0,0,0,0,0,0,,,,,,,0,,N,1,1,2,,,,,Y,N
1604,dha-0023,EM23,0,,,,,,,20141204,,,,,,,,,,0,,,,,,0,,,,,,,,,,0,,,,,,,,,,,,,,0,,,,,0,,,0,,,0,0,0,0,0,0,0,0,0,0,0,0,0,0,0,0,0,0,0,0,0,0,0,0,0,0,,,,,,,0,,N,1,1,2,,,,,Y,N
1602,dha-0023,EM23,0,,,,,,,20141205,,,,,,,,,,0,,,,,,0,,,,,,,,,,0,,,,,,,,,,,,,,0,,,,,0,,,0,,,0,0,0,0,0,0,0,0,0,0,0,0,0,0,0,0,0,0,0,0,0,0,0,0,0,0,,,,,,,0,,N,1,1,2,,,,,Y,N
1692,dha-0023,EM23,0,,,,,,,20141206,,,,,,,,,,0,,,,,,0,,,,,,,,,,0,,,,,,,,,,,,,,0,,,,,0,,,0,,,0,0,0,0,0,0,0,0,0,0,0,0,0,0,0,0,0,0,0,0,0,0,0,0,0,0,,,,,,,0,,N,1,1,2,,,,,Y,N
1753,dha-0023,EM23,0,,,,,,,20141209,,,,,,,,,,0,,,,,,0,,,,,,,,,,0,,,,,,,,,,,,,,0,,,,,0,,,0,,,0,0,0,0,0,0,0,0,0,0,0,0,0,0,0,0,0,0,0,0,0,0,0,0,0,0,,,,,,,0,,N,1,1,2,,,,,Y,N
1826,dha-0023,EM23,0,,,,,,,20141211,,,,,,,,,,0,,,,,,0,,,,,,,,,,0,,,,,,,,,,,,,,0,,,,,0,,,0,,,0,0,0,0,0,0,0,0,0,0,0,0,0,0,0,0,0,0,0,0,0,0,0,0,0,0,,,,,,,0,,N,1,1,2,,,,,Y,N
1827,dha-0023,EM23,0,,,,,,,20141213,,,,,,,,,,0,,,,,,0,,,,,,,,,,0,,,,,,,,,,,,,,0,,,,,0,,,0,,,0,0,0,0,0,0,0,0,0,0,0,0,0,0,0,0,0,0,0,0,0,0,0,0,0,0,,,,,,,0,,N,1,1,2,,,,,Y,N
1828,dha-0023,EM23,0,,,,,,,20141214,,,,,,,,,,0,,,,,,0,,,,,,,,,,0,,,,,,,,,,,,,,0,,,,,0,,,0,,,0,0,0,0,0,0,0,0,0,0,0,0,0,0,0,0,0,0,0,0,0,0,0,0,0,0,,,,,,,0,,N,1,1,2,,,,,Y,N
1825,dha-0023,EM23,0,,,,,,,20141215,,,,,,,,,,0,,,,,,0,,,,,,,,,,0,,,,,,,,,,,,,,0,,,,,0,,,0,,,0,0,0,0,0,0,0,0,0,0,0,0,0,0,0,0,0,0,0,0,0,0,0,0,0,0,,,,,,,0,,N,1,1,2,,,,,Y,N
475,dha-0027,EM27,0,,,,,,,20141002,,,,,,,,,,0,,,,,,0,,,,,,,,,,0,,,,,,,,,,,,,,0,,,,,0,,,0,,,0,0,0,0,0,0,0,0,0,0,0,0,0,0,0,0,0,0,0,0,0,0,0,0,0,0,,,,,,,0,,N,1,1,2,,,,,Y,N
487,dha-0027,EM27,0,,,,,,,20141003,,,,,,,,,,0,,,,,,0,,,,,,,,,,0,,,,,,,,,,,,,,0,,,,,0,,,0,,,0,0,0,0,0,0,0,0,0,0,0,0,0,0,0,0,0,0,0,0,0,0,0,0,0,0,,,,,,,0,,N,1,1,2,,,,,Y,N
528,dha-0027,EM27,0,,,,,,,20141004,,,,,,,,,,0,,,,,,0,,,,,,,,,,0,,,,,,,,,,,,,,0,,,,,0,,,0,,,0,0,0,0,0,0,0,0,0,0,0,0,0,0,0,0,0,0,0,0,0,0,0,0,0,0,,,,,,,0,,N,1,1,2,,,,,Y,N
529,dha-0027,EM27,0,,,,,,,20141005,,,,,,,,,,0,,,,,,0,,,,,,,,,,0,,,,,,,,,,,,,,0,,,,,0,,,0,,,0,0,0,0,0,0,0,0,0,0,0,0,0,0,0,0,0,0,0,0,0,0,0,0,0,0,,,,,,,0,,N,1,1,2,,,,,Y,N
580,dha-0027,EM27,0,,,,,,,20141007,,,,,,,,,,0,,,,,,0,,,,,,,,,,0,,,,,,,,,,,,,,0,,,,,0,,,0,,,0,0,0,0,0,0,0,0,0,0,0,0,0,0,0,0,0,0,0,0,0,0,0,0,0,0,,,,,,,0,,N,1,1,2,,,,,Y,N
589,dha-0027,EM27,0,,,,,,,20141010,,,,,,,,,,0,,,,,,0,,,,,,,,,,0,,,,,,,,,,,,,,0,,,,,0,,,0,,,0,0,0,0,0,0,0,0,0,0,0,0,0,0,0,0,0,0,0,0,0,0,0,0,0,0,,,,,,,0,,N,1,1,2,,,,,Y,N
633,dha-0027,EM27,0,,,,,,,20141013,,,,,,,,,,0,,,,,,0,,,,,,,,,,0,,,,,,,,,,,,,,0,,,,,0,,,0,,,0,0,0,0,0,0,0,0,0,0,0,0,0,0,0,0,0,0,0,0,0,0,0,0,0,0,,,,,,,0,,N,1,1,2,,,,,Y,N
688,dha-0027,EM27,0,,,,,,,20141015,,,,,,,,,,0,,,,,,0,,,,,,,,,,0,,,,,,,,,,,,,,0,,,,,0,,,0,,,0,0,0,0,0,0,0,0,0,0,0,0,0,0,0,0,0,0,0,0,0,0,0,0,0,0,,,,,,,0,,N,1,1,2,,,,,Y,N
734,dha-0027,EM27,0,,,,,,,20141016,,,,,,,,,,0,,,,,,0,,,,,,,,,,0,,,,,,,,,,,,,,0,,,,,0,,,0,,,0,0,0,0,0,0,0,0,0,0,0,0,0,0,0,0,0,0,0,0,0,0,0,0,0,0,,,,,,,0,,N,1,1,2,,,,,Y,N
744,dha-0027,EM27,0,,,,,,,20141019,,,,,,,,,,0,,,,,,0,,,,,,,,,,0,,,,,,,,,,,,,,0,,,,,0,,,0,,,0,0,0,0,0,0,0,0,0,0,0,0,0,0,0,0,0,0,0,0,0,0,0,0,0,0,,,,,,,0,,N,1,1,2,,,,,Y,N
754,dha-0027,EM27,0,,,,,,,20141020,,,,,,,,,,0,,,,,,0,,,,,,,,,,0,,,,,,,,,,,,,,0,,,,,0,,,0,,,0,0,0,0,0,0,0,0,0,0,0,0,0,0,0,0,0,0,0,0,0,0,0,0,0,0,,,,,,,0,,N,1,1,2,,,,,Y,N
766,dha-0027,EM27,0,,,,,,,20141021,,,,,,,,,,0,,,,,,0,,,,,,,,,,0,,,,,,,,,,,,,,0,,,,,0,,,0,,,0,0,0,0,0,0,0,0,0,0,0,0,0,0,0,0,0,0,0,0,0,0,0,0,0,0,,,,,,,0,,N,1,1,2,,,,,Y,N
795,dha-0027,EM27,0,,,,,,,20141022,,,,,,,,,,0,,,,,,0,,,,,,,,,,0,,,,,,,,,,,,,,0,,,,,0,,,0,,,0,0,0,0,0,0,0,0,0,0,0,0,0,0,0,0,0,0,0,0,0,0,0,0,0,0,,,,,,,0,,N,1,1,2,,,,,Y,N
843,dha-0027,EM27,0,,,,,,,20141025,,,,,,,,,,0,,,,,,0,,,,,,,,,,0,,,,,,,,,,,,,,0,,,,,0,,,0,,,0,0,0,0,0,0,0,0,0,0,0,0,0,0,0,0,0,0,0,0,0,0,0,0,0,0,,,,,,,0,,N,1,1,2,,,,,Y,N
867,dha-0027,EM27,0,,,,,,,20141026,,,,,,,,,,0,,,,,,0,,,,,,,,,,0,,,,,,,,,,,,,,0,,,,,0,,,0,,,0,0,0,0,0,0,0,0,0,0,0,0,0,0,0,0,0,0,0,0,0,0,0,0,0,0,,,,,,,0,,N,1,1,2,,,,,Y,N
882,dha-0027,EM27,0,,,,,,,20141027,,,,,,,,,,0,,,,,,0,,,,,,,,,,0,,,,,,,,,,,,,,0,,,,,0,,,0,,,0,0,0,0,0,0,0,0,0,0,0,0,0,0,0,0,0,0,0,0,0,0,0,0,0,0,,,,,,,0,,N,1,1,2,,,,,Y,N
895,dha-0027,EM27,0,,,,,,,20141028,,,,,,,,,,0,,,,,,0,,,,,,,,,,0,,,,,,,,,,,,,,0,,,,,0,,,0,,,0,0,0,0,0,0,0,0,0,0,0,0,0,0,0,0,0,0,0,0,0,0,0,0,0,0,,,,,,,0,,N,1,1,2,,,,,Y,N
941,dha-0027,EM27,0,,,,,,,20141029,,,,,,,,,,0,,,,,,0,,,,,,,,,,0,,,,,,,,,,,,,,0,,,,,0,,,0,,,0,0,0,0,0,0,0,0,0,0,0,0,0,0,0,0,0,0,0,0,0,0,0,0,0,0,,,,,,,0,,N,1,1,2,,,,,Y,N
942,dha-0027,EM27,0,,,,,,,20141030,,,,,,,,,,0,,,,,,0,,,,,,,,,,0,,,,,,,,,,,,,,0,,,,,0,,,0,,,0,0,0,0,0,0,0,0,0,0,0,0,0,0,0,0,0,0,0,0,0,0,0,0,0,0,,,,,,,0,,N,1,1,2,,,,,Y,N
943,dha-0027,EM27,0,,,,,,,20141031,,,,,,,,,,0,,,,,,0,,,,,,,,,,0,,,,,,,,,,,,,,0,,,,,0,,,0,,,0,0,0,0,0,0,0,0,0,0,0,0,0,0,0,0,0,0,0,0,0,0,0,0,0,0,,,,,,,0,,N,1,1,2,,,,,Y,N
961,dha-0027,EM27,0,,,,,,,20141101,,,,,,,,,,0,,,,,,0,,,,,,,,,,0,,,,,,,,,,,,,,0,,,,,0,,,0,,,0,0,0,0,0,0,0,0,0,0,0,0,0,0,0,0,0,0,0,0,0,0,0,0,0,0,,,,,,,0,,N,1,1,2,,,,,Y,N
999,dha-0027,EM27,0,,,,,,,20141103,,,,,,,,,,0,,,,,,0,,,,,,,,,,0,,,,,,,,,,,,,,0,,,,,0,,,0,,,0,0,0,0,0,0,0,0,0,0,0,0,0,0,0,0,0,0,0,0,0,0,0,0,0,0,,,,,,,0,,N,1,1,2,,,,,Y,N
1088,dha-0027,EM27,0,,,,,,,20141105,,,,,,,,,,0,,,,,,0,,,,,,,,,,0,,,,,,,,,,,,,,0,,,,,0,,,0,,,0,0,0,0,0,0,0,0,0,0,0,0,0,0,0,0,0,0,0,0,0,0,0,0,0,0,,,,,,,0,,N,1,1,2,,,,,Y,N
1089,dha-0027,EM27,0,,,,,,,20141106,,,,,,,,,,0,,,,,,0,,,,,,,,,,0,,,,,,,,,,,,,,0,,,,,0,,,0,,,0,0,0,0,0,0,0,0,0,0,0,0,0,0,0,0,0,0,0,0,0,0,0,0,0,0,,,,,,,0,,N,1,1,2,,,,,Y,N
1090,dha-0027,EM27,0,,,,,,,20141107,,,,,,,,,,0,,,,,,0,,,,,,,,,,0,,,,,,,,,,,,,,0,,,,,0,,,0,,,0,0,0,0,0,0,0,0,0,0,0,0,0,0,0,0,0,0,0,0,0,0,0,0,0,0,,,,,,,0,,N,1,1,2,,,,,Y,N
1092,dha-0027,EM27,0,,,,,,,20141109,,,,,,,,,,0,,,,,,0,,,,,,,,,,0,,,,,,,,,,,,,,0,,,,,0,,,0,,,0,0,0,0,0,0,0,0,0,0,0,0,0,0,0,0,0,0,0,0,0,0,0,0,0,0,,,,,,,0,,N,1,1,2,,,,,Y,N
1149,dha-0027,EM27,0,,,,,,,20141111,,,,,,,,,,0,,,,,,0,,,,,,,,,,0,,,,,,,,,,,,,,0,,,,,0,,,0,,,0,0,0,0,0,0,0,0,0,0,0,0,0,0,0,0,0,0,0,0,0,0,0,0,0,0,,,,,,,0,,N,1,1,2,,,,,Y,N
1167,dha-0027,EM27,0,,,,,,,20141112,,,,,,,,,,0,,,,,,0,,,,,,,,,,0,,,,,,,,,,,,,,0,,,,,0,,,0,,,0,0,0,0,0,0,0,0,0,0,0,0,0,0,0,0,0,0,0,0,0,0,0,0,0,0,,,,,,,0,,N,1,1,2,,,,,Y,N
1168,dha-0027,EM27,0,,,,,,,20141113,,,,,,,,,,0,,,,,,0,,,,,,,,,,0,,,,,,,,,,,,,,0,,,,,0,,,0,,,0,0,0,0,0,0,0,0,0,0,0,0,0,0,0,0,0,0,0,0,0,0,0,0,0,0,,,,,,,0,,N,1,1,2,,,,,Y,N
1196,dha-0027,EM27,0,,,,,,,20141114,,,,,,,,,,0,,,,,,0,,,,,,,,,,0,,,,,,,,,,,,,,0,,,,,0,,,0,,,0,0,0,0,0,0,0,0,0,0,0,0,0,0,0,0,0,0,0,0,0,0,0,0,0,0,,,,,,,0,,N,1,1,2,,,,,Y,N
1197,dha-0027,EM27,0,,,,,,,20141115,,,,,,,,,,0,,,,,,0,,,,,,,,,,0,,,,,,,,,,,,,,0,,,,,0,,,0,,,0,0,0,0,0,0,0,0,0,0,0,0,0,0,0,0,0,0,0,0,0,0,0,0,0,0,,,,,,,0,,N,1,1,2,,,,,Y,N
1222,dha-0027,EM27,0,,,,,,,20141116,,,,,,,,,,0,,,,,,0,,,,,,,,,,0,,,,,,,,,,,,,,0,,,,,0,,,0,,,0,0,0,0,0,0,0,0,0,0,0,0,0,0,0,0,0,0,0,0,0,0,0,0,0,0,,,,,,,0,,N,1,1,2,,,,,Y,N
1221,dha-0027,EM27,0,,,,,,,20141117,,,,,,,,,,0,,,,,,0,,,,,,,,,,0,,,,,,,,,,,,,,0,,,,,0,,,0,,,0,0,0,0,0,0,0,0,0,0,0,0,0,0,0,0,0,0,0,0,0,0,0,0,0,0,,,,,,,0,,N,1,1,2,,,,,Y,N
1245,dha-0027,EM27,0,,,,,,,20141118,,,,,,,,,,0,,,,,,0,,,,,,,,,,0,,,,,,,,,,,,,,0,,,,,0,,,0,,,0,0,0,0,0,0,0,0,0,0,0,0,0,0,0,0,0,0,0,0,0,0,0,0,0,0,,,,,,,0,,N,1,1,2,,,,,Y,N
1299,dha-0027,EM27,0,,,,,,,20141120,,,,,,,,,,0,,,,,,0,,,,,,,,,,0,,,,,,,,,,,,,,0,,,,,0,,,0,,,0,0,0,0,0,0,0,0,0,0,0,0,0,0,0,0,0,0,0,0,0,0,0,0,0,0,,,,,,,0,,N,1,1,2,,,,,Y,N
1327,dha-0027,EM27,0,,,,,,,20141121,,,,,,,,,,0,,,,,,0,,,,,,,,,,0,,,,,,,,,,,,,,0,,,,,0,,,0,,,0,0,0,0,0,0,0,0,0,0,0,0,0,0,0,0,0,0,0,0,0,0,0,0,0,0,,,,,,,0,,N,1,1,2,,,,,Y,N
1328,dha-0027,EM27,0,,,,,,,20141122,,,,,,,,,,0,,,,,,0,,,,,,,,,,0,,,,,,,,,,,,,,0,,,,,0,,,0,,,0,0,0,0,0,0,0,0,0,0,0,0,0,0,0,0,0,0,0,0,0,0,0,0,0,0,,,,,,,0,,N,1,1,2,,,,,Y,N
1329,dha-0027,EM27,0,,,,,,,20141123,,,,,,,,,,0,,,,,,0,,,,,,,,,,0,,,,,,,,,,,,,,0,,,,,0,,,0,,,0,0,0,0,0,0,0,0,0,0,0,0,0,0,0,0,0,0,0,0,0,0,0,0,0,0,,,,,,,0,,N,1,1,2,,,,,Y,N
1399,dha-0027,EM27,0,,,,,,,20141124,,,,,,,,,,0,,,,,,0,,,,,,,,,,0,,,,,,,,,,,,,,0,,,,,0,,,0,,,0,0,0,0,0,0,0,0,0,0,0,0,0,0,0,0,0,0,0,0,0,0,0,0,0,0,,,,,,,0,,N,1,1,2,,,,,Y,N
1412,dha-0027,EM27,0,,,,,,,20141125,,,,,,,,,,0,,,,,,0,,,,,,,,,,0,,,,,,,,,,,,,,0,,,,,0,,,0,,,0,0,0,0,0,0,0,0,0,0,0,0,0,0,0,0,0,0,0,0,0,0,0,0,0,0,,,,,,,0,,N,1,1,2,,,,,Y,N
1455,dha-0027,EM27,0,,,,,,,20141127,,,,,,,,,,0,,,,,,0,,,,,,,,,,0,,,,,,,,,,,,,,0,,,,,0,,,0,,,0,0,0,0,0,0,0,0,0,0,0,0,0,0,0,0,0,0,0,0,0,0,0,0,0,0,,,,,,,0,,N,1,1,2,,,,,Y,N
1539,dha-0027,EM27,0,,,,,,,20141201,,,,,,,,,,0,,,,,,0,,,,,,,,,,0,,,,,,,,,,,,,,0,,,,,0,,,0,,,0,0,0,0,0,0,0,0,0,0,0,0,0,0,0,0,0,0,0,0,0,0,0,0,0,0,,,,,,,0,,N,1,1,2,,,,,Y,N
1540,dha-0027,EM27,0,,,,,,,20141202,,,,,,,,,,0,,,,,,0,,,,,,,,,,0,,,,,,,,,,,,,,0,,,,,0,,,0,,,0,0,0,0,0,0,0,0,0,0,0,0,0,0,0,0,0,0,0,0,0,0,0,0,0,0,,,,,,,0,,N,1,1,2,,,,,Y,N
1583,dha-0027,EM27,0,,,,,,,20141203,,,,,,,,,,0,,,,,,0,,,,,,,,,,0,,,,,,,,,,,,,,0,,,,,0,,,0,,,0,0,0,0,0,0,0,0,0,0,0,0,0,0,0,0,0,0,0,0,0,0,0,0,0,0,,,,,,,0,,N,1,1,2,,,,,Y,N
1584,dha-0027,EM27,0,,,,,,,20141204,,,,,,,,,,0,,,,,,0,,,,,,,,,,0,,,,,,,,,,,,,,0,,,,,0,,,0,,,0,0,0,0,0,0,0,0,0,0,0,0,0,0,0,0,0,0,0,0,0,0,0,0,0,0,,,,,,,0,,N,1,1,2,,,,,Y,N
1619,dha-0027,EM27,0,,,,,,,20141205,,,,,,,,,,0,,,,,,0,,,,,,,,,,0,,,,,,,,,,,,,,0,,,,,0,,,0,,,0,0,0,0,0,0,0,0,0,0,0,0,0,0,0,0,0,0,0,0,0,0,0,0,0,0,,,,,,,0,,N,1,1,2,,,,,Y,N
1678,dha-0027,EM27,0,,,,,,,20141206,,,,,,,,,,0,,,,,,0,,,,,,,,,,0,,,,,,,,,,,,,,0,,,,,0,,,0,,,0,0,0,0,0,0,0,0,0,0,0,0,0,0,0,0,0,0,0,0,0,0,0,0,0,0,,,,,,,0,,N,1,1,2,,,,,Y,N
1679,dha-0027,EM27,0,,,,,,,20141207,,,,,,,,,,0,,,,,,0,,,,,,,,,,0,,,,,,,,,,,,,,0,,,,,0,,,0,,,0,0,0,0,0,0,0,0,0,0,0,0,0,0,0,0,0,0,0,0,0,0,0,0,0,0,,,,,,,0,,N,1,1,2,,,,,Y,N
676,dha-0029,EM29,1,,,,,,,20141011,,,,,,,,,,0,,,,,,0,,,,,,,,,,0,,,,,,,,,,,,,,0,,,,,0,,,0,,,0,0,0,0,0,0,0,0,0,0,0,0,0,0,0,0,0,0,0,0,0,0,0,0,0,0,,,,,,,0,,N,1,1,2,,,,,Y,N
677,dha-0029,EM29,1,,,,,,,20141012,,,,,,,,,,0,,,,,,0,,,,,,,,,,0,,,,,,,,,,,,,,0,,,,,0,,,0,,,0,0,0,0,0,0,0,0,0,0,0,0,0,0,0,0,0,0,0,0,0,0,0,0,0,0,,,,,,,0,,N,1,1,2,,,,,Y,N
679,dha-0029,EM29,1,,,,,,,20141014,,,,,,,,,,0,,,,,,0,,,,,,,,,,0,,,,,,,,,,,,,,0,,,,,0,,,0,,,0,0,0,0,0,0,0,0,0,0,0,0,0,0,0,0,0,0,0,0,0,0,0,0,0,0,,,,,,,0,,N,1,1,2,,,,,Y,N
699,dha-0029,EM29,1,,,,,,,20141016,,,,,,,,,,0,,,,,,0,,,,,,,,,,0,,,,,,,,,,,,,,0,,,,,0,,,0,,,0,0,0,0,0,0,0,0,0,0,0,0,0,0,0,0,0,0,0,0,0,0,0,0,0,0,,,,,,,0,,N,1,1,2,,,,,Y,N
755,dha-0029,EM29,1,,,,,,,20141017,,,,,,,,,,0,,,,,,0,,,,,,,,,,0,,,,,,,,,,,,,,0,,,,,0,,,0,,,0,0,0,0,0,0,0,0,0,0,0,0,0,0,0,0,0,0,0,0,0,0,0,0,0,0,,,,,,,0,,N,1,1,2,,,,,Y,N
757,dha-0029,EM29,1,,,,,,,20141019,,,,,,,,,,0,,,,,,0,,,,,,,,,,0,,,,,,,,,,,,,,0,,,,,0,,,0,,,0,0,0,0,0,0,0,0,0,0,0,0,0,0,0,0,0,0,0,0,0,0,0,0,0,0,,,,,,,0,,N,1,1,2,,,,,Y,N
1362,dha-0029,EM29,1,,,,,,,20141021,,,,,,,,,,0,,,,,,0,,,,,,,,,,0,,,,,,,,,,,,,,0,,,,,0,,,0,,,0,0,0,0,0,0,0,0,0,0,0,0,0,0,0,0,0,0,0,0,0,0,0,0,0,0,,,,,,,0,,N,1,1,2,,,,,Y,N
1365,dha-0029,EM29,1,,,,,,,20141024,,,,,,,,,,0,,,,,,0,,,,,,,,,,0,,,,,,,,,,,,,,0,,,,,0,,,0,,,0,0,0,0,0,0,0,0,0,0,0,0,0,0,0,0,0,0,0,0,0,0,0,0,0,0,,,,,,,0,,N,1,1,2,,,,,Y,N
1369,dha-0029,EM29,1,,,,,,,20141028,,,,,,,,,,0,,,,,,0,,,,,,,,,,0,,,,,,,,,,,,,,0,,,,,0,,,0,,,0,0,0,0,0,0,0,0,0,0,0,0,0,0,0,0,0,0,0,0,0,0,0,0,0,0,,,,,,,0,,N,1,1,2,,,,,Y,N
1371,dha-0029,EM29,1,,,,,,,20141030,,,,,,,,,,0,,,,,,0,,,,,,,,,,0,,,,,,,,,,,,,,0,,,,,0,,,0,,,0,0,0,0,0,0,0,0,0,0,0,0,0,0,0,0,0,0,0,0,0,0,0,0,0,0,,,,,,,0,,N,1,1,2,,,,,Y,N
1372,dha-0029,EM29,1,,,,,,,20141031,,,,,,,,,,0,,,,,,0,,,,,,,,,,0,,,,,,,,,,,,,,0,,,,,0,,,0,,,0,0,0,0,0,0,0,0,0,0,0,0,0,0,0,0,0,0,0,0,0,0,0,0,0,0,,,,,,,0,,N,1,1,2,,,,,Y,N
1374,dha-0029,EM29,1,,,,,,,20141102,,,,,,,,,,0,,,,,,0,,,,,,,,,,0,,,,,,,,,,,,,,0,,,,,0,,,0,,,0,0,0,0,0,0,0,0,0,0,0,0,0,0,0,0,0,0,0,0,0,0,0,0,0,0,,,,,,,0,,N,1,1,2,,,,,Y,N
1376,dha-0029,EM29,1,,,,,,,20141104,,,,,,,,,,0,,,,,,0,,,,,,,,,,0,,,,,,,,,,,,,,0,,,,,0,,,0,,,0,0,0,0,0,0,0,0,0,0,0,0,0,0,0,0,0,0,0,0,0,0,0,0,0,0,,,,,,,0,,N,1,1,2,,,,,Y,N
1377,dha-0029,EM29,1,,,,,,,20141105,,,,,,,,,,0,,,,,,0,,,,,,,,,,0,,,,,,,,,,,,,,0,,,,,0,,,0,,,0,0,0,0,0,0,0,0,0,0,0,0,0,0,0,0,0,0,0,0,0,0,0,0,0,0,,,,,,,0,,N,1,1,2,,,,,Y,N
1383,dha-0029,EM29,1,,,,,,,20141111,,,,,,,,,,0,,,,,,0,,,,,,,,,,0,,,,,,,,,,,,,,0,,,,,0,,,0,,,0,0,0,0,0,0,0,0,0,0,0,0,0,0,0,0,0,0,0,0,0,0,0,0,0,0,,,,,,,0,,N,1,1,2,,,,,Y,N
1384,dha-0029,EM29,1,,,,,,,20141112,,,,,,,,,,0,,,,,,0,,,,,,,,,,0,,,,,,,,,,,,,,0,,,,,0,,,0,,,0,0,0,0,0,0,0,0,0,0,0,0,0,0,0,0,0,0,0,0,0,0,0,0,0,0,,,,,,,0,,N,1,1,2,,,,,Y,N
1385,dha-0029,EM29,1,,,,,,,20141113,,,,,,,,,,0,,,,,,0,,,,,,,,,,0,,,,,,,,,,,,,,0,,,,,0,,,0,,,0,0,0,0,0,0,0,0,0,0,0,0,0,0,0,0,0,0,0,0,0,0,0,0,0,0,,,,,,,0,,Y,1,1,2,1 hour 0 minutes,60,1 hour 0 minutes,60,Y,N
1386,dha-0029,EM29,1,,,,,,,20141114,,,,,,,,,,0,,,,,,0,,,,,,,,,,0,,,,,,,,,,,,,,0,,,,,0,,,0,,,0,0,0,0,0,0,0,0,0,0,0,0,0,0,0,0,0,0,0,0,0,0,0,0,0,0,,,,,,,0,,N,1,1,2,,,,,Y,N
1387,dha-0029,EM29,1,,,,,,,20141115,,,,,,,,,,0,,,,,,0,,,,,,,,,,0,,,,,,,,,,,,,,0,,,,,0,,,0,,,0,0,0,0,0,0,0,0,0,0,0,0,0,0,0,0,0,0,0,0,0,0,0,0,0,0,,,,,,,0,,N,1,1,2,,,,,Y,N
1389,dha-0029,EM29,1,,,,,,,20141117,,,,,,,,,,0,,,,,,0,,,,,,,,,,0,,,,,,,,,,,,,,0,,,,,0,,,0,,,0,0,0,0,0,0,0,0,0,0,0,0,0,0,0,0,0,0,0,0,0,0,0,0,0,0,,,,,,,0,,N,1,1,2,,,,,Y,N
1391,dha-0029,EM29,1,,,,,,,20141119,,,,,,,,,,0,,,,,,0,,,,,,,,,,0,,,,,,,,,,,,,,0,,,,,0,,,0,,,0,0,0,0,0,0,0,0,0,0,0,0,0,0,0,0,0,0,0,0,0,0,0,0,0,0,,,,,,,0,,N,1,1,2,,,,,Y,N
1392,dha-0029,EM29,1,,,,,,,20141120,,,,,,,,,,0,,,,,,0,,,,,,,,,,0,,,,,,,,,,,,,,0,,,,,0,,,0,,,0,0,0,0,0,0,0,0,0,0,0,0,0,0,0,0,0,0,0,0,0,0,0,0,0,0,,,,,,,0,,Y,1,1,2,1 hour 0 minutes,60,1 hour 10 minutes,70,Y,N
1358,dha-0029,EM29,1,,,,,,,20141122,,,,,,,,,,0,,,,,,0,,,,,,,,,,0,,,,,,,,,,,,,,0,,,,,0,,,0,,,0,0,0,0,0,0,0,0,0,0,0,0,0,0,0,0,0,0,0,0,0,0,0,0,0,0,,,,,,,0,,N,1,1,2,,,,,Y,N
1594,dha-0029,EM29,1,,,,,,,20141129,,,,,,,,,,0,,,,,,0,,,,,,,,,,0,,,,,,,,,,,,,,0,,,,,0,,,0,,,0,0,0,0,0,0,0,0,0,0,0,0,0,0,0,0,0,0,0,0,0,0,0,0,0,0,,,,,,,0,,N,1,1,2,,,,,Y,N
957,dha-0031,em31,0,,,,,,,20141102,,,,,,,,,,0,,,,,,0,,,,,,,,,,0,,,,,,,,,,,,,,0,,,,,0,,,0,,,0,0,0,0,0,0,0,0,0,0,0,0,0,0,0,0,0,0,0,0,0,0,0,0,0,0,,,,,,,0,,N,1,1,2,,,,,Y,N
989,dha-0031,em31,0,,,,,,,20141103,,,,,,,,,,0,,,,,,0,,,,,,,,,,0,,,,,,,,,,,,,,0,,,,,0,,,0,,,0,0,0,0,0,0,0,0,0,0,0,0,0,0,0,0,0,0,0,0,0,0,0,0,0,0,,,,,,,0,,N,1,1,2,,,,,Y,N
997,dha-0031,em31,0,,,,,,,20141104,,,,,,,,,,0,,,,,,0,,,,,,,,,,0,,,,,,,,,,,,,,0,,,,,0,,,0,,,0,0,0,0,0,0,0,0,0,0,0,0,0,0,0,0,0,0,0,0,0,0,0,0,0,0,,,,,,,0,,N,1,1,2,,,,,Y,N
1526,dha-0031,em31,0,,,,,,,20141107,,,,,,,,,,0,,,,,,0,,,,,,,,,,0,,,,,,,,,,,,,,0,,,,,0,,,0,,,0,0,0,0,0,0,0,0,0,0,0,0,0,0,0,0,0,0,0,0,0,0,0,0,0,0,,,,,,,0,,N,1,1,2,,,,,Y,N
1074,dha-0031,em31,0,,,,,,,20141109,,,,,,,,,,0,,,,,,0,,,,,,,,,,0,,,,,,,,,,,,,,0,,,,,0,,,0,,,0,0,0,0,0,0,0,0,0,0,0,0,0,0,0,0,0,0,0,0,0,0,0,0,0,0,,,,,,,0,,N,1,1,2,,,,,Y,N
1527,dha-0031,em31,0,,,,,,,20141110,,,,,,,,,,0,,,,,,0,,,,,,,,,,0,,,,,,,,,,,,,,0,,,,,0,,,0,,,0,0,0,0,0,0,0,0,0,0,0,0,0,0,0,0,0,0,0,0,0,0,0,0,0,0,,,,,,,0,,N,1,1,2,,,,,Y,N
1528,dha-0031,em31,0,,,,,,,20141114,,,,,,,,,,0,,,,,,0,,,,,,,,,,0,,,,,,,,,,,,,,0,,,,,0,,,0,,,0,0,0,0,0,0,0,0,0,0,0,0,0,0,0,0,0,0,0,0,0,0,0,0,0,0,,,,,,,0,,N,1,1,2,,,,,Y,N
1200,dha-0031,em31,0,,,,,,,20141115,,,,,,,,,,0,,,,,,0,,,,,,,,,,0,,,,,,,,,,,,,,0,,,,,0,,,0,,,0,0,0,0,0,0,0,0,0,0,0,0,0,0,0,0,0,0,0,0,0,0,0,0,0,0,,,,,,,0,,N,1,1,2,,,,,Y,N
1211,dha-0031,em31,0,,,,,,,20141116,,,,,,,,,,0,,,,,,0,,,,,,,,,,0,,,,,,,,,,,,,,0,,,,,0,,,0,,,0,0,0,0,0,0,0,0,0,0,0,0,0,0,0,0,0,0,0,0,0,0,0,0,0,0,,,,,,,0,,N,1,1,2,,,,,Y,N
1529,dha-0031,em31,0,,,,,,,20141117,,,,,,,,,,0,,,,,,0,,,,,,,,,,0,,,,,,,,,,,,,,0,,,,,0,,,0,,,0,0,0,0,0,0,0,0,0,0,0,0,0,0,0,0,0,0,0,0,0,0,0,0,0,0,,,,,,,0,,N,1,1,2,,,,,Y,N
1236,dha-0031,em31,0,,,,,,,20141118,,,,,,,,,,0,,,,,,0,,,,,,,,,,0,,,,,,,,,,,,,,0,,,,,0,,,0,,,0,0,0,0,0,0,0,0,0,0,0,0,0,0,0,0,0,0,0,0,0,0,0,0,0,0,,,,,,,0,,N,1,1,2,,,,,Y,N
1322,dha-0031,em31,0,,,,,,,20141123,,,,,,,,,,0,,,,,,0,,,,,,,,,,0,,,,,,,,,,,,,,0,,,,,0,,,0,,,0,0,0,0,0,0,0,0,0,0,0,0,0,0,0,0,0,0,0,0,0,0,0,0,0,0,,,,,,,0,,N,1,1,2,,,,,Y,N
1572,dha-0031,em31,0,,,,,,,20141203,,,,,,,,,,0,,,,,,0,,,,,,,,,,0,,,,,,,,,,,,,,0,,,,,0,,,0,,,0,0,0,0,0,0,0,0,0,0,0,0,0,0,0,0,0,0,0,0,0,0,0,0,0,0,,,,,,,0,,N,1,1,2,,,,,Y,N
1588,dha-0031,em31,0,,,,,,,20141204,,,,,,,,,,0,,,,,,0,,,,,,,,,,0,,,,,,,,,,,,,,0,,,,,0,,,0,,,0,0,0,0,0,0,0,0,0,0,0,0,0,0,0,0,0,0,0,0,0,0,0,0,0,0,,,,,,,0,,N,1,1,2,,,,,Y,N
1719,dha-0031,em31,0,,,,,,,20141205,,,,,,,,,,0,,,,,,0,,,,,,,,,,0,,,,,,,,,,,,,,0,,,,,0,,,0,,,0,0,0,0,0,0,0,0,0,0,0,0,0,0,0,0,0,0,0,0,0,0,0,0,0,0,,,,,,,0,,N,1,1,2,,,,,Y,N
1720,dha-0031,em31,0,,,,,,,20141206,,,,,,,,,,0,,,,,,0,,,,,,,,,,0,,,,,,,,,,,,,,0,,,,,0,,,0,,,0,0,0,0,0,0,0,0,0,0,0,0,0,0,0,0,0,0,0,0,0,0,0,0,0,0,,,,,,,0,,N,1,1,2,,,,,Y,N
1721,dha-0031,em31,0,,,,,,,20141207,,,,,,,,,,0,,,,,,0,,,,,,,,,,0,,,,,,,,,,,,,,0,,,,,0,,,0,,,0,0,0,0,0,0,0,0,0,0,0,0,0,0,0,0,0,0,0,0,0,0,0,0,0,0,,,,,,,0,,N,1,1,2,,,,,Y,N
1722,dha-0031,em31,0,,,,,,,20141208,,,,,,,,,,0,,,,,,0,,,,,,,,,,0,,,,,,,,,,,,,,0,,,,,0,,,0,,,0,0,0,0,0,0,0,0,0,0,0,0,0,0,0,0,0,0,0,0,0,0,0,0,0,0,,,,,,,0,,N,1,1,2,,,,,Y,N
2021,dha-0032,em32,0,,,,,,,20141222,,,,,,,,,,0,,,,,,0,,,,,,,,,,0,,,,,,,,,,,,,,0,,,,,0,,,0,,,0,0,0,0,0,0,0,0,0,0,0,0,0,0,0,0,0,0,0,0,0,0,0,0,0,0,,,,,,,0,,N,1,1,2,,,,,Y,N
2023,dha-0032,em32,0,,,,,,,20141224,,,,,,,,,,0,,,,,,0,,,,,,,,,,0,,,,,,,,,,,,,,0,,,,,0,,,0,,,0,0,0,0,0,0,0,0,0,0,0,0,0,0,0,0,0,0,0,0,0,0,0,0,0,0,,,,,,,0,,N,1,1,2,,,,,Y,N
2217,dha-0032,em32,0,,,,,,,20141225,,,,,,,,,,0,,,,,,0,,,,,,,,,,0,,,,,,,,,,,,,,0,,,,,0,,,0,,,0,0,0,0,0,0,0,0,0,0,0,0,0,0,0,0,0,0,0,0,0,0,0,0,0,0,,,,,,,0,,N,1,1,2,,,,,Y,N
2219,dha-0032,em32,0,,,,,,,20141227,,,,,,,,,,0,,,,,,0,,,,,,,,,,0,,,,,,,,,,,,,,0,,,,,0,,,0,,,0,0,0,0,0,0,0,0,0,0,0,0,0,0,0,0,0,0,0,0,0,0,0,0,0,0,,,,,,,0,,N,1,1,2,,,,,Y,N
2220,dha-0032,em32,0,,,,,,,20141228,,,,,,,,,,0,,,,,,0,,,,,,,,,,0,,,,,,,,,,,,,,0,,,,,0,,,0,,,0,0,0,0,0,0,0,0,0,0,0,0,0,0,0,0,0,0,0,0,0,0,0,0,0,0,,,,,,,0,,N,1,1,2,,,,,Y,N
594,dha-0033,em33,1,,,,,,,20141010,,,,,,,,,,0,,,,,,0,,,,,,,,,,0,,,,,,,,,,,,,,0,,,,,0,,,0,,,0,0,0,0,0,0,0,0,0,0,0,0,0,0,0,0,0,0,0,0,0,0,0,0,0,0,,,,,,,0,,N,1,1,2,,,,,Y,N
632,dha-0033,em33,1,,,,,,,20141013,,,,,,,,,,0,,,,,,0,,,,,,,,,,0,,,,,,,,,,,,,,0,,,,,0,,,0,,,0,0,0,0,0,0,0,0,0,0,0,0,0,0,0,0,0,0,0,0,0,0,0,0,0,0,,,,,,,0,,Y,1,1,2,1 hour 30 minutes,90,1 hour 50 minutes,110,Y,N
645,dha-0033,em33,1,,,,,,,20141014,,,,,,,,,,0,,,,,,0,,,,,,,,,,0,,,,,,,,,,,,,,0,,,,,0,,,0,,,0,0,0,0,0,0,0,0,0,0,0,0,0,0,0,0,0,0,0,0,0,0,0,0,0,0,,,,,,,0,,Y,1,1,2,0 hours 50 minutes,50,4 hours 50 minutes,290,Y,N
668,dha-0033,em33,1,,,,,,,20141015,,,,,,,,,,0,,,,,,0,,,,,,,,,,0,,,,,,,,,,,,,,0,,,,,0,,,0,,,0,0,0,0,0,0,0,0,0,0,0,0,0,0,0,0,0,0,0,0,0,0,0,0,0,0,,,,,,,0,,Y,1,1,2,0 hours 50 minutes,50,0 hours 50 minutes,50,Y,N
693,dha-0033,em33,1,,,,,,,20141016,,,,,,,,,,0,,,,,,0,,,,,,,,,,0,,,,,,,,,,,,,,0,,,,,0,,,0,,,0,0,0,0,0,0,0,0,0,0,0,0,0,0,0,0,0,0,0,0,0,0,0,0,0,0,,,,,,,0,,N,1,1,2,,,,,Y,N
753,dha-0033,em33,1,,,,,,,20141020,,,,,,,,,,0,,,,,,0,,,,,,,,,,0,,,,,,,,,,,,,,0,,,,,0,,,0,,,0,0,0,0,0,0,0,0,0,0,0,0,0,0,0,0,0,0,0,0,0,0,0,0,0,0,,,,,,,0,,N,1,1,2,,,,,Y,N
767,dha-0033,em33,1,,,,,,,20141021,,,,,,,,,,0,,,,,,0,,,,,,,,,,0,,,,,,,,,,,,,,0,,,,,0,,,0,,,0,0,0,0,0,0,0,0,0,0,0,0,0,0,0,0,0,0,0,0,0,0,0,0,0,0,,,,,,,0,,N,1,1,2,,,,,Y,N
790,dha-0033,em33,1,,,,,,,20141022,,,,,,,,,,0,,,,,,0,,,,,,,,,,0,,,,,,,,,,,,,,0,,,,,0,,,0,,,0,0,0,0,0,0,0,0,0,0,0,0,0,0,0,0,0,0,0,0,0,0,0,0,0,0,,,,,,,0,,N,1,1,2,,,,,Y,N
824,dha-0033,em33,1,,,,,,,20141024,,,,,,,,,,0,,,,,,0,,,,,,,,,,0,,,,,,,,,,,,,,0,,,,,0,,,0,,,0,0,0,0,0,0,0,0,0,0,0,0,0,0,0,0,0,0,0,0,0,0,0,0,0,0,,,,,,,0,,Y,1,1,2,2 hours 0 minutes,120,1 hour 0 minutes,60,Y,N
949,dha-0033,em33,1,,,,,,,20141101,,,,,,,,,,0,,,,,,0,,,,,,,,,,0,,,,,,,,,,,,,,0,,,,,0,,,0,,,0,0,0,0,0,0,0,0,0,0,0,0,0,0,0,0,0,0,0,0,0,0,0,0,0,0,,,,,,,0,,N,1,1,2,,,,,Y,N
1068,dha-0033,em33,1,,,,,,,20141108,,,,,,,,,,0,,,,,,0,,,,,,,,,,0,,,,,,,,,,,,,,0,,,,,0,,,0,,,0,0,0,0,0,0,0,0,0,0,0,0,0,0,0,0,0,0,0,0,0,0,0,0,0,0,,,,,,,0,,N,1,1,2,,,,,Y,N
1199,dha-0033,em33,1,,,,,,,20141115,,,,,,,,,,0,,,,,,0,,,,,,,,,,0,,,,,,,,,,,,,,0,,,,,0,,,0,,,0,0,0,0,0,0,0,0,0,0,0,0,0,0,0,0,0,0,0,0,0,0,0,0,0,0,,,,,,,0,,N,1,1,2,,,,,Y,N
1239,dha-0033,em33,1,,,,,,,20141118,,,,,,,,,,0,,,,,,0,,,,,,,,,,0,,,,,,,,,,,,,,0,,,,,0,,,0,,,0,0,0,0,0,0,0,0,0,0,0,0,0,0,0,0,0,0,0,0,0,0,0,0,0,0,,,,,,,0,,N,1,1,2,,,,,Y,N
1255,dha-0033,em33,1,,,,,,,20141119,,,,,,,,,,0,,,,,,0,,,,,,,,,,0,,,,,,,,,,,,,,0,,,,,0,,,0,,,0,0,0,0,0,0,0,0,0,0,0,0,0,0,0,0,0,0,0,0,0,0,0,0,0,0,,,,,,,0,,N,1,1,2,,,,,Y,N
1280,dha-0033,em33,1,,,,,,,20141120,,,,,,,,,,0,,,,,,0,,,,,,,,,,0,,,,,,,,,,,,,,0,,,,,0,,,0,,,0,0,0,0,0,0,0,0,0,0,0,0,0,0,0,0,0,0,0,0,0,0,0,0,0,0,,,,,,,0,,N,1,1,2,,,,,Y,N
1301,dha-0033,em33,1,,,,,,,20141121,,,,,,,,,,0,,,,,,0,,,,,,,,,,0,,,,,,,,,,,,,,0,,,,,0,,,0,,,0,0,0,0,0,0,0,0,0,0,0,0,0,0,0,0,0,0,0,0,0,0,0,0,0,0,,,,,,,0,,N,1,1,2,,,,,Y,N
1330,dha-0033,em33,1,,,,,,,20141123,,,,,,,,,,0,,,,,,0,,,,,,,,,,0,,,,,,,,,,,,,,0,,,,,0,,,0,,,0,0,0,0,0,0,0,0,0,0,0,0,0,0,0,0,0,0,0,0,0,0,0,0,0,0,,,,,,,0,,N,1,1,2,,,,,Y,N
1351,dha-0033,em33,1,,,,,,,20141124,,,,,,,,,,0,,,,,,0,,,,,,,,,,0,,,,,,,,,,,,,,0,,,,,0,,,0,,,0,0,0,0,0,0,0,0,0,0,0,0,0,0,0,0,0,0,0,0,0,0,0,0,0,0,,,,,,,0,,N,1,1,2,,,,,Y,N
1401,dha-0033,em33,1,,,,,,,20141125,,,,,,,,,,0,,,,,,0,,,,,,,,,,0,,,,,,,,,,,,,,0,,,,,0,,,0,,,0,0,0,0,0,0,0,0,0,0,0,0,0,0,0,0,0,0,0,0,0,0,0,0,0,0,,,,,,,0,,N,1,1,2,,,,,Y,N
1442,dha-0033,em33,1,,,,,,,20141127,,,,,,,,,,0,,,,,,0,,,,,,,,,,0,,,,,,,,,,,,,,0,,,,,0,,,0,,,0,0,0,0,0,0,0,0,0,0,0,0,0,0,0,0,0,0,0,0,0,0,0,0,0,0,,,,,,,0,,N,1,1,2,,,,,Y,N
1508,dha-0033,em33,1,,,,,,,20141201,,,,,,,,,,0,,,,,,0,,,,,,,,,,0,,,,,,,,,,,,,,0,,,,,0,,,0,,,0,0,0,0,0,0,0,0,0,0,0,0,0,0,0,0,0,0,0,0,0,0,0,0,0,0,,,,,,,0,,N,1,1,2,,,,,Y,N
1538,dha-0033,em33,1,,,,,,,20141202,,,,,,,,,,0,,,,,,0,,,,,,,,,,0,,,,,,,,,,,,,,0,,,,,0,,,0,,,0,0,0,0,0,0,0,0,0,0,0,0,0,0,0,0,0,0,0,0,0,0,0,0,0,0,,,,,,,0,,N,1,1,2,,,,,Y,N
1577,dha-0033,em33,1,,,,,,,20141203,,,,,,,,,,0,,,,,,0,,,,,,,,,,0,,,,,,,,,,,,,,0,,,,,0,,,0,,,0,0,0,0,0,0,0,0,0,0,0,0,0,0,0,0,0,0,0,0,0,0,0,0,0,0,,,,,,,0,,N,1,1,2,,,,,Y,N
1590,dha-0033,em33,1,,,,,,,20141204,,,,,,,,,,0,,,,,,0,,,,,,,,,,0,,,,,,,,,,,,,,0,,,,,0,,,0,,,0,0,0,0,0,0,0,0,0,0,0,0,0,0,0,0,0,0,0,0,0,0,0,0,0,0,,,,,,,0,,N,1,1,2,,,,,Y,N
1683,dha-0033,em33,1,,,,,,,20141205,,,,,,,,,,0,,,,,,0,,,,,,,,,,0,,,,,,,,,,,,,,0,,,,,0,,,0,,,0,0,0,0,0,0,0,0,0,0,0,0,0,0,0,0,0,0,0,0,0,0,0,0,0,0,,,,,,,0,,N,1,1,2,,,,,Y,N
1682,dha-0033,em33,1,,,,,,,20141206,,,,,,,,,,0,,,,,,0,,,,,,,,,,0,,,,,,,,,,,,,,0,,,,,0,,,0,,,0,0,0,0,0,0,0,0,0,0,0,0,0,0,0,0,0,0,0,0,0,0,0,0,0,0,,,,,,,0,,N,1,1,2,,,,,Y,N
1703,dha-0033,em33,1,,,,,,,20141208,,,,,,,,,,0,,,,,,0,,,,,,,,,,0,,,,,,,,,,,,,,0,,,,,0,,,0,,,0,0,0,0,0,0,0,0,0,0,0,0,0,0,0,0,0,0,0,0,0,0,0,0,0,0,,,,,,,0,,N,1,1,2,,,,,Y,N
1723,dha-0033,em33,1,,,,,,,20141209,,,,,,,,,,0,,,,,,0,,,,,,,,,,0,,,,,,,,,,,,,,0,,,,,0,,,0,,,0,0,0,0,0,0,0,0,0,0,0,0,0,0,0,0,0,0,0,0,0,0,0,0,0,0,,,,,,,0,,N,1,1,2,,,,,Y,N
1786,dha-0033,em33,1,,,,,,,20141211,,,,,,,,,,0,,,,,,0,,,,,,,,,,0,,,,,,,,,,,,,,0,,,,,0,,,0,,,0,0,0,0,0,0,0,0,0,0,0,0,0,0,0,0,0,0,0,0,0,0,0,0,0,0,,,,,,,0,,N,1,1,2,,,,,Y,N
1883,dha-0033,em33,1,,,,,,,20141217,,,,,,,,,,0,,,,,,0,,,,,,,,,,0,,,,,,,,,,,,,,0,,,,,0,,,0,,,0,0,0,0,0,0,0,0,0,0,0,0,0,0,0,0,0,0,0,0,0,0,0,0,0,0,,,,,,,0,,N,1,1,2,,,,,Y,N
1928,dha-0033,em33,1,,,,,,,20141218,,,,,,,,,,0,,,,,,0,,,,,,,,,,0,,,,,,,,,,,,,,0,,,,,0,,,0,,,0,0,0,0,0,0,0,0,0,0,0,0,0,0,0,0,0,0,0,0,0,0,0,0,0,0,,,,,,,0,,N,1,1,2,,,,,Y,N
1953,dha-0033,em33,1,,,,,,,20141220,,,,,,,,,,0,,,,,,0,,,,,,,,,,0,,,,,,,,,,,,,,0,,,,,0,,,0,,,0,0,0,0,0,0,0,0,0,0,0,0,0,0,0,0,0,0,0,0,0,0,0,0,0,0,,,,,,,0,,N,1,1,2,,,,,Y,N
761,dha-0039,em39,0,,,,,,,20141020,,,,,,,,,,0,,,,,,0,,,,,,,,,,0,,,,,,,,,,,,,,0,,,,,0,,,0,,,0,0,0,0,0,0,0,0,0,0,0,0,0,0,0,0,0,0,0,0,0,0,0,0,0,0,,,,,,,0,,N,1,1,2,,,,,Y,N
760,dha-0039,em39,0,,,,,,,20141021,,,,,,,,,,0,,,,,,0,,,,,,,,,,0,,,,,,,,,,,,,,0,,,,,0,,,0,,,0,0,0,0,0,0,0,0,0,0,0,0,0,0,0,0,0,0,0,0,0,0,0,0,0,0,,,,,,,0,,N,1,1,2,,,,,Y,N
794,dha-0039,em39,0,,,,,,,20141022,,,,,,,,,,0,,,,,,0,,,,,,,,,,0,,,,,,,,,,,,,,0,,,,,0,,,0,,,0,0,0,0,0,0,0,0,0,0,0,0,0,0,0,0,0,0,0,0,0,0,0,0,0,0,,,,,,,0,,N,1,1,2,,,,,Y,N
832,dha-0039,em39,0,,,,,,,20141024,,,,,,,,,,0,,,,,,0,,,,,,,,,,0,,,,,,,,,,,,,,0,,,,,0,,,0,,,0,0,0,0,0,0,0,0,0,0,0,0,0,0,0,0,0,0,0,0,0,0,0,0,0,0,,,,,,,0,,N,1,1,2,,,,,Y,N
862,dha-0039,em39,0,,,,,,,20141025,,,,,,,,,,0,,,,,,0,,,,,,,,,,0,,,,,,,,,,,,,,0,,,,,0,,,0,,,0,0,0,0,0,0,0,0,0,0,0,0,0,0,0,0,0,0,0,0,0,0,0,0,0,0,,,,,,,0,,N,1,1,2,,,,,Y,N
863,dha-0039,em39,0,,,,,,,20141026,,,,,,,,,,0,,,,,,0,,,,,,,,,,0,,,,,,,,,,,,,,0,,,,,0,,,0,,,0,0,0,0,0,0,0,0,0,0,0,0,0,0,0,0,0,0,0,0,0,0,0,0,0,0,,,,,,,0,,N,1,1,2,,,,,Y,N
906,dha-0039,em39,0,,,,,,,20141027,,,,,,,,,,0,,,,,,0,,,,,,,,,,0,,,,,,,,,,,,,,0,,,,,0,,,0,,,0,0,0,0,0,0,0,0,0,0,0,0,0,0,0,0,0,0,0,0,0,0,0,0,0,0,,,,,,,0,,N,1,1,2,,,,,Y,N
907,dha-0039,em39,0,,,,,,,20141028,,,,,,,,,,0,,,,,,0,,,,,,,,,,0,,,,,,,,,,,,,,0,,,,,0,,,0,,,0,0,0,0,0,0,0,0,0,0,0,0,0,0,0,0,0,0,0,0,0,0,0,0,0,0,,,,,,,0,,N,1,1,2,,,,,Y,N
908,dha-0039,em39,0,,,,,,,20141029,,,,,,,,,,0,,,,,,0,,,,,,,,,,0,,,,,,,,,,,,,,0,,,,,0,,,0,,,0,0,0,0,0,0,0,0,0,0,0,0,0,0,0,0,0,0,0,0,0,0,0,0,0,0,,,,,,,0,,N,1,1,2,,,,,Y,N
939,dha-0039,em39,0,,,,,,,20141030,,,,,,,,,,0,,,,,,0,,,,,,,,,,0,,,,,,,,,,,,,,0,,,,,0,,,0,,,0,0,0,0,0,0,0,0,0,0,0,0,0,0,0,0,0,0,0,0,0,0,0,0,0,0,,,,,,,0,,N,1,1,2,,,,,Y,N
940,dha-0039,em39,0,,,,,,,20141031,,,,,,,,,,0,,,,,,0,,,,,,,,,,0,,,,,,,,,,,,,,0,,,,,0,,,0,,,0,0,0,0,0,0,0,0,0,0,0,0,0,0,0,0,0,0,0,0,0,0,0,0,0,0,,,,,,,0,,N,1,1,2,,,,,Y,N
972,dha-0039,em39,0,,,,,,,20141102,,,,,,,,,,0,,,,,,0,,,,,,,,,,0,,,,,,,,,,,,,,0,,,,,0,,,0,,,0,0,0,0,0,0,0,0,0,0,0,0,0,0,0,0,0,0,0,0,0,0,0,0,0,0,,,,,,,0,,N,1,1,2,,,,,Y,N
995,dha-0039,em39,0,,,,,,,20141103,,,,,,,,,,0,,,,,,0,,,,,,,,,,0,,,,,,,,,,,,,,0,,,,,0,,,0,,,0,0,0,0,0,0,0,0,0,0,0,0,0,0,0,0,0,0,0,0,0,0,0,0,0,0,,,,,,,0,,N,1,1,2,,,,,Y,N
996,dha-0039,em39,0,,,,,,,20141104,,,,,,,,,,0,,,,,,0,,,,,,,,,,0,,,,,,,,,,,,,,0,,,,,0,,,0,,,0,0,0,0,0,0,0,0,0,0,0,0,0,0,0,0,0,0,0,0,0,0,0,0,0,0,,,,,,,0,,N,1,1,2,,,,,Y,N
1137,dha-0039,em39,0,,,,,,,20141107,,,,,,,,,,0,,,,,,0,,,,,,,,,,0,,,,,,,,,,,,,,0,,,,,0,,,0,,,0,0,0,0,0,0,0,0,0,0,0,0,0,0,0,0,0,0,0,0,0,0,0,0,0,0,,,,,,,0,,N,1,1,2,,,,,Y,N
1138,dha-0039,em39,0,,,,,,,20141108,,,,,,,,,,0,,,,,,0,,,,,,,,,,0,,,,,,,,,,,,,,0,,,,,0,,,0,,,0,0,0,0,0,0,0,0,0,0,0,0,0,0,0,0,0,0,0,0,0,0,0,0,0,0,,,,,,,0,,N,1,1,2,,,,,Y,N
1139,dha-0039,em39,0,,,,,,,20141109,,,,,,,,,,0,,,,,,0,,,,,,,,,,0,,,,,,,,,,,,,,0,,,,,0,,,0,,,0,0,0,0,0,0,0,0,0,0,0,0,0,0,0,0,0,0,0,0,0,0,0,0,0,0,,,,,,,0,,N,1,1,2,,,,,Y,N
1140,dha-0039,em39,0,,,,,,,20141110,,,,,,,,,,0,,,,,,0,,,,,,,,,,0,,,,,,,,,,,,,,0,,,,,0,,,0,,,0,0,0,0,0,0,0,0,0,0,0,0,0,0,0,0,0,0,0,0,0,0,0,0,0,0,,,,,,,0,,N,1,1,2,,,,,Y,N
1177,dha-0039,em39,0,,,,,,,20141112,,,,,,,,,,0,,,,,,0,,,,,,,,,,0,,,,,,,,,,,,,,0,,,,,0,,,0,,,0,0,0,0,0,0,0,0,0,0,0,0,0,0,0,0,0,0,0,0,0,0,0,0,0,0,,,,,,,0,,N,1,1,2,,,,,Y,N
1178,dha-0039,em39,0,,,,,,,20141113,,,,,,,,,,0,,,,,,0,,,,,,,,,,0,,,,,,,,,,,,,,0,,,,,0,,,0,,,0,0,0,0,0,0,0,0,0,0,0,0,0,0,0,0,0,0,0,0,0,0,0,0,0,0,,,,,,,0,,N,1,1,2,,,,,Y,N
1229,dha-0039,em39,0,,,,,,,20141114,,,,,,,,,,0,,,,,,0,,,,,,,,,,0,,,,,,,,,,,,,,0,,,,,0,,,0,,,0,0,0,0,0,0,0,0,0,0,0,0,0,0,0,0,0,0,0,0,0,0,0,0,0,0,,,,,,,0,,N,1,1,2,,,,,Y,N
1230,dha-0039,em39,0,,,,,,,20141115,,,,,,,,,,0,,,,,,0,,,,,,,,,,0,,,,,,,,,,,,,,0,,,,,0,,,0,,,0,0,0,0,0,0,0,0,0,0,0,0,0,0,0,0,0,0,0,0,0,0,0,0,0,0,,,,,,,0,,N,1,1,2,,,,,Y,N
1231,dha-0039,em39,0,,,,,,,20141116,,,,,,,,,,0,,,,,,0,,,,,,,,,,0,,,,,,,,,,,,,,0,,,,,0,,,0,,,0,0,0,0,0,0,0,0,0,0,0,0,0,0,0,0,0,0,0,0,0,0,0,0,0,0,,,,,,,0,,N,1,1,2,,,,,Y,N
1332,dha-0039,em39,0,,,,,,,20141118,,,,,,,,,,0,,,,,,0,,,,,,,,,,0,,,,,,,,,,,,,,0,,,,,0,,,0,,,0,0,0,0,0,0,0,0,0,0,0,0,0,0,0,0,0,0,0,0,0,0,0,0,0,0,,,,,,,0,,N,1,1,2,,,,,Y,N
1333,dha-0039,em39,0,,,,,,,20141119,,,,,,,,,,0,,,,,,0,,,,,,,,,,0,,,,,,,,,,,,,,0,,,,,0,,,0,,,0,0,0,0,0,0,0,0,0,0,0,0,0,0,0,0,0,0,0,0,0,0,0,0,0,0,,,,,,,0,,N,1,1,2,,,,,Y,N
1334,dha-0039,em39,0,,,,,,,20141120,,,,,,,,,,0,,,,,,0,,,,,,,,,,0,,,,,,,,,,,,,,0,,,,,0,,,0,,,0,0,0,0,0,0,0,0,0,0,0,0,0,0,0,0,0,0,0,0,0,0,0,0,0,0,,,,,,,0,,N,1,1,2,,,,,Y,N
1336,dha-0039,em39,0,,,,,,,20141122,,,,,,,,,,0,,,,,,0,,,,,,,,,,0,,,,,,,,,,,,,,0,,,,,0,,,0,,,0,0,0,0,0,0,0,0,0,0,0,0,0,0,0,0,0,0,0,0,0,0,0,0,0,0,,,,,,,0,,N,1,1,2,,,,,Y,N
1337,dha-0039,em39,0,,,,,,,20141123,,,,,,,,,,0,,,,,,0,,,,,,,,,,0,,,,,,,,,,,,,,0,,,,,0,,,0,,,0,0,0,0,0,0,0,0,0,0,0,0,0,0,0,0,0,0,0,0,0,0,0,0,0,0,,,,,,,0,,N,1,1,2,,,,,Y,N
1432,dha-0039,em39,0,,,,,,,20141124,,,,,,,,,,0,,,,,,0,,,,,,,,,,0,,,,,,,,,,,,,,0,,,,,0,,,0,,,0,0,0,0,0,0,0,0,0,0,0,0,0,0,0,0,0,0,0,0,0,0,0,0,0,0,,,,,,,0,,N,1,1,2,,,,,Y,N
1433,dha-0039,em39,0,,,,,,,20141125,,,,,,,,,,0,,,,,,0,,,,,,,,,,0,,,,,,,,,,,,,,0,,,,,0,,,0,,,0,0,0,0,0,0,0,0,0,0,0,0,0,0,0,0,0,0,0,0,0,0,0,0,0,0,,,,,,,0,,N,1,1,2,,,,,Y,N
1434,dha-0039,em39,0,,,,,,,20141126,,,,,,,,,,0,,,,,,0,,,,,,,,,,0,,,,,,,,,,,,,,0,,,,,0,,,0,,,0,0,0,0,0,0,0,0,0,0,0,0,0,0,0,0,0,0,0,0,0,0,0,0,0,0,,,,,,,0,,N,1,1,2,,,,,Y,N
1544,dha-0039,em39,0,,,,,,,20141128,,,,,,,,,,0,,,,,,0,,,,,,,,,,0,,,,,,,,,,,,,,0,,,,,0,,,0,,,0,0,0,0,0,0,0,0,0,0,0,0,0,0,0,0,0,0,0,0,0,0,0,0,0,0,,,,,,,0,,N,1,1,2,,,,,Y,N
1545,dha-0039,em39,0,,,,,,,20141129,,,,,,,,,,0,,,,,,0,,,,,,,,,,0,,,,,,,,,,,,,,0,,,,,0,,,0,,,0,0,0,0,0,0,0,0,0,0,0,0,0,0,0,0,0,0,0,0,0,0,0,0,0,0,,,,,,,0,,N,1,1,2,,,,,Y,N
1546,dha-0039,em39,0,,,,,,,20141130,,,,,,,,,,0,,,,,,0,,,,,,,,,,0,,,,,,,,,,,,,,0,,,,,0,,,0,,,0,0,0,0,0,0,0,0,0,0,0,0,0,0,0,0,0,0,0,0,0,0,0,0,0,0,,,,,,,0,,N,1,1,2,,,,,Y,N
1547,dha-0039,em39,0,,,,,,,20141201,,,,,,,,,,0,,,,,,0,,,,,,,,,,0,,,,,,,,,,,,,,0,,,,,0,,,0,,,0,0,0,0,0,0,0,0,0,0,0,0,0,0,0,0,0,0,0,0,0,0,0,0,0,0,,,,,,,0,,N,1,1,2,,,,,Y,N
1543,dha-0039,em39,0,,,,,,,20141202,,,,,,,,,,0,,,,,,0,,,,,,,,,,0,,,,,,,,,,,,,,0,,,,,0,,,0,,,0,0,0,0,0,0,0,0,0,0,0,0,0,0,0,0,0,0,0,0,0,0,0,0,0,0,,,,,,,0,,N,1,1,2,,,,,Y,N
1707,dha-0039,em39,0,,,,,,,20141204,,,,,,,,,,0,,,,,,0,,,,,,,,,,0,,,,,,,,,,,,,,0,,,,,0,,,0,,,0,0,0,0,0,0,0,0,0,0,0,0,0,0,0,0,0,0,0,0,0,0,0,0,0,0,,,,,,,0,,N,1,1,2,,,,,Y,N
1708,dha-0039,em39,0,,,,,,,20141205,,,,,,,,,,0,,,,,,0,,,,,,,,,,0,,,,,,,,,,,,,,0,,,,,0,,,0,,,0,0,0,0,0,0,0,0,0,0,0,0,0,0,0,0,0,0,0,0,0,0,0,0,0,0,,,,,,,0,,N,1,1,2,,,,,Y,N
1709,dha-0039,em39,0,,,,,,,20141206,,,,,,,,,,0,,,,,,0,,,,,,,,,,0,,,,,,,,,,,,,,0,,,,,0,,,0,,,0,0,0,0,0,0,0,0,0,0,0,0,0,0,0,0,0,0,0,0,0,0,0,0,0,0,,,,,,,0,,N,1,1,2,,,,,Y,N
1710,dha-0039,em39,0,,,,,,,20141207,,,,,,,,,,0,,,,,,0,,,,,,,,,,0,,,,,,,,,,,,,,0,,,,,0,,,0,,,0,0,0,0,0,0,0,0,0,0,0,0,0,0,0,0,0,0,0,0,0,0,0,0,0,0,,,,,,,0,,N,1,1,2,,,,,Y,N
1777,dha-0039,em39,0,,,,,,,20141209,,,,,,,,,,0,,,,,,0,,,,,,,,,,0,,,,,,,,,,,,,,0,,,,,0,,,0,,,0,0,0,0,0,0,0,0,0,0,0,0,0,0,0,0,0,0,0,0,0,0,0,0,0,0,,,,,,,0,,N,1,1,2,,,,,Y,N
1778,dha-0039,em39,0,,,,,,,20141210,,,,,,,,,,0,,,,,,0,,,,,,,,,,0,,,,,,,,,,,,,,0,,,,,0,,,0,,,0,0,0,0,0,0,0,0,0,0,0,0,0,0,0,0,0,0,0,0,0,0,0,0,0,0,,,,,,,0,,N,1,1,2,,,,,Y,N
1779,dha-0039,em39,0,,,,,,,20141211,,,,,,,,,,0,,,,,,0,,,,,,,,,,0,,,,,,,,,,,,,,0,,,,,0,,,0,,,0,0,0,0,0,0,0,0,0,0,0,0,0,0,0,0,0,0,0,0,0,0,0,0,0,0,,,,,,,0,,N,1,1,2,,,,,Y,N
2097,dha-0039,em39,0,,,,,,,20141212,,,,,,,,,,0,,,,,,0,,,,,,,,,,0,,,,,,,,,,,,,,0,,,,,0,,,0,,,0,0,0,0,0,0,0,0,0,0,0,0,0,0,0,0,0,0,0,0,0,0,0,0,0,0,,,,,,,0,,N,1,1,2,,,,,Y,N
2098,dha-0039,em39,0,,,,,,,20141213,,,,,,,,,,0,,,,,,0,,,,,,,,,,0,,,,,,,,,,,,,,0,,,,,0,,,0,,,0,0,0,0,0,0,0,0,0,0,0,0,0,0,0,0,0,0,0,0,0,0,0,0,0,0,,,,,,,0,,N,1,1,2,,,,,Y,N
2099,dha-0039,em39,0,,,,,,,20141214,,,,,,,,,,0,,,,,,0,,,,,,,,,,0,,,,,,,,,,,,,,0,,,,,0,,,0,,,0,0,0,0,0,0,0,0,0,0,0,0,0,0,0,0,0,0,0,0,0,0,0,0,0,0,,,,,,,0,,N,1,1,2,,,,,Y,N
2100,dha-0039,em39,0,,,,,,,20141215,,,,,,,,,,0,,,,,,0,,,,,,,,,,0,,,,,,,,,,,,,,0,,,,,0,,,0,,,0,0,0,0,0,0,0,0,0,0,0,0,0,0,0,0,0,0,0,0,0,0,0,0,0,0,,,,,,,0,,N,1,1,2,,,,,Y,N
2101,dha-0039,em39,0,,,,,,,20141216,,,,,,,,,,0,,,,,,0,,,,,,,,,,0,,,,,,,,,,,,,,0,,,,,0,,,0,,,0,0,0,0,0,0,0,0,0,0,0,0,0,0,0,0,0,0,0,0,0,0,0,0,0,0,,,,,,,0,,N,1,1,2,,,,,Y,N
2102,dha-0039,em39,0,,,,,,,20141217,,,,,,,,,,0,,,,,,0,,,,,,,,,,0,,,,,,,,,,,,,,0,,,,,0,,,0,,,0,0,0,0,0,0,0,0,0,0,0,0,0,0,0,0,0,0,0,0,0,0,0,0,0,0,,,,,,,0,,N,1,1,2,,,,,Y,N
2103,dha-0039,em39,0,,,,,,,20141218,,,,,,,,,,0,,,,,,0,,,,,,,,,,0,,,,,,,,,,,,,,0,,,,,0,,,0,,,0,0,0,0,0,0,0,0,0,0,0,0,0,0,0,0,0,0,0,0,0,0,0,0,0,0,,,,,,,0,,N,1,1,2,,,,,Y,N
2104,dha-0039,em39,0,,,,,,,20141219,,,,,,,,,,0,,,,,,0,,,,,,,,,,0,,,,,,,,,,,,,,0,,,,,0,,,0,,,0,0,0,0,0,0,0,0,0,0,0,0,0,0,0,0,0,0,0,0,0,0,0,0,0,0,,,,,,,0,,N,1,1,2,,,,,Y,N
2105,dha-0039,em39,0,,,,,,,20141220,,,,,,,,,,0,,,,,,0,,,,,,,,,,0,,,,,,,,,,,,,,0,,,,,0,,,0,,,0,0,0,0,0,0,0,0,0,0,0,0,0,0,0,0,0,0,0,0,0,0,0,0,0,0,,,,,,,0,,N,1,1,2,,,,,Y,N
2106,dha-0039,em39,0,,,,,,,20141221,,,,,,,,,,0,,,,,,0,,,,,,,,,,0,,,,,,,,,,,,,,0,,,,,0,,,0,,,0,0,0,0,0,0,0,0,0,0,0,0,0,0,0,0,0,0,0,0,0,0,0,0,0,0,,,,,,,0,,N,1,1,2,,,,,Y,N
2109,dha-0039,em39,0,,,,,,,20141224,,,,,,,,,,0,,,,,,0,,,,,,,,,,0,,,,,,,,,,,,,,0,,,,,0,,,0,,,0,0,0,0,0,0,0,0,0,0,0,0,0,0,0,0,0,0,0,0,0,0,0,0,0,0,,,,,,,0,,N,1,1,2,,,,,Y,N
2110,dha-0039,em39,0,,,,,,,20141225,,,,,,,,,,0,,,,,,0,,,,,,,,,,0,,,,,,,,,,,,,,0,,,,,0,,,0,,,0,0,0,0,0,0,0,0,0,0,0,0,0,0,0,0,0,0,0,0,0,0,0,0,0,0,,,,,,,0,,N,1,1,2,,,,,Y,N
2111,dha-0039,em39,0,,,,,,,20141226,,,,,,,,,,0,,,,,,0,,,,,,,,,,0,,,,,,,,,,,,,,0,,,,,0,,,0,,,0,0,0,0,0,0,0,0,0,0,0,0,0,0,0,0,0,0,0,0,0,0,0,0,0,0,,,,,,,0,,N,1,1,2,,,,,Y,N
2112,dha-0039,em39,0,,,,,,,20141227,,,,,,,,,,0,,,,,,0,,,,,,,,,,0,,,,,,,,,,,,,,0,,,,,0,,,0,,,0,0,0,0,0,0,0,0,0,0,0,0,0,0,0,0,0,0,0,0,0,0,0,0,0,0,,,,,,,0,,N,1,1,2,,,,,Y,N
2444,dha-0039,em39,0,,,,,,,20141228,,,,,,,,,,0,,,,,,0,,,,,,,,,,0,,,,,,,,,,,,,,0,,,,,0,,,0,,,0,0,0,0,0,0,0,0,0,0,0,0,0,0,0,0,0,0,0,0,0,0,0,0,0,0,,,,,,,0,,N,1,1,2,,,,,Y,N
2445,dha-0039,em39,0,,,,,,,20141229,,,,,,,,,,0,,,,,,0,,,,,,,,,,0,,,,,,,,,,,,,,0,,,,,0,,,0,,,0,0,0,0,0,0,0,0,0,0,0,0,0,0,0,0,0,0,0,0,0,0,0,0,0,0,,,,,,,0,,N,1,1,2,,,,,Y,N
2446,dha-0039,em39,0,,,,,,,20141230,,,,,,,,,,0,,,,,,0,,,,,,,,,,0,,,,,,,,,,,,,,0,,,,,0,,,0,,,0,0,0,0,0,0,0,0,0,0,0,0,0,0,0,0,0,0,0,0,0,0,0,0,0,0,,,,,,,0,,N,1,1,2,,,,,Y,N
2447,dha-0039,em39,0,,,,,,,20141231,,,,,,,,,,0,,,,,,0,,,,,,,,,,0,,,,,,,,,,,,,,0,,,,,0,,,0,,,0,0,0,0,0,0,0,0,0,0,0,0,0,0,0,0,0,0,0,0,0,0,0,0,0,0,,,,,,,0,,N,1,1,2,,,,,Y,N
2448,dha-0039,em39,0,,,,,,,20150101,,,,,,,,,,0,,,,,,0,,,,,,,,,,0,,,,,,,,,,,,,,0,,,,,0,,,0,,,0,0,0,0,0,0,0,0,0,0,0,0,0,0,0,0,0,0,0,0,0,0,0,0,0,0,,,,,,,0,,N,1,1,2,,,,,Y,N
2449,dha-0039,em39,0,,,,,,,20150102,,,,,,,,,,0,,,,,,0,,,,,,,,,,0,,,,,,,,,,,,,,0,,,,,0,,,0,,,0,0,0,0,0,0,0,0,0,0,0,0,0,0,0,0,0,0,0,0,0,0,0,0,0,0,,,,,,,0,,N,1,1,2,,,,,Y,N
2451,dha-0039,em39,0,,,,,,,20150104,,,,,,,,,,0,,,,,,0,,,,,,,,,,0,,,,,,,,,,,,,,0,,,,,0,,,0,,,0,0,0,0,0,0,0,0,0,0,0,0,0,0,0,0,0,0,0,0,0,0,0,0,0,0,,,,,,,0,,N,1,1,2,,,,,Y,N
2452,dha-0039,em39,0,,,,,,,20150105,,,,,,,,,,0,,,,,,0,,,,,,,,,,0,,,,,,,,,,,,,,0,,,,,0,,,0,,,0,0,0,0,0,0,0,0,0,0,0,0,0,0,0,0,0,0,0,0,0,0,0,0,0,0,,,,,,,0,,N,1,1,2,,,,,Y,N
2453,dha-0039,em39,0,,,,,,,20150106,,,,,,,,,,0,,,,,,0,,,,,,,,,,0,,,,,,,,,,,,,,0,,,,,0,,,0,,,0,0,0,0,0,0,0,0,0,0,0,0,0,0,0,0,0,0,0,0,0,0,0,0,0,0,,,,,,,0,,N,1,1,2,,,,,Y,N
2454,dha-0039,em39,0,,,,,,,20150107,,,,,,,,,,0,,,,,,0,,,,,,,,,,0,,,,,,,,,,,,,,0,,,,,0,,,0,,,0,0,0,0,0,0,0,0,0,0,0,0,0,0,0,0,0,0,0,0,0,0,0,0,0,0,,,,,,,0,,N,1,1,2,,,,,Y,N
2455,dha-0039,em39,0,,,,,,,20150108,,,,,,,,,,0,,,,,,0,,,,,,,,,,0,,,,,,,,,,,,,,0,,,,,0,,,0,,,0,0,0,0,0,0,0,0,0,0,0,0,0,0,0,0,0,0,0,0,0,0,0,0,0,0,,,,,,,0,,N,1,1,2,,,,,Y,N
2456,dha-0039,em39,0,,,,,,,20150109,,,,,,,,,,0,,,,,,0,,,,,,,,,,0,,,,,,,,,,,,,,0,,,,,0,,,0,,,0,0,0,0,0,0,0,0,0,0,0,0,0,0,0,0,0,0,0,0,0,0,0,0,0,0,,,,,,,0,,N,1,1,2,,,,,Y,N
2457,dha-0039,em39,0,,,,,,,20150110,,,,,,,,,,0,,,,,,0,,,,,,,,,,0,,,,,,,,,,,,,,0,,,,,0,,,0,,,0,0,0,0,0,0,0,0,0,0,0,0,0,0,0,0,0,0,0,0,0,0,0,0,0,0,,,,,,,0,,N,1,1,2,,,,,Y,N
2458,dha-0039,em39,0,,,,,,,20150111,,,,,,,,,,0,,,,,,0,,,,,,,,,,0,,,,,,,,,,,,,,0,,,,,0,,,0,,,0,0,0,0,0,0,0,0,0,0,0,0,0,0,0,0,0,0,0,0,0,0,0,0,0,0,,,,,,,0,,N,1,1,2,,,,,Y,N
919,dha-0040,EM40,1,,,,,,,20141029,,,,,,,,,,0,,,,,,0,,,,,,,,,,0,,,,,,,,,,,,,,0,,,,,0,,,0,,,0,0,0,0,0,0,0,0,0,0,0,0,0,0,0,0,0,0,0,0,0,0,0,0,0,0,,,,,,,0,,N,1,1,2,,,,,Y,N
920,dha-0040,EM40,1,,,,,,,20141030,,,,,,,,,,0,,,,,,0,,,,,,,,,,0,,,,,,,,,,,,,,0,,,,,0,,,0,,,0,0,0,0,0,0,0,0,0,0,0,0,0,0,0,0,0,0,0,0,0,0,0,0,0,0,,,,,,,0,,N,1,1,2,,,,,Y,N
946,dha-0040,EM40,1,,,,,,,20141031,,,,,,,,,,0,,,,,,0,,,,,,,,,,0,,,,,,,,,,,,,,0,,,,,0,,,0,,,0,0,0,0,0,0,0,0,0,0,0,0,0,0,0,0,0,0,0,0,0,0,0,0,0,0,,,,,,,0,,N,1,1,2,,,,,Y,N
968,dha-0040,EM40,1,,,,,,,20141102,,,,,,,,,,0,,,,,,0,,,,,,,,,,0,,,,,,,,,,,,,,0,,,,,0,,,0,,,0,0,0,0,0,0,0,0,0,0,0,0,0,0,0,0,0,0,0,0,0,0,0,0,0,0,,,,,,,0,,N,1,1,2,,,,,Y,N
1001,dha-0040,EM40,1,,,,,,,20141103,,,,,,,,,,0,,,,,,0,,,,,,,,,,0,,,,,,,,,,,,,,0,,,,,0,,,0,,,0,0,0,0,0,0,0,0,0,0,0,0,0,0,0,0,0,0,0,0,0,0,0,0,0,0,,,,,,,0,,N,1,1,2,,,,,Y,N
1002,dha-0040,EM40,1,,,,,,,20141104,,,,,,,,,,0,,,,,,0,,,,,,,,,,0,,,,,,,,,,,,,,0,,,,,0,,,0,,,0,0,0,0,0,0,0,0,0,0,0,0,0,0,0,0,0,0,0,0,0,0,0,0,0,0,,,,,,,0,,N,1,1,2,,,,,Y,N
1131,dha-0040,EM40,1,,,,,,,20141108,,,,,,,,,,0,,,,,,0,,,,,,,,,,0,,,,,,,,,,,,,,0,,,,,0,,,0,,,0,0,0,0,0,0,0,0,0,0,0,0,0,0,0,0,0,0,0,0,0,0,0,0,0,0,,,,,,,0,,N,1,1,2,,,,,Y,N
1132,dha-0040,EM40,1,,,,,,,20141109,,,,,,,,,,0,,,,,,0,,,,,,,,,,0,,,,,,,,,,,,,,0,,,,,0,,,0,,,0,0,0,0,0,0,0,0,0,0,0,0,0,0,0,0,0,0,0,0,0,0,0,0,0,0,,,,,,,0,,N,1,1,2,,,,,Y,N
1133,dha-0040,EM40,1,,,,,,,20141110,,,,,,,,,,0,,,,,,0,,,,,,,,,,0,,,,,,,,,,,,,,0,,,,,0,,,0,,,0,0,0,0,0,0,0,0,0,0,0,0,0,0,0,0,0,0,0,0,0,0,0,0,0,0,,,,,,,0,,N,1,1,2,,,,,Y,N
1169,dha-0040,EM40,1,,,,,,,20141112,,,,,,,,,,0,,,,,,0,,,,,,,,,,0,,,,,,,,,,,,,,0,,,,,0,,,0,,,0,0,0,0,0,0,0,0,0,0,0,0,0,0,0,0,0,0,0,0,0,0,0,0,0,0,,,,,,,0,,N,1,1,2,,,,,Y,N
1303,dha-0040,EM40,1,,,,,,,20141113,,,,,,,,,,0,,,,,,0,,,,,,,,,,0,,,,,,,,,,,,,,0,,,,,0,,,0,,,0,0,0,0,0,0,0,0,0,0,0,0,0,0,0,0,0,0,0,0,0,0,0,0,0,0,,,,,,,0,,N,1,1,2,,,,,Y,N
1304,dha-0040,EM40,1,,,,,,,20141114,,,,,,,,,,0,,,,,,0,,,,,,,,,,0,,,,,,,,,,,,,,0,,,,,0,,,0,,,0,0,0,0,0,0,0,0,0,0,0,0,0,0,0,0,0,0,0,0,0,0,0,0,0,0,,,,,,,0,,N,1,1,2,,,,,Y,N
1305,dha-0040,EM40,1,,,,,,,20141115,,,,,,,,,,0,,,,,,0,,,,,,,,,,0,,,,,,,,,,,,,,0,,,,,0,,,0,,,0,0,0,0,0,0,0,0,0,0,0,0,0,0,0,0,0,0,0,0,0,0,0,0,0,0,,,,,,,0,,N,1,1,2,,,,,Y,N
1306,dha-0040,EM40,1,,,,,,,20141116,,,,,,,,,,0,,,,,,0,,,,,,,,,,0,,,,,,,,,,,,,,0,,,,,0,,,0,,,0,0,0,0,0,0,0,0,0,0,0,0,0,0,0,0,0,0,0,0,0,0,0,0,0,0,,,,,,,0,,N,1,1,2,,,,,Y,N
1307,dha-0040,EM40,1,,,,,,,20141117,,,,,,,,,,0,,,,,,0,,,,,,,,,,0,,,,,,,,,,,,,,0,,,,,0,,,0,,,0,0,0,0,0,0,0,0,0,0,0,0,0,0,0,0,0,0,0,0,0,0,0,0,0,0,,,,,,,0,,N,1,1,2,,,,,Y,N
1308,dha-0040,EM40,1,,,,,,,20141118,,,,,,,,,,0,,,,,,0,,,,,,,,,,0,,,,,,,,,,,,,,0,,,,,0,,,0,,,0,0,0,0,0,0,0,0,0,0,0,0,0,0,0,0,0,0,0,0,0,0,0,0,0,0,,,,,,,0,,N,1,1,2,,,,,Y,N
1309,dha-0040,EM40,1,,,,,,,20141119,,,,,,,,,,0,,,,,,0,,,,,,,,,,0,,,,,,,,,,,,,,0,,,,,0,,,0,,,0,0,0,0,0,0,0,0,0,0,0,0,0,0,0,0,0,0,0,0,0,0,0,0,0,0,,,,,,,0,,N,1,1,2,,,,,Y,N
1310,dha-0040,EM40,1,,,,,,,20141120,,,,,,,,,,0,,,,,,0,,,,,,,,,,0,,,,,,,,,,,,,,0,,,,,0,,,0,,,0,0,0,0,0,0,0,0,0,0,0,0,0,0,0,0,0,0,0,0,0,0,0,0,0,0,,,,,,,0,,N,1,1,2,,,,,Y,N
1551,dha-0040,EM40,1,,,,,,,20141122,,,,,,,,,,0,,,,,,0,,,,,,,,,,0,,,,,,,,,,,,,,0,,,,,0,,,0,,,0,0,0,0,0,0,0,0,0,0,0,0,0,0,0,0,0,0,0,0,0,0,0,0,0,0,,,,,,,0,,N,1,1,2,,,,,Y,N
1552,dha-0040,EM40,1,,,,,,,20141123,,,,,,,,,,0,,,,,,0,,,,,,,,,,0,,,,,,,,,,,,,,0,,,,,0,,,0,,,0,0,0,0,0,0,0,0,0,0,0,0,0,0,0,0,0,0,0,0,0,0,0,0,0,0,,,,,,,0,,N,1,1,2,,,,,Y,N
1553,dha-0040,EM40,1,,,,,,,20141124,,,,,,,,,,0,,,,,,0,,,,,,,,,,0,,,,,,,,,,,,,,0,,,,,0,,,0,,,0,0,0,0,0,0,0,0,0,0,0,0,0,0,0,0,0,0,0,0,0,0,0,0,0,0,,,,,,,0,,N,1,1,2,,,,,Y,N
1554,dha-0040,EM40,1,,,,,,,20141125,,,,,,,,,,0,,,,,,0,,,,,,,,,,0,,,,,,,,,,,,,,0,,,,,0,,,0,,,0,0,0,0,0,0,0,0,0,0,0,0,0,0,0,0,0,0,0,0,0,0,0,0,0,0,,,,,,,0,,N,1,1,2,,,,,Y,N
1555,dha-0040,EM40,1,,,,,,,20141126,,,,,,,,,,0,,,,,,0,,,,,,,,,,0,,,,,,,,,,,,,,0,,,,,0,,,0,,,0,0,0,0,0,0,0,0,0,0,0,0,0,0,0,0,0,0,0,0,0,0,0,0,0,0,,,,,,,0,,N,1,1,2,,,,,Y,N
1556,dha-0040,EM40,1,,,,,,,20141127,,,,,,,,,,0,,,,,,0,,,,,,,,,,0,,,,,,,,,,,,,,0,,,,,0,,,0,,,0,0,0,0,0,0,0,0,0,0,0,0,0,0,0,0,0,0,0,0,0,0,0,0,0,0,,,,,,,0,,N,1,1,2,,,,,Y,N
1557,dha-0040,EM40,1,,,,,,,20141128,,,,,,,,,,0,,,,,,0,,,,,,,,,,0,,,,,,,,,,,,,,0,,,,,0,,,0,,,0,0,0,0,0,0,0,0,0,0,0,0,0,0,0,0,0,0,0,0,0,0,0,0,0,0,,,,,,,0,,N,1,1,2,,,,,Y,N
1558,dha-0040,EM40,1,,,,,,,20141129,,,,,,,,,,0,,,,,,0,,,,,,,,,,0,,,,,,,,,,,,,,0,,,,,0,,,0,,,0,0,0,0,0,0,0,0,0,0,0,0,0,0,0,0,0,0,0,0,0,0,0,0,0,0,,,,,,,0,,N,1,1,2,,,,,Y,N
1559,dha-0040,EM40,1,,,,,,,20141130,,,,,,,,,,0,,,,,,0,,,,,,,,,,0,,,,,,,,,,,,,,0,,,,,0,,,0,,,0,0,0,0,0,0,0,0,0,0,0,0,0,0,0,0,0,0,0,0,0,0,0,0,0,0,,,,,,,0,,N,1,1,2,,,,,Y,N
1560,dha-0040,EM40,1,,,,,,,20141201,,,,,,,,,,0,,,,,,0,,,,,,,,,,0,,,,,,,,,,,,,,0,,,,,0,,,0,,,0,0,0,0,0,0,0,0,0,0,0,0,0,0,0,0,0,0,0,0,0,0,0,0,0,0,,,,,,,0,,N,1,1,2,,,,,Y,N
1561,dha-0040,EM40,1,,,,,,,20141202,,,,,,,,,,0,,,,,,0,,,,,,,,,,0,,,,,,,,,,,,,,0,,,,,0,,,0,,,0,0,0,0,0,0,0,0,0,0,0,0,0,0,0,0,0,0,0,0,0,0,0,0,0,0,,,,,,,0,,N,1,1,2,,,,,Y,N
2172,dha-0040,EM40,1,,,,,,,20141203,,,,,,,,,,0,,,,,,0,,,,,,,,,,0,,,,,,,,,,,,,,0,,,,,0,,,0,,,0,0,0,0,0,0,0,0,0,0,0,0,0,0,0,0,0,0,0,0,0,0,0,0,0,0,,,,,,,0,,N,1,1,2,,,,,Y,N
2173,dha-0040,EM40,1,,,,,,,20141204,,,,,,,,,,0,,,,,,0,,,,,,,,,,0,,,,,,,,,,,,,,0,,,,,0,,,0,,,0,0,0,0,0,0,0,0,0,0,0,0,0,0,0,0,0,0,0,0,0,0,0,0,0,0,,,,,,,0,,N,1,1,2,,,,,Y,N
2174,dha-0040,EM40,1,,,,,,,20141205,,,,,,,,,,0,,,,,,0,,,,,,,,,,0,,,,,,,,,,,,,,0,,,,,0,,,0,,,0,0,0,0,0,0,0,0,0,0,0,0,0,0,0,0,0,0,0,0,0,0,0,0,0,0,,,,,,,0,,N,1,1,2,,,,,Y,N
2175,dha-0040,EM40,1,,,,,,,20141206,,,,,,,,,,0,,,,,,0,,,,,,,,,,0,,,,,,,,,,,,,,0,,,,,0,,,0,,,0,0,0,0,0,0,0,0,0,0,0,0,0,0,0,0,0,0,0,0,0,0,0,0,0,0,,,,,,,0,,N,1,1,2,,,,,Y,N
2176,dha-0040,EM40,1,,,,,,,20141207,,,,,,,,,,0,,,,,,0,,,,,,,,,,0,,,,,,,,,,,,,,0,,,,,0,,,0,,,0,0,0,0,0,0,0,0,0,0,0,0,0,0,0,0,0,0,0,0,0,0,0,0,0,0,,,,,,,0,,N,1,1,2,,,,,Y,N
2177,dha-0040,EM40,1,,,,,,,20141208,,,,,,,,,,0,,,,,,0,,,,,,,,,,0,,,,,,,,,,,,,,0,,,,,0,,,0,,,0,0,0,0,0,0,0,0,0,0,0,0,0,0,0,0,0,0,0,0,0,0,0,0,0,0,,,,,,,0,,N,1,1,2,,,,,Y,N
2178,dha-0040,EM40,1,,,,,,,20141209,,,,,,,,,,0,,,,,,0,,,,,,,,,,0,,,,,,,,,,,,,,0,,,,,0,,,0,,,0,0,0,0,0,0,0,0,0,0,0,0,0,0,0,0,0,0,0,0,0,0,0,0,0,0,,,,,,,0,,N,1,1,2,,,,,Y,N
2179,dha-0040,EM40,1,,,,,,,20141210,,,,,,,,,,0,,,,,,0,,,,,,,,,,0,,,,,,,,,,,,,,0,,,,,0,,,0,,,0,0,0,0,0,0,0,0,0,0,0,0,0,0,0,0,0,0,0,0,0,0,0,0,0,0,,,,,,,0,,N,1,1,2,,,,,Y,N
2180,dha-0040,EM40,1,,,,,,,20141211,,,,,,,,,,0,,,,,,0,,,,,,,,,,0,,,,,,,,,,,,,,0,,,,,0,,,0,,,0,0,0,0,0,0,0,0,0,0,0,0,0,0,0,0,0,0,0,0,0,0,0,0,0,0,,,,,,,0,,N,1,1,2,,,,,Y,N
2181,dha-0040,EM40,1,,,,,,,20141212,,,,,,,,,,0,,,,,,0,,,,,,,,,,0,,,,,,,,,,,,,,0,,,,,0,,,0,,,0,0,0,0,0,0,0,0,0,0,0,0,0,0,0,0,0,0,0,0,0,0,0,0,0,0,,,,,,,0,,N,1,1,2,,,,,Y,N
2182,dha-0040,EM40,1,,,,,,,20141213,,,,,,,,,,0,,,,,,0,,,,,,,,,,0,,,,,,,,,,,,,,0,,,,,0,,,0,,,0,0,0,0,0,0,0,0,0,0,0,0,0,0,0,0,0,0,0,0,0,0,0,0,0,0,,,,,,,0,,N,1,1,2,,,,,Y,N
2183,dha-0040,EM40,1,,,,,,,20141214,,,,,,,,,,0,,,,,,0,,,,,,,,,,0,,,,,,,,,,,,,,0,,,,,0,,,0,,,0,0,0,0,0,0,0,0,0,0,0,0,0,0,0,0,0,0,0,0,0,0,0,0,0,0,,,,,,,0,,N,1,1,2,,,,,Y,N
2184,dha-0040,EM40,1,,,,,,,20141215,,,,,,,,,,0,,,,,,0,,,,,,,,,,0,,,,,,,,,,,,,,0,,,,,0,,,0,,,0,0,0,0,0,0,0,0,0,0,0,0,0,0,0,0,0,0,0,0,0,0,0,0,0,0,,,,,,,0,,N,1,1,2,,,,,Y,N
2185,dha-0040,EM40,1,,,,,,,20141216,,,,,,,,,,0,,,,,,0,,,,,,,,,,0,,,,,,,,,,,,,,0,,,,,0,,,0,,,0,0,0,0,0,0,0,0,0,0,0,0,0,0,0,0,0,0,0,0,0,0,0,0,0,0,,,,,,,0,,N,1,1,2,,,,,Y,N
2186,dha-0040,EM40,1,,,,,,,20141217,,,,,,,,,,0,,,,,,0,,,,,,,,,,0,,,,,,,,,,,,,,0,,,,,0,,,0,,,0,0,0,0,0,0,0,0,0,0,0,0,0,0,0,0,0,0,0,0,0,0,0,0,0,0,,,,,,,0,,N,1,1,2,,,,,Y,N
2187,dha-0040,EM40,1,,,,,,,20141218,,,,,,,,,,0,,,,,,0,,,,,,,,,,0,,,,,,,,,,,,,,0,,,,,0,,,0,,,0,0,0,0,0,0,0,0,0,0,0,0,0,0,0,0,0,0,0,0,0,0,0,0,0,0,,,,,,,0,,N,1,1,2,,,,,Y,N
2188,dha-0040,EM40,1,,,,,,,20141219,,,,,,,,,,0,,,,,,0,,,,,,,,,,0,,,,,,,,,,,,,,0,,,,,0,,,0,,,0,0,0,0,0,0,0,0,0,0,0,0,0,0,0,0,0,0,0,0,0,0,0,0,0,0,,,,,,,0,,N,1,1,2,,,,,Y,N
2189,dha-0040,EM40,1,,,,,,,20141220,,,,,,,,,,0,,,,,,0,,,,,,,,,,0,,,,,,,,,,,,,,0,,,,,0,,,0,,,0,0,0,0,0,0,0,0,0,0,0,0,0,0,0,0,0,0,0,0,0,0,0,0,0,0,,,,,,,0,,N,1,1,2,,,,,Y,N
2190,dha-0040,EM40,1,,,,,,,20141221,,,,,,,,,,0,,,,,,0,,,,,,,,,,0,,,,,,,,,,,,,,0,,,,,0,,,0,,,0,0,0,0,0,0,0,0,0,0,0,0,0,0,0,0,0,0,0,0,0,0,0,0,0,0,,,,,,,0,,N,1,1,2,,,,,Y,N
2191,dha-0040,EM40,1,,,,,,,20141222,,,,,,,,,,0,,,,,,0,,,,,,,,,,0,,,,,,,,,,,,,,0,,,,,0,,,0,,,0,0,0,0,0,0,0,0,0,0,0,0,0,0,0,0,0,0,0,0,0,0,0,0,0,0,,,,,,,0,,N,1,1,2,,,,,Y,N
2192,dha-0040,EM40,1,,,,,,,20141223,,,,,,,,,,0,,,,,,0,,,,,,,,,,0,,,,,,,,,,,,,,0,,,,,0,,,0,,,0,0,0,0,0,0,0,0,0,0,0,0,0,0,0,0,0,0,0,0,0,0,0,0,0,0,,,,,,,0,,N,1,1,2,,,,,Y,N
2193,dha-0040,EM40,1,,,,,,,20141224,,,,,,,,,,0,,,,,,0,,,,,,,,,,0,,,,,,,,,,,,,,0,,,,,0,,,0,,,0,0,0,0,0,0,0,0,0,0,0,0,0,0,0,0,0,0,0,0,0,0,0,0,0,0,,,,,,,0,,N,1,1,2,,,,,Y,N
2194,dha-0040,EM40,1,,,,,,,20141225,,,,,,,,,,0,,,,,,0,,,,,,,,,,0,,,,,,,,,,,,,,0,,,,,0,,,0,,,0,0,0,0,0,0,0,0,0,0,0,0,0,0,0,0,0,0,0,0,0,0,0,0,0,0,,,,,,,0,,N,1,1,2,,,,,Y,N
2195,dha-0040,EM40,1,,,,,,,20141226,,,,,,,,,,0,,,,,,0,,,,,,,,,,0,,,,,,,,,,,,,,0,,,,,0,,,0,,,0,0,0,0,0,0,0,0,0,0,0,0,0,0,0,0,0,0,0,0,0,0,0,0,0,0,,,,,,,0,,N,1,1,2,,,,,Y,N
2196,dha-0040,EM40,1,,,,,,,20141227,,,,,,,,,,0,,,,,,0,,,,,,,,,,0,,,,,,,,,,,,,,0,,,,,0,,,0,,,0,0,0,0,0,0,0,0,0,0,0,0,0,0,0,0,0,0,0,0,0,0,0,0,0,0,,,,,,,0,,N,1,1,2,,,,,Y,N
2197,dha-0040,EM40,1,,,,,,,20141228,,,,,,,,,,0,,,,,,0,,,,,,,,,,0,,,,,,,,,,,,,,0,,,,,0,,,0,,,0,0,0,0,0,0,0,0,0,0,0,0,0,0,0,0,0,0,0,0,0,0,0,0,0,0,,,,,,,0,,N,1,1,2,,,,,Y,N
2198,dha-0040,EM40,1,,,,,,,20141229,,,,,,,,,,0,,,,,,0,,,,,,,,,,0,,,,,,,,,,,,,,0,,,,,0,,,0,,,0,0,0,0,0,0,0,0,0,0,0,0,0,0,0,0,0,0,0,0,0,0,0,0,0,0,,,,,,,0,,N,1,1,2,,,,,Y,N
3031,dha-0041,em41,0,,,,,,,20150210,,,,,,,,,,0,,,,,,0,,,,,,,,,,0,,,,,,,,,,,,,,0,,,,,0,,,0,,,0,0,0,0,0,0,0,0,0,0,0,0,0,0,0,0,0,0,0,0,0,0,0,0,0,0,,,,,,,0,,N,1,1,2,,,,,Y,N
1026,dha-0042,em42,0,,,,,,,20141105,,,,,,,,,,0,,,,,,0,,,,,,,,,,0,,,,,,,,,,,,,,0,,,,,0,,,0,,,0,0,0,0,0,0,0,0,0,0,0,0,0,0,0,0,0,0,0,0,0,0,0,0,0,0,,,,,,,0,,N,1,1,2,,,,,Y,N
1071,dha-0042,em42,0,,,,,,,20141108,,,,,,,,,,0,,,,,,0,,,,,,,,,,0,,,,,,,,,,,,,,0,,,,,0,,,0,,,0,0,0,0,0,0,0,0,0,0,0,0,0,0,0,0,0,0,0,0,0,0,0,0,0,0,,,,,,,0,,N,1,1,2,,,,,Y,N
1188,dha-0042,em42,0,,,,,,,20141114,,,,,,,,,,0,,,,,,0,,,,,,,,,,0,,,,,,,,,,,,,,0,,,,,0,,,0,,,0,0,0,0,0,0,0,0,0,0,0,0,0,0,0,0,0,0,0,0,0,0,0,0,0,0,,,,,,,0,,N,1,1,2,,,,,Y,N
1214,dha-0042,em42,0,,,,,,,20141116,,,,,,,,,,0,,,,,,0,,,,,,,,,,0,,,,,,,,,,,,,,0,,,,,0,,,0,,,0,0,0,0,0,0,0,0,0,0,0,0,0,0,0,0,0,0,0,0,0,0,0,0,0,0,,,,,,,0,,N,1,1,2,,,,,Y,N
1234,dha-0042,em42,0,,,,,,,20141117,,,,,,,,,,0,,,,,,0,,,,,,,,,,0,,,,,,,,,,,,,,0,,,,,0,,,0,,,0,0,0,0,0,0,0,0,0,0,0,0,0,0,0,0,0,0,0,0,0,0,0,0,0,0,,,,,,,0,,N,1,1,2,,,,,Y,N
1253,dha-0042,em42,0,,,,,,,20141118,,,,,,,,,,0,,,,,,0,,,,,,,,,,0,,,,,,,,,,,,,,0,,,,,0,,,0,,,0,0,0,0,0,0,0,0,0,0,0,0,0,0,0,0,0,0,0,0,0,0,0,0,0,0,,,,,,,0,,N,1,1,2,,,,,Y,N
1353,dha-0042,em42,0,,,,,,,20141123,,,,,,,,,,0,,,,,,0,,,,,,,,,,0,,,,,,,,,,,,,,0,,,,,0,,,0,,,0,0,0,0,0,0,0,0,0,0,0,0,0,0,0,0,0,0,0,0,0,0,0,0,0,0,,,,,,,0,,N,1,1,2,,,,,Y,N
1453,dha-0042,em42,0,,,,,,,20141127,,,,,,,,,,0,,,,,,0,,,,,,,,,,0,,,,,,,,,,,,,,0,,,,,0,,,0,,,0,0,0,0,0,0,0,0,0,0,0,0,0,0,0,0,0,0,0,0,0,0,0,0,0,0,,,,,,,0,,N,1,1,2,,,,,Y,N
1488,dha-0042,em42,0,,,,,,,20141129,,,,,,,,,,0,,,,,,0,,,,,,,,,,0,,,,,,,,,,,,,,0,,,,,0,,,0,,,0,0,0,0,0,0,0,0,0,0,0,0,0,0,0,0,0,0,0,0,0,0,0,0,0,0,,,,,,,0,,N,1,1,2,,,,,Y,N
1514,dha-0042,em42,0,,,,,,,20141201,,,,,,,,,,0,,,,,,0,,,,,,,,,,0,,,,,,,,,,,,,,0,,,,,0,,,0,,,0,0,0,0,0,0,0,0,0,0,0,0,0,0,0,0,0,0,0,0,0,0,0,0,0,0,,,,,,,0,,N,1,1,2,,,,,Y,N
1563,dha-0042,em42,0,,,,,,,20141202,,,,,,,,,,0,,,,,,0,,,,,,,,,,0,,,,,,,,,,,,,,0,,,,,0,,,0,,,0,0,0,0,0,0,0,0,0,0,0,0,0,0,0,0,0,0,0,0,0,0,0,0,0,0,,,,,,,0,,N,1,1,2,,,,,Y,N
1580,dha-0042,em42,0,,,,,,,20141203,,,,,,,,,,0,,,,,,0,,,,,,,,,,0,,,,,,,,,,,,,,0,,,,,0,,,0,,,0,0,0,0,0,0,0,0,0,0,0,0,0,0,0,0,0,0,0,0,0,0,0,0,0,0,,,,,,,0,,N,1,1,2,,,,,Y,N
1601,dha-0042,em42,0,,,,,,,20141204,,,,,,,,,,0,,,,,,0,,,,,,,,,,0,,,,,,,,,,,,,,0,,,,,0,,,0,,,0,0,0,0,0,0,0,0,0,0,0,0,0,0,0,0,0,0,0,0,0,0,0,0,0,0,,,,,,,0,,N,1,1,2,,,,,Y,N
1654,dha-0042,em42,0,,,,,,,20141205,,,,,,,,,,0,,,,,,0,,,,,,,,,,0,,,,,,,,,,,,,,0,,,,,0,,,0,,,0,0,0,0,0,0,0,0,0,0,0,0,0,0,0,0,0,0,0,0,0,0,0,0,0,0,,,,,,,0,,N,1,1,2,,,,,Y,N
1653,dha-0042,em42,0,,,,,,,20141206,,,,,,,,,,0,,,,,,0,,,,,,,,,,0,,,,,,,,,,,,,,0,,,,,0,,,0,,,0,0,0,0,0,0,0,0,0,0,0,0,0,0,0,0,0,0,0,0,0,0,0,0,0,0,,,,,,,0,,N,1,1,2,,,,,Y,N
1739,dha-0042,em42,0,,,,,,,20141209,,,,,,,,,,0,,,,,,0,,,,,,,,,,0,,,,,,,,,,,,,,0,,,,,0,,,0,,,0,0,0,0,0,0,0,0,0,0,0,0,0,0,0,0,0,0,0,0,0,0,0,0,0,0,,,,,,,0,,N,1,1,2,,,,,Y,N
1759,dha-0042,em42,0,,,,,,,20141210,,,,,,,,,,0,,,,,,0,,,,,,,,,,0,,,,,,,,,,,,,,0,,,,,0,,,0,,,0,0,0,0,0,0,0,0,0,0,0,0,0,0,0,0,0,0,0,0,0,0,0,0,0,0,,,,,,,0,,N,1,1,2,,,,,Y,N
1796,dha-0042,em42,0,,,,,,,20141211,,,,,,,,,,0,,,,,,0,,,,,,,,,,0,,,,,,,,,,,,,,0,,,,,0,,,0,,,0,0,0,0,0,0,0,0,0,0,0,0,0,0,0,0,0,0,0,0,0,0,0,0,0,0,,,,,,,0,,N,1,1,2,,,,,Y,N
1797,dha-0042,em42,0,,,,,,,20141212,,,,,,,,,,0,,,,,,0,,,,,,,,,,0,,,,,,,,,,,,,,0,,,,,0,,,0,,,0,0,0,0,0,0,0,0,0,0,0,0,0,0,0,0,0,0,0,0,0,0,0,0,0,0,,,,,,,0,,N,1,1,2,,,,,Y,N
1879,dha-0042,em42,0,,,,,,,20141215,,,,,,,,,,0,,,,,,0,,,,,,,,,,0,,,,,,,,,,,,,,0,,,,,0,,,0,,,0,0,0,0,0,0,0,0,0,0,0,0,0,0,0,0,0,0,0,0,0,0,0,0,0,0,,,,,,,0,,N,1,1,2,,,,,Y,N
1880,dha-0042,em42,0,,,,,,,20141216,,,,,,,,,,0,,,,,,0,,,,,,,,,,0,,,,,,,,,,,,,,0,,,,,0,,,0,,,0,0,0,0,0,0,0,0,0,0,0,0,0,0,0,0,0,0,0,0,0,0,0,0,0,0,,,,,,,0,,N,1,1,2,,,,,Y,N
1910,dha-0042,em42,0,,,,,,,20141217,,,,,,,,,,0,,,,,,0,,,,,,,,,,0,,,,,,,,,,,,,,0,,,,,0,,,0,,,0,0,0,0,0,0,0,0,0,0,0,0,0,0,0,0,0,0,0,0,0,0,0,0,0,0,,,,,,,0,,N,1,1,2,,,,,Y,N
1942,dha-0042,em42,0,,,,,,,20141219,,,,,,,,,,0,,,,,,0,,,,,,,,,,0,,,,,,,,,,,,,,0,,,,,0,,,0,,,0,0,0,0,0,0,0,0,0,0,0,0,0,0,0,0,0,0,0,0,0,0,0,0,0,0,,,,,,,0,,N,1,1,2,,,,,Y,N
2045,dha-0042,em42,0,,,,,,,20141221,,,,,,,,,,0,,,,,,0,,,,,,,,,,0,,,,,,,,,,,,,,0,,,,,0,,,0,,,0,0,0,0,0,0,0,0,0,0,0,0,0,0,0,0,0,0,0,0,0,0,0,0,0,0,,,,,,,0,,N,1,1,2,,,,,Y,N
2047,dha-0042,em42,0,,,,,,,20141223,,,,,,,,,,0,,,,,,0,,,,,,,,,,0,,,,,,,,,,,,,,0,,,,,0,,,0,,,0,0,0,0,0,0,0,0,0,0,0,0,0,0,0,0,0,0,0,0,0,0,0,0,0,0,,,,,,,0,,N,1,1,2,,,,,Y,N
2048,dha-0042,em42,0,,,,,,,20141224,,,,,,,,,,0,,,,,,0,,,,,,,,,,0,,,,,,,,,,,,,,0,,,,,0,,,0,,,0,0,0,0,0,0,0,0,0,0,0,0,0,0,0,0,0,0,0,0,0,0,0,0,0,0,,,,,,,0,,N,1,1,2,,,,,Y,N
2049,dha-0042,em42,0,,,,,,,20141225,,,,,,,,,,0,,,,,,0,,,,,,,,,,0,,,,,,,,,,,,,,0,,,,,0,,,0,,,0,0,0,0,0,0,0,0,0,0,0,0,0,0,0,0,0,0,0,0,0,0,0,0,0,0,,,,,,,0,,N,1,1,2,,,,,Y,N
2054,dha-0042,em42,0,,,,,,,20141226,,,,,,,,,,0,,,,,,0,,,,,,,,,,0,,,,,,,,,,,,,,0,,,,,0,,,0,,,0,0,0,0,0,0,0,0,0,0,0,0,0,0,0,0,0,0,0,0,0,0,0,0,0,0,,,,,,,0,,N,1,1,2,,,,,Y,N
2127,dha-0042,em42,0,,,,,,,20141228,,,,,,,,,,0,,,,,,0,,,,,,,,,,0,,,,,,,,,,,,,,0,,,,,0,,,0,,,0,0,0,0,0,0,0,0,0,0,0,0,0,0,0,0,0,0,0,0,0,0,0,0,0,0,,,,,,,0,,N,1,1,2,,,,,Y,N
2201,dha-0042,em42,0,,,,,,,20141230,,,,,,,,,,0,,,,,,0,,,,,,,,,,0,,,,,,,,,,,,,,0,,,,,0,,,0,,,0,0,0,0,0,0,0,0,0,0,0,0,0,0,0,0,0,0,0,0,0,0,0,0,0,0,,,,,,,0,,N,1,1,2,,,,,Y,N
2216,dha-0042,em42,0,,,,,,,20141231,,,,,,,,,,0,,,,,,0,,,,,,,,,,0,,,,,,,,,,,,,,0,,,,,0,,,0,,,0,0,0,0,0,0,0,0,0,0,0,0,0,0,0,0,0,0,0,0,0,0,0,0,0,0,,,,,,,0,,N,1,1,2,,,,,Y,N
2237,dha-0042,em42,0,,,,,,,20150101,,,,,,,,,,0,,,,,,0,,,,,,,,,,0,,,,,,,,,,,,,,0,,,,,0,,,0,,,0,0,0,0,0,0,0,0,0,0,0,0,0,0,0,0,0,0,0,0,0,0,0,0,0,0,,,,,,,0,,N,1,1,2,,,,,Y,N
2254,dha-0042,em42,0,,,,,,,20150103,,,,,,,,,,0,,,,,,0,,,,,,,,,,0,,,,,,,,,,,,,,0,,,,,0,,,0,,,0,0,0,0,0,0,0,0,0,0,0,0,0,0,0,0,0,0,0,0,0,0,0,0,0,0,,,,,,,0,,N,1,1,2,,,,,Y,N
1296,dha-0044,em44,0,,,,,,,20141121,,,,,,,,,,0,,,,,,0,,,,,,,,,,0,,,,,,,,,,,,,,0,,,,,0,,,0,,,0,0,0,0,0,0,0,0,0,0,0,0,0,0,0,0,0,0,0,0,0,0,0,0,0,0,,,,,,,0,,N,1,1,2,,,,,Y,N
1542,dha-0044,em44,0,,,,,,,20141201,,,,,,,,,,0,,,,,,0,,,,,,,,,,0,,,,,,,,,,,,,,0,,,,,0,,,0,,,0,0,0,0,0,0,0,0,0,0,0,0,0,0,0,0,0,0,0,0,0,0,0,0,0,0,,,,,,,0,,N,1,1,2,,,,,Y,N
1620,dha-0044,em44,0,,,,,,,20141204,,,,,,,,,,0,,,,,,0,,,,,,,,,,0,,,,,,,,,,,,,,0,,,,,0,,,0,,,0,0,0,0,0,0,0,0,0,0,0,0,0,0,0,0,0,0,0,0,0,0,0,0,0,0,,,,,,,0,,N,1,1,2,,,,,Y,N
1670,dha-0044,em44,0,,,,,,,20141206,,,,,,,,,,0,,,,,,0,,,,,,,,,,0,,,,,,,,,,,,,,0,,,,,0,,,0,,,0,0,0,0,0,0,0,0,0,0,0,0,0,0,0,0,0,0,0,0,0,0,0,0,0,0,,,,,,,0,,N,1,1,2,,,,,Y,N
1885,dha-0044,em44,0,,,,,,,20141215,,,,,,,,,,0,,,,,,0,,,,,,,,,,0,,,,,,,,,,,,,,0,,,,,0,,,0,,,0,0,0,0,0,0,0,0,0,0,0,0,0,0,0,0,0,0,0,0,0,0,0,0,0,0,,,,,,,0,,N,1,1,2,,,,,Y,N
1848,dha-0044,em44,0,,,,,,,20141216,,,,,,,,,,0,,,,,,0,,,,,,,,,,0,,,,,,,,,,,,,,0,,,,,0,,,0,,,0,0,0,0,0,0,0,0,0,0,0,0,0,0,0,0,0,0,0,0,0,0,0,0,0,0,,,,,,,0,,N,1,1,2,,,,,Y,N
1936,dha-0044,em44,0,,,,,,,20141219,,,,,,,,,,0,,,,,,0,,,,,,,,,,0,,,,,,,,,,,,,,0,,,,,0,,,0,,,0,0,0,0,0,0,0,0,0,0,0,0,0,0,0,0,0,0,0,0,0,0,0,0,0,0,,,,,,,0,,N,1,1,2,,,,,Y,N
2268,dha-0044,em44,0,,,,,,,20150104,,,,,,,,,,0,,,,,,0,,,,,,,,,,0,,,,,,,,,,,,,,0,,,,,0,,,0,,,0,0,0,0,0,0,0,0,0,0,0,0,0,0,0,0,0,0,0,0,0,0,0,0,0,0,,,,,,,0,,N,1,1,2,,,,,Y,N
2438,dha-0044,em44,0,,,,,,,20150111,,,,,,,,,,0,,,,,,0,,,,,,,,,,0,,,,,,,,,,,,,,0,,,,,0,,,0,,,0,0,0,0,0,0,0,0,0,0,0,0,0,0,0,0,0,0,0,0,0,0,0,0,0,0,,,,,,,0,,N,1,1,2,,,,,Y,N
2607,dha-0044,em44,0,,,,,,,20150118,,,,,,,,,,0,,,,,,0,,,,,,,,,,0,,,,,,,,,,,,,,0,,,,,0,,,0,,,0,0,0,0,0,0,0,0,0,0,0,0,0,0,0,0,0,0,0,0,0,0,0,0,0,0,,,,,,,0,,N,1,1,2,,,,,Y,N
1460,dha-0049,em49,0,,,,,,,20141127,,,,,,,,,,0,,,,,,0,,,,,,,,,,0,,,,,,,,,,,,,,0,,,,,0,,,0,,,0,0,0,0,0,0,0,0,0,0,0,0,0,0,0,0,0,0,0,0,0,0,0,0,0,0,,,,,,,0,,N,1,1,2,,,,,Y,N
1461,dha-0049,em49,0,,,,,,,20141128,,,,,,,,,,0,,,,,,0,,,,,,,,,,0,,,,,,,,,,,,,,0,,,,,0,,,0,,,0,0,0,0,0,0,0,0,0,0,0,0,0,0,0,0,0,0,0,0,0,0,0,0,0,0,,,,,,,0,,N,1,1,2,,,,,Y,N
1536,dha-0049,em49,0,,,,,,,20141201,,,,,,,,,,0,,,,,,0,,,,,,,,,,0,,,,,,,,,,,,,,0,,,,,0,,,0,,,0,0,0,0,0,0,0,0,0,0,0,0,0,0,0,0,0,0,0,0,0,0,0,0,0,0,,,,,,,0,,N,1,1,2,,,,,Y,N
1537,dha-0049,em49,0,,,,,,,20141202,,,,,,,,,,0,,,,,,0,,,,,,,,,,0,,,,,,,,,,,,,,0,,,,,0,,,0,,,0,0,0,0,0,0,0,0,0,0,0,0,0,0,0,0,0,0,0,0,0,0,0,0,0,0,,,,,,,0,,N,1,1,2,,,,,Y,N
1694,dha-0049,em49,0,,,,,,,20141207,,,,,,,,,,0,,,,,,0,,,,,,,,,,0,,,,,,,,,,,,,,0,,,,,0,,,0,,,0,0,0,0,0,0,0,0,0,0,0,0,0,0,0,0,0,0,0,0,0,0,0,0,0,0,,,,,,,0,,N,1,1,2,,,,,Y,N
1695,dha-0049,em49,0,,,,,,,20141208,,,,,,,,,,0,,,,,,0,,,,,,,,,,0,,,,,,,,,,,,,,0,,,,,0,,,0,,,0,0,0,0,0,0,0,0,0,0,0,0,0,0,0,0,0,0,0,0,0,0,0,0,0,0,,,,,,,0,,N,1,1,2,,,,,Y,N
1733,dha-0049,em49,0,,,,,,,20141209,,,,,,,,,,0,,,,,,0,,,,,,,,,,0,,,,,,,,,,,,,,0,,,,,0,,,0,,,0,0,0,0,0,0,0,0,0,0,0,0,0,0,0,0,0,0,0,0,0,0,0,0,0,0,,,,,,,0,,N,1,1,2,,,,,Y,N
1788,dha-0049,em49,0,,,,,,,20141210,,,,,,,,,,0,,,,,,0,,,,,,,,,,0,,,,,,,,,,,,,,0,,,,,0,,,0,,,0,0,0,0,0,0,0,0,0,0,0,0,0,0,0,0,0,0,0,0,0,0,0,0,0,0,,,,,,,0,,N,1,1,2,,,,,Y,N
1790,dha-0049,em49,0,,,,,,,20141212,,,,,,,,,,0,,,,,,0,,,,,,,,,,0,,,,,,,,,,,,,,0,,,,,0,,,0,,,0,0,0,0,0,0,0,0,0,0,0,0,0,0,0,0,0,0,0,0,0,0,0,0,0,0,,,,,,,0,,N,1,1,2,,,,,Y,N
1817,dha-0049,em49,0,,,,,,,20141213,,,,,,,,,,0,,,,,,0,,,,,,,,,,0,,,,,,,,,,,,,,0,,,,,0,,,0,,,0,0,0,0,0,0,0,0,0,0,0,0,0,0,0,0,0,0,0,0,0,0,0,0,0,0,,,,,,,0,,N,1,1,2,,,,,Y,N
1818,dha-0049,em49,0,,,,,,,20141214,,,,,,,,,,0,,,,,,0,,,,,,,,,,0,,,,,,,,,,,,,,0,,,,,0,,,0,,,0,0,0,0,0,0,0,0,0,0,0,0,0,0,0,0,0,0,0,0,0,0,0,0,0,0,,,,,,,0,,N,1,1,2,,,,,Y,N
1845,dha-0049,em49,0,,,,,,,20141215,,,,,,,,,,0,,,,,,0,,,,,,,,,,0,,,,,,,,,,,,,,0,,,,,0,,,0,,,0,0,0,0,0,0,0,0,0,0,0,0,0,0,0,0,0,0,0,0,0,0,0,0,0,0,,,,,,,0,,N,1,1,2,,,,,Y,N
1893,dha-0049,em49,0,,,,,,,20141216,,,,,,,,,,0,,,,,,0,,,,,,,,,,0,,,,,,,,,,,,,,0,,,,,0,,,0,,,0,0,0,0,0,0,0,0,0,0,0,0,0,0,0,0,0,0,0,0,0,0,0,0,0,0,,,,,,,0,,N,1,1,2,,,,,Y,N
1894,dha-0049,em49,0,,,,,,,20141217,,,,,,,,,,0,,,,,,0,,,,,,,,,,0,,,,,,,,,,,,,,0,,,,,0,,,0,,,0,0,0,0,0,0,0,0,0,0,0,0,0,0,0,0,0,0,0,0,0,0,0,0,0,0,,,,,,,0,,N,1,1,2,,,,,Y,N
2011,dha-0049,em49,0,,,,,,,20141221,,,,,,,,,,0,,,,,,0,,,,,,,,,,0,,,,,,,,,,,,,,0,,,,,0,,,0,,,0,0,0,0,0,0,0,0,0,0,0,0,0,0,0,0,0,0,0,0,0,0,0,0,0,0,,,,,,,0,,N,1,1,2,,,,,Y,N
2012,dha-0049,em49,0,,,,,,,20141222,,,,,,,,,,0,,,,,,0,,,,,,,,,,0,,,,,,,,,,,,,,0,,,,,0,,,0,,,0,0,0,0,0,0,0,0,0,0,0,0,0,0,0,0,0,0,0,0,0,0,0,0,0,0,,,,,,,0,,N,1,1,2,,,,,Y,N
2013,dha-0049,em49,0,,,,,,,20141223,,,,,,,,,,0,,,,,,0,,,,,,,,,,0,,,,,,,,,,,,,,0,,,,,0,,,0,,,0,0,0,0,0,0,0,0,0,0,0,0,0,0,0,0,0,0,0,0,0,0,0,0,0,0,,,,,,,0,,N,1,1,2,,,,,Y,N
2039,dha-0049,em49,0,,,,,,,20141224,,,,,,,,,,0,,,,,,0,,,,,,,,,,0,,,,,,,,,,,,,,0,,,,,0,,,0,,,0,0,0,0,0,0,0,0,0,0,0,0,0,0,0,0,0,0,0,0,0,0,0,0,0,0,,,,,,,0,,N,1,1,2,,,,,Y,N
2114,dha-0049,em49,0,,,,,,,20141226,,,,,,,,,,0,,,,,,0,,,,,,,,,,0,,,,,,,,,,,,,,0,,,,,0,,,0,,,0,0,0,0,0,0,0,0,0,0,0,0,0,0,0,0,0,0,0,0,0,0,0,0,0,0,,,,,,,0,,N,1,1,2,,,,,Y,N
2160,dha-0049,em49,0,,,,,,,20141228,,,,,,,,,,0,,,,,,0,,,,,,,,,,0,,,,,,,,,,,,,,0,,,,,0,,,0,,,0,0,0,0,0,0,0,0,0,0,0,0,0,0,0,0,0,0,0,0,0,0,0,0,0,0,,,,,,,0,,N,1,1,2,,,,,Y,N
2161,dha-0049,em49,0,,,,,,,20141229,,,,,,,,,,0,,,,,,0,,,,,,,,,,0,,,,,,,,,,,,,,0,,,,,0,,,0,,,0,0,0,0,0,0,0,0,0,0,0,0,0,0,0,0,0,0,0,0,0,0,0,0,0,0,,,,,,,0,,N,1,1,2,,,,,Y,N
2240,dha-0049,em49,0,,,,,,,20141230,,,,,,,,,,0,,,,,,0,,,,,,,,,,0,,,,,,,,,,,,,,0,,,,,0,,,0,,,0,0,0,0,0,0,0,0,0,0,0,0,0,0,0,0,0,0,0,0,0,0,0,0,0,0,,,,,,,0,,N,1,1,2,,,,,Y,N
2241,dha-0049,em49,0,,,,,,,20141231,,,,,,,,,,0,,,,,,0,,,,,,,,,,0,,,,,,,,,,,,,,0,,,,,0,,,0,,,0,0,0,0,0,0,0,0,0,0,0,0,0,0,0,0,0,0,0,0,0,0,0,0,0,0,,,,,,,0,,N,1,1,2,,,,,Y,N
2383,dha-0049,em49,0,,,,,,,20150109,,,,,,,,,,0,,,,,,0,,,,,,,,,,0,,,,,,,,,,,,,,0,,,,,0,,,0,,,0,0,0,0,0,0,0,0,0,0,0,0,0,0,0,0,0,0,0,0,0,0,0,0,0,0,,,,,,,0,,N,1,1,2,,,,,Y,N
2486,dha-0049,em49,0,,,,,,,20150110,,,,,,,,,,0,,,,,,0,,,,,,,,,,0,,,,,,,,,,,,,,0,,,,,0,,,0,,,0,0,0,0,0,0,0,0,0,0,0,0,0,0,0,0,0,0,0,0,0,0,0,0,0,0,,,,,,,0,,N,1,1,2,,,,,Y,N
2536,dha-0049,em49,0,,,,,,,20150112,,,,,,,,,,0,,,,,,0,,,,,,,,,,0,,,,,,,,,,,,,,0,,,,,0,,,0,,,0,0,0,0,0,0,0,0,0,0,0,0,0,0,0,0,0,0,0,0,0,0,0,0,0,0,,,,,,,0,,N,1,1,2,,,,,Y,N
2537,dha-0049,em49,0,,,,,,,20150113,,,,,,,,,,0,,,,,,0,,,,,,,,,,0,,,,,,,,,,,,,,0,,,,,0,,,0,,,0,0,0,0,0,0,0,0,0,0,0,0,0,0,0,0,0,0,0,0,0,0,0,0,0,0,,,,,,,0,,N,1,1,2,,,,,Y,N
2538,dha-0049,em49,0,,,,,,,20150114,,,,,,,,,,0,,,,,,0,,,,,,,,,,0,,,,,,,,,,,,,,0,,,,,0,,,0,,,0,0,0,0,0,0,0,0,0,0,0,0,0,0,0,0,0,0,0,0,0,0,0,0,0,0,,,,,,,0,,N,1,1,2,,,,,Y,N
2590,dha-0049,em49,0,,,,,,,20150116,,,,,,,,,,0,,,,,,0,,,,,,,,,,0,,,,,,,,,,,,,,0,,,,,0,,,0,,,0,0,0,0,0,0,0,0,0,0,0,0,0,0,0,0,0,0,0,0,0,0,0,0,0,0,,,,,,,0,,N,1,1,2,,,,,Y,N
2671,dha-0049,em49,0,,,,,,,20150118,,,,,,,,,,0,,,,,,0,,,,,,,,,,0,,,,,,,,,,,,,,0,,,,,0,,,0,,,0,0,0,0,0,0,0,0,0,0,0,0,0,0,0,0,0,0,0,0,0,0,0,0,0,0,,,,,,,0,,N,1,1,2,,,,,Y,N
2672,dha-0049,em49,0,,,,,,,20150119,,,,,,,,,,0,,,,,,0,,,,,,,,,,0,,,,,,,,,,,,,,0,,,,,0,,,0,,,0,0,0,0,0,0,0,0,0,0,0,0,0,0,0,0,0,0,0,0,0,0,0,0,0,0,,,,,,,0,,N,1,1,2,,,,,Y,N
2674,dha-0049,em49,0,,,,,,,20150121,,,,,,,,,,0,,,,,,0,,,,,,,,,,0,,,,,,,,,,,,,,0,,,,,0,,,0,,,0,0,0,0,0,0,0,0,0,0,0,0,0,0,0,0,0,0,0,0,0,0,0,0,0,0,,,,,,,0,,N,1,1,2,,,,,Y,N
2725,dha-0049,em49,0,,,,,,,20150122,,,,,,,,,,0,,,,,,0,,,,,,,,,,0,,,,,,,,,,,,,,0,,,,,0,,,0,,,0,0,0,0,0,0,0,0,0,0,0,0,0,0,0,0,0,0,0,0,0,0,0,0,0,0,,,,,,,0,,N,1,1,2,,,,,Y,N
2726,dha-0049,em49,0,,,,,,,20150123,,,,,,,,,,0,,,,,,0,,,,,,,,,,0,,,,,,,,,,,,,,0,,,,,0,,,0,,,0,0,0,0,0,0,0,0,0,0,0,0,0,0,0,0,0,0,0,0,0,0,0,0,0,0,,,,,,,0,,N,1,1,2,,,,,Y,N
2765,dha-0049,em49,0,,,,,,,20150126,,,,,,,,,,0,,,,,,0,,,,,,,,,,0,,,,,,,,,,,,,,0,,,,,0,,,0,,,0,0,0,0,0,0,0,0,0,0,0,0,0,0,0,0,0,0,0,0,0,0,0,0,0,0,,,,,,,0,,N,1,1,2,,,,,Y,N
2846,dha-0049,em49,0,,,,,,,20150128,,,,,,,,,,0,,,,,,0,,,,,,,,,,0,,,,,,,,,,,,,,0,,,,,0,,,0,,,0,0,0,0,0,0,0,0,0,0,0,0,0,0,0,0,0,0,0,0,0,0,0,0,0,0,,,,,,,0,,N,1,1,2,,,,,Y,N
2847,dha-0049,em49,0,,,,,,,20150129,,,,,,,,,,0,,,,,,0,,,,,,,,,,0,,,,,,,,,,,,,,0,,,,,0,,,0,,,0,0,0,0,0,0,0,0,0,0,0,0,0,0,0,0,0,0,0,0,0,0,0,0,0,0,,,,,,,0,,N,1,1,2,,,,,Y,N
2848,dha-0049,em49,0,,,,,,,20150130,,,,,,,,,,0,,,,,,0,,,,,,,,,,0,,,,,,,,,,,,,,0,,,,,0,,,0,,,0,0,0,0,0,0,0,0,0,0,0,0,0,0,0,0,0,0,0,0,0,0,0,0,0,0,,,,,,,0,,N,1,1,2,,,,,Y,N
2916,dha-0049,em49,0,,,,,,,20150204,,,,,,,,,,0,,,,,,0,,,,,,,,,,0,,,,,,,,,,,,,,0,,,,,0,,,0,,,0,0,0,0,0,0,0,0,0,0,0,0,0,0,0,0,0,0,0,0,0,0,0,0,0,0,,,,,,,0,,N,1,1,2,,,,,Y,N
2964,dha-0049,em49,0,,,,,,,20150205,,,,,,,,,,0,,,,,,0,,,,,,,,,,0,,,,,,,,,,,,,,0,,,,,0,,,0,,,0,0,0,0,0,0,0,0,0,0,0,0,0,0,0,0,0,0,0,0,0,0,0,0,0,0,,,,,,,0,,N,1,1,2,,,,,Y,N
2965,dha-0049,em49,0,,,,,,,20150206,,,,,,,,,,0,,,,,,0,,,,,,,,,,0,,,,,,,,,,,,,,0,,,,,0,,,0,,,0,0,0,0,0,0,0,0,0,0,0,0,0,0,0,0,0,0,0,0,0,0,0,0,0,0,,,,,,,0,,N,1,1,2,,,,,Y,N
3004,dha-0049,em49,0,,,,,,,20150209,,,,,,,,,,0,,,,,,0,,,,,,,,,,0,,,,,,,,,,,,,,0,,,,,0,,,0,,,0,0,0,0,0,0,0,0,0,0,0,0,0,0,0,0,0,0,0,0,0,0,0,0,0,0,,,,,,,0,,N,1,1,2,,,,,Y,N
1450,dha-0050,EM50,0,,,,,,,20141121,,,,,,,,,,0,,,,,,0,,,,,,,,,,0,,,,,,,,,,,,,,0,,,,,0,,,0,,,0,0,0,0,0,0,0,0,0,0,0,0,0,0,0,0,0,0,0,0,0,0,0,0,0,0,,,,,,,0,,N,1,1,2,,,,,Y,N
2113,dha-0050,EM50,0,,,,,,,20141228,,,,,,,,,,0,,,,,,0,,,,,,,,,,0,,,,,,,,,,,,,,0,,,,,0,,,0,,,0,0,0,0,0,0,0,0,0,0,0,0,0,0,0,0,0,0,0,0,0,0,0,0,0,0,,,,,,,0,,N,1,1,2,,,,,Y,N
2204,dha-0050,EM50,0,,,,,,,20141231,,,,,,,,,,0,,,,,,0,,,,,,,,,,0,,,,,,,,,,,,,,0,,,,,0,,,0,,,0,0,0,0,0,0,0,0,0,0,0,0,0,0,0,0,0,0,0,0,0,0,0,0,0,0,,,,,,,0,,N,1,1,2,,,,,Y,N
2322,dha-0050,EM50,0,,,,,,,20150104,,,,,,,,,,0,,,,,,0,,,,,,,,,,0,,,,,,,,,,,,,,0,,,,,0,,,0,,,0,0,0,0,0,0,0,0,0,0,0,0,0,0,0,0,0,0,0,0,0,0,0,0,0,0,,,,,,,0,,N,1,1,2,,,,,Y,N
2323,dha-0050,EM50,0,,,,,,,20150105,,,,,,,,,,0,,,,,,0,,,,,,,,,,0,,,,,,,,,,,,,,0,,,,,0,,,0,,,0,0,0,0,0,0,0,0,0,0,0,0,0,0,0,0,0,0,0,0,0,0,0,0,0,0,,,,,,,0,,N,1,1,2,,,,,Y,N
2321,dha-0050,EM50,0,,,,,,,20150106,,,,,,,,,,0,,,,,,0,,,,,,,,,,0,,,,,,,,,,,,,,0,,,,,0,,,0,,,0,0,0,0,0,0,0,0,0,0,0,0,0,0,0,0,0,0,0,0,0,0,0,0,0,0,,,,,,,0,,N,1,1,2,,,,,Y,N
2556,dha-0050,EM50,0,,,,,,,20150111,,,,,,,,,,0,,,,,,0,,,,,,,,,,0,,,,,,,,,,,,,,0,,,,,0,,,0,,,0,0,0,0,0,0,0,0,0,0,0,0,0,0,0,0,0,0,0,0,0,0,0,0,0,0,,,,,,,0,,N,1,1,2,,,,,Y,N
2557,dha-0050,EM50,0,,,,,,,20150112,,,,,,,,,,0,,,,,,0,,,,,,,,,,0,,,,,,,,,,,,,,0,,,,,0,,,0,,,0,0,0,0,0,0,0,0,0,0,0,0,0,0,0,0,0,0,0,0,0,0,0,0,0,0,,,,,,,0,,N,1,1,2,,,,,Y,N
2821,dha-0050,EM50,0,,,,,,,20150120,,,,,,,,,,0,,,,,,0,,,,,,,,,,0,,,,,,,,,,,,,,0,,,,,0,,,0,,,0,0,0,0,0,0,0,0,0,0,0,0,0,0,0,0,0,0,0,0,0,0,0,0,0,0,,,,,,,0,,N,1,1,2,,,,,Y,N
2819,dha-0050,EM50,0,,,,,,,20150127,,,,,,,,,,0,,,,,,0,,,,,,,,,,0,,,,,,,,,,,,,,0,,,,,0,,,0,,,0,0,0,0,0,0,0,0,0,0,0,0,0,0,0,0,0,0,0,0,0,0,0,0,0,0,,,,,,,0,,N,1,1,2,,,,,Y,N
1465,dha-0051,EM51,0,,,,,,,20141128,,,,,,,,,,0,,,,,,0,,,,,,,,,,0,,,,,,,,,,,,,,0,,,,,0,,,0,,,0,0,0,0,0,0,0,0,0,0,0,0,0,0,0,0,0,0,0,0,0,0,0,0,0,0,,,,,,,0,,N,1,1,2,,,,,Y,N
1485,dha-0051,EM51,0,,,,,,,20141129,,,,,,,,,,0,,,,,,0,,,,,,,,,,0,,,,,,,,,,,,,,0,,,,,0,,,0,,,0,0,0,0,0,0,0,0,0,0,0,0,0,0,0,0,0,0,0,0,0,0,0,0,0,0,,,,,,,0,,N,1,1,2,,,,,Y,N
1713,dha-0051,EM51,0,,,,,,,20141208,,,,,,,,,,0,,,,,,0,,,,,,,,,,0,,,,,,,,,,,,,,0,,,,,0,,,0,,,0,0,0,0,0,0,0,0,0,0,0,0,0,0,0,0,0,0,0,0,0,0,0,0,0,0,,,,,,,0,,N,1,1,2,,,,,Y,N
1738,dha-0051,EM51,0,,,,,,,20141209,,,,,,,,,,0,,,,,,0,,,,,,,,,,0,,,,,,,,,,,,,,0,,,,,0,,,0,,,0,0,0,0,0,0,0,0,0,0,0,0,0,0,0,0,0,0,0,0,0,0,0,0,0,0,,,,,,,0,,N,1,1,2,,,,,Y,N
1755,dha-0051,EM51,0,,,,,,,20141210,,,,,,,,,,0,,,,,,0,,,,,,,,,,0,,,,,,,,,,,,,,0,,,,,0,,,0,,,0,0,0,0,0,0,0,0,0,0,0,0,0,0,0,0,0,0,0,0,0,0,0,0,0,0,,,,,,,0,,N,1,1,2,,,,,Y,N
1775,dha-0051,EM51,0,,,,,,,20141211,,,,,,,,,,0,,,,,,0,,,,,,,,,,0,,,,,,,,,,,,,,0,,,,,0,,,0,,,0,0,0,0,0,0,0,0,0,0,0,0,0,0,0,0,0,0,0,0,0,0,0,0,0,0,,,,,,,0,,N,1,1,2,,,,,Y,N
1776,dha-0051,EM51,0,,,,,,,20141212,,,,,,,,,,0,,,,,,0,,,,,,,,,,0,,,,,,,,,,,,,,0,,,,,0,,,0,,,0,0,0,0,0,0,0,0,0,0,0,0,0,0,0,0,0,0,0,0,0,0,0,0,0,0,,,,,,,0,,N,1,1,2,,,,,Y,N
1823,dha-0051,EM51,0,,,,,,,20141213,,,,,,,,,,0,,,,,,0,,,,,,,,,,0,,,,,,,,,,,,,,0,,,,,0,,,0,,,0,0,0,0,0,0,0,0,0,0,0,0,0,0,0,0,0,0,0,0,0,0,0,0,0,0,,,,,,,0,,N,1,1,2,,,,,Y,N
1824,dha-0051,EM51,0,,,,,,,20141214,,,,,,,,,,0,,,,,,0,,,,,,,,,,0,,,,,,,,,,,,,,0,,,,,0,,,0,,,0,0,0,0,0,0,0,0,0,0,0,0,0,0,0,0,0,0,0,0,0,0,0,0,0,0,,,,,,,0,,N,1,1,2,,,,,Y,N
2056,dha-0051,EM51,0,,,,,,,20141215,,,,,,,,,,0,,,,,,0,,,,,,,,,,0,,,,,,,,,,,,,,0,,,,,0,,,0,,,0,0,0,0,0,0,0,0,0,0,0,0,0,0,0,0,0,0,0,0,0,0,0,0,0,0,,,,,,,0,,N,1,1,2,,,,,Y,N
2057,dha-0051,EM51,0,,,,,,,20141216,,,,,,,,,,0,,,,,,0,,,,,,,,,,0,,,,,,,,,,,,,,0,,,,,0,,,0,,,0,0,0,0,0,0,0,0,0,0,0,0,0,0,0,0,0,0,0,0,0,0,0,0,0,0,,,,,,,0,,N,1,1,2,,,,,Y,N
2058,dha-0051,EM51,0,,,,,,,20141217,,,,,,,,,,0,,,,,,0,,,,,,,,,,0,,,,,,,,,,,,,,0,,,,,0,,,0,,,0,0,0,0,0,0,0,0,0,0,0,0,0,0,0,0,0,0,0,0,0,0,0,0,0,0,,,,,,,0,,N,1,1,2,,,,,Y,N
2059,dha-0051,EM51,0,,,,,,,20141218,,,,,,,,,,0,,,,,,0,,,,,,,,,,0,,,,,,,,,,,,,,0,,,,,0,,,0,,,0,0,0,0,0,0,0,0,0,0,0,0,0,0,0,0,0,0,0,0,0,0,0,0,0,0,,,,,,,0,,N,1,1,2,,,,,Y,N
2060,dha-0051,EM51,0,,,,,,,20141219,,,,,,,,,,0,,,,,,0,,,,,,,,,,0,,,,,,,,,,,,,,0,,,,,0,,,0,,,0,0,0,0,0,0,0,0,0,0,0,0,0,0,0,0,0,0,0,0,0,0,0,0,0,0,,,,,,,0,,N,1,1,2,,,,,Y,N
2061,dha-0051,EM51,0,,,,,,,20141220,,,,,,,,,,0,,,,,,0,,,,,,,,,,0,,,,,,,,,,,,,,0,,,,,0,,,0,,,0,0,0,0,0,0,0,0,0,0,0,0,0,0,0,0,0,0,0,0,0,0,0,0,0,0,,,,,,,0,,N,1,1,2,,,,,Y,N
2062,dha-0051,EM51,0,,,,,,,20141221,,,,,,,,,,0,,,,,,0,,,,,,,,,,0,,,,,,,,,,,,,,0,,,,,0,,,0,,,0,0,0,0,0,0,0,0,0,0,0,0,0,0,0,0,0,0,0,0,0,0,0,0,0,0,,,,,,,0,,N,1,1,2,,,,,Y,N
2063,dha-0051,EM51,0,,,,,,,20141222,,,,,,,,,,0,,,,,,0,,,,,,,,,,0,,,,,,,,,,,,,,0,,,,,0,,,0,,,0,0,0,0,0,0,0,0,0,0,0,0,0,0,0,0,0,0,0,0,0,0,0,0,0,0,,,,,,,0,,N,1,1,2,,,,,Y,N
2064,dha-0051,EM51,0,,,,,,,20141223,,,,,,,,,,0,,,,,,0,,,,,,,,,,0,,,,,,,,,,,,,,0,,,,,0,,,0,,,0,0,0,0,0,0,0,0,0,0,0,0,0,0,0,0,0,0,0,0,0,0,0,0,0,0,,,,,,,0,,N,1,1,2,,,,,Y,N
2065,dha-0051,EM51,0,,,,,,,20141224,,,,,,,,,,0,,,,,,0,,,,,,,,,,0,,,,,,,,,,,,,,0,,,,,0,,,0,,,0,0,0,0,0,0,0,0,0,0,0,0,0,0,0,0,0,0,0,0,0,0,0,0,0,0,,,,,,,0,,N,1,1,2,,,,,Y,N
2066,dha-0051,EM51,0,,,,,,,20141225,,,,,,,,,,0,,,,,,0,,,,,,,,,,0,,,,,,,,,,,,,,0,,,,,0,,,0,,,0,0,0,0,0,0,0,0,0,0,0,0,0,0,0,0,0,0,0,0,0,0,0,0,0,0,,,,,,,0,,N,1,1,2,,,,,Y,N
2067,dha-0051,EM51,0,,,,,,,20141226,,,,,,,,,,0,,,,,,0,,,,,,,,,,0,,,,,,,,,,,,,,0,,,,,0,,,0,,,0,0,0,0,0,0,0,0,0,0,0,0,0,0,0,0,0,0,0,0,0,0,0,0,0,0,,,,,,,0,,N,1,1,2,,,,,Y,N
2068,dha-0051,EM51,0,,,,,,,20141227,,,,,,,,,,0,,,,,,0,,,,,,,,,,0,,,,,,,,,,,,,,0,,,,,0,,,0,,,0,0,0,0,0,0,0,0,0,0,0,0,0,0,0,0,0,0,0,0,0,0,0,0,0,0,,,,,,,0,,N,1,1,2,,,,,Y,N
2414,dha-0051,EM51,0,,,,,,,20141228,,,,,,,,,,0,,,,,,0,,,,,,,,,,0,,,,,,,,,,,,,,0,,,,,0,,,0,,,0,0,0,0,0,0,0,0,0,0,0,0,0,0,0,0,0,0,0,0,0,0,0,0,0,0,,,,,,,0,,N,1,1,2,,,,,Y,N
2415,dha-0051,EM51,0,,,,,,,20141229,,,,,,,,,,0,,,,,,0,,,,,,,,,,0,,,,,,,,,,,,,,0,,,,,0,,,0,,,0,0,0,0,0,0,0,0,0,0,0,0,0,0,0,0,0,0,0,0,0,0,0,0,0,0,,,,,,,0,,N,1,1,2,,,,,Y,N
2416,dha-0051,EM51,0,,,,,,,20141230,,,,,,,,,,0,,,,,,0,,,,,,,,,,0,,,,,,,,,,,,,,0,,,,,0,,,0,,,0,0,0,0,0,0,0,0,0,0,0,0,0,0,0,0,0,0,0,0,0,0,0,0,0,0,,,,,,,0,,N,1,1,2,,,,,Y,N
2417,dha-0051,EM51,0,,,,,,,20141231,,,,,,,,,,0,,,,,,0,,,,,,,,,,0,,,,,,,,,,,,,,0,,,,,0,,,0,,,0,0,0,0,0,0,0,0,0,0,0,0,0,0,0,0,0,0,0,0,0,0,0,0,0,0,,,,,,,0,,N,1,1,2,,,,,Y,N
2418,dha-0051,EM51,0,,,,,,,20150101,,,,,,,,,,0,,,,,,0,,,,,,,,,,0,,,,,,,,,,,,,,0,,,,,0,,,0,,,0,0,0,0,0,0,0,0,0,0,0,0,0,0,0,0,0,0,0,0,0,0,0,0,0,0,,,,,,,0,,N,1,1,2,,,,,Y,N
2421,dha-0051,EM51,0,,,,,,,20150104,,,,,,,,,,0,,,,,,0,,,,,,,,,,0,,,,,,,,,,,,,,0,,,,,0,,,0,,,0,0,0,0,0,0,0,0,0,0,0,0,0,0,0,0,0,0,0,0,0,0,0,0,0,0,,,,,,,0,,N,1,1,2,,,,,Y,N
2422,dha-0051,EM51,0,,,,,,,20150105,,,,,,,,,,0,,,,,,0,,,,,,,,,,0,,,,,,,,,,,,,,0,,,,,0,,,0,,,0,0,0,0,0,0,0,0,0,0,0,0,0,0,0,0,0,0,0,0,0,0,0,0,0,0,,,,,,,0,,N,1,1,2,,,,,Y,N
2423,dha-0051,EM51,0,,,,,,,20150106,,,,,,,,,,0,,,,,,0,,,,,,,,,,0,,,,,,,,,,,,,,0,,,,,0,,,0,,,0,0,0,0,0,0,0,0,0,0,0,0,0,0,0,0,0,0,0,0,0,0,0,0,0,0,,,,,,,0,,N,1,1,2,,,,,Y,N
2424,dha-0051,EM51,0,,,,,,,20150107,,,,,,,,,,0,,,,,,0,,,,,,,,,,0,,,,,,,,,,,,,,0,,,,,0,,,0,,,0,0,0,0,0,0,0,0,0,0,0,0,0,0,0,0,0,0,0,0,0,0,0,0,0,0,,,,,,,0,,N,1,1,2,,,,,Y,N
2425,dha-0051,EM51,0,,,,,,,20150108,,,,,,,,,,0,,,,,,0,,,,,,,,,,0,,,,,,,,,,,,,,0,,,,,0,,,0,,,0,0,0,0,0,0,0,0,0,0,0,0,0,0,0,0,0,0,0,0,0,0,0,0,0,0,,,,,,,0,,N,1,1,2,,,,,Y,N
2426,dha-0051,EM51,0,,,,,,,20150109,,,,,,,,,,0,,,,,,0,,,,,,,,,,0,,,,,,,,,,,,,,0,,,,,0,,,0,,,0,0,0,0,0,0,0,0,0,0,0,0,0,0,0,0,0,0,0,0,0,0,0,0,0,0,,,,,,,0,,N,1,1,2,,,,,Y,N
2427,dha-0051,EM51,0,,,,,,,20150110,,,,,,,,,,0,,,,,,0,,,,,,,,,,0,,,,,,,,,,,,,,0,,,,,0,,,0,,,0,0,0,0,0,0,0,0,0,0,0,0,0,0,0,0,0,0,0,0,0,0,0,0,0,0,,,,,,,0,,N,1,1,2,,,,,Y,N
2428,dha-0051,EM51,0,,,,,,,20150111,,,,,,,,,,0,,,,,,0,,,,,,,,,,0,,,,,,,,,,,,,,0,,,,,0,,,0,,,0,0,0,0,0,0,0,0,0,0,0,0,0,0,0,0,0,0,0,0,0,0,0,0,0,0,,,,,,,0,,N,1,1,2,,,,,Y,N
1978,dha-0053,em53,0,,,,,,,20141221,,,,,,,,,,0,,,,,,0,,,,,,,,,,0,,,,,,,,,,,,,,0,,,,,0,,,0,,,0,0,0,0,0,0,0,0,0,0,0,0,0,0,0,0,0,0,0,0,0,0,0,0,0,0,,,,,,,0,,N,1,1,2,,,,,Y,N
2096,dha-0053,em53,0,,,,,,,20141227,,,,,,,,,,0,,,,,,0,,,,,,,,,,0,,,,,,,,,,,,,,0,,,,,0,,,0,,,0,0,0,0,0,0,0,0,0,0,0,0,0,0,0,0,0,0,0,0,0,0,0,0,0,0,,,,,,,0,,N,1,1,2,,,,,Y,N
2146,dha-0053,em53,0,,,,,,,20141228,,,,,,,,,,0,,,,,,0,,,,,,,,,,0,,,,,,,,,,,,,,0,,,,,0,,,0,,,0,0,0,0,0,0,0,0,0,0,0,0,0,0,0,0,0,0,0,0,0,0,0,0,0,0,,,,,,,0,,N,1,1,2,,,,,Y,N
2147,dha-0053,em53,0,,,,,,,20141229,,,,,,,,,,0,,,,,,0,,,,,,,,,,0,,,,,,,,,,,,,,0,,,,,0,,,0,,,0,0,0,0,0,0,0,0,0,0,0,0,0,0,0,0,0,0,0,0,0,0,0,0,0,0,,,,,,,0,,N,1,1,2,,,,,Y,N
2165,dha-0053,em53,0,,,,,,,20141230,,,,,,,,,,0,,,,,,0,,,,,,,,,,0,,,,,,,,,,,,,,0,,,,,0,,,0,,,0,0,0,0,0,0,0,0,0,0,0,0,0,0,0,0,0,0,0,0,0,0,0,0,0,0,,,,,,,0,,N,1,1,2,,,,,Y,N
2249,dha-0053,em53,0,,,,,,,20141231,,,,,,,,,,0,,,,,,0,,,,,,,,,,0,,,,,,,,,,,,,,0,,,,,0,,,0,,,0,0,0,0,0,0,0,0,0,0,0,0,0,0,0,0,0,0,0,0,0,0,0,0,0,0,,,,,,,0,,N,1,1,2,,,,,Y,N
2250,dha-0053,em53,0,,,,,,,20150101,,,,,,,,,,0,,,,,,0,,,,,,,,,,0,,,,,,,,,,,,,,0,,,,,0,,,0,,,0,0,0,0,0,0,0,0,0,0,0,0,0,0,0,0,0,0,0,0,0,0,0,0,0,0,,,,,,,0,,N,1,1,2,,,,,Y,N
2407,dha-0053,em53,0,,,,,,,20150110,,,,,,,,,,0,,,,,,0,,,,,,,,,,0,,,,,,,,,,,,,,0,,,,,0,,,0,,,0,0,0,0,0,0,0,0,0,0,0,0,0,0,0,0,0,0,0,0,0,0,0,0,0,0,,,,,,,0,,N,1,1,2,,,,,Y,N
2459,dha-0053,em53,0,,,,,,,20150111,,,,,,,,,,0,,,,,,0,,,,,,,,,,0,,,,,,,,,,,,,,0,,,,,0,,,0,,,0,0,0,0,0,0,0,0,0,0,0,0,0,0,0,0,0,0,0,0,0,0,0,0,0,0,,,,,,,0,,N,1,1,2,,,,,Y,N
2581,dha-0053,em53,0,,,,,,,20150117,,,,,,,,,,0,,,,,,0,,,,,,,,,,0,,,,,,,,,,,,,,0,,,,,0,,,0,,,0,0,0,0,0,0,0,0,0,0,0,0,0,0,0,0,0,0,0,0,0,0,0,0,0,0,,,,,,,0,,N,1,1,2,,,,,Y,N
2602,dha-0053,em53,0,,,,,,,20150118,,,,,,,,,,0,,,,,,0,,,,,,,,,,0,,,,,,,,,,,,,,0,,,,,0,,,0,,,0,0,0,0,0,0,0,0,0,0,0,0,0,0,0,0,0,0,0,0,0,0,0,0,0,0,,,,,,,0,,N,1,1,2,,,,,Y,N
2732,dha-0053,em53,0,,,,,,,20150125,,,,,,,,,,0,,,,,,0,,,,,,,,,,0,,,,,,,,,,,,,,0,,,,,0,,,0,,,0,0,0,0,0,0,0,0,0,0,0,0,0,0,0,0,0,0,0,0,0,0,0,0,0,0,,,,,,,0,,N,1,1,2,,,,,Y,N
2840,dha-0053,em53,0,,,,,,,20150131,,,,,,,,,,0,,,,,,0,,,,,,,,,,0,,,,,,,,,,,,,,0,,,,,0,,,0,,,0,0,0,0,0,0,0,0,0,0,0,0,0,0,0,0,0,0,0,0,0,0,0,0,0,0,,,,,,,0,,N,1,1,2,,,,,Y,N
2838,dha-0053,em53,0,,,,,,,20150201,,,,,,,,,,0,,,,,,0,,,,,,,,,,0,,,,,,,,,,,,,,0,,,,,0,,,0,,,0,0,0,0,0,0,0,0,0,0,0,0,0,0,0,0,0,0,0,0,0,0,0,0,0,0,,,,,,,0,,N,1,1,2,,,,,Y,N
3134,dha-0053,em53,0,,,,,,,20150215,,,,,,,,,,0,,,,,,0,,,,,,,,,,0,,,,,,,,,,,,,,0,,,,,0,,,0,,,0,0,0,0,0,0,0,0,0,0,0,0,0,0,0,0,0,0,0,0,0,0,0,0,0,0,,,,,,,0,,N,1,1,2,,,,,Y,N
3137,dha-0053,em53,0,,,,,,,20150219,,,,,,,,,,0,,,,,,0,,,,,,,,,,0,,,,,,,,,,,,,,0,,,,,0,,,0,,,0,0,0,0,0,0,0,0,0,0,0,0,0,0,0,0,0,0,0,0,0,0,0,0,0,0,,,,,,,0,,N,1,1,2,,,,,Y,N
3138,dha-0053,em53,0,,,,,,,20150220,,,,,,,,,,0,,,,,,0,,,,,,,,,,0,,,,,,,,,,,,,,0,,,,,0,,,0,,,0,0,0,0,0,0,0,0,0,0,0,0,0,0,0,0,0,0,0,0,0,0,0,0,0,0,,,,,,,0,,N,1,1,2,,,,,Y,N
3182,dha-0053,em53,0,,,,,,,20150221,,,,,,,,,,0,,,,,,0,,,,,,,,,,0,,,,,,,,,,,,,,0,,,,,0,,,0,,,0,0,0,0,0,0,0,0,0,0,0,0,0,0,0,0,0,0,0,0,0,0,0,0,0,0,,,,,,,0,,N,1,1,2,,,,,Y,N
3297,dha-0053,em53,0,,,,,,,20150228,,,,,,,,,,0,,,,,,0,,,,,,,,,,0,,,,,,,,,,,,,,0,,,,,0,,,0,,,0,0,0,0,0,0,0,0,0,0,0,0,0,0,0,0,0,0,0,0,0,0,0,0,0,0,,,,,,,0,,N,1,1,2,,,,,Y,N
3298,dha-0053,em53,0,,,,,,,20150301,,,,,,,,,,0,,,,,,0,,,,,,,,,,0,,,,,,,,,,,,,,0,,,,,0,,,0,,,0,0,0,0,0,0,0,0,0,0,0,0,0,0,0,0,0,0,0,0,0,0,0,0,0,0,,,,,,,0,,N,1,1,2,,,,,Y,N
1766,dha-0055,em55,0,,,,,,,20141211,,,,,,,,,,0,,,,,,0,,,,,,,,,,0,,,,,,,,,,,,,,0,,,,,0,,,0,,,0,0,0,0,0,0,0,0,0,0,0,0,0,0,0,0,0,0,0,0,0,0,0,0,0,0,,,,,,,0,,N,1,1,2,,,,,Y,N
1791,dha-0055,em55,0,,,,,,,20141212,,,,,,,,,,0,,,,,,0,,,,,,,,,,0,,,,,,,,,,,,,,0,,,,,0,,,0,,,0,0,0,0,0,0,0,0,0,0,0,0,0,0,0,0,0,0,0,0,0,0,0,0,0,0,,,,,,,0,,N,1,1,2,,,,,Y,N
1820,dha-0055,em55,0,,,,,,,20141213,,,,,,,,,,0,,,,,,0,,,,,,,,,,0,,,,,,,,,,,,,,0,,,,,0,,,0,,,0,0,0,0,0,0,0,0,0,0,0,0,0,0,0,0,0,0,0,0,0,0,0,0,0,0,,,,,,,0,,N,1,1,2,,,,,Y,N
1821,dha-0055,em55,0,,,,,,,20141214,,,,,,,,,,0,,,,,,0,,,,,,,,,,0,,,,,,,,,,,,,,0,,,,,0,,,0,,,0,0,0,0,0,0,0,0,0,0,0,0,0,0,0,0,0,0,0,0,0,0,0,0,0,0,,,,,,,0,,N,1,1,2,,,,,Y,N
1858,dha-0055,em55,0,,,,,,,20141216,,,,,,,,,,0,,,,,,0,,,,,,,,,,0,,,,,,,,,,,,,,0,,,,,0,,,0,,,0,0,0,0,0,0,0,0,0,0,0,0,0,0,0,0,0,0,0,0,0,0,0,0,0,0,,,,,,,0,,N,1,1,2,,,,,Y,N
1931,dha-0055,em55,0,,,,,,,20141218,,,,,,,,,,0,,,,,,0,,,,,,,,,,0,,,,,,,,,,,,,,0,,,,,0,,,0,,,0,0,0,0,0,0,0,0,0,0,0,0,0,0,0,0,0,0,0,0,0,0,0,0,0,0,,,,,,,0,,N,1,1,2,,,,,Y,N
1954,dha-0055,em55,0,,,,,,,20141219,,,,,,,,,,0,,,,,,0,,,,,,,,,,0,,,,,,,,,,,,,,0,,,,,0,,,0,,,0,0,0,0,0,0,0,0,0,0,0,0,0,0,0,0,0,0,0,0,0,0,0,0,0,0,,,,,,,0,,N,1,1,2,,,,,Y,N
1983,dha-0055,em55,0,,,,,,,20141221,,,,,,,,,,0,,,,,,0,,,,,,,,,,0,,,,,,,,,,,,,,0,,,,,0,,,0,,,0,0,0,0,0,0,0,0,0,0,0,0,0,0,0,0,0,0,0,0,0,0,0,0,0,0,,,,,,,0,,N,1,1,2,,,,,Y,N
2091,dha-0055,em55,0,,,,,,,20141226,,,,,,,,,,0,,,,,,0,,,,,,,,,,0,,,,,,,,,,,,,,0,,,,,0,,,0,,,0,0,0,0,0,0,0,0,0,0,0,0,0,0,0,0,0,0,0,0,0,0,0,0,0,0,,,,,,,0,,N,1,1,2,,,,,Y,N
2212,dha-0055,em55,0,,,,,,,20141228,,,,,,,,,,0,,,,,,0,,,,,,,,,,0,,,,,,,,,,,,,,0,,,,,0,,,0,,,0,0,0,0,0,0,0,0,0,0,0,0,0,0,0,0,0,0,0,0,0,0,0,0,0,0,,,,,,,0,,N,1,1,2,,,,,Y,N
2291,dha-0055,em55,0,,,,,,,20150102,,,,,,,,,,0,,,,,,0,,,,,,,,,,0,,,,,,,,,,,,,,0,,,,,0,,,0,,,0,0,0,0,0,0,0,0,0,0,0,0,0,0,0,0,0,0,0,0,0,0,0,0,0,0,,,,,,,0,,N,1,1,2,,,,,Y,N
2292,dha-0055,em55,0,,,,,,,20150103,,,,,,,,,,0,,,,,,0,,,,,,,,,,0,,,,,,,,,,,,,,0,,,,,0,,,0,,,0,0,0,0,0,0,0,0,0,0,0,0,0,0,0,0,0,0,0,0,0,0,0,0,0,0,,,,,,,0,,N,1,1,2,,,,,Y,N
2293,dha-0055,em55,0,,,,,,,20150104,,,,,,,,,,0,,,,,,0,,,,,,,,,,0,,,,,,,,,,,,,,0,,,,,0,,,0,,,0,0,0,0,0,0,0,0,0,0,0,0,0,0,0,0,0,0,0,0,0,0,0,0,0,0,,,,,,,0,,N,1,1,2,,,,,Y,N
2373,dha-0055,em55,0,,,,,,,20150105,,,,,,,,,,0,,,,,,0,,,,,,,,,,0,,,,,,,,,,,,,,0,,,,,0,,,0,,,0,0,0,0,0,0,0,0,0,0,0,0,0,0,0,0,0,0,0,0,0,0,0,0,0,0,,,,,,,0,,N,1,1,2,,,,,Y,N
2374,dha-0055,em55,0,,,,,,,20150106,,,,,,,,,,0,,,,,,0,,,,,,,,,,0,,,,,,,,,,,,,,0,,,,,0,,,0,,,0,0,0,0,0,0,0,0,0,0,0,0,0,0,0,0,0,0,0,0,0,0,0,0,0,0,,,,,,,0,,N,1,1,2,,,,,Y,N
2375,dha-0055,em55,0,,,,,,,20150107,,,,,,,,,,0,,,,,,0,,,,,,,,,,0,,,,,,,,,,,,,,0,,,,,0,,,0,,,0,0,0,0,0,0,0,0,0,0,0,0,0,0,0,0,0,0,0,0,0,0,0,0,0,0,,,,,,,0,,N,1,1,2,,,,,Y,N
2376,dha-0055,em55,0,,,,,,,20150108,,,,,,,,,,0,,,,,,0,,,,,,,,,,0,,,,,,,,,,,,,,0,,,,,0,,,0,,,0,0,0,0,0,0,0,0,0,0,0,0,0,0,0,0,0,0,0,0,0,0,0,0,0,0,,,,,,,0,,N,1,1,2,,,,,Y,N
2377,dha-0055,em55,0,,,,,,,20150109,,,,,,,,,,0,,,,,,0,,,,,,,,,,0,,,,,,,,,,,,,,0,,,,,0,,,0,,,0,0,0,0,0,0,0,0,0,0,0,0,0,0,0,0,0,0,0,0,0,0,0,0,0,0,,,,,,,0,,N,1,1,2,,,,,Y,N
2440,dha-0055,em55,0,,,,,,,20150110,,,,,,,,,,0,,,,,,0,,,,,,,,,,0,,,,,,,,,,,,,,0,,,,,0,,,0,,,0,0,0,0,0,0,0,0,0,0,0,0,0,0,0,0,0,0,0,0,0,0,0,0,0,0,,,,,,,0,,N,1,1,2,,,,,Y,N
2441,dha-0055,em55,0,,,,,,,20150111,,,,,,,,,,0,,,,,,0,,,,,,,,,,0,,,,,,,,,,,,,,0,,,,,0,,,0,,,0,0,0,0,0,0,0,0,0,0,0,0,0,0,0,0,0,0,0,0,0,0,0,0,0,0,,,,,,,0,,N,1,1,2,,,,,Y,N
2533,dha-0055,em55,0,,,,,,,20150112,,,,,,,,,,0,,,,,,0,,,,,,,,,,0,,,,,,,,,,,,,,0,,,,,0,,,0,,,0,0,0,0,0,0,0,0,0,0,0,0,0,0,0,0,0,0,0,0,0,0,0,0,0,0,,,,,,,0,,N,1,1,2,,,,,Y,N
2532,dha-0055,em55,0,,,,,,,20150113,,,,,,,,,,0,,,,,,0,,,,,,,,,,0,,,,,,,,,,,,,,0,,,,,0,,,0,,,0,0,0,0,0,0,0,0,0,0,0,0,0,0,0,0,0,0,0,0,0,0,0,0,0,0,,,,,,,0,,N,1,1,2,,,,,Y,N
2534,dha-0055,em55,0,,,,,,,20150114,,,,,,,,,,0,,,,,,0,,,,,,,,,,0,,,,,,,,,,,,,,0,,,,,0,,,0,,,0,0,0,0,0,0,0,0,0,0,0,0,0,0,0,0,0,0,0,0,0,0,0,0,0,0,,,,,,,0,,N,1,1,2,,,,,Y,N
2678,dha-0055,em55,0,,,,,,,20150117,,,,,,,,,,0,,,,,,0,,,,,,,,,,0,,,,,,,,,,,,,,0,,,,,0,,,0,,,0,0,0,0,0,0,0,0,0,0,0,0,0,0,0,0,0,0,0,0,0,0,0,0,0,0,,,,,,,0,,N,1,1,2,,,,,Y,N
2679,dha-0055,em55,0,,,,,,,20150118,,,,,,,,,,0,,,,,,0,,,,,,,,,,0,,,,,,,,,,,,,,0,,,,,0,,,0,,,0,0,0,0,0,0,0,0,0,0,0,0,0,0,0,0,0,0,0,0,0,0,0,0,0,0,,,,,,,0,,N,1,1,2,,,,,Y,N
2680,dha-0055,em55,0,,,,,,,20150119,,,,,,,,,,0,,,,,,0,,,,,,,,,,0,,,,,,,,,,,,,,0,,,,,0,,,0,,,0,0,0,0,0,0,0,0,0,0,0,0,0,0,0,0,0,0,0,0,0,0,0,0,0,0,,,,,,,0,,N,1,1,2,,,,,Y,N
2681,dha-0055,em55,0,,,,,,,20150120,,,,,,,,,,0,,,,,,0,,,,,,,,,,0,,,,,,,,,,,,,,0,,,,,0,,,0,,,0,0,0,0,0,0,0,0,0,0,0,0,0,0,0,0,0,0,0,0,0,0,0,0,0,0,,,,,,,0,,N,1,1,2,,,,,Y,N
1830,dha-0057,em57,0,,,,,,,20141212,,,,,,,,,,0,,,,,,0,,,,,,,,,,0,,,,,,,,,,,,,,0,,,,,0,,,0,,,0,0,0,0,0,0,0,0,0,0,0,0,0,0,0,0,0,0,0,0,0,0,0,0,0,0,,,,,,,0,,N,1,1,2,,,,,Y,N
1831,dha-0057,em57,0,,,,,,,20141213,,,,,,,,,,0,,,,,,0,,,,,,,,,,0,,,,,,,,,,,,,,0,,,,,0,,,0,,,0,0,0,0,0,0,0,0,0,0,0,0,0,0,0,0,0,0,0,0,0,0,0,0,0,0,,,,,,,0,,N,1,1,2,,,,,Y,N
1876,dha-0057,em57,0,,,,,,,20141215,,,,,,,,,,0,,,,,,0,,,,,,,,,,0,,,,,,,,,,,,,,0,,,,,0,,,0,,,0,0,0,0,0,0,0,0,0,0,0,0,0,0,0,0,0,0,0,0,0,0,0,0,0,0,,,,,,,0,,N,1,1,2,,,,,Y,N
1944,dha-0057,em57,0,,,,,,,20141218,,,,,,,,,,0,,,,,,0,,,,,,,,,,0,,,,,,,,,,,,,,0,,,,,0,,,0,,,0,0,0,0,0,0,0,0,0,0,0,0,0,0,0,0,0,0,0,0,0,0,0,0,0,0,,,,,,,0,,N,1,1,2,,,,,Y,N
1995,dha-0057,em57,0,,,,,,,20141222,,,,,,,,,,0,,,,,,0,,,,,,,,,,0,,,,,,,,,,,,,,0,,,,,0,,,0,,,0,0,0,0,0,0,0,0,0,0,0,0,0,0,0,0,0,0,0,0,0,0,0,0,0,0,,,,,,,0,,N,1,1,2,,,,,Y,N
2070,dha-0057,em57,0,,,,,,,20141223,,,,,,,,,,0,,,,,,0,,,,,,,,,,0,,,,,,,,,,,,,,0,,,,,0,,,0,,,0,0,0,0,0,0,0,0,0,0,0,0,0,0,0,0,0,0,0,0,0,0,0,0,0,0,,,,,,,0,,N,1,1,2,,,,,Y,N
2071,dha-0057,em57,0,,,,,,,20141224,,,,,,,,,,0,,,,,,0,,,,,,,,,,0,,,,,,,,,,,,,,0,,,,,0,,,0,,,0,0,0,0,0,0,0,0,0,0,0,0,0,0,0,0,0,0,0,0,0,0,0,0,0,0,,,,,,,0,,N,1,1,2,,,,,Y,N
2156,dha-0057,em57,0,,,,,,,20141227,,,,,,,,,,0,,,,,,0,,,,,,,,,,0,,,,,,,,,,,,,,0,,,,,0,,,0,,,0,0,0,0,0,0,0,0,0,0,0,0,0,0,0,0,0,0,0,0,0,0,0,0,0,0,,,,,,,0,,N,1,1,2,,,,,Y,N
2158,dha-0057,em57,0,,,,,,,20141229,,,,,,,,,,0,,,,,,0,,,,,,,,,,0,,,,,,,,,,,,,,0,,,,,0,,,0,,,0,0,0,0,0,0,0,0,0,0,0,0,0,0,0,0,0,0,0,0,0,0,0,0,0,0,,,,,,,0,,N,1,1,2,,,,,Y,N
2224,dha-0057,em57,0,,,,,,,20141230,,,,,,,,,,0,,,,,,0,,,,,,,,,,0,,,,,,,,,,,,,,0,,,,,0,,,0,,,0,0,0,0,0,0,0,0,0,0,0,0,0,0,0,0,0,0,0,0,0,0,0,0,0,0,,,,,,,0,,N,1,1,2,,,,,Y,N
2274,dha-0057,em57,0,,,,,,,20150101,,,,,,,,,,0,,,,,,0,,,,,,,,,,0,,,,,,,,,,,,,,0,,,,,0,,,0,,,0,0,0,0,0,0,0,0,0,0,0,0,0,0,0,0,0,0,0,0,0,0,0,0,0,0,,,,,,,0,,N,1,1,2,,,,,Y,N
2412,dha-0057,em57,0,,,,,,,20150109,,,,,,,,,,0,,,,,,0,,,,,,,,,,0,,,,,,,,,,,,,,0,,,,,0,,,0,,,0,0,0,0,0,0,0,0,0,0,0,0,0,0,0,0,0,0,0,0,0,0,0,0,0,0,,,,,,,0,,N,1,1,2,,,,,Y,N
2490,dha-0057,em57,0,,,,,,,20150111,,,,,,,,,,0,,,,,,0,,,,,,,,,,0,,,,,,,,,,,,,,0,,,,,0,,,0,,,0,0,0,0,0,0,0,0,0,0,0,0,0,0,0,0,0,0,0,0,0,0,0,0,0,0,,,,,,,0,,N,1,1,2,,,,,Y,N
2686,dha-0057,em57,0,,,,,,,20150115,,,,,,,,,,0,,,,,,0,,,,,,,,,,0,,,,,,,,,,,,,,0,,,,,0,,,0,,,0,0,0,0,0,0,0,0,0,0,0,0,0,0,0,0,0,0,0,0,0,0,0,0,0,0,,,,,,,0,,N,1,1,2,,,,,Y,N
2687,dha-0057,em57,0,,,,,,,20150116,,,,,,,,,,0,,,,,,0,,,,,,,,,,0,,,,,,,,,,,,,,0,,,,,0,,,0,,,0,0,0,0,0,0,0,0,0,0,0,0,0,0,0,0,0,0,0,0,0,0,0,0,0,0,,,,,,,0,,N,1,1,2,,,,,Y,N
2689,dha-0057,em57,0,,,,,,,20150118,,,,,,,,,,0,,,,,,0,,,,,,,,,,0,,,,,,,,,,,,,,0,,,,,0,,,0,,,0,0,0,0,0,0,0,0,0,0,0,0,0,0,0,0,0,0,0,0,0,0,0,0,0,0,,,,,,,0,,N,1,1,2,,,,,Y,N
2691,dha-0057,em57,0,,,,,,,20150120,,,,,,,,,,0,,,,,,0,,,,,,,,,,0,,,,,,,,,,,,,,0,,,,,0,,,0,,,0,0,0,0,0,0,0,0,0,0,0,0,0,0,0,0,0,0,0,0,0,0,0,0,0,0,,,,,,,0,,N,1,1,2,,,,,Y,N
2777,dha-0057,em57,0,,,,,,,20150124,,,,,,,,,,0,,,,,,0,,,,,,,,,,0,,,,,,,,,,,,,,0,,,,,0,,,0,,,0,0,0,0,0,0,0,0,0,0,0,0,0,0,0,0,0,0,0,0,0,0,0,0,0,0,,,,,,,0,,N,1,1,2,,,,,Y,N
2774,dha-0057,em57,0,,,,,,,20150128,,,,,,,,,,0,,,,,,0,,,,,,,,,,0,,,,,,,,,,,,,,0,,,,,0,,,0,,,0,0,0,0,0,0,0,0,0,0,0,0,0,0,0,0,0,0,0,0,0,0,0,0,0,0,,,,,,,0,,N,1,1,2,,,,,Y,N
2877,dha-0057,em57,0,,,,,,,20150131,,,,,,,,,,0,,,,,,0,,,,,,,,,,0,,,,,,,,,,,,,,0,,,,,0,,,0,,,0,0,0,0,0,0,0,0,0,0,0,0,0,0,0,0,0,0,0,0,0,0,0,0,0,0,,,,,,,0,,N,1,1,2,,,,,Y,N
2879,dha-0057,em57,0,,,,,,,20150202,,,,,,,,,,0,,,,,,0,,,,,,,,,,0,,,,,,,,,,,,,,0,,,,,0,,,0,,,0,0,0,0,0,0,0,0,0,0,0,0,0,0,0,0,0,0,0,0,0,0,0,0,0,0,,,,,,,0,,N,1,1,2,,,,,Y,N
2874,dha-0057,em57,0,,,,,,,20150203,,,,,,,,,,0,,,,,,0,,,,,,,,,,0,,,,,,,,,,,,,,0,,,,,0,,,0,,,0,0,0,0,0,0,0,0,0,0,0,0,0,0,0,0,0,0,0,0,0,0,0,0,0,0,,,,,,,0,,N,1,1,2,,,,,Y,N
3190,dha-0057,em57,0,,,,,,,20150209,,,,,,,,,,0,,,,,,0,,,,,,,,,,0,,,,,,,,,,,,,,0,,,,,0,,,0,,,0,0,0,0,0,0,0,0,0,0,0,0,0,0,0,0,0,0,0,0,0,0,0,0,0,0,,,,,,,0,,N,1,1,2,,,,,Y,N
3198,dha-0057,em57,0,,,,,,,20150214,,,,,,,,,,0,,,,,,0,,,,,,,,,,0,,,,,,,,,,,,,,0,,,,,0,,,0,,,0,0,0,0,0,0,0,0,0,0,0,0,0,0,0,0,0,0,0,0,0,0,0,0,0,0,,,,,,,0,,N,1,1,2,,,,,Y,N
1935,dha-0060,em60,0,,,,,,,20141219,,,,,,,,,,0,,,,,,0,,,,,,,,,,0,,,,,,,,,,,,,,0,,,,,0,,,0,,,0,0,0,0,0,0,0,0,0,0,0,0,0,0,0,0,0,0,0,0,0,0,0,0,0,0,,,,,,,0,,N,1,1,2,,,,,Y,N
1982,dha-0060,em60,0,,,,,,,20141222,,,,,,,,,,0,,,,,,0,,,,,,,,,,0,,,,,,,,,,,,,,0,,,,,0,,,0,,,0,0,0,0,0,0,0,0,0,0,0,0,0,0,0,0,0,0,0,0,0,0,0,0,0,0,,,,,,,0,,N,1,1,2,,,,,Y,N
2085,dha-0060,em60,0,,,,,,,20141227,,,,,,,,,,0,,,,,,0,,,,,,,,,,0,,,,,,,,,,,,,,0,,,,,0,,,0,,,0,0,0,0,0,0,0,0,0,0,0,0,0,0,0,0,0,0,0,0,0,0,0,0,0,0,,,,,,,0,,N,1,1,2,,,,,Y,N
2130,dha-0060,em60,0,,,,,,,20141228,,,,,,,,,,0,,,,,,0,,,,,,,,,,0,,,,,,,,,,,,,,0,,,,,0,,,0,,,0,0,0,0,0,0,0,0,0,0,0,0,0,0,0,0,0,0,0,0,0,0,0,0,0,0,,,,,,,0,,N,1,1,2,,,,,Y,N
2282,dha-0060,em60,0,,,,,,,20150104,,,,,,,,,,0,,,,,,0,,,,,,,,,,0,,,,,,,,,,,,,,0,,,,,0,,,0,,,0,0,0,0,0,0,0,0,0,0,0,0,0,0,0,0,0,0,0,0,0,0,0,0,0,0,,,,,,,0,,N,1,1,2,,,,,Y,N
2353,dha-0060,em60,0,,,,,,,20150105,,,,,,,,,,0,,,,,,0,,,,,,,,,,0,,,,,,,,,,,,,,0,,,,,0,,,0,,,0,0,0,0,0,0,0,0,0,0,0,0,0,0,0,0,0,0,0,0,0,0,0,0,0,0,,,,,,,0,,N,1,1,2,,,,,Y,N
2354,dha-0060,em60,0,,,,,,,20150106,,,,,,,,,,0,,,,,,0,,,,,,,,,,0,,,,,,,,,,,,,,0,,,,,0,,,0,,,0,0,0,0,0,0,0,0,0,0,0,0,0,0,0,0,0,0,0,0,0,0,0,0,0,0,,,,,,,0,,N,1,1,2,,,,,Y,N
2355,dha-0060,em60,0,,,,,,,20150107,,,,,,,,,,0,,,,,,0,,,,,,,,,,0,,,,,,,,,,,,,,0,,,,,0,,,0,,,0,0,0,0,0,0,0,0,0,0,0,0,0,0,0,0,0,0,0,0,0,0,0,0,0,0,,,,,,,0,,N,1,1,2,,,,,Y,N
2481,dha-0060,em60,0,,,,,,,20150109,,,,,,,,,,0,,,,,,0,,,,,,,,,,0,,,,,,,,,,,,,,0,,,,,0,,,0,,,0,0,0,0,0,0,0,0,0,0,0,0,0,0,0,0,0,0,0,0,0,0,0,0,0,0,,,,,,,0,,N,1,1,2,,,,,Y,N
2480,dha-0060,em60,0,,,,,,,20150110,,,,,,,,,,0,,,,,,0,,,,,,,,,,0,,,,,,,,,,,,,,0,,,,,0,,,0,,,0,0,0,0,0,0,0,0,0,0,0,0,0,0,0,0,0,0,0,0,0,0,0,0,0,0,,,,,,,0,,N,1,1,2,,,,,Y,N
2479,dha-0060,em60,0,,,,,,,20150111,,,,,,,,,,0,,,,,,0,,,,,,,,,,0,,,,,,,,,,,,,,0,,,,,0,,,0,,,0,0,0,0,0,0,0,0,0,0,0,0,0,0,0,0,0,0,0,0,0,0,0,0,0,0,,,,,,,0,,N,1,1,2,,,,,Y,N
2543,dha-0060,em60,0,,,,,,,20150113,,,,,,,,,,0,,,,,,0,,,,,,,,,,0,,,,,,,,,,,,,,0,,,,,0,,,0,,,0,0,0,0,0,0,0,0,0,0,0,0,0,0,0,0,0,0,0,0,0,0,0,0,0,0,,,,,,,0,,N,1,1,2,,,,,Y,N
2585,dha-0060,em60,0,,,,,,,20150117,,,,,,,,,,0,,,,,,0,,,,,,,,,,0,,,,,,,,,,,,,,0,,,,,0,,,0,,,0,0,0,0,0,0,0,0,0,0,0,0,0,0,0,0,0,0,0,0,0,0,0,0,0,0,,,,,,,0,,N,1,1,2,,,,,Y,N
2584,dha-0060,em60,0,,,,,,,20150118,,,,,,,,,,0,,,,,,0,,,,,,,,,,0,,,,,,,,,,,,,,0,,,,,0,,,0,,,0,0,0,0,0,0,0,0,0,0,0,0,0,0,0,0,0,0,0,0,0,0,0,0,0,0,,,,,,,0,,N,1,1,2,,,,,Y,N
2802,dha-0060,em60,0,,,,,,,20150123,,,,,,,,,,0,,,,,,0,,,,,,,,,,0,,,,,,,,,,,,,,0,,,,,0,,,0,,,0,0,0,0,0,0,0,0,0,0,0,0,0,0,0,0,0,0,0,0,0,0,0,0,0,0,,,,,,,0,,N,1,1,2,,,,,Y,N
2803,dha-0060,em60,0,,,,,,,20150124,,,,,,,,,,0,,,,,,0,,,,,,,,,,0,,,,,,,,,,,,,,0,,,,,0,,,0,,,0,0,0,0,0,0,0,0,0,0,0,0,0,0,0,0,0,0,0,0,0,0,0,0,0,0,,,,,,,0,,N,1,1,2,,,,,Y,N
2804,dha-0060,em60,0,,,,,,,20150125,,,,,,,,,,0,,,,,,0,,,,,,,,,,0,,,,,,,,,,,,,,0,,,,,0,,,0,,,0,0,0,0,0,0,0,0,0,0,0,0,0,0,0,0,0,0,0,0,0,0,0,0,0,0,,,,,,,0,,N,1,1,2,,,,,Y,N
2806,dha-0060,em60,0,,,,,,,20150127,,,,,,,,,,0,,,,,,0,,,,,,,,,,0,,,,,,,,,,,,,,0,,,,,0,,,0,,,0,0,0,0,0,0,0,0,0,0,0,0,0,0,0,0,0,0,0,0,0,0,0,0,0,0,,,,,,,0,,N,1,1,2,,,,,Y,N
2807,dha-0060,em60,0,,,,,,,20150128,,,,,,,,,,0,,,,,,0,,,,,,,,,,0,,,,,,,,,,,,,,0,,,,,0,,,0,,,0,0,0,0,0,0,0,0,0,0,0,0,0,0,0,0,0,0,0,0,0,0,0,0,0,0,,,,,,,0,,N,1,1,2,,,,,Y,N
2890,dha-0060,em60,0,,,,,,,20150131,,,,,,,,,,0,,,,,,0,,,,,,,,,,0,,,,,,,,,,,,,,0,,,,,0,,,0,,,0,0,0,0,0,0,0,0,0,0,0,0,0,0,0,0,0,0,0,0,0,0,0,0,0,0,,,,,,,0,,N,1,1,2,,,,,Y,N
2887,dha-0060,em60,0,,,,,,,20150201,,,,,,,,,,0,,,,,,0,,,,,,,,,,0,,,,,,,,,,,,,,0,,,,,0,,,0,,,0,0,0,0,0,0,0,0,0,0,0,0,0,0,0,0,0,0,0,0,0,0,0,0,0,0,,,,,,,0,,N,1,1,2,,,,,Y,N
2889,dha-0060,em60,0,,,,,,,20150203,,,,,,,,,,0,,,,,,0,,,,,,,,,,0,,,,,,,,,,,,,,0,,,,,0,,,0,,,0,0,0,0,0,0,0,0,0,0,0,0,0,0,0,0,0,0,0,0,0,0,0,0,0,0,,,,,,,0,,N,1,1,2,,,,,Y,N
2886,dha-0060,em60,0,,,,,,,20150204,,,,,,,,,,0,,,,,,0,,,,,,,,,,0,,,,,,,,,,,,,,0,,,,,0,,,0,,,0,0,0,0,0,0,0,0,0,0,0,0,0,0,0,0,0,0,0,0,0,0,0,0,0,0,,,,,,,0,,N,1,1,2,,,,,Y,N
2970,dha-0060,em60,0,,,,,,,20150205,,,,,,,,,,0,,,,,,0,,,,,,,,,,0,,,,,,,,,,,,,,0,,,,,0,,,0,,,0,0,0,0,0,0,0,0,0,0,0,0,0,0,0,0,0,0,0,0,0,0,0,0,0,0,,,,,,,0,,N,1,1,2,,,,,Y,N
2971,dha-0060,em60,0,,,,,,,20150206,,,,,,,,,,0,,,,,,0,,,,,,,,,,0,,,,,,,,,,,,,,0,,,,,0,,,0,,,0,0,0,0,0,0,0,0,0,0,0,0,0,0,0,0,0,0,0,0,0,0,0,0,0,0,,,,,,,0,,N,1,1,2,,,,,Y,N
2972,dha-0060,em60,0,,,,,,,20150208,,,,,,,,,,0,,,,,,0,,,,,,,,,,0,,,,,,,,,,,,,,0,,,,,0,,,0,,,0,0,0,0,0,0,0,0,0,0,0,0,0,0,0,0,0,0,0,0,0,0,0,0,0,0,,,,,,,0,,N,1,1,2,,,,,Y,N
3173,dha-0060,em60,0,,,,,,,20150213,,,,,,,,,,0,,,,,,0,,,,,,,,,,0,,,,,,,,,,,,,,0,,,,,0,,,0,,,0,0,0,0,0,0,0,0,0,0,0,0,0,0,0,0,0,0,0,0,0,0,0,0,0,0,,,,,,,0,,N,1,1,2,,,,,Y,N
3175,dha-0060,em60,0,,,,,,,20150215,,,,,,,,,,0,,,,,,0,,,,,,,,,,0,,,,,,,,,,,,,,0,,,,,0,,,0,,,0,0,0,0,0,0,0,0,0,0,0,0,0,0,0,0,0,0,0,0,0,0,0,0,0,0,,,,,,,0,,N,1,1,2,,,,,Y,N
3171,dha-0060,em60,0,,,,,,,20150220,,,,,,,,,,0,,,,,,0,,,,,,,,,,0,,,,,,,,,,,,,,0,,,,,0,,,0,,,0,0,0,0,0,0,0,0,0,0,0,0,0,0,0,0,0,0,0,0,0,0,0,0,0,0,,,,,,,0,,N,1,1,2,,,,,Y,N
3170,dha-0060,em60,0,,,,,,,20150221,,,,,,,,,,0,,,,,,0,,,,,,,,,,0,,,,,,,,,,,,,,0,,,,,0,,,0,,,0,0,0,0,0,0,0,0,0,0,0,0,0,0,0,0,0,0,0,0,0,0,0,0,0,0,,,,,,,0,,N,1,1,2,,,,,Y,N
3166,dha-0060,em60,0,,,,,,,20150223,,,,,,,,,,0,,,,,,0,,,,,,,,,,0,,,,,,,,,,,,,,0,,,,,0,,,0,,,0,0,0,0,0,0,0,0,0,0,0,0,0,0,0,0,0,0,0,0,0,0,0,0,0,0,,,,,,,0,,N,1,1,2,,,,,Y,N
3326,dha-0060,em60,0,,,,,,,20150227,,,,,,,,,,0,,,,,,0,,,,,,,,,,0,,,,,,,,,,,,,,0,,,,,0,,,0,,,0,0,0,0,0,0,0,0,0,0,0,0,0,0,0,0,0,0,0,0,0,0,0,0,0,0,,,,,,,0,,N,1,1,2,,,,,Y,N
3323,dha-0060,em60,0,,,,,,,20150301,,,,,,,,,,0,,,,,,0,,,,,,,,,,0,,,,,,,,,,,,,,0,,,,,0,,,0,,,0,0,0,0,0,0,0,0,0,0,0,0,0,0,0,0,0,0,0,0,0,0,0,0,0,0,,,,,,,0,,N,1,1,2,,,,,Y,N
3322,dha-0060,em60,0,,,,,,,20150302,,,,,,,,,,0,,,,,,0,,,,,,,,,,0,,,,,,,,,,,,,,0,,,,,0,,,0,,,0,0,0,0,0,0,0,0,0,0,0,0,0,0,0,0,0,0,0,0,0,0,0,0,0,0,,,,,,,0,,N,1,1,2,,,,,Y,N
3321,dha-0060,em60,0,,,,,,,20150303,,,,,,,,,,0,,,,,,0,,,,,,,,,,0,,,,,,,,,,,,,,0,,,,,0,,,0,,,0,0,0,0,0,0,0,0,0,0,0,0,0,0,0,0,0,0,0,0,0,0,0,0,0,0,,,,,,,0,,N,1,1,2,,,,,Y,N
3320,dha-0060,em60,0,,,,,,,20150304,,,,,,,,,,0,,,,,,0,,,,,,,,,,0,,,,,,,,,,,,,,0,,,,,0,,,0,,,0,0,0,0,0,0,0,0,0,0,0,0,0,0,0,0,0,0,0,0,0,0,0,0,0,0,,,,,,,0,,N,1,1,2,,,,,Y,N
2200,dha-0061,EM61,0,,,,,,,20141230,,,,,,,,,,0,,,,,,0,,,,,,,,,,0,,,,,,,,,,,,,,0,,,,,0,,,0,,,0,0,0,0,0,0,0,0,0,0,0,0,0,0,0,0,0,0,0,0,0,0,0,0,0,0,,,,,,,0,,N,1,1,2,,,,,Y,N
2203,dha-0061,EM61,0,,,,,,,20141231,,,,,,,,,,0,,,,,,0,,,,,,,,,,0,,,,,,,,,,,,,,0,,,,,0,,,0,,,0,0,0,0,0,0,0,0,0,0,0,0,0,0,0,0,0,0,0,0,0,0,0,0,0,0,,,,,,,0,,N,1,1,2,,,,,Y,N
2257,dha-0061,EM61,0,,,,,,,20150102,,,,,,,,,,0,,,,,,0,,,,,,,,,,0,,,,,,,,,,,,,,0,,,,,0,,,0,,,0,0,0,0,0,0,0,0,0,0,0,0,0,0,0,0,0,0,0,0,0,0,0,0,0,0,,,,,,,0,,N,1,1,2,,,,,Y,N
2258,dha-0061,EM61,0,,,,,,,20150103,,,,,,,,,,0,,,,,,0,,,,,,,,,,0,,,,,,,,,,,,,,0,,,,,0,,,0,,,0,0,0,0,0,0,0,0,0,0,0,0,0,0,0,0,0,0,0,0,0,0,0,0,0,0,,,,,,,0,,N,1,1,2,,,,,Y,N
2331,dha-0061,EM61,0,,,,,,,20150106,,,,,,,,,,0,,,,,,0,,,,,,,,,,0,,,,,,,,,,,,,,0,,,,,0,,,0,,,0,0,0,0,0,0,0,0,0,0,0,0,0,0,0,0,0,0,0,0,0,0,0,0,0,0,,,,,,,0,,N,1,1,2,,,,,Y,N
2349,dha-0061,EM61,0,,,,,,,20150107,,,,,,,,,,0,,,,,,0,,,,,,,,,,0,,,,,,,,,,,,,,0,,,,,0,,,0,,,0,0,0,0,0,0,0,0,0,0,0,0,0,0,0,0,0,0,0,0,0,0,0,0,0,0,,,,,,,0,,N,1,1,2,,,,,Y,N
2595,dha-0061,EM61,0,,,,,,,20150115,,,,,,,,,,0,,,,,,0,,,,,,,,,,0,,,,,,,,,,,,,,0,,,,,0,,,0,,,0,0,0,0,0,0,0,0,0,0,0,0,0,0,0,0,0,0,0,0,0,0,0,0,0,0,,,,,,,0,,N,1,1,2,,,,,Y,N
2596,dha-0061,EM61,0,,,,,,,20150116,,,,,,,,,,0,,,,,,0,,,,,,,,,,0,,,,,,,,,,,,,,0,,,,,0,,,0,,,0,0,0,0,0,0,0,0,0,0,0,0,0,0,0,0,0,0,0,0,0,0,0,0,0,0,,,,,,,0,,N,1,1,2,,,,,Y,N
2597,dha-0061,EM61,0,,,,,,,20150117,,,,,,,,,,0,,,,,,0,,,,,,,,,,0,,,,,,,,,,,,,,0,,,,,0,,,0,,,0,0,0,0,0,0,0,0,0,0,0,0,0,0,0,0,0,0,0,0,0,0,0,0,0,0,,,,,,,0,,N,1,1,2,,,,,Y,N
2637,dha-0061,EM61,0,,,,,,,20150119,,,,,,,,,,0,,,,,,0,,,,,,,,,,0,,,,,,,,,,,,,,0,,,,,0,,,0,,,0,0,0,0,0,0,0,0,0,0,0,0,0,0,0,0,0,0,0,0,0,0,0,0,0,0,,,,,,,0,,N,1,1,2,,,,,Y,N
2660,dha-0061,EM61,0,,,,,,,20150121,,,,,,,,,,0,,,,,,0,,,,,,,,,,0,,,,,,,,,,,,,,0,,,,,0,,,0,,,0,0,0,0,0,0,0,0,0,0,0,0,0,0,0,0,0,0,0,0,0,0,0,0,0,0,,,,,,,0,,N,1,1,2,,,,,Y,N
2742,dha-0061,EM61,0,,,,,,,20150124,,,,,,,,,,0,,,,,,0,,,,,,,,,,0,,,,,,,,,,,,,,0,,,,,0,,,0,,,0,0,0,0,0,0,0,0,0,0,0,0,0,0,0,0,0,0,0,0,0,0,0,0,0,0,,,,,,,0,,N,1,1,2,,,,,Y,N
2744,dha-0061,EM61,0,,,,,,,20150125,,,,,,,,,,0,,,,,,0,,,,,,,,,,0,,,,,,,,,,,,,,0,,,,,0,,,0,,,0,0,0,0,0,0,0,0,0,0,0,0,0,0,0,0,0,0,0,0,0,0,0,0,0,0,,,,,,,0,,N,1,1,2,,,,,Y,N
2743,dha-0061,EM61,0,,,,,,,20150126,,,,,,,,,,0,,,,,,0,,,,,,,,,,0,,,,,,,,,,,,,,0,,,,,0,,,0,,,0,0,0,0,0,0,0,0,0,0,0,0,0,0,0,0,0,0,0,0,0,0,0,0,0,0,,,,,,,0,,N,1,1,2,,,,,Y,N
2789,dha-0061,EM61,0,,,,,,,20150127,,,,,,,,,,0,,,,,,0,,,,,,,,,,0,,,,,,,,,,,,,,0,,,,,0,,,0,,,0,0,0,0,0,0,0,0,0,0,0,0,0,0,0,0,0,0,0,0,0,0,0,0,0,0,,,,,,,0,,N,1,1,2,,,,,Y,N
2790,dha-0061,EM61,0,,,,,,,20150128,,,,,,,,,,0,,,,,,0,,,,,,,,,,0,,,,,,,,,,,,,,0,,,,,0,,,0,,,0,0,0,0,0,0,0,0,0,0,0,0,0,0,0,0,0,0,0,0,0,0,0,0,0,0,,,,,,,0,,N,1,1,2,,,,,Y,N
2861,dha-0061,EM61,0,,,,,,,20150129,,,,,,,,,,0,,,,,,0,,,,,,,,,,0,,,,,,,,,,,,,,0,,,,,0,,,0,,,0,0,0,0,0,0,0,0,0,0,0,0,0,0,0,0,0,0,0,0,0,0,0,0,0,0,,,,,,,0,,N,1,1,2,,,,,Y,N
2885,dha-0061,EM61,0,,,,,,,20150203,,,,,,,,,,0,,,,,,0,,,,,,,,,,0,,,,,,,,,,,,,,0,,,,,0,,,0,,,0,0,0,0,0,0,0,0,0,0,0,0,0,0,0,0,0,0,0,0,0,0,0,0,0,0,,,,,,,0,,N,1,1,2,,,,,Y,N
2948,dha-0061,EM61,0,,,,,,,20150206,,,,,,,,,,0,,,,,,0,,,,,,,,,,0,,,,,,,,,,,,,,0,,,,,0,,,0,,,0,0,0,0,0,0,0,0,0,0,0,0,0,0,0,0,0,0,0,0,0,0,0,0,0,0,,,,,,,0,,N,1,1,2,,,,,Y,N
3023,dha-0061,EM61,0,,,,,,,20150208,,,,,,,,,,0,,,,,,0,,,,,,,,,,0,,,,,,,,,,,,,,0,,,,,0,,,0,,,0,0,0,0,0,0,0,0,0,0,0,0,0,0,0,0,0,0,0,0,0,0,0,0,0,0,,,,,,,0,,N,1,1,2,,,,,Y,N
3160,dha-0061,EM61,0,,,,,,,20150221,,,,,,,,,,0,,,,,,0,,,,,,,,,,0,,,,,,,,,,,,,,0,,,,,0,,,0,,,0,0,0,0,0,0,0,0,0,0,0,0,0,0,0,0,0,0,0,0,0,0,0,0,0,0,,,,,,,0,,N,1,1,2,,,,,Y,N
3575,dha-0061,EM61,0,,,,,,,20150319,,,,,,,,,,0,,,,,,0,,,,,,,,,,0,,,,,,,,,,,,,,0,,,,,0,,,0,,,0,0,0,0,0,0,0,0,0,0,0,0,0,0,0,0,0,0,0,0,0,0,0,0,0,0,,,,,,,0,,N,1,1,2,,,,,Y,N
2152,dha-0062,EM62,0,,,,,,,20141229,,,,,,,,,,0,,,,,,0,,,,,,,,,,0,,,,,,,,,,,,,,0,,,,,0,,,0,,,0,0,0,0,0,0,0,0,0,0,0,0,0,0,0,0,0,0,0,0,0,0,0,0,0,0,,,,,,,0,,N,1,1,2,,,,,Y,N
2232,dha-0062,EM62,0,,,,,,,20150101,,,,,,,,,,0,,,,,,0,,,,,,,,,,0,,,,,,,,,,,,,,0,,,,,0,,,0,,,0,0,0,0,0,0,0,0,0,0,0,0,0,0,0,0,0,0,0,0,0,0,0,0,0,0,,,,,,,0,,N,1,1,2,,,,,Y,N
2259,dha-0062,EM62,0,,,,,,,20150103,,,,,,,,,,0,,,,,,0,,,,,,,,,,0,,,,,,,,,,,,,,0,,,,,0,,,0,,,0,0,0,0,0,0,0,0,0,0,0,0,0,0,0,0,0,0,0,0,0,0,0,0,0,0,,,,,,,0,,N,1,1,2,,,,,Y,N
2279,dha-0062,EM62,0,,,,,,,20150104,,,,,,,,,,0,,,,,,0,,,,,,,,,,0,,,,,,,,,,,,,,0,,,,,0,,,0,,,0,0,0,0,0,0,0,0,0,0,0,0,0,0,0,0,0,0,0,0,0,0,0,0,0,0,,,,,,,0,,N,1,1,2,,,,,Y,N
2306,dha-0062,EM62,0,,,,,,,20150105,,,,,,,,,,0,,,,,,0,,,,,,,,,,0,,,,,,,,,,,,,,0,,,,,0,,,0,,,0,0,0,0,0,0,0,0,0,0,0,0,0,0,0,0,0,0,0,0,0,0,0,0,0,0,,,,,,,0,,N,1,1,2,,,,,Y,N
2334,dha-0062,EM62,0,,,,,,,20150106,,,,,,,,,,0,,,,,,0,,,,,,,,,,0,,,,,,,,,,,,,,0,,,,,0,,,0,,,0,0,0,0,0,0,0,0,0,0,0,0,0,0,0,0,0,0,0,0,0,0,0,0,0,0,,,,,,,0,,N,1,1,2,,,,,Y,N
2343,dha-0062,EM62,0,,,,,,,20150107,,,,,,,,,,0,,,,,,0,,,,,,,,,,0,,,,,,,,,,,,,,0,,,,,0,,,0,,,0,0,0,0,0,0,0,0,0,0,0,0,0,0,0,0,0,0,0,0,0,0,0,0,0,0,,,,,,,0,,N,1,1,2,,,,,Y,N
2369,dha-0062,EM62,0,,,,,,,20150108,,,,,,,,,,0,,,,,,0,,,,,,,,,,0,,,,,,,,,,,,,,0,,,,,0,,,0,,,0,0,0,0,0,0,0,0,0,0,0,0,0,0,0,0,0,0,0,0,0,0,0,0,0,0,,,,,,,0,,N,1,1,2,,,,,Y,N
2385,dha-0062,EM62,0,,,,,,,20150109,,,,,,,,,,0,,,,,,0,,,,,,,,,,0,,,,,,,,,,,,,,0,,,,,0,,,0,,,0,0,0,0,0,0,0,0,0,0,0,0,0,0,0,0,0,0,0,0,0,0,0,0,0,0,,,,,,,0,,N,1,1,2,,,,,Y,N
2430,dha-0062,EM62,0,,,,,,,20150110,,,,,,,,,,0,,,,,,0,,,,,,,,,,0,,,,,,,,,,,,,,0,,,,,0,,,0,,,0,0,0,0,0,0,0,0,0,0,0,0,0,0,0,0,0,0,0,0,0,0,0,0,0,0,,,,,,,0,,N,1,1,2,,,,,Y,N
2429,dha-0062,EM62,0,,,,,,,20150111,,,,,,,,,,0,,,,,,0,,,,,,,,,,0,,,,,,,,,,,,,,0,,,,,0,,,0,,,0,0,0,0,0,0,0,0,0,0,0,0,0,0,0,0,0,0,0,0,0,0,0,0,0,0,,,,,,,0,,N,1,1,2,,,,,Y,N
2505,dha-0062,EM62,0,,,,,,,20150113,,,,,,,,,,0,,,,,,0,,,,,,,,,,0,,,,,,,,,,,,,,0,,,,,0,,,0,,,0,0,0,0,0,0,0,0,0,0,0,0,0,0,0,0,0,0,0,0,0,0,0,0,0,0,,,,,,,0,,N,1,1,2,,,,,Y,N
2512,dha-0062,EM62,0,,,,,,,20150114,,,,,,,,,,0,,,,,,0,,,,,,,,,,0,,,,,,,,,,,,,,0,,,,,0,,,0,,,0,0,0,0,0,0,0,0,0,0,0,0,0,0,0,0,0,0,0,0,0,0,0,0,0,0,,,,,,,0,,N,1,1,2,,,,,Y,N
2548,dha-0062,EM62,0,,,,,,,20150115,,,,,,,,,,0,,,,,,0,,,,,,,,,,0,,,,,,,,,,,,,,0,,,,,0,,,0,,,0,0,0,0,0,0,0,0,0,0,0,0,0,0,0,0,0,0,0,0,0,0,0,0,0,0,,,,,,,0,,N,1,1,2,,,,,Y,N
2567,dha-0062,EM62,0,,,,,,,20150117,,,,,,,,,,0,,,,,,0,,,,,,,,,,0,,,,,,,,,,,,,,0,,,,,0,,,0,,,0,0,0,0,0,0,0,0,0,0,0,0,0,0,0,0,0,0,0,0,0,0,0,0,0,0,,,,,,,0,,N,1,1,2,,,,,Y,N
2601,dha-0062,EM62,0,,,,,,,20150118,,,,,,,,,,0,,,,,,0,,,,,,,,,,0,,,,,,,,,,,,,,0,,,,,0,,,0,,,0,0,0,0,0,0,0,0,0,0,0,0,0,0,0,0,0,0,0,0,0,0,0,0,0,0,,,,,,,0,,N,1,1,2,,,,,Y,N
2617,dha-0062,EM62,0,,,,,,,20150119,,,,,,,,,,0,,,,,,0,,,,,,,,,,0,,,,,,,,,,,,,,0,,,,,0,,,0,,,0,0,0,0,0,0,0,0,0,0,0,0,0,0,0,0,0,0,0,0,0,0,0,0,0,0,,,,,,,0,,N,1,1,2,,,,,Y,N
2694,dha-0062,EM62,0,,,,,,,20150122,,,,,,,,,,0,,,,,,0,,,,,,,,,,0,,,,,,,,,,,,,,0,,,,,0,,,0,,,0,0,0,0,0,0,0,0,0,0,0,0,0,0,0,0,0,0,0,0,0,0,0,0,0,0,,,,,,,0,,N,1,1,2,,,,,Y,N
2700,dha-0062,EM62,0,,,,,,,20150123,,,,,,,,,,0,,,,,,0,,,,,,,,,,0,,,,,,,,,,,,,,0,,,,,0,,,0,,,0,0,0,0,0,0,0,0,0,0,0,0,0,0,0,0,0,0,0,0,0,0,0,0,0,0,,,,,,,0,,N,1,1,2,,,,,Y,N
2707,dha-0062,EM62,0,,,,,,,20150124,,,,,,,,,,0,,,,,,0,,,,,,,,,,0,,,,,,,,,,,,,,0,,,,,0,,,0,,,0,0,0,0,0,0,0,0,0,0,0,0,0,0,0,0,0,0,0,0,0,0,0,0,0,0,,,,,,,0,,N,1,1,2,,,,,Y,N
2729,dha-0062,EM62,0,,,,,,,20150125,,,,,,,,,,0,,,,,,0,,,,,,,,,,0,,,,,,,,,,,,,,0,,,,,0,,,0,,,0,0,0,0,0,0,0,0,0,0,0,0,0,0,0,0,0,0,0,0,0,0,0,0,0,0,,,,,,,0,,N,1,1,2,,,,,Y,N
2760,dha-0062,EM62,0,,,,,,,20150127,,,,,,,,,,0,,,,,,0,,,,,,,,,,0,,,,,,,,,,,,,,0,,,,,0,,,0,,,0,0,0,0,0,0,0,0,0,0,0,0,0,0,0,0,0,0,0,0,0,0,0,0,0,0,,,,,,,0,,N,1,1,2,,,,,Y,N
2813,dha-0062,EM62,0,,,,,,,20150129,,,,,,,,,,0,,,,,,0,,,,,,,,,,0,,,,,,,,,,,,,,0,,,,,0,,,0,,,0,0,0,0,0,0,0,0,0,0,0,0,0,0,0,0,0,0,0,0,0,0,0,0,0,0,,,,,,,0,,N,1,1,2,,,,,Y,N
2844,dha-0062,EM62,0,,,,,,,20150131,,,,,,,,,,0,,,,,,0,,,,,,,,,,0,,,,,,,,,,,,,,0,,,,,0,,,0,,,0,0,0,0,0,0,0,0,0,0,0,0,0,0,0,0,0,0,0,0,0,0,0,0,0,0,,,,,,,0,,N,1,1,2,,,,,Y,N
2845,dha-0062,EM62,0,,,,,,,20150201,,,,,,,,,,0,,,,,,0,,,,,,,,,,0,,,,,,,,,,,,,,0,,,,,0,,,0,,,0,0,0,0,0,0,0,0,0,0,0,0,0,0,0,0,0,0,0,0,0,0,0,0,0,0,,,,,,,0,,N,1,1,2,,,,,Y,N
2872,dha-0062,EM62,0,,,,,,,20150202,,,,,,,,,,0,,,,,,0,,,,,,,,,,0,,,,,,,,,,,,,,0,,,,,0,,,0,,,0,0,0,0,0,0,0,0,0,0,0,0,0,0,0,0,0,0,0,0,0,0,0,0,0,0,,,,,,,0,,N,1,1,2,,,,,Y,N
2917,dha-0062,EM62,0,,,,,,,20150203,,,,,,,,,,0,,,,,,0,,,,,,,,,,0,,,,,,,,,,,,,,0,,,,,0,,,0,,,0,0,0,0,0,0,0,0,0,0,0,0,0,0,0,0,0,0,0,0,0,0,0,0,0,0,,,,,,,0,,N,1,1,2,,,,,Y,N
2919,dha-0062,EM62,0,,,,,,,20150205,,,,,,,,,,0,,,,,,0,,,,,,,,,,0,,,,,,,,,,,,,,0,,,,,0,,,0,,,0,0,0,0,0,0,0,0,0,0,0,0,0,0,0,0,0,0,0,0,0,0,0,0,0,0,,,,,,,0,,N,1,1,2,,,,,Y,N
2938,dha-0062,EM62,0,,,,,,,20150207,,,,,,,,,,0,,,,,,0,,,,,,,,,,0,,,,,,,,,,,,,,0,,,,,0,,,0,,,0,0,0,0,0,0,0,0,0,0,0,0,0,0,0,0,0,0,0,0,0,0,0,0,0,0,,,,,,,0,,N,1,1,2,,,,,Y,N
2974,dha-0062,EM62,0,,,,,,,20150208,,,,,,,,,,0,,,,,,0,,,,,,,,,,0,,,,,,,,,,,,,,0,,,,,0,,,0,,,0,0,0,0,0,0,0,0,0,0,0,0,0,0,0,0,0,0,0,0,0,0,0,0,0,0,,,,,,,0,,N,1,1,2,,,,,Y,N
2973,dha-0062,EM62,0,,,,,,,20150209,,,,,,,,,,0,,,,,,0,,,,,,,,,,0,,,,,,,,,,,,,,0,,,,,0,,,0,,,0,0,0,0,0,0,0,0,0,0,0,0,0,0,0,0,0,0,0,0,0,0,0,0,0,0,,,,,,,0,,N,1,1,2,,,,,Y,N
3000,dha-0062,EM62,0,,,,,,,20150210,,,,,,,,,,0,,,,,,0,,,,,,,,,,0,,,,,,,,,,,,,,0,,,,,0,,,0,,,0,0,0,0,0,0,0,0,0,0,0,0,0,0,0,0,0,0,0,0,0,0,0,0,0,0,,,,,,,0,,N,1,1,2,,,,,Y,N
3029,dha-0062,EM62,0,,,,,,,20150212,,,,,,,,,,0,,,,,,0,,,,,,,,,,0,,,,,,,,,,,,,,0,,,,,0,,,0,,,0,0,0,0,0,0,0,0,0,0,0,0,0,0,0,0,0,0,0,0,0,0,0,0,0,0,,,,,,,0,,N,1,1,2,,,,,Y,N
3051,dha-0062,EM62,0,,,,,,,20150214,,,,,,,,,,0,,,,,,0,,,,,,,,,,0,,,,,,,,,,,,,,0,,,,,0,,,0,,,0,0,0,0,0,0,0,0,0,0,0,0,0,0,0,0,0,0,0,0,0,0,0,0,0,0,,,,,,,0,,N,1,1,2,,,,,Y,N
3057,dha-0062,EM62,0,,,,,,,20150215,,,,,,,,,,0,,,,,,0,,,,,,,,,,0,,,,,,,,,,,,,,0,,,,,0,,,0,,,0,0,0,0,0,0,0,0,0,0,0,0,0,0,0,0,0,0,0,0,0,0,0,0,0,0,,,,,,,0,,N,1,1,2,,,,,Y,N
3092,dha-0062,EM62,0,,,,,,,20150217,,,,,,,,,,0,,,,,,0,,,,,,,,,,0,,,,,,,,,,,,,,0,,,,,0,,,0,,,0,0,0,0,0,0,0,0,0,0,0,0,0,0,0,0,0,0,0,0,0,0,0,0,0,0,,,,,,,0,,N,1,1,2,,,,,Y,N
3100,dha-0062,EM62,0,,,,,,,20150218,,,,,,,,,,0,,,,,,0,,,,,,,,,,0,,,,,,,,,,,,,,0,,,,,0,,,0,,,0,0,0,0,0,0,0,0,0,0,0,0,0,0,0,0,0,0,0,0,0,0,0,0,0,0,,,,,,,0,,N,1,1,2,,,,,Y,N
3132,dha-0062,EM62,0,,,,,,,20150220,,,,,,,,,,0,,,,,,0,,,,,,,,,,0,,,,,,,,,,,,,,0,,,,,0,,,0,,,0,0,0,0,0,0,0,0,0,0,0,0,0,0,0,0,0,0,0,0,0,0,0,0,0,0,,,,,,,0,,N,1,1,2,,,,,Y,N
3164,dha-0062,EM62,0,,,,,,,20150221,,,,,,,,,,0,,,,,,0,,,,,,,,,,0,,,,,,,,,,,,,,0,,,,,0,,,0,,,0,0,0,0,0,0,0,0,0,0,0,0,0,0,0,0,0,0,0,0,0,0,0,0,0,0,,,,,,,0,,N,1,1,2,,,,,Y,N
3165,dha-0062,EM62,0,,,,,,,20150222,,,,,,,,,,0,,,,,,0,,,,,,,,,,0,,,,,,,,,,,,,,0,,,,,0,,,0,,,0,0,0,0,0,0,0,0,0,0,0,0,0,0,0,0,0,0,0,0,0,0,0,0,0,0,,,,,,,0,,N,1,1,2,,,,,Y,N
3236,dha-0062,EM62,0,,,,,,,20150224,,,,,,,,,,0,,,,,,0,,,,,,,,,,0,,,,,,,,,,,,,,0,,,,,0,,,0,,,0,0,0,0,0,0,0,0,0,0,0,0,0,0,0,0,0,0,0,0,0,0,0,0,0,0,,,,,,,0,,N,1,1,2,,,,,Y,N
3253,dha-0062,EM62,0,,,,,,,20150226,,,,,,,,,,0,,,,,,0,,,,,,,,,,0,,,,,,,,,,,,,,0,,,,,0,,,0,,,0,0,0,0,0,0,0,0,0,0,0,0,0,0,0,0,0,0,0,0,0,0,0,0,0,0,,,,,,,0,,N,1,1,2,,,,,Y,N
3263,dha-0062,EM62,0,,,,,,,20150227,,,,,,,,,,0,,,,,,0,,,,,,,,,,0,,,,,,,,,,,,,,0,,,,,0,,,0,,,0,0,0,0,0,0,0,0,0,0,0,0,0,0,0,0,0,0,0,0,0,0,0,0,0,0,,,,,,,0,,N,1,1,2,,,,,Y,N
3280,dha-0062,EM62,0,,,,,,,20150228,,,,,,,,,,0,,,,,,0,,,,,,,,,,0,,,,,,,,,,,,,,0,,,,,0,,,0,,,0,0,0,0,0,0,0,0,0,0,0,0,0,0,0,0,0,0,0,0,0,0,0,0,0,0,,,,,,,0,,N,1,1,2,,,,,Y,N
3301,dha-0062,EM62,0,,,,,,,20150301,,,,,,,,,,0,,,,,,0,,,,,,,,,,0,,,,,,,,,,,,,,0,,,,,0,,,0,,,0,0,0,0,0,0,0,0,0,0,0,0,0,0,0,0,0,0,0,0,0,0,0,0,0,0,,,,,,,0,,N,1,1,2,,,,,Y,N
3317,dha-0062,EM62,0,,,,,,,20150303,,,,,,,,,,0,,,,,,0,,,,,,,,,,0,,,,,,,,,,,,,,0,,,,,0,,,0,,,0,0,0,0,0,0,0,0,0,0,0,0,0,0,0,0,0,0,0,0,0,0,0,0,0,0,,,,,,,0,,N,1,1,2,,,,,Y,N
3353,dha-0062,EM62,0,,,,,,,20150305,,,,,,,,,,0,,,,,,0,,,,,,,,,,0,,,,,,,,,,,,,,0,,,,,0,,,0,,,0,0,0,0,0,0,0,0,0,0,0,0,0,0,0,0,0,0,0,0,0,0,0,0,0,0,,,,,,,0,,N,1,1,2,,,,,Y,N
3367,dha-0062,EM62,0,,,,,,,20150307,,,,,,,,,,0,,,,,,0,,,,,,,,,,0,,,,,,,,,,,,,,0,,,,,0,,,0,,,0,0,0,0,0,0,0,0,0,0,0,0,0,0,0,0,0,0,0,0,0,0,0,0,0,0,,,,,,,0,,N,1,1,2,,,,,Y,N
3386,dha-0062,EM62,0,,,,,,,20150308,,,,,,,,,,0,,,,,,0,,,,,,,,,,0,,,,,,,,,,,,,,0,,,,,0,,,0,,,0,0,0,0,0,0,0,0,0,0,0,0,0,0,0,0,0,0,0,0,0,0,0,0,0,0,,,,,,,0,,N,1,1,2,,,,,Y,N
3390,dha-0062,EM62,0,,,,,,,20150309,,,,,,,,,,0,,,,,,0,,,,,,,,,,0,,,,,,,,,,,,,,0,,,,,0,,,0,,,0,0,0,0,0,0,0,0,0,0,0,0,0,0,0,0,0,0,0,0,0,0,0,0,0,0,,,,,,,0,,N,1,1,2,,,,,Y,N
3426,dha-0062,EM62,0,,,,,,,20150310,,,,,,,,,,0,,,,,,0,,,,,,,,,,0,,,,,,,,,,,,,,0,,,,,0,,,0,,,0,0,0,0,0,0,0,0,0,0,0,0,0,0,0,0,0,0,0,0,0,0,0,0,0,0,,,,,,,0,,N,1,1,2,,,,,Y,N
3518,dha-0062,EM62,0,,,,,,,20150314,,,,,,,,,,0,,,,,,0,,,,,,,,,,0,,,,,,,,,,,,,,0,,,,,0,,,0,,,0,0,0,0,0,0,0,0,0,0,0,0,0,0,0,0,0,0,0,0,0,0,0,0,0,0,,,,,,,0,,N,1,1,2,,,,,Y,N
3519,dha-0062,EM62,0,,,,,,,20150315,,,,,,,,,,0,,,,,,0,,,,,,,,,,0,,,,,,,,,,,,,,0,,,,,0,,,0,,,0,0,0,0,0,0,0,0,0,0,0,0,0,0,0,0,0,0,0,0,0,0,0,0,0,0,,,,,,,0,,N,1,1,2,,,,,Y,N
3537,dha-0062,EM62,0,,,,,,,20150317,,,,,,,,,,0,,,,,,0,,,,,,,,,,0,,,,,,,,,,,,,,0,,,,,0,,,0,,,0,0,0,0,0,0,0,0,0,0,0,0,0,0,0,0,0,0,0,0,0,0,0,0,0,0,,,,,,,0,,N,1,1,2,,,,,Y,N
3545,dha-0062,EM62,0,,,,,,,20150318,,,,,,,,,,0,,,,,,0,,,,,,,,,,0,,,,,,,,,,,,,,0,,,,,0,,,0,,,0,0,0,0,0,0,0,0,0,0,0,0,0,0,0,0,0,0,0,0,0,0,0,0,0,0,,,,,,,0,,N,1,1,2,,,,,Y,N
3565,dha-0062,EM62,0,,,,,,,20150319,,,,,,,,,,0,,,,,,0,,,,,,,,,,0,,,,,,,,,,,,,,0,,,,,0,,,0,,,0,0,0,0,0,0,0,0,0,0,0,0,0,0,0,0,0,0,0,0,0,0,0,0,0,0,,,,,,,0,,N,1,1,2,,,,,Y,N
3597,dha-0062,EM62,0,,,,,,,20150321,,,,,,,,,,0,,,,,,0,,,,,,,,,,0,,,,,,,,,,,,,,0,,,,,0,,,0,,,0,0,0,0,0,0,0,0,0,0,0,0,0,0,0,0,0,0,0,0,0,0,0,0,0,0,,,,,,,0,,N,1,1,2,,,,,Y,N
3598,dha-0062,EM62,0,,,,,,,20150322,,,,,,,,,,0,,,,,,0,,,,,,,,,,0,,,,,,,,,,,,,,0,,,,,0,,,0,,,0,0,0,0,0,0,0,0,0,0,0,0,0,0,0,0,0,0,0,0,0,0,0,0,0,0,,,,,,,0,,N,1,1,2,,,,,Y,N
3639,dha-0062,EM62,0,,,,,,,20150323,,,,,,,,,,0,,,,,,0,,,,,,,,,,0,,,,,,,,,,,,,,0,,,,,0,,,0,,,0,0,0,0,0,0,0,0,0,0,0,0,0,0,0,0,0,0,0,0,0,0,0,0,0,0,,,,,,,0,,N,1,1,2,,,,,Y,N
3640,dha-0062,EM62,0,,,,,,,20150324,,,,,,,,,,0,,,,,,0,,,,,,,,,,0,,,,,,,,,,,,,,0,,,,,0,,,0,,,0,0,0,0,0,0,0,0,0,0,0,0,0,0,0,0,0,0,0,0,0,0,0,0,0,0,,,,,,,0,,N,1,1,2,,,,,Y,N
2483,dha-0063,em63,0,,,,,,,20150110,,,,,,,,,,0,,,,,,0,,,,,,,,,,0,,,,,,,,,,,,,,0,,,,,0,,,0,,,0,0,0,0,0,0,0,0,0,0,0,0,0,0,0,0,0,0,0,0,0,0,0,0,0,0,,,,,,,0,,N,1,1,2,,,,,Y,N
2484,dha-0063,em63,0,,,,,,,20150111,,,,,,,,,,0,,,,,,0,,,,,,,,,,0,,,,,,,,,,,,,,0,,,,,0,,,0,,,0,0,0,0,0,0,0,0,0,0,0,0,0,0,0,0,0,0,0,0,0,0,0,0,0,0,,,,,,,0,,N,1,1,2,,,,,Y,N
2599,dha-0063,em63,0,,,,,,,20150118,,,,,,,,,,0,,,,,,0,,,,,,,,,,0,,,,,,,,,,,,,,0,,,,,0,,,0,,,0,0,0,0,0,0,0,0,0,0,0,0,0,0,0,0,0,0,0,0,0,0,0,0,0,0,,,,,,,0,,N,1,1,2,,,,,Y,N
2695,dha-0063,em63,0,,,,,,,20150122,,,,,,,,,,0,,,,,,0,,,,,,,,,,0,,,,,,,,,,,,,,0,,,,,0,,,0,,,0,0,0,0,0,0,0,0,0,0,0,0,0,0,0,0,0,0,0,0,0,0,0,0,0,0,,,,,,,0,,N,1,1,2,,,,,Y,N
2812,dha-0063,em63,0,,,,,,,20150129,,,,,,,,,,0,,,,,,0,,,,,,,,,,0,,,,,,,,,,,,,,0,,,,,0,,,0,,,0,0,0,0,0,0,0,0,0,0,0,0,0,0,0,0,0,0,0,0,0,0,0,0,0,0,,,,,,,0,,N,1,1,2,,,,,Y,N
3002,dha-0063,em63,0,,,,,,,20150210,,,,,,,,,,0,,,,,,0,,,,,,,,,,0,,,,,,,,,,,,,,0,,,,,0,,,0,,,0,0,0,0,0,0,0,0,0,0,0,0,0,0,0,0,0,0,0,0,0,0,0,0,0,0,,,,,,,0,,N,1,1,2,,,,,Y,N
3075,dha-0063,em63,0,,,,,,,20150212,,,,,,,,,,0,,,,,,0,,,,,,,,,,0,,,,,,,,,,,,,,0,,,,,0,,,0,,,0,0,0,0,0,0,0,0,0,0,0,0,0,0,0,0,0,0,0,0,0,0,0,0,0,0,,,,,,,0,,N,1,1,2,,,,,Y,N
3076,dha-0063,em63,0,,,,,,,20150213,,,,,,,,,,0,,,,,,0,,,,,,,,,,0,,,,,,,,,,,,,,0,,,,,0,,,0,,,0,0,0,0,0,0,0,0,0,0,0,0,0,0,0,0,0,0,0,0,0,0,0,0,0,0,,,,,,,0,,N,1,1,2,,,,,Y,N
3179,dha-0063,em63,0,,,,,,,20150220,,,,,,,,,,0,,,,,,0,,,,,,,,,,0,,,,,,,,,,,,,,0,,,,,0,,,0,,,0,0,0,0,0,0,0,0,0,0,0,0,0,0,0,0,0,0,0,0,0,0,0,0,0,0,,,,,,,0,,N,1,1,2,,,,,Y,N
3230,dha-0063,em63,0,,,,,,,20150223,,,,,,,,,,0,,,,,,0,,,,,,,,,,0,,,,,,,,,,,,,,0,,,,,0,,,0,,,0,0,0,0,0,0,0,0,0,0,0,0,0,0,0,0,0,0,0,0,0,0,0,0,0,0,,,,,,,0,,N,1,1,2,,,,,Y,N
3349,dha-0063,em63,0,,,,,,,20150227,,,,,,,,,,0,,,,,,0,,,,,,,,,,0,,,,,,,,,,,,,,0,,,,,0,,,0,,,0,0,0,0,0,0,0,0,0,0,0,0,0,0,0,0,0,0,0,0,0,0,0,0,0,0,,,,,,,0,,N,1,1,2,,,,,Y,N
3348,dha-0063,em63,0,,,,,,,20150228,,,,,,,,,,0,,,,,,0,,,,,,,,,,0,,,,,,,,,,,,,,0,,,,,0,,,0,,,0,0,0,0,0,0,0,0,0,0,0,0,0,0,0,0,0,0,0,0,0,0,0,0,0,0,,,,,,,0,,N,1,1,2,,,,,Y,N
3428,dha-0063,em63,0,,,,,,,20150307,,,,,,,,,,0,,,,,,0,,,,,,,,,,0,,,,,,,,,,,,,,0,,,,,0,,,0,,,0,0,0,0,0,0,0,0,0,0,0,0,0,0,0,0,0,0,0,0,0,0,0,0,0,0,,,,,,,0,,N,1,1,2,,,,,Y,N
3494,dha-0063,em63,0,,,,,,,20150312,,,,,,,,,,0,,,,,,0,,,,,,,,,,0,,,,,,,,,,,,,,0,,,,,0,,,0,,,0,0,0,0,0,0,0,0,0,0,0,0,0,0,0,0,0,0,0,0,0,0,0,0,0,0,,,,,,,0,,N,1,1,2,,,,,Y,N
3520,dha-0063,em63,0,,,,,,,20150313,,,,,,,,,,0,,,,,,0,,,,,,,,,,0,,,,,,,,,,,,,,0,,,,,0,,,0,,,0,0,0,0,0,0,0,0,0,0,0,0,0,0,0,0,0,0,0,0,0,0,0,0,0,0,,,,,,,0,,N,1,1,2,,,,,Y,N
3516,dha-0063,em63,0,,,,,,,20150314,,,,,,,,,,0,,,,,,0,,,,,,,,,,0,,,,,,,,,,,,,,0,,,,,0,,,0,,,0,0,0,0,0,0,0,0,0,0,0,0,0,0,0,0,0,0,0,0,0,0,0,0,0,0,,,,,,,0,,N,1,1,2,,,,,Y,N
3515,dha-0063,em63,0,,,,,,,20150315,,,,,,,,,,0,,,,,,0,,,,,,,,,,0,,,,,,,,,,,,,,0,,,,,0,,,0,,,0,0,0,0,0,0,0,0,0,0,0,0,0,0,0,0,0,0,0,0,0,0,0,0,0,0,,,,,,,0,,N,1,1,2,,,,,Y,N
3560,dha-0063,em63,0,,,,,,,20150318,,,,,,,,,,0,,,,,,0,,,,,,,,,,0,,,,,,,,,,,,,,0,,,,,0,,,0,,,0,0,0,0,0,0,0,0,0,0,0,0,0,0,0,0,0,0,0,0,0,0,0,0,0,0,,,,,,,0,,N,1,1,2,,,,,Y,N
234,cmc-0023,M-012,1,201409191919,19,201409192330,23,4 hours 11 minutes,251,20140919,weakness,0,3,1,0,0,0,0,0,1,1,0,1,1,0,2,1,N,0,0,0,0,0,0,0,0,0,1,0,0,N,,,,,,,,,0,N,0,,,0,,,0,0,Y,1,0,0,1,0,0,0,0,0,0,1,0,0,0,0,0,0,0,0,0,0,0,0,0,0,0,,0,1,0,0,0,1,,N,0,0,0,0 minutes,0,0 minutes,0,N,N
2450,cmc-0063,M-036,0,201501040059,00,201501040359,03,3 hours 0 minutes,180,20150104,middle,1,5,0,0,0,0,0,1,1,0,0,1,0,0,1,0,N,0,0,0,0,0,0,0,0,0,0,0,0,Y,,,1,,,0,0,1,1,N,0,,,0,,,0,0,Y,1,0,0,0,0,0,0,0,0,1,1,0,0,0,0,0,0,0,0,0,0,0,0,0,0,0,,1,0,0,0,0,1,,N,0,0,0,0 minutes,0,0 minutes,0,N,N
608,dha-0027,EM27,0,201410111400,14,201410111900,19,5 hours 0 minutes,300,20141011,weakness,0,2,0,0,0,1,0,0,1,0,0,0,0,0,0,0,,0,0,0,0,0,0,0,0,0,0,0,0,,,,,,,,,,0,,0,,,0,,,0,0,Y,1,0,0,0,0,0,1,0,0,0,1,0,0,0,0,0,0,0,0,0,0,0,0,0,0,0,,0,0,0,0,0,0,,N,0,0,0,0 minutes,0,0 minutes,0,N,N
1075,dha-0044,em44,0,201411091100,11,201411091630,16,5 hours 30 minutes,330,20141109,middle,1,5,0,0,0,1,0,0,1,0,0,0,0,1,1,0,Y,1,0,1,0,0,0,0,1,0,1,0,0,N,,,,,,,,,0,N,0,,,0,,,0,0,Y,1,0,0,1,0,0,0,0,0,0,1,0,0,0,0,0,0,0,0,0,0,0,0,0,0,0,,1,0,0,0,0,1,,N,0,0,0,0 minutes,0,0 minutes,0,N,N
380,cmc-0003,M-003,0,201409241810,18,201409242100,21,2 hours 50 minutes,170,20140924,middle,1,6,0,0,0,1,0,0,1,0,1,0,1,0,2,1,Y,1,0,0,0,0,0,0,0,0,1,0,0,Y,,,,1,Almotriptan malate,0,1,0,1,N,0,,,0,,,0,0,Y,1,0,0,0,0,0,1,0,0,0,1,0,0,0,0,0,0,0,0,0,0,0,0,0,0,0,,0,1,0,0,0,1,,Y,0,1,1,0 minutes,0,120 minutes,120,N,N
175,cmc-0022,M-011,1,201409161100,11,201409161900,19,8 hours 0 minutes,480,20140916,weakness,0,3,1,0,0,0,0,0,1,1,1,0,0,0,1,1,Y,1,0,0,0,0,0,0,0,0,1,0,0,Y,,,2,,,0,1,0,1,Y,1,,,0,0,1,1,0,Y,1,0,0,1,0,0,0,0,0,0,1,0,0,0,0,0,0,0,0,0,0,0,0,0,0,0,,0,0,0,0,0,0,,Y,0,1,1,0 hours 0 minutes,0,1 hour 0 minutes,60,N,N
429,cmc-0022,M-011,1,201410010930,09,201410011400,14,4 hours 30 minutes,270,20141001,middle,1,6,1,0,0,0,0,0,1,1,1,0,0,0,1,1,Y,1,0,0,0,0,0,0,0,0,1,0,0,Y,,,2,,,0,0,1,1,Y,1,,,0,0,1,1,0,Y,1,0,0,0,0,0,0,0,0,0,0,1,0,0,0,0,1,0,0,0,0,0,0,0,0,0,,0,0,0,0,0,0,,Y,0,1,1,0 hours 0 minutes,0,1 hour 0 minutes,60,N,N
1454,cmc-0022,M-011,1,201411141424,14,201411141600,16,1 hour 36 minutes,96,20141114,middle,1,5,1,0,0,0,0,0,1,1,1,0,0,0,1,1,Y,1,0,0,0,0,0,0,0,0,1,0,0,Y,,,1,,,0,1,0,1,Y,1,,,0,0,1,1,0,Y,1,0,0,0,0,0,0,0,0,0,0,1,0,0,0,0,1,0,0,0,0,0,0,0,0,0,,0,0,0,0,0,0,,Y,0,1,1,0 hours 0 minutes,0,1 hour 0 minutes,60,N,N
183,cmc-0023,M-012,1,201409171000,10,201409172359,23,13 hours 59 minutes,839,20140917,weakness,0,3,1,0,0,0,0,0,1,1,0,0,1,0,1,1,N,0,0,0,0,0,0,0,0,0,1,0,0,N,,,,,,,,,0,N,0,,,0,,,0,0,Y,1,0,0,0,0,0,1,0,0,0,1,0,0,0,0,0,0,0,0,0,0,0,0,0,0,0,,0,1,0,0,0,1,,Y,0,1,1,0 hours 0 minutes,0,0 hours 40 minutes,40,N,N
244,cmc-0023,M-012,1,201409211930,19,201409212100,21,1 hour 30 minutes,90,20140921,,,,1,0,0,0,0,0,1,1,0,0,1,0,1,1,N,0,0,0,0,0,0,0,0,0,1,0,0,N,,,,,,,,,0,N,0,,,0,,,0,0,Y,1,0,0,1,0,0,0,0,0,0,1,0,0,0,0,0,0,0,0,0,0,0,0,0,0,0,,0,0,0,1,0,1,,Y,0,1,1,0 hours 0 minutes,0,1 hour 0 minutes,60,N,N
1198,cmc-0023,M-012,1,201411031033,10,201411031833,18,8 hours 0 minutes,480,20141103,middle,1,5,1,1,0,0,0,0,2,1,1,0,0,0,1,1,N,0,0,0,0,0,0,0,0,0,1,0,0,N,,,,,,,,,0,N,0,,,0,,,0,0,Y,1,0,0,0,1,0,0,0,0,0,1,0,0,0,0,0,0,0,0,0,0,0,0,0,0,0,,1,1,0,0,0,2,,Y,0,1,1,0 hours 0 minutes,0,2 hours 0 minutes,120,N,N
519,cmc-0027,CM-004,1,201410051601,16,201410052359,23,7 hours 58 minutes,478,20141005,middle,1,5,1,0,0,0,0,0,1,1,1,0,0,0,1,1,,0,0,0,0,0,0,0,0,0,1,0,0,N,,,,,,,,,0,,0,,,0,,,0,0,Y,1,0,0,0,0,0,1,0,0,0,1,0,0,0,0,0,0,0,0,0,0,0,0,0,0,0,,1,1,0,0,0,2,,Y,0,1,1,0 hours 0 minutes,0,1 hour 30 minutes,90,N,Y
838,cmc-0027,CM-004,1,201410201308,13,,,6 hours 0 minutes,360,20141020,weakness,0,4,1,0,0,0,0,0,1,1,0,0,0,1,1,0,,0,0,0,0,0,0,0,0,0,0,0,0,N,,,,,,,,,0,,0,,,0,,,0,0,Y,1,1,0,0,0,0,0,0,0,0,1,0,0,0,0,0,0,0,0,0,0,0,0,0,0,0,,0,0,0,0,0,0,,Y,0,1,1,0 hours 0 minutes,0,0 hours 40 minutes,40,N,N
902,cmc-0027,CM-004,1,201410240006,00,201410242359,23,23 hours 53 minutes,1433,20141024,Severe,1,7,1,0,0,0,0,0,1,1,0,0,1,0,1,1,Y,1,0,0,0,0,0,0,0,0,1,0,0,N,,,,,,,,,0,,0,,,0,,,0,0,Y,1,0,0,0,0,0,0,0,0,0,0,0,0,0,0,0,0,0,0,0,0,0,0,0,1,1,Acute migraine persistent,0,0,0,0,0,0,,Y,0,1,1,0 hours 0 minutes,0,0 hours 40 minutes,40,N,Y
913,cmc-0027,CM-004,1,201410250814,08,,,15 hours 0 minutes,900,20141025,middle,1,6,1,0,0,0,0,0,1,1,0,0,1,0,1,1,,0,0,0,0,0,0,0,0,0,1,0,0,N,,,,,,,,,0,,0,,,0,,,0,0,Y,1,0,0,0,0,0,0,0,0,0,0,0,0,0,0,0,0,0,0,0,0,0,0,0,1,1,Migraine persisting,0,0,0,0,0,0,,Y,0,1,1,0 hours 0 minutes,0,0 hours 50 minutes,50,N,N
1551,cmc-0027,CM-004,1,201411211843,18,201411212359,23,5 hours 16 minutes,316,20141121,middle,1,5,0,1,0,0,0,0,1,1,0,0,1,0,1,1,,0,0,0,0,0,0,0,0,0,1,0,0,N,,,,,,,,,0,,0,,,0,,,0,0,Y,1,0,0,0,0,0,0,0,0,0,0,0,0,0,0,0,0,0,0,0,0,0,0,0,1,1,constipation,0,0,0,0,1,1,Acute start?,Y,0,1,1,0 hours 0 minutes,0,1 hour 0 minutes,60,N,Y
288,cmc-0028,M-014,0,201409230800,08,201409231148,11,3 hours 48 minutes,228,20140923,middle,1,5,0,1,0,0,0,1,2,1,1,0,0,1,2,1,Y,1,0,0,0,0,0,0,0,0,1,0,0,Y,,,,1,Almogran,0,0,1,1,Y,1,0,1,1,0,1,1,0,Y,1,0,0,1,0,0,0,0,0,0,1,0,0,0,0,0,0,0,0,0,0,0,0,0,0,0,,1,0,0,0,0,1,,Y,0,1,1,0 hours 0 minutes,0,0 hours 30 minutes,30,N,N
734,cmc-0032,CM-005,0,201410081424,14,201410081724,17,3 hours 0 minutes,180,20141008,middle,1,6,0,0,0,0,0,1,1,0,0,1,1,0,2,1,Y,1,0,1,0,0,0,1,2,1,1,1,1,N,,,,,,,,,0,N,0,,,0,,,0,0,Y,1,1,0,0,0,0,0,0,0,0,1,0,0,0,0,0,0,0,0,0,0,0,0,0,0,0,,0,1,0,0,0,1,,Y,0,1,1,0 hours 0 minutes,0,1 hour 50 minutes,110,N,N
750,cmc-0032,CM-005,0,201410101451,14,201410101851,18,4 hours 0 minutes,240,20141010,middle,1,6,0,0,0,0,0,1,1,0,0,1,1,0,2,1,Y,1,0,1,0,0,1,0,2,0,1,0,0,N,,,,,,,,,0,N,0,,,0,,,0,0,Y,1,1,0,0,0,0,0,0,0,0,1,0,0,0,0,0,0,0,0,0,0,0,0,0,0,0,,0,0,0,0,0,0,,Y,0,1,1,0 hours 0 minutes,0,1 hour 0 minutes,60,N,N
803,cmc-0032,CM-005,0,201410171933,19,201410172359,23,4 hours 26 minutes,266,20141017,Severe,1,9,0,0,0,1,0,0,1,0,1,1,1,0,3,1,Y,1,0,0,0,0,0,0,0,0,1,0,0,Y,2,,,,,0,0,1,1,Y,1,,,0,1,0,1,0,Y,1,0,0,0,0,0,0,0,0,0,0,0,0,0,0,0,0,1,0,0,0,0,0,0,0,1,,0,0,0,0,0,0,,Y,0,1,1,0 hours 0 minutes,0,2 hours 0 minutes,120,N,Y
1105,cmc-0032,CM-005,0,201410230910,09,201410231210,12,3 hours 0 minutes,180,20141023,weakness,0,3,0,0,0,0,0,1,1,0,0,1,0,0,1,0,N,0,0,1,0,0,0,0,1,0,0,0,0,N,,,,,,,,,0,N,0,,,0,,,0,0,Y,1,0,0,1,0,0,0,0,0,0,1,0,0,0,0,0,0,0,0,0,0,0,0,0,0,0,,0,1,0,0,0,1,,Y,0,1,1,0 hours 0 minutes,0,1 hour 20 minutes,80,N,N
354,cmc-0033,CM-006,1,201409281550,15,201409282359,23,8 hours 9 minutes,489,20140928,weakness,0,2,0,0,0,1,0,0,1,0,0,1,0,0,1,0,,0,0,0,0,0,0,0,0,0,0,0,0,Y,,,,1,Sari Donjeong,0,1,0,1,N,0,,,0,,,0,0,Y,1,0,0,0,0,0,1,0,0,0,1,0,0,0,0,0,0,0,0,0,0,0,0,0,0,0,,0,0,0,0,0,0,,Y,0,1,1,0 hours 0 minutes,0,0 hours 10 minutes,10,,
2019,cmc-0042,M-026,0,201412161913,19,201412162359,23,4 hours 46 minutes,286,20141216,Severe,1,7,0,0,0,1,0,0,1,0,1,0,0,0,1,1,Y,1,0,1,0,0,0,0,1,0,1,0,0,Y,,,,3,prescription drugs,1,0,0,1,Y,1,0,1,1,0,1,1,0,Y,1,0,0,0,0,0,0,0,0,0,0,1,0,0,0,0,1,0,0,0,0,0,0,0,0,0,,0,0,0,0,0,0,,Y,0,1,1,0 hours 0 minutes,0,0 hours 20 minutes,20,,
2941,cmc-0048,M-032,1,201501241330,13,201501241934,19,6 hours 4 minutes,364,20150124,weakness,0,2,0,0,0,1,1,0,2,0,0,0,0,1,1,0,N,0,0,0,0,0,0,0,0,0,0,0,0,N,,,,,,,,,0,N,0,,,0,,,0,0,Y,1,0,0,0,1,0,0,0,0,0,1,0,0,0,0,0,0,0,0,0,0,0,0,0,0,0,,0,1,0,0,0,1,,Y,0,1,1,0 hours 0 minutes,0,3 hours 0 minutes,180,N,N
3187,cmc-0064,M-037,1,201501270800,08,201501271300,13,5 hours 0 minutes,300,20150127,weakness,0,2,0,0,0,0,1,0,1,0,1,0,0,0,1,1,N,0,1,0,0,1,0,0,1,0,0,1,0,Y,,,,1,,0,0,1,1,N,0,,,0,,,0,0,Y,1,0,0,0,0,0,1,0,0,0,1,0,0,0,0,0,0,0,0,0,0,0,0,0,0,0,,0,1,0,0,0,1,,Y,0,1,1,0 hours 0 minutes,0,1 hour 0 minutes,60,N,N
2425,cmc-0067,M-040,0,201501031230,12,201501031715,17,4 hours 45 minutes,285,20150103,weakness,0,10,0,1,0,0,0,0,1,1,0,0,1,0,1,1,N,0,0,0,0,0,0,0,0,0,1,0,0,Y,2,,,1,Hospital prescription medication 2 hours later,0,0,1,1,Y,1,0,1,1,,,0,0,Y,1,1,0,0,0,0,0,0,0,0,1,0,0,0,0,0,0,0,0,0,0,0,0,0,0,0,,0,0,0,0,1,1,prescription medication,Y,0,1,1,0 hours 0 minutes,0,1 hour 0 minutes,60,N,N
3075,cmc-0067,M-040,0,201501271730,17,201501272200,22,4 hours 30 minutes,270,20150127,weakness,0,1,0,1,0,0,0,1,2,1,0,0,0,1,1,0,N,0,0,0,0,0,0,0,0,0,0,0,0,Y,,,,3,hospital prescription,0,0,1,1,N,0,,,0,,,0,0,Y,1,1,0,0,0,0,0,0,0,0,1,0,0,0,0,0,0,0,0,0,0,0,0,0,0,0,,0,1,0,1,0,2,,Y,0,1,1,0 hours 0 minutes,0,1 hour 0 minutes,60,N,N
3881,cmc-0067,M-040,0,201502231519,15,201502231830,18,3 hours 11 minutes,191,20150223,weakness,0,2,0,1,0,0,0,0,1,1,0,0,1,0,1,1,N,0,0,0,0,0,0,0,0,0,1,0,0,Y,,,,1,almogreen,0,0,1,1,N,0,,,0,,,0,0,Y,1,1,0,0,0,0,0,0,0,0,1,0,0,0,0,0,0,0,0,0,0,0,0,0,0,0,,0,1,0,0,0,1,,Y,0,1,1,0 hours 0 minutes,0,1 hour 0 minutes,60,N,N
4951,cmc-0078,M-050,1,201504071530,15,201504072359,23,8 hours 29 minutes,509,20150407,weakness,0,2,0,0,0,1,0,0,1,0,0,0,0,1,1,0,N,0,0,1,0,0,1,1,3,1,0,1,0,N,,,,,,,,,0,N,0,,,0,,,0,0,Y,1,0,0,0,0,0,0,0,0,0,0,1,0,0,0,0,1,0,0,0,0,0,0,0,0,0,,0,1,0,0,0,1,,Y,0,1,1,0 hours 0 minutes,0,1 hour 0 minutes,60,,
75,dha-0004,EM4,1,201408210800,08,201408212359,23,15 hours 59 minutes,959,20140821,weakness,0,,0,0,1,0,0,1,2,0,0,0,0,1,1,0,N,0,0,0,0,0,0,0,0,0,0,0,0,N,,,,,,,,,0,N,0,,,0,,,0,0,Y,1,1,0,0,0,0,0,0,0,0,1,0,0,0,0,0,0,0,0,0,0,0,0,0,0,0,,0,1,0,0,0,1,,Y,0,1,1,0 hours 0 minutes,0,1 hour 0 minutes,60,,
116,dha-0004,EM4,1,201408300831,08,201408301200,12,3 hours 29 minutes,209,20140830,,,,1,0,0,0,0,0,1,1,0,0,0,1,1,0,N,0,0,0,0,0,0,0,0,0,0,0,0,Y,,,,1,hospital medicine,0,0,1,1,N,0,,,0,,,0,0,Y,1,1,0,0,0,0,0,0,0,0,1,0,0,0,0,0,0,0,0,0,0,0,0,0,0,0,,0,0,0,0,1,1,activity,Y,0,1,1,0 hours 0 minutes,0,4 hours 0 minutes,240,N,N
827,dha-0004,EM4,1,201410241200,12,201410242359,23,11 hours 59 minutes,719,20141024,weakness,0,3,1,1,0,0,1,0,3,1,0,0,0,1,1,0,N,0,0,0,0,0,0,0,0,0,0,0,0,N,,,,,,,,,0,Y,1,0,1,1,,,0,0,Y,1,0,0,0,0,0,0,0,0,0,0,0,0,0,0,0,0,0,0,0,0,0,0,0,1,1,Two hours of stressful dental treatment,0,0,0,0,1,1,yet..,Y,0,1,1,0 hours 0 minutes,0,0 hours 40 minutes,40,,
415,dha-0013,em13,0,201409271330,13,201409271500,15,1 hour 30 minutes,90,20140927,weakness,0,,0,0,0,0,0,1,1,0,0,0,0,0,0,0,,0,0,0,0,0,0,0,0,0,0,0,0,Y,1,,,,,0,0,1,1,N,0,,,0,,,0,0,Y,1,1,0,0,0,0,0,0,0,0,1,0,0,0,0,0,0,0,0,0,0,0,0,0,0,0,,0,0,1,0,0,1,,Y,0,1,1,0 hours 0 minutes,0,0 hours 40 minutes,40,N,N
921,dha-0022,em22,0,201410291612,16,201410291730,17,1 hour 18 minutes,78,20141029,weakness,0,1,0,0,0,0,1,0,1,0,1,0,0,0,1,1,,0,0,0,0,0,1,0,1,0,0,0,0,Y,,,1,,,0,0,1,1,N,0,,,0,,,0,0,Y,1,0,0,0,0,0,0,0,0,0,0,0,0,0,0,1,1,0,0,0,0,0,0,0,0,0,,0,0,0,0,0,0,,Y,0,1,1,0 hours 0 minutes,0,0 hours 10 minutes,10,N,N
579,dha-0027,EM27,0,201410080730,07,201410080930,09,2 hours 0 minutes,120,20141008,weakness,0,2,0,0,0,1,0,0,1,0,0,0,0,1,1,0,N,0,0,0,0,0,0,0,0,0,0,0,0,N,,,,,,,,,0,N,0,,,0,,,0,0,Y,1,0,0,0,0,0,1,0,0,0,1,0,0,0,0,0,0,0,0,0,0,0,0,0,0,0,,0,1,0,0,0,1,,Y,0,1,1,0 hours 0 minutes,0,2 hours 0 minutes,120,N,N
758,dha-0029,EM29,1,201410202120,21,201410200709,07,35 days 9 hours 49 minutes,589,20141020,weakness,0,,0,0,0,0,0,1,1,0,0,1,0,0,1,0,N,0,0,0,0,0,0,0,0,0,0,0,0,N,,,,,,,,,0,N,0,,,0,,,0,0,Y,1,0,0,0,1,0,0,0,0,0,1,0,0,0,0,0,0,0,0,0,0,0,0,0,0,0,,0,1,0,0,0,1,,Y,1,0,1,1 hour 0 minutes,60,0 hours 0 minutes,0,N,N
1375,dha-0029,EM29,1,201411030719,07,201411030740,07,21 minutes,21,20141103,weakness,0,2,0,0,1,0,0,0,1,0,0,0,1,0,1,1,Y,1,0,0,0,0,0,0,0,0,1,0,0,N,,,,,,,,,0,N,0,,,0,,,0,0,Y,1,0,0,1,0,0,0,0,0,0,1,0,0,0,0,0,0,0,0,0,0,0,0,0,0,0,,0,1,0,0,0,1,,Y,1,0,1,1 hour 0 minutes,60,0 hours 0 minutes,0,N,N
1598,dha-0029,EM29,1,201412031620,16,201412031700,17,40 minutes,40,20141203,weakness,0,,0,0,0,1,0,0,1,0,0,0,0,1,1,0,N,0,0,0,0,0,0,0,0,0,0,0,0,N,,,,,,,,,0,N,0,,,0,,,0,0,Y,1,0,0,1,0,0,0,0,0,0,1,0,0,0,0,0,0,0,0,0,0,0,0,0,0,0,,0,1,0,0,0,1,,Y,0,1,1,0 hours 0 minutes,0,1 hour 10 minutes,70,N,N
2350,dha-0053,em53,0,201501080007,00,201501080807,08,8 hours 0 minutes,480,20150108,weakness,0,2,1,0,0,0,0,0,1,1,1,0,0,0,1,1,N,0,0,0,0,0,0,0,0,0,1,0,0,Y,,,,1,Almogran,0,0,1,1,Y,1,0,1,1,0,1,1,0,Y,1,0,0,0,0,0,0,0,0,0,0,0,0,0,0,0,0,0,0,0,1,0,0,0,0,1,,0,0,0,0,1,1,Taking medicine,Y,1,0,1,0 hours 40 minutes,40,0 hours 0 minutes,0,N,N
2716,dha-0053,em53,0,201501220056,00,201501222359,23,23 hours 3 minutes,1383,20150122,weakness,0,,1,1,0,0,0,0,2,1,1,0,1,0,2,1,N,0,0,0,0,0,0,0,0,0,1,0,0,N,,,,,,,,,0,N,0,,,0,,,0,0,Y,1,0,0,0,0,0,0,1,0,0,1,0,0,0,0,0,0,0,0,0,0,0,0,0,0,0,,1,1,0,0,0,2,,Y,1,0,1,0 hours 40 minutes,40,0 hours 0 minutes,0,N,Y
3388,dha-0055,em55,0,201503090621,06,201503090721,07,1 hour 0 minutes,60,20150309,weakness,0,3,0,0,0,0,0,0,0,0,0,0,0,0,0,0,,0,0,0,0,0,0,0,0,0,0,0,0,Y,1,,,,,0,0,1,1,,0,,,0,,,0,0,Y,1,0,0,0,0,0,0,0,0,0,0,0,0,0,0,0,0,0,0,0,0,0,0,0,1,1,cold,0,0,0,0,0,0,,Y,0,1,1,0 hours 0 minutes,0,0 hours 50 minutes,50,N,N
1972,dha-0057,em57,0,201412201000,10,201412202000,20,10 hours 0 minutes,600,20141220,weakness,0,6,0,1,0,0,0,0,1,1,1,0,0,1,2,1,N,0,0,1,0,0,0,1,2,1,1,1,1,Y,,1,1,,,0,1,0,1,N,0,,,0,,,0,0,Y,1,1,0,0,0,0,0,0,0,0,1,0,0,0,0,0,0,0,0,0,0,0,0,0,0,0,,1,1,0,0,0,2,,Y,0,1,1,0 hours 0 minutes,0,1 hour 0 minutes,60,N,N
3365,dha-0062,EM62,0,201503061600,16,201503062200,22,6 hours 0 minutes,360,20150306,weakness,0,3,0,0,1,0,0,0,1,0,0,0,1,0,1,1,Y,1,0,0,0,0,1,0,1,0,1,0,0,N,,,,,,,,,0,N,0,,,0,,,0,0,Y,1,0,0,0,0,0,0,0,0,0,0,0,0,0,0,1,1,0,0,0,0,0,0,0,0,0,,1,0,0,0,0,1,,Y,1,0,1,0 hours 40 minutes,40,0 hours 0 minutes,0,N,N
3447,dha-0062,EM62,0,201503121800,18,201503122359,23,5 hours 59 minutes,359,20150312,weakness,0,2,0,0,1,0,0,0,1,0,0,0,0,1,1,0,Y,1,0,0,0,0,0,0,0,0,0,0,0,N,,,,,,,,,0,N,0,,,0,,,0,0,Y,1,0,0,0,0,0,1,0,0,0,1,0,0,0,0,0,0,0,0,0,0,0,0,0,0,0,,1,0,0,0,0,1,,Y,0,1,1,0 hours 0 minutes,0,0 hours 50 minutes,50,N,N
8,cmc-0002,M-002,1,201408261300,13,201408262359,23,10 hours 59 minutes,659,20140826,middle,1,,0,1,0,1,0,1,3,1,1,1,0,0,2,1,Y,1,0,1,0,0,1,0,2,0,1,0,0,N,,,,,,,,,0,N,0,,,0,,,0,0,Y,1,1,0,0,0,0,0,0,0,0,1,0,0,0,0,0,0,0,0,0,0,0,0,0,0,0,,0,1,0,0,0,1,,N,1,1,2,,,,,N,Y
29,cmc-0002,M-002,1,201408301020,10,201408301830,18,8 hours 10 minutes,490,20140830,weakness,0,,1,1,0,0,0,1,3,1,1,0,1,1,3,1,Y,1,0,1,0,0,0,0,1,0,1,0,0,N,,,,,,,,,0,N,0,,,0,,,0,0,Y,1,0,0,0,0,0,0,1,0,0,1,0,0,0,0,0,0,0,0,0,0,0,0,0,0,0,,0,0,0,0,0,0,,N,1,1,2,,,,,N,N
97,cmc-0002,M-002,1,201409071240,12,201409071700,17,4 hours 20 minutes,260,20140907,weakness,0,,1,0,0,0,0,1,2,1,0,0,1,0,1,1,Y,1,0,1,0,0,0,0,1,0,1,0,0,N,,,,,,,,,0,N,0,,,0,,,0,0,Y,1,0,0,1,0,0,0,0,0,0,1,0,0,0,0,0,0,0,0,0,0,0,0,0,0,0,,0,1,0,0,0,1,,N,1,1,2,,,,,N,N
419,cmc-0002,M-002,1,201410011300,13,201410011900,19,6 hours 0 minutes,360,20141001,middle,1,,0,0,0,1,1,1,3,0,1,0,1,0,2,1,Y,1,0,1,0,0,0,0,1,0,1,0,0,N,,,,,,,,,0,Y,1,,,0,0,1,1,0,Y,1,0,0,0,0,0,0,0,0,1,1,0,0,0,0,0,0,0,0,0,0,0,0,0,0,0,,0,1,0,0,0,1,,N,1,1,2,,,,,N,N
917,cmc-0002,M-002,1,201410261400,14,201410261740,17,3 hours 40 minutes,220,20141026,weakness,0,,0,0,0,1,1,0,2,0,1,1,1,0,3,1,Y,1,0,1,0,0,0,0,1,0,1,0,0,N,,,,,,,,,0,N,0,,,0,,,0,0,Y,1,0,0,0,0,0,0,0,0,1,1,0,0,0,0,0,0,0,0,0,0,0,0,0,0,0,,0,1,0,0,0,1,,N,1,1,2,,,,,N,N
30,cmc-0003,M-003,0,201408310020,00,201408312359,23,23 hours 39 minutes,1419,20140831,weakness,0,2,0,1,0,0,0,0,1,1,0,0,1,0,1,1,N,0,0,0,0,0,0,0,0,0,1,0,0,N,,,,,,,,,0,N,0,,,0,,,0,0,Y,1,0,0,0,0,0,1,0,0,0,1,0,0,0,0,0,0,0,0,0,0,0,0,0,0,0,,1,0,0,0,0,1,,N,1,1,2,,,,,N,Y
459,cmc-0003,M-003,0,201410040000,00,201410040330,03,3 hours and 30 minutes,210,20141004,middle,1,5,1,0,0,1,0,0,2,1,0,1,0,1,2,0,Y,1,0,0,0,0,0,0,0,0,1,0,0,Y,,,,1,ibuprofen,0,1,0,1,Y,1,0,1,1,,,0,0,Y,1,0,0,0,0,1,0,0,0,0,1,0,0,0,0,0,0,0,0,0,0,0,0,0,0,0,,1,0,0,0,0,1,,N,1,1,2,,,,,N,N
836,cmc-0003,M-003,0,201410092013,20,201410092313,23,3 hours 0 minutes,180,20141009,weakness,0,4,0,0,0,1,0,0,1,0,0,0,1,0,1,1,Y,1,0,0,0,0,0,0,0,0,1,0,0,N,,,,,,,,,0,N,0,,,0,,,0,0,Y,1,0,1,0,0,0,0,0,0,0,1,0,0,0,0,0,0,0,0,0,0,0,0,0,0,0,,1,1,0,0,0,2,,N,1,1,2,,,,,N,N
45,cmc-0004,M-004,0,201409021420,14,201409021800,18,3 hours 40 minutes,220,20140902,weakness,0,2,0,1,0,0,0,0,1,1,0,0,0,1,1,0,Y,1,0,0,0,0,0,1,1,0,1,0,0,N,,,,,,,,,0,N,0,,,0,,,0,0,Y,1,0,0,0,0,0,0,0,0,0,0,0,1,0,0,0,1,0,0,0,0,0,0,0,0,0,,0,0,0,0,0,0,,N,1,1,2,,,,,,
850,cmc-0004,M-004,0,201410180730,07,201410182359,23,16 hours 29 minutes,989,20141018,weakness,0,2,0,1,0,0,0,0,1,1,0,0,1,0,1,1,,0,0,0,0,0,0,0,0,0,1,0,0,,,,,,,,,,0,,0,,,0,,,0,0,Y,1,0,0,0,0,0,0,1,0,0,1,0,0,0,0,0,0,0,0,0,0,0,0,0,0,0,,0,0,0,0,0,0,,N,1,1,2,,,,,N,Y
166,cmc-0006,CM-001,1,201409161601,16,201409162359,23,7 hours 58 minutes,478,20140916,,,,1,1,0,0,0,1,3,1,1,1,0,0,2,1,N,0,0,0,0,0,0,0,0,0,1,0,0,N,,,,,,,,,0,N,0,,,0,,,0,0,Y,1,0,0,0,0,0,0,1,0,0,1,0,0,0,0,0,0,0,0,0,0,0,0,0,0,0,,1,0,0,0,0,1,,N,1,1,2,,,,,,
1205,cmc-0006,CM-001,1,201411020004,00,201411022359,23,23 hours 55 minutes,1435,20141102,Severe,1,9,0,0,0,1,1,1,3,0,1,1,0,0,2,1,Y,1,0,1,0,0,1,0,2,0,1,0,0,Y,1,,,,,0,1,0,1,Y,1,,,0,0,1,1,0,Y,1,0,0,0,0,0,0,1,0,0,1,0,0,0,0,0,0,0,0,0,0,0,0,0,0,0,,1,0,0,0,0,1,,N,1,1,2,,,,,N,Y
63,cmc-0008,M-007,0,201409031809,18,201409031812,18,3 minutes,3,20140903,weakness,0,2,1,0,0,0,0,0,1,1,0,0,1,0,1,1,Y,1,0,0,0,0,0,0,0,0,1,0,0,Y,,,1,,,0,0,1,1,Y,1,,,0,0,1,1,0,Y,1,0,0,0,0,0,0,1,0,0,1,0,0,0,0,0,0,0,0,0,0,0,0,0,0,0,,0,1,0,0,0,1,,N,1,1,2,,,,,N,N
82,cmc-0008,M-007,0,201409040847,08,201409041047,10,2 hours 0 minutes,120,20140904,weakness,0,2,1,0,0,0,0,0,1,1,0,0,1,0,1,1,Y,1,0,0,0,0,0,0,0,0,1,0,0,Y,,,2,,,0,0,1,1,Y,1,,,0,0,1,1,0,Y,1,0,0,0,0,0,0,1,0,0,1,0,0,0,0,0,0,0,0,0,0,0,0,0,0,0,,0,1,0,0,0,1,,N,1,1,2,,,,,N,N
131,cmc-0008,M-007,0,201409121213,12,,,11 hours 0 minutes,660,20140912,weakness,0,6,1,0,0,0,0,0,1,1,0,0,1,0,1,1,Y,1,0,0,0,0,0,0,0,0,1,0,0,Y,,,2,,,0,1,0,1,,0,,,0,,,0,0,Y,1,0,0,0,0,0,0,0,0,0,0,1,0,0,0,0,1,0,0,0,0,0,0,0,0,0,,1,1,0,0,0,2,,N,1,1,2,,,,,N,N
407,cmc-0008,M-007,0,201409301201,12,201409301401,14,2 hours 0 minutes,120,20140930,weakness,0,2,0,0,1,0,0,0,1,0,0,0,1,0,1,1,,0,0,0,0,0,0,0,0,0,0,0,0,,,,,,,,,,0,Y,1,,,0,0,1,1,0,Y,1,0,0,0,0,0,0,0,1,0,1,0,0,0,0,0,0,0,0,0,0,0,0,0,0,0,,1,1,0,0,0,2,,N,1,1,2,,,,,N,N
95,cmc-0009,M-008,1,201409061420,14,201409061830,18,4 hours 10 minutes,250,20140906,middle,1,6,0,0,1,0,1,0,2,0,0,1,0,0,1,0,Y,1,0,0,0,0,0,1,1,0,1,0,0,N,,,,,,,,,0,Y,1,,,0,0,1,1,0,Y,1,1,0,0,0,0,0,0,0,0,1,0,0,0,0,0,0,0,0,0,0,0,0,0,0,0,,0,1,0,0,0,1,,N,1,1,2,,,,,N,N
181,cmc-0009,M-008,1,201409161300,13,201409162359,23,10 hours 59 minutes,659,20140916,weakness,0,3,0,0,1,1,1,0,3,0,1,0,0,0,1,1,Y,1,0,0,0,0,0,0,0,0,1,0,0,N,,,,,,,,,0,Y,1,,,0,0,1,1,0,Y,1,1,0,0,0,0,0,0,0,0,1,0,0,0,0,0,0,0,0,0,0,0,0,0,0,0,,0,0,0,0,0,0,,N,1,1,2,,,,,N,Y
190,cmc-0009,M-008,1,201409170000,00,201409172359,23,23 hours 59 minutes,1439,20140917,middle,1,6,0,1,1,0,1,0,3,1,0,1,0,0,1,0,Y,1,0,1,0,0,0,0,1,0,1,0,0,Y,,,3,,,0,1,0,1,Y,1,,,0,0,1,1,0,Y,1,1,0,0,0,0,0,0,0,0,1,0,0,0,0,0,0,0,0,0,0,0,0,0,0,0,,0,0,0,0,0,0,,N,1,1,2,,,,,N,Y
205,cmc-0009,M-008,1,201409180000,00,201409182100,21,21 hours 0 minutes,1260,20140918,middle,1,5,0,1,1,0,1,0,3,1,1,1,0,0,2,1,Y,1,0,0,0,0,0,0,0,0,1,0,0,N,,,,,,,,,0,Y,1,,,0,0,1,1,0,Y,1,1,0,0,0,0,0,0,0,0,1,0,0,0,0,0,0,0,0,0,0,0,0,0,0,0,,0,1,0,0,0,1,,N,1,1,2,,,,,N,N
543,cmc-0009,M-008,1,201410061550,15,201410061650,16,1 hour 0 minutes,60,20141006,weakness,0,4,0,0,1,0,0,0,1,0,1,0,0,0,1,1,,0,0,0,0,0,0,0,0,0,0,0,0,N,,,,,,,,,0,,0,,,0,,,0,0,Y,1,1,0,0,0,0,0,0,0,0,1,0,0,0,0,0,0,0,0,0,0,0,0,0,0,0,,0,0,0,0,0,0,,N,1,1,2,,,,,N,N
814,cmc-0011,M-010,1,201410210700,07,201410212359,23,16 hours 59 minutes,1019,20141021,weakness,0,3,0,0,0,0,1,0,1,0,0,0,0,1,1,0,Y,1,0,0,0,0,0,0,0,0,0,0,0,N,,,,,,,,,0,N,0,,,0,,,0,0,Y,1,0,0,1,0,0,0,0,0,0,1,0,0,0,0,0,0,0,0,0,0,0,0,0,0,0,,0,0,0,0,0,0,,N,1,1,2,,,,,N,Y
719,cmc-0022,M-011,1,201410160806,08,201410161323,13,5 hours 17 minutes,317,20141016,middle,1,5,1,0,0,0,0,0,1,1,1,0,0,1,2,1,Y,1,0,0,0,0,0,0,0,0,1,0,0,Y,2,,1,,,0,1,0,1,Y,1,,,0,0,1,1,0,Y,1,0,0,0,0,0,0,0,0,0,0,0,0,0,0,0,0,0,0,0,0,0,0,0,1,1,Headache due to cold symptoms,0,0,0,0,0,0,,N,1,1,2,,,,,N,N
1056,cmc-0022,M-011,1,201410311200,12,201410311400,14,2 hours 0 minutes,120,20141031,,,5,1,0,0,0,0,0,1,1,1,0,0,0,1,1,N,0,0,0,0,0,0,0,0,0,1,0,0,Y,,,1,,,0,0,1,1,Y,1,,,0,0,1,1,0,Y,1,0,0,0,0,0,0,0,0,0,0,0,0,0,0,0,0,0,0,0,0,0,0,0,1,1,cold,0,0,0,0,0,0,,N,1,1,2,,,,,N,N
1286,cmc-0022,M-011,1,201411080700,07,201411081800,18,11 hours 0 minutes,660,20141108,Severe,1,8,0,0,1,0,0,1,2,0,0,0,1,0,1,1,Y,1,0,0,0,0,0,0,0,0,1,0,0,Y,,3,,,,0,1,0,1,Y,1,,,0,1,0,1,1,Y,1,0,0,0,0,0,0,0,0,0,0,0,0,0,0,0,0,0,0,0,0,0,0,0,1,1,Cold body aches,0,1,0,0,0,1,,N,1,1,2,,,,,N,N
1657,cmc-0022,M-011,1,201411270900,09,201411271100,11,2 hours 0 minutes,120,20141127,middle,1,5,1,0,0,0,0,0,1,1,1,0,0,0,1,1,Y,1,0,0,0,0,0,0,0,0,1,0,0,Y,,,1,,,0,0,1,1,Y,1,,,0,0,1,1,0,Y,1,0,0,0,0,0,0,0,0,0,0,1,0,0,0,0,1,0,0,0,0,0,0,0,0,0,,0,0,0,0,0,0,,N,1,1,2,,,,,N,N
1999,cmc-0022,M-011,1,201412151600,16,201412151900,19,3 hours 0 minutes,180,20141215,middle,1,4,1,0,0,0,0,0,1,1,1,0,0,0,1,1,Y,1,0,0,0,0,0,0,0,0,1,0,0,Y,,,1,,,0,1,0,1,Y,1,,,0,0,1,1,0,Y,1,0,0,0,0,0,0,0,0,0,0,1,0,0,0,0,1,0,0,0,0,0,0,0,0,0,,0,1,0,0,0,1,,N,1,1,2,,,,,N,N
257,cmc-0023,M-012,1,201409221510,15,201409222359,23,8 hours 49 minutes,529,20140922,middle,1,5,1,0,0,0,0,0,1,1,0,1,0,0,1,0,,0,0,0,0,0,0,0,0,0,1,0,0,,,,,,,,,,0,,0,,,0,,,0,0,Y,1,0,0,1,0,0,0,0,0,0,1,0,0,0,0,0,0,0,0,0,0,0,0,0,0,0,,0,0,0,0,0,0,,N,1,1,2,,,,,,
318,cmc-0023,M-012,1,201409241100,11,201409241130,11,30 minutes,30,20140924,middle,1,4,1,0,0,0,0,0,1,1,0,0,1,0,1,1,Y,1,0,1,0,0,0,0,1,0,1,0,0,N,,,,,,,,,0,Y,1,0,1,1,0,1,1,0,Y,1,1,0,0,0,0,0,0,0,0,1,0,0,0,0,0,0,0,0,0,0,0,0,0,0,0,,1,0,0,0,0,1,,N,1,1,2,,,,,N,N
412,cmc-0023,M-012,1,201409271733,17,201409272259,22,5 hours 26 minutes,326,20140927,weakness,0,2,1,0,0,0,0,0,1,1,0,1,1,0,2,1,N,0,0,0,0,0,0,0,0,0,1,0,0,N,,,,,,,,,0,N,0,,,0,,,0,0,Y,1,0,0,0,0,0,1,0,0,0,1,0,0,0,0,0,0,0,0,0,0,0,0,0,0,0,,0,1,0,0,0,1,,N,1,1,2,,,,,N,N
651,cmc-0023,M-012,1,201410091037,10,201410092359,23,13 hours 22 minutes,802,20141009,middle,1,6,1,1,1,1,1,1,6,1,0,0,0,0,0,0,Y,1,0,1,0,0,0,1,2,1,1,1,1,Y,,,,3,Naramik,0,1,0,1,Y,1,0,1,1,0,1,1,0,Y,1,0,0,0,0,0,0,1,0,0,1,0,0,0,0,0,0,0,0,0,0,0,0,0,0,0,,1,1,0,0,0,2,,N,1,1,2,,,,,N,Y
652,cmc-0023,M-012,1,201410101238,12,201410102359,23,11 hours 21 minutes,681,20141010,middle,1,6,1,1,1,1,1,1,6,1,0,1,1,0,2,1,Y,1,0,1,0,0,0,1,2,1,1,1,1,Y,,,,3,Naramik,0,1,0,1,Y,1,0,1,1,0,1,1,0,Y,1,0,0,0,0,0,0,1,0,0,1,0,0,0,0,0,0,0,0,0,0,0,0,0,0,0,,1,1,0,0,0,2,,N,1,1,2,,,,,N,Y
697,cmc-0023,M-012,1,201410141204,12,201410142359,23,11 hours 55 minutes,715,20141014,middle,1,6,0,1,0,0,1,1,3,1,0,1,1,1,3,1,Y,1,0,0,0,0,0,0,0,0,1,0,0,Y,1,,,,,0,1,0,1,Y,1,,,0,0,1,1,0,Y,1,0,0,0,0,0,0,0,0,0,0,0,0,0,0,0,0,0,0,0,0,0,0,0,1,1,1 glass of beer,0,0,0,0,1,1,doesn't exist,N,1,1,2,,,,,N,Y
716,cmc-0023,M-012,1,201410150820,08,201410152359,23,15 hours 39 minutes,939,20141015,middle,1,6,1,0,0,0,1,1,3,1,0,1,1,1,3,1,Y,1,0,0,0,0,0,0,0,0,1,0,0,Y,1,,,,,1,0,0,1,Y,1,,,0,0,1,1,0,Y,1,0,0,0,0,0,0,0,0,0,0,0,0,0,0,0,0,0,0,0,0,0,0,0,1,1,The beer I drank yesterday,0,0,0,0,0,0,,N,1,1,2,,,,,N,Y
735,cmc-0023,M-012,1,201410160854,08,201410162359,23,15 hours 5 minutes,905,20141016,weakness,0,3,0,0,0,1,1,1,3,0,0,1,1,1,3,1,,0,0,0,0,0,0,0,0,0,0,0,0,Y,,,,1,Rhinitis medicine,0,0,1,1,Y,1,,,0,0,1,1,0,Y,1,0,0,0,0,0,0,0,0,0,0,0,0,0,0,0,0,0,0,0,0,0,0,0,1,1,rhinitis,0,0,0,0,1,1,Rhinitis medicine,N,1,1,2,,,,,N,Y
857,cmc-0023,M-012,1,201410211137,11,,,10 hours 11 minutes,611,20141021,weakness,0,3,1,0,0,0,0,0,1,1,0,0,1,0,1,1,Y,1,0,1,0,0,0,0,1,0,1,0,0,N,,,,,,,,,0,Y,1,,,0,0,1,1,0,Y,1,0,0,0,0,0,0,0,0,0,0,0,0,0,0,0,0,0,0,0,0,0,0,0,1,1,acute tonsillitis,0,0,0,0,0,0,,N,1,1,2,,,,,N,N
858,cmc-0023,M-012,1,201410220830,08,201410222359,23,15 hours 29 minutes,929,20141022,Severe,1,8,1,1,1,1,1,0,5,1,1,0,1,0,2,1,Y,1,0,0,0,0,0,0,0,0,1,0,0,N,,,,,,,,,0,Y,1,,,0,1,0,1,1,Y,1,0,0,0,0,0,0,0,0,0,0,0,0,0,0,0,0,0,0,0,0,0,0,0,1,1,acute tonsillitis,1,1,0,0,1,3,approximately,N,1,1,2,,,,,N,Y
898,cmc-0023,M-012,1,201410230847,08,201410232359,23,15 hours 12 minutes,912,20141023,weakness,0,4,1,1,1,1,1,1,6,1,0,1,1,0,2,1,Y,1,0,0,0,0,0,0,0,0,1,0,0,N,,,,,,,,,0,N,0,,,0,,,0,0,Y,1,0,0,0,0,0,0,0,0,0,0,0,0,0,0,0,0,0,0,0,0,0,0,0,1,1,tonsillitis,1,1,0,0,1,3,approximately,N,1,1,2,,,,,N,N
1197,cmc-0023,M-012,1,201411051131,11,201411051631,16,5 hours 0 minutes,300,20141105,middle,1,5,1,1,0,0,0,0,2,1,1,0,0,0,1,1,N,0,0,0,0,0,0,0,0,0,1,0,0,N,,,,,,,,,0,N,0,,,0,,,0,0,Y,1,0,0,0,1,0,0,0,0,0,1,0,0,0,0,0,0,0,0,0,0,0,0,0,0,0,,0,1,0,0,0,1,,Y,1,1,2,1 hour 0 minutes,60,2 hours 0 minutes,120,N,N
1271,cmc-0023,M-012,1,201411081430,14,201411082359,23,9 hours 29 minutes,569,20141108,weakness,0,7,1,1,0,0,0,0,2,1,0,0,1,0,1,1,N,0,0,0,0,0,0,0,0,0,1,0,0,N,,,,,,,,,0,N,0,,,0,,,0,0,Y,1,0,0,0,0,0,1,0,0,0,1,0,0,0,0,0,0,0,0,0,0,0,0,0,0,0,,0,0,0,0,0,0,,N,1,1,2,,,,,N,Y
1581,cmc-0023,M-012,1,201411230830,08,201411231720,17,8 hours 50 minutes,530,20141123,weakness,0,3,1,1,0,0,0,0,2,1,0,0,1,0,1,1,N,0,0,1,0,0,0,1,2,1,1,1,1,N,,,,,,,,,0,Y,1,,,0,0,1,1,0,Y,1,0,0,0,0,0,0,1,0,0,1,0,0,0,0,0,0,0,0,0,0,0,0,0,0,0,,1,0,0,0,0,1,,N,1,1,2,,,,,N,N
402,cmc-0024,CM-002,0,201409302050,20,201409302250,22,2 hours 0 minutes,120,20140930,weakness,0,1,0,1,0,0,0,0,1,1,1,0,0,0,1,1,N,0,0,0,0,0,0,0,0,0,1,0,0,N,,,,,,,,,0,N,0,,,0,,,0,0,Y,1,1,0,0,0,0,0,0,0,0,1,0,0,0,0,0,0,0,0,0,0,0,0,0,0,0,,0,0,0,0,0,0,,N,1,1,2,,,,,N,N
593,cmc-0024,CM-002,0,201410081812,18,201410082312,23,5 hours 0 minutes,300,20141008,weakness,0,1,1,0,0,0,1,0,2,1,0,1,1,0,2,1,Y,1,0,1,0,0,0,1,2,1,1,1,1,Y,1,1,1,,,0,0,1,1,Y,1,,,0,0,1,1,0,Y,1,0,0,0,0,0,0,0,0,1,1,0,0,0,0,0,0,0,0,0,0,0,0,0,0,0,,0,0,0,0,1,1,Taking medicine,N,1,1,2,,,,,N,N
615,cmc-0024,CM-002,0,201410100756,07,,,4 hours 0 minutes,240,20141010,weakness,0,1,1,0,0,0,1,0,2,1,0,0,1,0,1,1,N,0,0,0,0,0,0,0,0,0,1,0,0,Y,1,1,1,,,0,0,1,1,Y,1,0,1,1,,,0,0,Y,1,1,0,0,0,0,0,0,0,0,1,0,0,0,0,0,0,0,0,0,0,0,0,0,0,0,,0,0,0,0,1,1,Taking medicine,N,1,1,2,,,,,N,N
671,cmc-0024,CM-002,0,201410121300,13,201410121428,14,1 hour 28 minutes,88,20141012,weakness,0,,1,0,0,0,1,0,2,1,0,0,1,0,1,1,N,0,0,0,0,0,0,0,0,0,1,0,0,Y,1,1,1,,,0,1,0,1,N,0,,,0,,,0,0,Y,1,0,0,0,0,0,0,0,0,1,1,0,0,0,0,0,0,0,0,0,0,0,0,0,0,0,,0,0,0,0,1,1,Taking medicine,N,1,1,2,,,,,N,N
1099,cmc-0024,CM-002,0,201410311400,14,201410312359,23,9 hours 59 minutes,599,20141031,weakness,0,2,1,0,0,0,1,0,2,1,0,0,1,0,1,1,,0,0,0,0,0,0,0,0,0,1,0,0,Y,1,1,1,,,0,1,0,1,N,0,,,0,,,0,0,Y,1,0,1,0,0,0,0,0,0,0,1,0,0,0,0,0,0,0,0,0,0,0,0,0,0,0,,0,1,0,0,1,2,Taking medicine,N,1,1,2,,,,,N,Y
1100,cmc-0024,CM-002,0,201411011221,12,201411011725,17,5 hours 4 minutes,304,20141101,weakness,0,1,0,0,0,0,1,0,1,0,0,0,1,0,1,1,,0,0,0,0,0,0,0,0,0,0,0,0,Y,1,1,1,,,0,0,1,1,,0,,,0,,,0,0,Y,1,0,0,0,0,0,0,0,0,1,1,0,0,0,0,0,0,0,0,0,0,0,0,0,0,0,,0,0,0,0,0,0,,N,1,1,2,,,,,N,N
1236,cmc-0024,CM-002,0,201411070457,04,201411072359,23,19 hours 2 minutes,1142,20141107,weakness,0,,0,0,0,0,1,0,1,0,1,0,0,0,1,1,Y,1,0,0,0,0,0,0,0,0,1,0,0,Y,2,2,2,,,1,0,0,1,Y,1,,,0,0,1,1,0,Y,1,0,0,0,0,0,0,0,0,1,1,0,0,0,0,0,0,0,0,0,0,0,0,0,0,0,,0,0,0,0,0,0,,N,1,1,2,,,,,N,Y
1351,cmc-0024,CM-002,0,201411101510,15,201411101710,17,2 hours 0 minutes,120,20141110,weakness,0,2,0,0,0,0,1,0,1,0,0,1,0,0,1,0,N,0,0,0,0,0,0,0,0,0,0,0,0,Y,1,1,1,,,0,0,1,1,,0,,,0,,,0,0,Y,1,0,0,1,0,0,0,0,0,0,1,0,0,0,0,0,0,0,0,0,0,0,0,0,0,0,,0,0,0,0,1,1,Taking medicine,N,1,1,2,,,,,N,N
1441,cmc-0024,CM-002,0,201411151136,11,201411151436,14,3 hours 0 minutes,180,20141115,middle,1,3,1,0,0,0,1,0,2,1,0,0,0,1,1,0,Y,1,0,0,0,0,0,0,0,0,1,0,0,Y,1,1,1,,,0,0,1,1,Y,1,0,1,1,,,0,0,Y,1,0,0,0,0,0,0,0,0,1,1,0,0,0,0,0,0,0,0,0,0,0,0,0,0,0,,0,0,0,0,1,1,Taking medicine,N,1,1,2,,,,,N,N
1550,cmc-0024,CM-002,0,201411211144,11,201411211444,14,3 hours 0 minutes,180,20141121,weakness,0,2,0,1,0,0,1,0,2,1,0,0,1,0,1,1,Y,1,0,0,0,0,0,0,0,0,1,0,0,Y,1,1,1,,,0,0,1,1,Y,1,0,1,1,,,0,0,Y,1,0,0,0,0,0,0,0,0,0,0,0,0,0,0,0,0,0,0,0,0,0,0,0,1,1,I'm not sure,0,0,0,0,1,1,Taking medicine,N,1,1,2,,,,,N,N
1823,cmc-0024,CM-002,0,201412051515,15,201412052016,20,5 hours 1 minute,301,20141205,weakness,0,,0,1,0,0,1,0,2,1,0,1,0,0,1,0,Y,1,0,0,0,0,0,0,0,0,1,0,0,Y,1,1,1,,,0,0,1,1,Y,1,0,1,1,0,1,1,0,Y,1,0,0,0,0,0,0,0,0,1,1,0,0,0,0,0,0,0,0,0,0,0,0,0,0,0,,0,0,0,0,1,1,Taking medicine,N,1,1,2,,,,,N,N
690,cmc-0025,CM-003,1,201410141710,17,201410142359,23,6 hours 49 minutes,409,20141014,middle,1,5,1,0,0,0,0,0,1,1,1,0,1,0,2,1,,0,0,0,0,0,1,0,1,0,1,0,0,N,,,,,,,,,0,N,0,,,0,,,0,0,Y,1,0,0,0,0,0,0,0,0,0,0,0,0,0,0,1,1,0,0,0,0,0,0,0,0,0,,1,1,0,0,0,2,,N,1,1,2,,,,,N,Y
1181,cmc-0025,CM-003,1,201411051124,11,201411052015,20,8 hours 51 minutes,531,20141105,weakness,0,5,1,0,0,0,0,0,1,1,1,0,0,0,1,1,N,0,0,0,0,0,1,0,1,0,1,0,0,N,,,,,,,,,0,N,0,,,0,,,0,0,Y,1,0,0,0,0,0,0,0,0,0,0,0,0,0,0,1,1,0,0,0,0,0,0,0,0,0,,1,1,0,0,0,2,,N,1,1,2,,,,,N,N
1854,cmc-0026,M-013,1,201412091225,12,201412092130,21,9 hours 5 minutes,545,20141209,weakness,0,5,0,0,1,0,0,0,1,0,1,0,0,0,1,1,,0,0,0,0,0,0,0,0,0,0,0,0,,,,,,,,,,0,,0,,,0,,,0,0,Y,1,1,0,0,0,0,0,0,0,0,1,0,0,0,0,0,0,0,0,0,0,0,0,0,0,0,,0,0,0,0,1,1,take medicine,N,1,1,2,,,,,N,N
242,cmc-0027,CM-004,1,201409210800,08,201409212359,23,15 hours 59 minutes,959,20140921,Severe,1,8,1,0,0,0,0,0,1,1,1,0,0,1,2,1,Y,1,0,1,0,0,0,0,1,0,1,0,0,N,,,,,,,,,0,Y,1,,,0,0,1,1,0,Y,1,0,0,0,0,0,0,0,0,0,0,0,0,0,0,0,0,0,0,0,0,0,0,0,1,1,Persistence of acute migraine,1,1,0,0,0,2,,N,1,1,2,,,,,N,Y
513,cmc-0027,CM-004,1,201409250700,07,201409252359,23,16 hours 59 minutes,1019,20140925,middle,1,6,1,0,0,0,0,0,1,1,0,0,0,1,1,0,,0,0,0,0,0,0,0,0,0,1,0,0,N,,,,,,,,,0,,0,,,0,,,0,0,Y,1,0,0,0,0,0,0,0,0,0,0,0,0,0,0,0,0,0,0,0,0,0,0,0,1,1,Excessive sleep talking - swearing loudly and fighting,0,0,0,0,0,0,,N,1,1,2,,,,,N,Y
518,cmc-0027,CM-004,1,201410040959,09,201410042359,23,14 hours 0 minutes,840,20141004,Severe,1,7,1,0,0,0,0,0,1,1,1,0,0,0,1,1,,0,0,0,0,0,0,0,0,0,1,0,0,N,,,,,,,,,0,,0,,,0,,,0,0,Y,1,0,0,0,0,0,0,0,0,0,0,0,0,0,0,0,0,0,0,0,0,0,0,0,1,1,constipation,0,0,0,0,0,0,,N,1,1,2,,,,,N,Y
706,cmc-0027,CM-004,1,201410141437,14,201410142037,20,6 hours 0 minutes,360,20141014,weakness,0,,1,0,0,0,0,0,1,1,0,0,0,1,1,0,,0,0,0,0,0,0,0,0,0,0,0,0,N,,,,,,,,,0,,0,,,0,,,0,0,Y,1,0,0,0,0,0,0,0,0,0,0,0,0,0,0,0,0,0,0,0,0,0,0,0,1,1,constipation,1,1,0,0,0,2,,N,1,1,2,,,,,N,N
939,cmc-0027,CM-004,1,201410260756,07,,,16 hours 0 minutes,960,20141026,middle,1,6,1,0,0,0,0,0,1,1,0,0,1,0,1,1,,0,0,0,0,0,0,0,0,0,1,0,0,N,,,,,,,,,0,,0,,,0,,,0,0,Y,1,0,0,0,0,0,0,0,0,0,0,0,0,0,0,0,0,0,0,0,0,0,0,0,1,1,Acute migraine persistent,0,0,0,0,0,0,,N,1,1,2,,,,,N,N
997,cmc-0027,CM-004,1,201410270759,07,201410272359,23,16 hours 0 minutes,960,20141027,middle,1,6,1,0,0,0,0,0,1,1,0,0,1,0,1,1,,0,0,0,0,0,0,0,0,0,1,0,0,N,,,,,,,,,0,,0,,,0,,,0,0,Y,1,0,0,0,0,0,0,0,0,0,0,0,0,0,0,0,0,0,0,0,0,0,0,0,1,1,Migraine persisting,0,0,0,0,0,0,,N,1,1,2,,,,,N,Y
1256,cmc-0027,CM-004,1,201411080839,08,201411082359,23,15 hours 20 minutes,920,20141108,middle,1,7,1,0,0,0,0,0,1,1,1,0,0,0,1,1,Y,1,0,1,0,0,0,1,2,1,1,1,1,N,,,,,,,,,0,,0,,,0,,,0,0,Y,1,0,0,0,0,0,0,0,0,0,0,0,0,0,0,0,0,0,0,0,0,0,0,0,1,1,Acute migraine persistent,1,1,0,0,0,2,,N,1,1,2,,,,,N,Y
1579,cmc-0027,CM-004,1,201411220857,08,201411221103,11,2 days 2 hours 6 minutes,126,20141122,Severe,1,7,0,1,0,0,0,0,1,1,1,0,1,0,2,1,,0,0,0,0,0,0,0,0,0,1,0,0,N,,,,,,,,,0,,0,,,0,,,0,0,Y,1,0,0,0,0,0,0,0,0,0,0,0,0,0,0,0,0,0,0,0,0,0,0,0,1,1,In an acute letter,0,0,0,0,0,0,,N,1,1,2,,,,,N,N
1580,cmc-0027,CM-004,1,201411230900,09,201411231800,18,9 hours 0 minutes,540,20141123,weakness,0,4,1,1,0,0,0,0,2,1,0,0,0,0,0,0,,0,0,0,0,0,0,0,0,0,0,0,0,N,,,,,,,,,0,,0,,,0,,,0,0,Y,1,0,0,0,0,0,0,0,0,0,0,0,0,0,0,0,0,0,0,0,0,0,0,0,1,1,Acute convenience continuation,1,1,0,0,0,2,,N,1,1,2,,,,,N,N
1906,cmc-0027,cm-004,1,201412091250,12,201412091550,15,3 hours 0 minutes,180,20141209,weakness,0,4,1,0,0,0,0,0,1,1,0,0,0,1,1,0,,0,0,0,0,0,0,0,0,0,0,0,0,N,,,,,,,,,0,,0,,,0,,,0,0,Y,1,0,0,0,0,0,0,0,0,1,1,0,0,0,0,0,0,0,0,0,0,0,0,0,0,0,,0,1,0,0,1,2,cold wind,N,1,1,2,,,,,N,N
2275,cmc-0027,cm-004,1,201412261214,12,201412262357,23,11 hours 43 minutes,703,20141226,middle,1,7,0,1,0,0,0,0,1,1,1,0,1,0,2,1,,0,0,0,0,0,0,0,0,0,1,0,0,N,,,,,,,,,0,,0,,,0,,,0,0,Y,1,1,0,0,0,0,0,0,0,0,1,0,0,0,0,0,0,0,0,0,0,0,0,0,0,0,,0,0,0,0,0,0,,N,1,1,2,,,,,N,N
682,cmc-0028,M-014,0,201410120406,04,201410121206,12,8 hours 0 minutes,480,20141012,Severe,1,9,0,0,0,1,0,0,1,0,1,1,0,0,2,1,Y,1,0,0,0,0,0,0,0,0,1,0,0,Y,1,,,1,Almogran,0,0,1,1,N,0,,,0,,,0,0,Y,1,0,0,0,0,0,0,0,0,0,0,0,0,0,0,0,0,1,0,0,0,0,0,0,0,1,,1,1,0,0,0,2,,N,1,1,2,,,,,N,N
1316,cmc-0028,M-014,0,201410311251,12,201410311451,14,2 hours 0 minutes,120,20141031,middle,1,,1,0,0,0,0,0,1,1,0,0,1,0,1,1,Y,1,0,0,0,0,0,0,0,0,1,0,0,Y,,,,1,Almogran,0,0,1,1,N,0,,,0,,,0,0,Y,1,0,0,0,0,0,0,1,0,0,1,0,0,0,0,0,0,0,0,0,0,0,0,0,0,0,,0,0,0,0,0,0,,N,1,1,2,,,,,N,N
1317,cmc-0028,M-014,0,201411010853,08,201411011053,10,2 hours 0 minutes,120,20141101,middle,1,4,1,0,0,0,0,0,1,1,0,1,1,0,2,1,Y,1,0,0,0,0,0,0,0,0,1,0,0,Y,,,,1,Almogran,0,0,1,1,N,0,,,0,,,0,0,Y,1,0,0,0,0,0,0,1,0,0,1,0,0,0,0,0,0,0,0,0,0,0,0,0,0,0,,0,0,0,0,0,0,,N,1,1,2,,,,,N,N
1318,cmc-0028,M-014,0,201411020854,08,201411021054,10,2 hours 0 minutes,120,20141102,middle,1,4,1,0,0,0,0,0,1,1,0,1,1,0,2,1,Y,1,0,0,0,0,0,0,0,0,1,0,0,Y,,,,1,Almogran,0,0,1,1,N,0,,,0,,,0,0,Y,1,0,0,0,0,0,0,1,0,0,1,0,0,0,0,0,0,0,0,0,0,0,0,0,0,0,,0,0,0,0,0,0,,N,1,1,2,,,,,N,N
730,cmc-0029,M-015,1,201410161000,10,201410161900,19,9 hours 0 minutes,540,20141016,middle,1,5,0,0,0,1,0,0,1,0,0,0,1,0,1,1,Y,1,0,0,0,0,0,0,0,0,1,0,0,Y,2,,,,,0,0,1,1,Y,1,0,1,1,,,0,0,Y,1,1,0,0,0,0,0,0,0,0,1,0,0,0,0,0,0,0,0,0,0,0,0,0,0,0,,0,0,0,0,1,1,taking medication,N,1,1,2,,,,,N,N
994,cmc-0029,M-015,1,201410261900,19,201410262359,23,4 hours 59 minutes,299,20141026,middle,1,4,0,0,0,1,0,0,1,0,0,0,1,0,1,1,Y,1,0,0,0,0,1,0,1,0,1,0,0,N,,,,,,,,,0,Y,1,,,0,0,1,1,0,Y,1,0,0,0,0,0,1,0,0,0,1,0,0,0,0,0,0,0,0,0,0,0,0,0,0,0,,1,1,0,0,0,2,,N,1,1,2,,,,,N,Y
1122,cmc-0029,M-015,1,201411010600,06,201411011300,13,7 hours 0 minutes,420,20141101,weakness,0,5,0,0,0,1,0,1,2,0,0,0,0,1,1,0,N,0,0,0,0,0,0,0,0,0,0,0,0,N,,,,,,,,,0,N,0,,,0,,,0,0,Y,1,0,0,0,0,0,1,0,0,0,1,0,0,0,0,0,0,0,0,0,0,0,0,0,0,0,,0,1,0,0,0,1,,N,1,1,2,,,,,N,N
298,cmc-0032,CM-005,0,201409230953,09,201409231559,15,6 hours 6 minutes,366,20140923,Severe,1,7,0,0,0,0,0,1,1,0,0,1,0,0,1,0,Y,1,0,1,0,0,1,0,2,0,1,0,0,Y,1,,,,,0,0,1,1,Y,1,0,1,1,,,0,0,Y,1,1,0,0,0,0,0,0,0,0,1,0,0,0,0,0,0,0,0,0,0,0,0,0,0,0,,0,1,0,0,0,1,,N,1,1,2,,,,,N,N
806,cmc-0032,CM-005,0,201410180000,00,,,12 hours 35 minutes,755,20141018,Severe,1,9,0,0,0,1,0,0,1,0,1,1,1,0,3,1,Y,1,0,0,0,0,0,0,0,0,1,0,0,Y,2,,,,,0,0,1,1,Y,1,,,0,1,0,1,0,Y,1,0,0,0,0,0,0,0,0,0,0,0,0,0,0,0,0,1,0,0,0,0,0,0,0,1,,0,0,0,0,0,0,,N,1,1,2,,,,,N,N
1844,cmc-0032,CM-005,0,201412011030,10,201412011330,13,3 hours 0 minutes,180,20141201,middle,1,5,0,0,0,0,0,1,1,0,0,1,1,0,2,1,N,0,0,1,0,0,0,1,2,1,1,1,1,N,,,,,,,,,0,N,0,,,0,,,0,0,Y,1,1,0,0,0,0,0,0,0,0,1,0,0,0,0,0,0,0,0,0,0,0,0,0,0,0,,0,1,0,0,0,1,,N,1,1,2,,,,,N,N
1850,cmc-0032,CM-005,0,201412070830,08,201412071030,10,2 hours 0 minutes,120,20141207,weakness,0,4,0,0,0,0,0,1,1,0,0,0,1,0,1,1,N,0,0,1,0,0,0,1,2,1,0,1,0,N,,,,,,,,,0,N,0,,,0,,,0,0,Y,1,0,0,0,0,0,0,0,0,0,0,0,0,0,0,0,0,1,0,0,0,0,0,0,0,1,,0,1,0,0,0,1,,N,1,1,2,,,,,N,N
238,cmc-0033,CM-006,1,201409211130,11,201409211500,15,3 hours and 30 minutes,210,20140921,weakness,0,1,0,0,1,0,0,0,1,0,0,0,1,0,1,1,,0,0,0,0,0,0,0,0,0,0,0,0,Y,1,,,,,0,1,0,1,N,0,,,0,,,0,0,Y,1,0,0,0,0,0,1,0,0,0,1,0,0,0,0,0,0,0,0,0,0,0,0,0,0,0,,0,1,0,0,0,1,,N,1,1,2,,,,,N,N
1192,cmc-0033,CM-006,1,201411041125,11,201411042125,21,10 hours 0 minutes,600,20141104,weakness,0,2,1,0,0,1,0,0,2,1,0,1,0,0,1,0,,0,0,0,0,0,0,0,0,0,0,0,0,N,,,,,,,,,0,N,0,,,0,,,0,0,Y,1,1,0,0,0,0,0,0,0,0,1,0,0,0,0,0,0,0,0,0,0,0,0,0,0,0,,0,0,0,0,0,0,,N,1,1,2,,,,,N,N
1557,cmc-0033,CM-006,1,201411191443,14,201411191743,17,3 hours 0 minutes,180,20141119,weakness,0,1,1,0,0,0,0,1,2,1,1,0,1,0,2,1,N,0,0,0,0,0,0,0,0,0,1,0,0,Y,,,,1,hospital medicine,0,0,1,1,N,0,,,0,,,0,0,Y,1,0,0,1,0,0,0,0,0,0,1,0,0,0,0,0,0,0,0,0,0,0,0,0,0,0,,0,0,0,0,0,0,,N,1,1,2,,,,,N,N
1558,cmc-0033,CM-006,1,201411201744,17,201411202144,21,4 hours 0 minutes,240,20141120,weakness,0,3,1,0,0,1,0,1,3,1,1,1,1,0,3,1,N,0,0,0,0,0,0,0,0,0,1,0,0,Y,1,,,1,hospital medicine,0,1,0,1,N,0,,,0,,,0,0,Y,1,0,0,0,0,0,1,0,0,0,1,0,0,0,0,0,0,0,0,0,0,0,0,0,0,0,,0,0,0,0,0,0,,N,1,1,2,,,,,N,N
1690,cmc-0033,CM-006,1,201411301930,19,201411302030,20,1 hour 0 minutes,60,20141130,weakness,0,1,0,1,0,0,0,0,1,1,1,0,0,0,1,1,Y,1,0,0,0,0,0,0,0,0,1,0,0,Y,,,,1,hospital evil,0,0,1,1,N,0,,,0,,,0,0,Y,1,0,0,0,0,0,0,0,0,0,0,0,0,0,0,0,0,0,0,0,0,0,0,0,1,1,Don't know,0,0,0,0,0,0,,N,1,1,2,,,,,N,N
1800,cmc-0033,CM-006,1,201412071534,15,201412072134,21,6 hours 0 minutes,360,20141207,weakness,0,2,1,0,0,0,0,1,2,1,0,1,0,0,1,0,Y,1,0,0,0,0,0,0,0,0,1,0,0,Y,,,,1,hospital medicine,0,1,0,1,N,0,,,0,,,0,0,Y,1,0,0,0,0,0,1,0,0,0,1,0,0,0,0,0,0,0,0,0,0,0,0,0,0,0,,0,1,0,0,0,1,,N,1,1,2,,,,,N,N
1952,cmc-0033,CM-006,1,201412091835,18,201412092135,21,3 hours 0 minutes,180,20141209,weakness,0,1,1,0,1,0,0,0,2,1,0,0,0,1,1,0,Y,1,0,0,0,0,0,0,0,0,1,0,0,Y,1,,,,,1,0,0,1,N,0,,,0,,,0,0,Y,1,1,0,0,0,0,0,0,0,0,1,0,0,0,0,0,0,0,0,0,0,0,0,0,0,0,,0,0,0,0,0,0,,N,1,1,2,,,,,N,N
1955,cmc-0033,CM-006,1,201412121536,15,201412122136,21,6 hours 0 minutes,360,20141212,weakness,0,1,1,0,0,0,0,0,1,1,0,0,0,1,1,0,Y,1,0,1,0,0,0,0,1,0,1,0,0,Y,1,1,,,,1,0,0,1,Y,1,0,1,1,,,0,0,Y,1,0,0,1,0,0,0,0,0,0,1,0,0,0,0,0,0,0,0,0,0,0,0,0,0,0,,0,0,0,0,0,0,,N,1,1,2,,,,,N,N
1753,cmc-0042,M-026,0,201412051612,16,201412052359,23,7 hours 47 minutes,467,20141205,middle,1,6,0,0,0,1,0,0,1,0,1,0,0,0,1,1,Y,1,0,0,0,0,0,0,0,0,1,0,0,Y,,,,2,Indenol tablets,1,0,0,1,Y,1,0,1,1,0,1,1,0,Y,1,0,0,0,0,0,1,0,0,0,1,0,0,0,0,0,0,0,0,0,0,0,0,0,0,0,,1,1,0,0,0,2,,N,1,1,2,,,,,,
2358,cmc-0042,M-026,0,201412310730,07,201412310800,08,30 minutes,30,20141231,Severe,1,8,0,1,0,0,0,0,1,1,0,1,0,0,1,0,Y,1,0,0,0,0,0,0,0,0,1,0,0,N,,,,,,,,,0,Y,1,0,1,1,0,1,1,0,Y,1,0,0,1,0,0,0,0,0,0,1,0,0,0,0,0,0,0,0,0,0,0,0,0,0,0,,1,1,0,0,0,2,,N,1,1,2,,,,,N,N
1510,cmc-0046,M-030,1,201411071300,13,201411071600,16,3 hours 0 minutes,180,20141107,middle,1,6,0,0,0,0,0,1,1,0,0,0,1,0,1,1,Y,1,0,0,0,0,1,0,1,0,1,0,0,Y,,,1,,,0,0,1,1,Y,1,,,0,0,1,1,0,Y,1,0,0,0,0,0,0,0,0,0,0,0,0,0,0,0,0,0,1,0,0,0,0,0,0,1,,0,0,0,0,0,0,,N,1,1,2,,,,,N,N
2054,cmc-0046,M-030,1,201412162000,20,201412162335,23,3 hours 35 minutes,215,20141216,Severe,1,8,1,0,0,0,0,0,1,1,0,0,1,0,1,1,Y,1,0,0,0,0,1,0,1,0,1,0,0,Y,,,1,,,0,0,1,1,Y,1,,,0,1,0,1,0,Y,1,0,0,0,0,0,0,0,0,0,0,1,0,0,0,0,1,0,0,0,0,0,0,0,0,0,,0,0,0,0,0,0,,N,1,1,2,,,,,N,N
2175,cmc-0046,M-030,1,201412231215,12,201412231424,14,2 hours 9 minutes,129,20141223,weakness,0,4,0,0,0,1,0,0,1,0,0,0,1,0,1,1,,0,0,0,0,0,0,0,0,0,0,0,0,Y,,,1,,,0,0,1,1,N,0,,,0,,,0,0,Y,1,0,1,0,0,0,0,0,0,0,1,0,0,0,0,0,0,0,0,0,0,0,0,0,0,0,,0,0,0,0,0,0,,N,1,1,2,,,,,N,N
2268,cmc-0046,M-030,1,201412271500,15,201412271741,17,2 hours 41 minutes,161,20141227,middle,1,5,0,0,0,1,0,0,1,0,0,0,1,0,1,1,,0,0,0,0,0,0,0,0,0,1,0,0,Y,,,1,,,0,0,1,1,,0,,,0,,,0,0,Y,1,0,1,0,0,0,0,0,0,0,1,0,0,0,0,0,0,0,0,0,0,0,0,0,0,0,,0,0,0,0,0,0,,N,1,1,2,,,,,N,N
2572,cmc-0046,M-030,1,201501101607,16,,,1 hour 53 minutes,113,20150110,weakness,0,6,0,0,0,1,0,0,1,0,0,0,1,0,1,1,,0,0,0,0,0,0,0,0,0,0,0,0,Y,,,1,,,0,0,1,1,,0,,,0,,,0,0,Y,1,0,1,0,0,0,0,0,0,0,1,0,0,0,0,0,0,0,0,0,0,0,0,0,0,0,,0,0,0,0,0,0,,N,1,1,2,,,,,N,N
2758,cmc-0046,M-030,1,201501162125,21,201501162325,23,2 hours 0 minutes,120,20150116,weakness,0,6,0,0,0,1,1,0,2,0,1,0,1,0,2,1,,0,0,0,0,0,0,0,0,0,0,0,0,Y,,,1,,,0,0,1,1,,0,,,0,,,0,0,Y,1,1,0,0,0,0,0,0,0,0,1,0,0,0,0,0,0,0,0,0,0,0,0,0,0,0,,0,0,0,0,0,0,,N,1,1,2,,,,,N,N
2781,cmc-0046,M-030,1,201501181414,14,201501181614,16,2 hours 0 minutes,120,20150118,weakness,0,6,0,0,0,1,0,0,1,0,0,0,1,0,1,1,,0,0,0,0,0,0,0,0,0,0,0,0,Y,,,1,,,0,0,1,1,,0,,,0,,,0,0,Y,1,0,1,0,0,0,0,0,0,0,1,0,0,0,0,0,0,0,0,0,0,0,0,0,0,0,,0,0,0,0,0,0,,N,1,1,2,,,,,N,N
2928,cmc-0046,M-030,1,201501231500,15,201501231600,16,1 hour 0 minutes,60,20150123,weakness,0,5,0,0,0,1,0,0,1,0,0,0,1,0,1,1,,0,0,0,0,0,0,0,0,0,0,0,0,Y,,,1,,,0,0,1,1,,0,,,0,,,0,0,Y,1,0,0,0,0,0,0,0,0,0,0,0,0,0,0,0,0,0,1,0,0,0,0,0,0,1,,0,0,0,0,0,0,,N,1,1,2,,,,,N,N
2964,cmc-0046,M-030,1,201501251414,14,201501251514,15,1 hour 0 minutes,60,20150125,,,6,0,0,0,1,0,0,1,0,0,0,1,0,1,1,,0,0,0,0,0,0,0,0,0,0,0,0,Y,,,1,,,0,0,1,1,,0,,,0,,,0,0,Y,1,0,0,0,0,0,0,0,0,0,0,0,0,0,0,0,0,0,1,0,0,0,0,0,0,1,,0,0,0,0,0,0,,N,1,1,2,,,,,N,N
3001,cmc-0046,M-030,1,201501262340,23,201501262359,23,19 minutes,19,20150126,middle,1,7,0,0,0,1,0,0,1,0,0,0,1,0,1,1,,0,0,0,0,0,0,0,0,0,1,0,0,Y,,,1,,,1,0,0,1,,0,,,0,,,0,0,Y,1,1,0,0,0,0,0,0,0,0,1,0,0,0,0,0,0,0,0,0,0,0,0,0,0,0,,0,0,0,0,0,0,,N,1,1,2,,,,,N,Y
1588,cmc-0049,M-033,0,201411241600,16,201411242359,23,7 hours 59 minutes,479,20141124,middle,1,,0,0,1,1,0,0,2,0,0,1,0,1,2,0,,0,0,0,0,0,0,0,0,0,0,0,0,N,,,,,,,,,0,N,0,,,0,,,0,0,Y,1,1,0,0,0,0,0,0,0,0,1,0,0,0,0,0,0,0,0,0,0,0,0,0,0,0,,1,0,0,0,0,1,,N,1,1,2,,,,,,
1922,cmc-0049,M-033,0,201412112030,20,201412112359,23,3 hours 29 minutes,209,20141211,middle,1,6,0,0,1,0,0,1,2,0,0,1,0,1,2,0,N,0,0,0,0,0,0,0,0,0,0,0,0,Y,,,,1,prescription,0,1,0,1,N,0,,,0,,,0,0,Y,1,0,0,0,0,0,0,0,0,1,1,0,0,0,0,0,0,0,0,0,0,0,0,0,0,0,,0,1,0,0,0,1,,N,1,1,2,,,,,N,Y
2298,cmc-0049,M-033,0,201412291420,14,201412292030,20,6 hours 10 minutes,370,20141229,middle,1,6,0,0,0,1,0,0,1,0,0,0,0,1,1,0,Y,1,0,0,0,0,0,0,0,0,1,0,0,Y,,2,,,,0,1,0,1,N,0,,,0,,,0,0,Y,1,1,0,0,0,0,0,0,0,0,1,0,0,0,0,0,0,0,0,0,0,0,0,0,0,0,,0,0,0,0,0,0,,N,1,1,2,,,,,N,N
2052,cmc-0063,M-036,0,201412170700,07,201412170930,09,2 hours 30 minutes,150,20141217,weakness,0,3,1,0,0,0,0,0,1,1,0,0,1,0,1,1,Y,1,0,0,0,0,1,0,1,0,1,0,0,Y,,,1,,,0,0,1,1,N,0,,,0,,,0,0,Y,1,0,0,1,0,0,0,0,0,0,1,0,0,0,0,0,0,0,0,0,0,0,0,0,0,0,,0,0,0,0,0,0,,N,1,1,2,,,,,N,N
2271,cmc-0063,M-036,0,201412271600,16,201412272000,20,4 hours 0 minutes,240,20141227,middle,1,5,1,0,0,0,0,0,1,1,1,0,0,0,1,1,Y,1,0,0,0,0,0,0,0,0,1,0,0,Y,,,,1,motion sickness medication,0,0,1,1,Y,1,,,0,0,1,1,0,Y,1,0,0,0,0,0,0,0,0,0,0,0,0,0,0,0,0,0,0,0,0,0,0,0,1,1,Watching TV for a long time,1,0,0,0,0,1,,N,1,1,2,,,,,N,N
3171,cmc-0063,M-036,0,201502011200,12,,,1 hour 0 minutes,60,20150201,weakness,0,2,1,0,0,0,0,0,1,1,0,0,1,0,1,1,N,0,0,0,0,0,0,0,0,0,1,0,0,Y,,,1,,,0,0,1,1,N,0,,,0,,,0,0,Y,1,0,0,0,0,0,0,1,0,0,1,0,0,0,0,0,0,0,0,0,0,0,0,0,0,0,,0,0,0,0,0,0,,N,1,1,2,,,,,N,N
3234,cmc-0063,M-036,0,201502021800,18,201502022200,22,4 hours 0 minutes,240,20150202,Severe,1,8,0,0,0,1,0,0,1,0,0,1,0,0,1,0,Y,1,0,0,0,0,0,0,0,0,1,0,0,Y,,,1,,,1,0,0,1,Y,1,,,0,1,0,1,0,Y,1,0,0,0,0,0,0,1,0,0,1,0,0,0,0,0,0,0,0,0,0,0,0,0,0,0,,1,0,0,0,1,2,Take motion sickness medication,N,1,1,2,,,,,N,N
3695,cmc-0064,M-037,1,201502181335,13,201502181728,17,3 hours 53 minutes,233,20150218,middle,1,5,0,0,1,0,0,0,1,0,1,0,0,0,1,1,N,0,0,0,0,0,0,0,0,0,1,0,0,Y,,,,1,hospital medicine,0,1,0,1,N,0,,,0,,,0,0,Y,1,0,0,1,0,0,0,0,0,0,1,0,0,0,0,0,0,0,0,0,0,0,0,0,0,0,,1,1,0,0,0,2,,N,1,1,2,,,,,N,N
3476,cmc-0067,M-040,0,201502111223,12,201502112359,23,11 hours 36 minutes,696,20150211,middle,1,5,0,1,0,0,0,0,1,1,0,0,1,0,1,1,Y,1,0,0,0,0,0,0,0,0,1,0,0,Y,,,,1,prescription,0,0,1,1,Y,1,0,1,1,,,0,0,Y,1,0,0,0,0,0,1,0,0,0,1,0,0,0,0,0,0,0,0,0,0,0,0,0,0,0,,0,1,0,1,0,2,,N,1,1,2,,,,,N,Y
3874,cmc-0067,M-040,0,201502250015,00,201502251015,10,10 hours 0 minutes,600,20150225,Severe,1,8,1,0,0,0,0,0,1,1,0,0,1,0,1,1,N,0,0,0,0,0,0,0,0,0,1,0,0,Y,1,,,1,Migraine medication Almogreen,0,0,1,1,Y,1,0,1,1,,,0,0,Y,1,1,0,0,0,0,0,0,0,0,1,0,0,0,0,0,0,0,0,0,0,0,0,0,0,0,,0,1,0,0,0,1,,N,1,1,2,,,,,N,N
2106,cmc-0068,M-041,0,201412211124,11,201412212359,23,12 hours 35 minutes,755,20141221,middle,1,,0,0,1,0,0,0,1,0,1,0,0,0,1,1,Y,1,0,0,0,0,0,0,0,0,1,0,0,Y,1,,,,,0,0,1,1,N,0,,,0,,,0,0,Y,1,0,0,0,0,0,0,0,0,0,0,1,0,0,0,0,1,0,0,0,0,0,0,0,0,0,,0,1,0,0,0,1,,N,1,1,2,,,,,,
2153,cmc-0068,M-041,0,201412221347,13,201412222359,23,10 hours 12 minutes,612,20141222,middle,1,3,0,1,1,0,0,0,2,1,1,0,0,0,1,1,Y,1,0,0,0,0,0,0,0,0,1,0,0,N,,,,,,,,,0,N,0,,,0,,,0,0,Y,1,0,0,0,0,0,0,0,0,0,0,1,0,0,0,0,1,0,0,0,0,0,0,0,0,0,,1,0,0,0,0,1,,N,1,1,2,,,,,N,Y
2091,cmc-0069,M-042,0,201412180806,08,201412181056,10,2 hours 50 minutes,170,20141218,weakness,0,3,0,0,1,1,0,0,2,0,0,0,0,1,1,0,N,0,0,0,0,0,0,0,0,0,0,0,0,N,,,,,,,,,0,N,0,,,0,,,0,0,Y,1,0,0,1,0,0,0,0,0,0,1,0,0,0,0,0,0,0,0,0,0,0,0,0,0,0,,0,1,0,0,0,1,,N,1,1,2,,,,,N,N
3825,cmc-0077,M-049,1,201502110000,00,201502112359,23,23 hours 59 minutes,1439,20150211,middle,1,5,0,0,0,1,0,0,1,0,0,0,1,0,1,1,Y,1,0,0,0,0,0,0,0,0,1,0,0,N,,,,,,,,,0,Y,1,,,0,0,1,1,0,Y,1,0,0,0,0,0,0,0,0,0,0,0,0,0,0,0,0,0,0,0,0,0,0,0,1,1,cold,1,1,0,0,0,2,,N,1,1,2,,,,,N,Y
4486,cmc-0077,M-049,1,201503040000,00,201503041700,17,17 hours 0 minutes,1020,20150304,middle,1,5,0,0,1,1,0,0,2,0,0,0,1,0,1,1,N,0,0,1,0,0,0,1,2,1,1,1,1,N,,,,,,,,,0,Y,1,0,1,1,,,0,0,Y,1,0,0,0,0,0,0,0,0,0,0,0,0,0,0,0,0,1,0,0,0,0,0,0,0,1,,0,1,0,0,0,1,,N,1,1,2,,,,,N,N
4616,cmc-0077,M-049,1,201503211300,13,201503211400,14,1 hour 0 minutes,60,20150321,weakness,0,2,0,0,1,0,0,0,1,0,0,0,1,0,1,1,N,0,1,0,0,1,0,0,1,0,0,1,0,N,,,,,,,,,0,N,0,,,0,,,0,0,Y,1,0,0,1,0,0,0,0,0,0,1,0,0,0,0,0,0,0,0,0,0,0,0,0,0,0,,0,1,0,0,0,1,,N,1,1,2,,,,,N,N
39,dha-0009,EM9,0,201408191400,14,201408192000,20,6 hours 0 minutes,360,20140819,middle,1,5,0,1,0,0,0,0,1,1,0,0,1,0,1,1,Y,1,0,0,0,0,0,0,0,0,1,0,0,Y,,,,1,Almogran,0,0,1,1,Y,1,1,0,1,1,0,1,1,Y,1,1,0,0,0,0,0,0,0,0,1,0,0,0,0,0,0,0,0,0,0,0,0,0,0,0,,0,0,0,0,1,1,I took medicine,N,1,1,2,,,,,N,N
127,dha-0009,EM9,0,201409011730,17,201409010240,02,9 hours 10 minutes,550,20140901,weakness,0,2,0,1,0,0,0,0,1,1,0,0,0,1,1,0,,0,0,0,0,0,0,0,0,0,0,0,0,Y,,,,1,Almogran,0,0,1,1,Y,1,0,1,1,0,1,1,0,Y,1,0,0,0,0,0,1,0,0,0,1,0,0,0,0,0,0,0,0,0,0,0,0,0,0,0,,0,0,0,0,0,0,,N,1,1,2,,,,,N,N
152,dha-0009,EM9,0,201409031630,16,201409032359,23,7 hours 29 minutes,449,20140903,weakness,0,5,0,1,0,0,0,0,1,1,1,0,0,0,1,1,Y,1,0,0,0,0,0,0,0,0,1,0,0,Y,,,,2,Almogran,0,1,0,1,Y,1,0,1,1,,,0,0,Y,1,0,0,1,0,0,0,0,0,0,1,0,0,0,0,0,0,0,0,0,0,0,0,0,0,0,,0,0,0,0,0,0,,N,1,1,2,,,,,N,Y
246,dha-0009,EM9,0,201409121600,16,201409121800,18,2 hours 0 minutes,120,20140912,weakness,0,2,0,1,0,0,0,0,1,1,0,0,0,1,1,0,N,0,0,0,0,0,0,0,0,0,0,0,0,Y,,,,1,Almogran,0,0,1,1,Y,1,0,1,1,,,0,0,Y,1,0,0,0,0,0,1,0,0,0,1,0,0,0,0,0,0,0,0,0,0,0,0,0,0,0,,0,0,0,0,0,0,,N,1,1,2,,,,,N,N
555,dha-0009,EM9,0,201410071400,14,201410071630,16,2 hours 30 minutes,150,20141007,weakness,0,3,0,1,0,0,0,0,1,1,1,0,0,0,1,1,,0,0,0,0,0,0,0,0,0,1,0,0,Y,,,,1,Almogran,0,0,1,1,Y,1,0,1,1,0,1,1,0,Y,1,0,0,0,0,0,1,0,0,0,1,0,0,0,0,0,0,0,0,0,0,0,0,0,0,0,,0,0,0,0,0,0,,N,1,1,2,,,,,N,N
774,dha-0009,EM9,0,201410201500,15,201410201800,18,3 hours 0 minutes,180,20141020,weakness,0,2,0,1,0,0,0,0,1,1,0,0,1,0,1,1,,0,0,0,0,0,0,0,0,0,1,0,0,Y,,,,1,Almogran,0,0,1,1,Y,1,0,1,1,0,1,1,0,Y,1,1,0,0,0,0,0,0,0,0,1,0,0,0,0,0,0,0,0,0,0,0,0,0,0,0,,0,0,0,0,0,0,,N,1,1,2,,,,,N,N
773,dha-0009,EM9,0,201410211200,12,201410211800,18,6 hours 0 minutes,360,20141021,weakness,0,2,0,1,0,0,0,0,1,1,1,0,0,0,1,1,,0,0,0,0,0,0,0,0,0,1,0,0,Y,,,,1,Almogran,0,0,1,1,Y,1,0,1,1,0,1,1,0,Y,1,1,0,0,0,0,0,0,0,0,1,0,0,0,0,0,0,0,0,0,0,0,0,0,0,0,,0,0,0,0,0,0,,N,1,1,2,,,,,N,N
202,dha-0014,em14,0,201409081500,15,201409081721,17,2 hours 21 minutes,141,20140908,middle,1,5,0,0,0,0,1,1,2,0,0,1,0,1,2,0,N,0,0,0,0,0,0,0,0,0,0,0,0,Y,,,,4,hospital prescription medication,0,0,1,1,N,0,,,0,,,0,0,Y,1,0,0,1,0,0,0,0,0,0,1,0,0,0,0,0,0,0,0,0,0,0,0,0,0,0,,0,1,0,0,0,1,,N,1,1,2,,,,,N,N
144,dha-0015,em15,0,201409021500,15,201409021900,19,4 hours 0 minutes,240,20140902,weakness,0,2,0,0,0,1,1,0,2,0,0,0,0,1,1,0,N,0,0,1,0,0,0,0,1,0,0,0,0,N,,,,,,,,,0,N,0,,,0,,,0,0,Y,1,0,0,0,0,0,0,0,0,0,0,0,0,0,0,0,0,0,0,0,0,0,0,0,1,1,Headache after nap,1,0,0,0,0,1,,N,1,1,2,,,,,N,N
1143,dha-0018,EM18,1,201411111635,16,201411112335,23,7 hours 0 minutes,420,20141111,weakness,0,4,1,0,0,0,0,0,1,1,1,1,0,0,2,1,N,0,0,0,0,0,0,0,0,0,1,0,0,N,,,,,,,,,0,Y,1,0,1,1,,,0,0,Y,1,1,0,0,0,0,0,0,0,0,1,0,0,0,0,0,0,0,0,0,0,0,0,0,0,0,,0,1,0,0,0,1,,N,1,1,2,,,,,N,N
670,dha-0022,em22,0,201410151707,17,201410152007,20,3 hours 0 minutes,180,20141015,weakness,0,1,1,0,0,0,0,0,1,1,0,1,0,0,1,0,,0,0,0,0,0,0,0,0,0,0,0,0,Y,,,1,,,0,0,1,1,N,0,,,0,,,0,0,Y,1,1,0,0,0,0,0,0,0,0,1,0,0,0,0,0,0,0,0,0,0,0,0,0,0,0,,0,0,0,0,0,0,,N,1,1,2,,,,,N,N
1279,dha-0022,em22,0,201411191700,17,201411192251,22,5 hours 51 minutes,351,20141119,weakness,0,1,1,0,0,0,0,0,1,1,1,0,0,0,1,1,N,0,0,0,0,0,1,0,1,0,1,0,0,Y,,,1,,,0,0,1,1,N,0,,,0,,,0,0,Y,1,0,0,0,0,0,0,0,0,0,0,0,0,0,0,1,1,0,0,0,0,0,0,0,0,0,,0,0,0,0,0,0,,N,1,1,2,,,,,N,N
484,dha-0023,EM23,0,201410022100,21,201410022359,23,2 hours 59 minutes,179,20141002,weakness,0,,0,0,0,0,1,0,1,0,0,1,0,0,1,0,N,0,0,0,0,0,0,0,0,0,0,0,0,N,,,,,,,,,0,N,0,,,0,,,0,0,Y,1,0,0,1,0,0,0,0,0,0,1,0,0,0,0,0,0,0,0,0,0,0,0,0,0,0,,1,1,0,0,0,2,,N,1,1,2,,,,,N,Y
500,dha-0023,EM23,0,201410040830,08,201410041030,10,2 hours 0 minutes,120,20141004,weakness,0,,0,0,0,0,1,0,1,0,0,0,0,1,1,0,N,0,0,0,0,0,0,0,0,0,0,0,0,Y,,,,1,prescription drugs,0,0,1,1,N,0,,,0,,,0,0,Y,1,0,0,1,0,0,0,0,0,0,1,0,0,0,0,0,0,0,0,0,0,0,0,0,0,0,,0,0,0,0,1,1,prescription drugs,N,1,1,2,,,,,N,N
743,dha-0023,EM23,0,201410180930,09,201410181030,10,1 hour 0 minutes,60,20141018,weakness,0,4,0,0,0,0,1,0,1,0,0,0,0,1,1,0,Y,1,0,1,0,0,0,0,1,0,0,0,0,Y,,,,1,prescription drugs,0,0,1,1,Y,1,,,0,0,1,1,0,Y,1,1,0,0,0,0,0,0,0,0,1,0,0,0,0,0,0,0,0,0,0,0,0,0,0,0,,0,1,0,0,0,1,,N,1,1,2,,,,,N,N
1084,dha-0023,EM23,0,201411090800,08,201411092359,23,15 hours 59 minutes,959,20141109,middle,1,,0,0,0,0,1,0,1,0,0,0,0,1,1,0,,0,0,0,0,0,0,0,0,0,0,0,0,N,,,,,,,,,0,Y,1,,,0,0,1,1,0,Y,1,0,0,0,0,0,0,1,0,0,1,0,0,0,0,0,0,0,0,0,0,0,0,0,0,0,,0,1,0,0,0,1,,N,1,1,2,,,,,N,Y
1100,dha-0023,EM23,0,201411100800,08,201411101800,18,10 hours 0 minutes,600,20141110,middle,1,,0,0,0,0,1,0,1,0,0,0,0,1,1,0,,0,0,0,0,0,0,0,0,0,0,0,0,N,,,,,,,,,0,Y,1,,,0,0,1,1,0,Y,1,0,0,0,0,0,0,1,0,0,1,0,0,0,0,0,0,0,0,0,0,0,0,0,0,0,,0,1,0,0,0,1,,N,1,1,2,,,,,N,N
1408,dha-0023,EM23,0,201411240024,00,201411240220,02,1 hour 56 minutes,116,20141124,,,,0,0,0,0,1,0,1,0,0,0,0,1,1,0,,0,0,0,0,0,0,0,0,0,0,0,0,Y,,,,1,Zomic Tablet,0,0,1,1,Y,1,,,0,0,1,1,0,Y,1,1,0,0,0,0,0,0,0,0,1,0,0,0,0,0,0,0,0,0,0,0,0,0,0,0,,0,1,0,0,0,1,,N,1,1,2,,,,,N,N
1409,dha-0023,EM23,0,201411251200,12,201411251526,15,3 hours 26 minutes,206,20141125,middle,1,,0,0,0,0,1,0,1,0,0,1,0,0,1,0,,0,1,0,0,1,0,0,1,0,0,1,0,Y,,,,1,discouragement,0,0,1,1,Y,1,,,0,0,1,1,0,Y,1,1,0,0,0,0,0,0,0,0,1,0,0,0,0,0,0,0,0,0,0,0,0,0,0,0,,0,1,0,0,0,1,,N,1,1,2,,,,,N,N
1693,dha-0023,EM23,0,201412071900,19,201412072359,23,4 hours 59 minutes,299,20141207,weakness,0,,0,0,0,0,1,0,1,0,0,0,0,1,1,0,,0,0,0,0,0,0,0,0,0,0,0,0,N,,,,,,,,,0,Y,1,0,1,1,0,1,1,0,Y,1,1,0,0,0,0,0,0,0,0,1,0,0,0,0,0,0,0,0,0,0,0,0,0,0,0,,0,1,0,0,0,1,,N,1,1,2,,,,,N,Y
1752,dha-0023,EM23,0,201412080041,00,201412082100,21,20 hours 19 minutes,1219,20141208,weakness,0,,0,0,0,0,1,0,1,0,0,0,0,1,1,0,,0,1,0,0,1,0,0,1,0,0,1,0,N,,,,,,,,,0,,0,,,0,,,0,0,Y,1,1,0,0,0,0,0,0,0,0,1,0,0,0,0,0,0,0,0,0,0,0,0,0,0,0,,0,0,0,0,0,0,,N,1,1,2,,,,,N,N
578,dha-0027,EM27,0,201410091030,10,201410092030,20,10 hours 0 minutes,600,20141009,weakness,0,3,0,0,0,1,0,0,1,0,0,0,1,0,1,1,N,0,0,0,0,0,0,0,0,0,0,0,0,N,,,,,,,,,0,N,0,,,0,,,0,0,Y,1,0,0,0,0,0,1,0,0,0,1,0,0,0,0,0,0,0,0,0,0,0,0,0,0,0,,0,0,0,0,0,0,,N,1,1,2,,,,,N,N
626,dha-0027,EM27,0,201410121230,12,201410121800,18,5 hours 30 minutes,330,20141012,middle,1,5,0,0,0,1,0,0,1,0,0,1,0,0,1,0,Y,1,0,0,0,0,0,0,0,0,1,0,0,Y,,,,1,,0,0,1,1,Y,1,,,0,0,1,1,0,Y,1,0,0,0,0,0,1,0,0,0,1,0,0,0,0,0,0,0,0,0,0,0,0,0,0,0,,0,1,0,0,0,1,,N,1,1,2,,,,,N,N
735,dha-0027,EM27,0,201410171100,11,201410171800,18,7 hours 0 minutes,420,20141017,middle,1,5,0,1,0,0,0,0,1,1,0,1,0,0,1,0,Y,1,0,0,0,0,0,0,0,0,1,0,0,Y,,,,1,,0,0,1,1,,0,,,0,,,0,0,Y,1,0,0,0,0,0,1,0,0,0,1,0,0,0,0,0,0,0,0,0,0,0,0,0,0,0,,0,1,0,0,0,1,,N,1,1,2,,,,,N,N
736,dha-0027,EM27,0,201410181030,10,201410181800,18,7 hours 30 minutes,450,20141018,weakness,0,3,0,1,0,0,0,0,1,1,0,0,0,0,0,0,Y,1,0,0,0,0,0,0,0,0,1,0,0,N,,,,,,,,,0,Y,1,,,0,0,1,1,0,Y,1,0,0,0,0,0,0,0,0,0,0,0,0,0,0,0,0,0,0,0,0,0,0,0,1,1,After taking depression medication,0,1,0,0,0,1,,N,1,1,2,,,,,N,N
831,dha-0027,EM27,0,201410240700,07,201410241400,14,7 hours 0 minutes,420,20141024,middle,1,4,0,0,0,1,0,0,1,0,0,1,0,0,1,0,,0,0,0,0,0,0,0,0,0,0,0,0,Y,,,,1,,0,0,1,1,Y,1,0,1,1,0,1,1,0,Y,1,1,0,0,0,0,0,0,0,0,1,0,0,0,0,0,0,0,0,0,0,0,0,0,0,0,,0,1,0,0,0,1,,N,1,1,2,,,,,N,N
1000,dha-0027,EM27,0,201411041009,10,201411041821,18,8 hours 12 minutes,492,20141104,middle,1,4,0,0,0,1,0,0,1,0,0,0,1,0,1,1,Y,1,0,0,0,0,0,0,0,0,1,0,0,Y,,,,1,,0,0,1,1,Y,1,0,1,1,0,1,1,0,Y,1,0,0,0,0,0,1,0,0,0,1,0,0,0,0,0,0,0,0,0,0,0,0,0,0,0,,0,1,0,0,0,1,,N,1,1,2,,,,,N,N
1091,dha-0027,EM27,0,201411080803,08,201411081903,19,11 hours 0 minutes,660,20141108,weakness,0,9,0,0,0,1,0,0,1,0,0,0,0,1,1,0,,0,0,0,0,0,0,0,0,0,0,0,0,N,,,,,,,,,0,,0,,,0,,,0,0,Y,1,1,0,0,0,0,0,0,0,0,1,0,0,0,0,0,0,0,0,0,0,0,0,0,0,0,,0,0,0,0,0,0,,N,1,1,2,,,,,N,N
1298,dha-0027,EM27,0,201411190800,08,201411191214,12,4 hours 14 minutes,254,20141119,middle,1,5,0,0,0,1,0,0,1,0,0,0,1,0,1,1,Y,1,0,0,0,0,0,0,0,0,1,0,0,Y,,,,1,,0,0,1,1,,0,,,0,,,0,0,Y,1,0,0,0,0,0,0,0,0,0,0,0,0,0,0,0,0,1,0,0,0,0,0,0,0,1,,0,1,0,0,0,1,,N,1,1,2,,,,,N,N
1436,dha-0027,EM27,0,201411260630,06,201411261000,10,3 hours and 30 minutes,210,20141126,middle,1,4,0,0,0,1,0,0,1,0,0,0,0,1,1,0,Y,1,0,0,0,0,0,0,0,0,1,0,0,Y,,,,1,,0,0,1,1,Y,1,,,0,0,1,1,0,Y,1,0,0,0,0,0,0,0,0,0,0,0,0,0,0,0,0,1,0,0,0,0,0,0,0,1,,0,1,0,0,0,1,,N,1,1,2,,,,,N,N
1456,dha-0027,EM27,0,201411280330,03,201411280730,07,4 hours 0 minutes,240,20141128,middle,1,5,0,0,0,1,0,0,1,0,0,1,0,0,1,0,Y,1,0,0,0,0,0,0,0,0,1,0,0,Y,,,,1,,0,0,1,1,Y,1,,,0,0,1,1,0,Y,1,0,0,0,0,0,0,0,0,0,0,0,0,0,0,0,0,1,0,0,0,0,0,0,0,1,,0,1,0,0,0,1,,N,1,1,2,,,,,N,N
1470,dha-0027,EM27,0,201411290300,03,201411291100,11,8 hours 0 minutes,480,20141129,middle,1,5,0,0,0,1,0,0,1,0,0,0,1,0,1,1,Y,1,0,0,0,0,0,0,0,0,1,0,0,Y,,,,1,,0,0,1,1,Y,1,,,0,0,1,1,0,Y,1,0,0,0,0,0,0,0,0,0,0,1,0,0,0,0,1,0,0,0,0,0,0,0,0,0,,0,1,0,0,0,1,,N,1,1,2,,,,,N,N
1492,dha-0027,EM27,0,201411300535,05,201411301140,11,6 hours 5 minutes,365,20141130,middle,1,5,0,0,0,1,0,0,1,0,0,0,1,0,1,1,Y,1,0,0,0,0,0,0,0,0,1,0,0,Y,,,,1,,0,0,1,1,Y,1,,,0,0,1,1,0,Y,1,1,0,0,0,0,0,0,0,0,1,0,0,0,0,0,0,0,0,0,0,0,0,0,0,0,,0,1,0,0,0,1,,N,1,1,2,,,,,N,N
1716,dha-0027,EM27,0,201412080920,09,201412081820,18,9 hours 0 minutes,540,20141208,middle,1,4,0,0,0,1,0,0,1,0,0,1,0,0,1,0,Y,1,0,0,0,0,0,0,0,0,1,0,0,Y,,,,1,,0,1,0,1,Y,1,0,1,1,0,1,1,0,Y,1,0,0,0,0,0,1,0,0,0,1,0,0,0,0,0,0,0,0,0,0,0,0,0,0,0,,0,1,0,0,0,1,,N,1,1,2,,,,,N,N
680,dha-0029,EM29,1,201410150709,07,201410151013,10,3 hours 4 minutes,184,20141015,weakness,0,,0,0,0,1,0,1,2,0,0,0,0,1,1,0,N,0,0,0,0,0,0,0,0,0,0,0,0,N,,,,,,,,,0,N,0,,,0,,,0,0,Y,1,1,0,0,0,0,0,0,0,0,1,0,0,0,0,0,0,0,0,0,0,0,0,0,0,0,,0,0,1,1,0,2,,N,1,1,2,,,,,N,N
1463,dha-0033,em33,1,201411280202,02,201411282359,23,21 hours 57 minutes,1317,20141128,middle,1,6,0,0,1,0,0,0,1,0,0,0,0,0,0,0,,0,0,0,0,0,1,0,1,0,0,0,0,Y,3,3,,,,0,1,0,1,,0,,,0,,,0,0,Y,1,0,0,0,0,0,0,0,0,0,0,0,0,0,0,1,1,0,0,0,0,0,0,0,0,0,,0,0,0,0,1,1,hour,N,1,1,2,,,,,,
1495,dha-0033,em33,1,201411300504,05,201411302359,23,18 hours 55 minutes,1135,20141130,,,,0,0,0,0,0,0,0,0,0,0,0,0,0,0,,0,0,0,0,0,0,0,0,0,0,0,0,,,,,,,,,,0,,0,,,0,,,0,0,Y,1,0,0,0,0,0,1,0,0,0,1,0,0,0,0,0,0,0,0,0,0,0,0,0,0,0,,0,0,0,0,0,0,,N,1,1,2,,,,,,
1746,dha-0033,em33,1,201412100700,07,201412102100,21,14 hours 0 minutes,840,20141210,weakness,0,4,1,0,0,0,0,0,1,1,0,1,0,0,1,0,,0,0,0,0,0,0,0,0,0,0,0,0,Y,1,1,,,,0,0,1,1,N,0,,,0,,,0,0,Y,1,1,0,0,0,0,0,0,0,0,1,0,0,0,0,0,0,0,0,0,0,0,0,0,0,0,,0,0,0,0,0,0,,N,1,1,2,,,,,N,N
1711,dha-0039,em39,0,201412081100,11,201412082359,23,12 hours 59 minutes,779,20141208,middle,1,5,0,0,1,0,0,0,1,0,0,0,1,0,1,1,N,0,0,0,0,0,0,0,0,0,1,0,0,N,,,,,,,,,0,N,0,,,0,,,0,0,Y,1,0,0,0,0,0,0,0,0,0,0,0,0,0,0,0,0,0,0,0,0,0,0,0,1,1,Cold body aches,1,1,0,0,1,3,Taking cold medicine,N,1,1,2,,,,,N,Y
944,dha-0041,em41,0,201411011030,10,201411011300,13,2 hours 30 minutes,150,20141101,weakness,0,1,0,0,0,1,0,0,1,0,0,0,1,0,1,1,N,0,0,0,0,0,0,0,0,0,0,0,0,N,,,,,,,,,0,N,0,,,0,,,0,0,Y,1,0,1,0,0,0,0,0,0,0,1,0,0,0,0,0,0,0,0,0,0,0,0,0,0,0,,0,0,0,0,1,1,schedule,N,1,1,2,,,,,N,N
990,dha-0042,em42,0,201411041130,11,201411041600,16,4 hours 30 minutes,270,20141104,middle,1,4,0,1,1,0,0,1,3,1,0,0,1,1,2,1,N,0,0,0,0,0,0,0,0,0,1,0,0,Y,1,,1,,,0,0,1,1,Y,1,0,1,1,0,1,1,0,Y,1,0,0,0,0,0,0,0,0,0,0,0,0,0,0,0,0,0,0,0,0,0,0,0,1,1,Neck massage the day before,0,0,0,0,0,0,,N,1,1,2,,,,,N,N
1204,dha-0042,em42,0,201411150755,07,201411152000,20,12 hours 5 minutes,725,20141115,weakness,0,3,0,0,1,0,0,1,2,0,0,0,1,1,2,1,N,0,0,0,0,0,0,0,0,0,0,0,0,Y,3,,,,,0,0,1,1,N,0,,,0,,,0,0,Y,1,0,0,0,0,0,0,0,0,0,0,0,0,0,0,0,0,0,0,0,0,0,0,0,1,1,poor sleeping posture,0,0,0,0,1,1,dosage,N,1,1,2,,,,,N,N
1292,dha-0042,em42,0,201411201100,11,201411201600,16,5 hours 0 minutes,300,20141120,weakness,0,2,0,0,1,0,0,1,2,0,0,0,1,1,2,1,N,0,0,0,0,0,0,0,0,0,0,0,0,Y,,,1,,,0,0,1,1,N,0,,,0,,,0,0,Y,1,0,0,0,0,0,0,0,0,0,0,0,0,0,0,0,0,0,0,0,0,0,0,0,1,1,poor posture,0,0,0,0,1,1,dosage,N,1,1,2,,,,,N,N
1677,dha-0042,em42,0,201412070800,08,201412071230,12,4 hours 30 minutes,270,20141207,weakness,0,2,1,0,1,0,0,1,3,1,0,0,1,0,1,1,N,0,0,0,0,0,0,0,0,0,1,0,0,Y,,,1,,,0,0,1,1,N,0,,,0,,,0,0,Y,1,0,1,0,0,0,0,0,0,0,1,0,0,0,0,0,0,0,0,0,0,0,0,0,0,0,,0,0,0,0,1,1,dosage,N,1,1,2,,,,,N,N
1822,dha-0042,em42,0,201412141230,12,201412142030,20,8 hours 0 minutes,480,20141214,weakness,0,3,1,0,1,0,0,1,3,1,0,0,1,1,2,1,N,0,0,0,0,0,0,0,0,0,1,0,0,Y,1,,,,,0,0,1,1,N,0,,,0,,,0,0,Y,1,0,0,0,0,0,0,0,0,0,0,0,0,0,0,0,0,0,0,0,0,0,0,0,1,1,cold,0,0,0,0,1,1,dosage,N,1,1,2,,,,,N,N
1941,dha-0042,em42,0,201412181400,14,201412181900,19,5 hours 0 minutes,300,20141218,weakness,0,2,0,0,1,0,0,1,2,0,0,0,1,1,2,1,N,0,0,0,0,0,0,0,0,0,0,0,0,Y,,,1,,,0,0,1,1,N,0,,,0,,,0,0,Y,1,0,0,0,0,0,0,0,0,0,0,0,0,0,0,0,0,0,0,0,0,0,0,0,1,1,poor posture,0,0,0,0,1,1,dosage,N,1,1,2,,,,,N,N
2046,dha-0042,em42,0,201412221130,11,201412221800,18,6 hours 30 minutes,390,20141222,middle,1,5,0,0,1,1,0,1,3,0,1,0,1,1,3,1,N,0,0,0,0,0,0,0,0,0,1,0,0,Y,1,,1,,,0,0,1,1,Y,1,0,1,1,,,0,0,Y,1,1,0,0,0,0,0,0,0,0,1,0,0,0,0,0,0,0,0,0,0,0,0,0,0,0,,0,0,0,0,1,1,dosage,N,1,1,2,,,,,N,N
2128,dha-0042,em42,0,201412290530,05,201412291800,18,12 hours 30 minutes,750,20141229,middle,1,4,1,0,0,0,0,1,2,1,0,0,1,1,2,1,N,0,0,0,0,0,0,0,0,0,1,0,0,Y,1,,1,,,0,0,1,1,N,0,,,0,,,0,0,Y,1,0,0,0,0,0,0,0,0,0,0,0,0,0,0,0,0,0,0,0,0,0,0,0,1,1,nose cold,0,0,0,0,1,1,dosage,N,1,1,2,,,,,N,N
2312,dha-0042,em42,0,201501050830,08,201501051330,13,5 hours 0 minutes,300,20150105,weakness,0,2,0,0,1,0,0,0,1,0,0,0,0,1,1,0,N,0,0,0,0,0,0,0,0,0,0,0,0,N,,,,,,,,,0,N,0,,,0,,,0,0,Y,1,0,0,1,0,0,0,0,0,0,1,0,0,0,0,0,0,0,0,0,0,0,0,0,0,0,,0,1,0,0,0,1,,N,1,1,2,,,,,N,N
998,dha-0044,em44,0,201411040730,07,201411041400,14,6 hours 30 minutes,390,20141104,middle,1,5,0,0,0,1,0,1,2,0,0,0,1,0,1,1,N,0,0,0,0,0,0,0,0,0,1,0,0,Y,,,,4,Medicine prescribed by you,0,1,0,1,N,0,,,0,,,0,0,Y,1,0,0,0,0,0,1,0,0,0,1,0,0,0,0,0,0,0,0,0,0,0,0,0,0,0,,1,0,0,0,0,1,,N,1,1,2,,,,,N,N
1541,dha-0044,em44,0,201412022000,20,201412022359,23,3 hours 59 minutes,239,20141202,weakness,0,4,0,0,0,0,0,1,1,0,0,0,1,0,1,1,N,0,0,0,0,0,0,0,0,0,0,0,0,Y,,,,4,Medicine prescribed by you,0,1,0,1,N,0,,,0,,,0,0,Y,1,0,0,0,0,0,0,0,0,0,0,1,0,0,0,0,1,0,0,0,0,0,0,0,0,0,,0,1,0,0,0,1,,N,1,1,2,,,,,N,Y
1621,dha-0044,em44,0,201412052100,21,201412052359,23,2 hours 59 minutes,179,20141205,weakness,0,4,0,0,0,1,0,0,1,0,0,0,1,0,1,1,N,0,0,0,0,0,0,0,0,0,0,0,0,N,,,,,,,,,0,N,0,,,0,,,0,0,Y,1,0,0,0,0,0,0,0,0,0,0,1,0,0,0,0,1,0,0,0,0,0,0,0,0,0,,1,0,0,0,0,1,,Y,1,1,2,0 hours 0 minutes 0 minutes,0,0 hours 20 minutes 20 minutes,20,N,Y
1767,dha-0044,em44,0,201412110800,08,201412112200,22,14 hours 0 minutes,840,20141211,middle,1,6,0,0,0,0,0,1,1,0,0,0,0,1,1,0,N,0,0,0,0,0,0,0,0,0,0,0,0,Y,2,,,,,0,1,0,1,N,0,,,0,,,0,0,Y,1,1,0,0,0,0,0,0,0,0,1,0,0,0,0,0,0,0,0,0,0,0,0,0,0,0,,1,0,0,0,0,1,,N,1,1,2,,,,,N,N
1789,dha-0049,em49,0,201412111700,17,,,6 hours 40 minutes,400,20141211,weakness,0,3,1,0,0,0,0,0,1,1,0,0,0,1,1,0,N,0,0,0,0,0,0,0,0,0,0,0,0,Y,,,1,,,0,0,1,1,N,0,,,0,,,0,0,Y,1,0,0,0,0,0,0,1,0,0,1,0,0,0,0,0,0,0,0,0,0,0,0,0,0,0,,1,1,0,0,0,2,,N,1,1,2,,,,,N,N
2766,dha-0049,em49,0,201501271800,18,201501272300,23,5 hours 0 minutes,300,20150127,weakness,0,2,1,0,0,0,0,0,1,1,1,0,0,0,1,1,Y,1,0,0,0,0,0,0,0,0,1,0,0,Y,,,1,,,0,0,1,1,N,0,,,0,,,0,0,Y,1,0,0,0,0,0,0,0,0,0,0,1,0,0,0,0,1,0,0,0,0,0,0,0,0,0,,1,0,0,0,0,1,,N,1,1,2,,,,,N,N
1955,dha-0055,em55,0,201412201800,18,,,4 hours 0 minutes,240,20141220,weakness,0,2,0,0,1,0,0,0,1,0,0,0,0,1,1,0,N,0,0,0,0,0,0,0,0,0,0,0,0,Y,,1,,,,0,0,1,1,N,0,,,0,,,0,0,Y,1,0,0,0,0,0,0,0,0,0,0,0,0,0,0,0,0,0,0,0,0,0,0,0,1,1,cold,0,0,0,0,1,1,first aid kit,N,1,1,2,,,,,N,N
1996,dha-0055,em55,0,201412220530,05,201412220630,06,1 hour 0 minutes,60,20141222,weakness,0,3,0,0,1,0,0,0,1,0,0,0,0,1,1,0,N,0,0,0,0,0,0,0,0,0,0,0,0,Y,1,,,,,0,0,1,1,N,0,,,0,,,0,0,Y,1,0,0,0,0,0,0,0,0,0,0,0,0,0,0,0,0,0,0,0,0,0,0,0,1,1,cold,0,0,0,0,0,0,,N,1,1,2,,,,,N,N
2092,dha-0055,em55,0,201412272000,20,201412272130,21,1 hour 30 minutes,90,20141227,weakness,0,4,0,0,1,0,0,0,1,0,0,0,0,1,1,0,,0,0,0,0,0,0,0,0,0,0,0,0,Y,,1,,,,0,0,1,1,N,0,,,0,,,0,0,Y,1,0,0,0,0,0,0,0,0,0,0,0,0,0,0,0,0,0,0,0,0,0,0,0,1,1,cold,0,0,0,0,0,0,,N,1,1,2,,,,,N,N
2682,dha-0055,em55,0,201501211700,17,,,1 hour 30 minutes,90,20150121,weakness,0,3,0,0,1,0,0,0,1,0,0,0,0,1,1,0,,0,0,0,0,0,0,0,0,0,0,0,0,Y,1,,,,,0,0,1,1,N,0,,,0,,,0,0,Y,1,0,0,0,0,0,0,0,0,0,0,0,0,0,0,0,0,0,0,0,0,0,0,0,1,1,cold,0,0,0,0,0,0,,N,1,1,2,,,,,N,N
2982,dha-0055,em55,0,201502061731,17,201502062135,21,4 hours 4 minutes,244,20150206,weakness,0,3,0,0,1,0,0,0,1,0,0,0,0,1,1,0,Y,1,0,0,0,0,0,0,0,0,0,0,0,Y,1,,,,,0,0,1,1,N,0,,,0,,,0,0,Y,1,0,0,0,0,0,0,0,0,0,0,0,0,0,0,0,0,0,0,0,0,0,0,0,1,1,cold,0,0,0,0,0,0,,N,1,1,2,,,,,N,N
3122,dha-0055,em55,0,201502191800,18,201502192050,20,2 hours 50 minutes,170,20150219,weakness,0,2,0,0,1,0,0,0,1,0,0,1,0,0,1,0,Y,1,0,0,0,0,0,0,0,0,0,0,0,Y,1,,,,,0,0,1,1,N,0,,,0,,,0,0,Y,1,0,0,0,0,0,0,0,0,0,0,0,0,0,0,0,0,0,0,0,0,0,0,0,1,1,sore throat,0,0,0,0,0,0,,N,1,1,2,,,,,N,N
3123,dha-0055,em55,0,201502200900,09,201502201000,10,1 hour 0 minutes,60,20150220,weakness,0,2,0,0,1,0,0,0,1,0,0,1,0,0,1,0,Y,1,0,0,0,0,0,0,0,0,0,0,0,Y,1,,,,,0,0,1,1,N,0,,,0,,,0,0,Y,1,0,0,0,0,0,0,0,0,0,0,0,0,0,0,0,0,0,0,0,0,0,0,0,1,1,sore throat,0,0,0,0,0,0,,N,1,1,2,,,,,N,N
3281,dha-0055,em55,0,201502282130,21,201502282236,22,1 hour 6 minutes,66,20150228,weakness,0,3,0,0,1,0,0,0,1,0,0,0,1,0,1,1,N,0,0,0,0,0,0,0,0,0,0,0,0,Y,1,,,,,0,0,1,1,N,0,,,0,,,0,0,Y,1,0,0,0,0,0,0,0,0,0,0,0,0,0,0,0,0,0,0,0,0,0,0,0,1,1,cold,0,0,0,0,0,0,,N,1,1,2,,,,,N,N
3384,dha-0055,em55,0,201503051216,12,201503051330,13,1 hour 14 minutes,74,20150305,weakness,0,3,1,0,0,0,0,0,1,1,0,0,0,0,0,0,,0,0,0,0,0,0,0,0,0,0,0,0,Y,1,,,,,0,0,1,1,,0,,,0,,,0,0,Y,1,0,0,0,0,0,0,0,0,0,0,0,0,0,0,0,0,0,0,0,0,0,0,0,1,1,menstruation,0,0,0,0,0,0,,Y,1,1,2,0 hours 0 minutes 0 minutes,0,0 hours 50 minutes 50 minutes,50,N,N
2413,dha-0057,em57,0,201501100400,04,201501102359,23,19 hours 59 minutes,1199,20150110,weakness,0,4,0,1,0,0,0,1,2,1,1,0,0,1,2,1,N,0,0,0,0,0,0,0,0,0,1,0,0,Y,,1,1,,,0,1,0,1,N,0,,,0,,,0,0,Y,1,0,0,0,0,0,0,1,0,0,1,0,0,0,0,0,0,0,0,0,0,0,0,0,0,0,,0,1,1,0,0,2,,N,1,1,2,,,,,N,Y
3188,dha-0057,em57,0,201502070800,08,201502072359,23,15 hours 59 minutes,959,20150207,Severe,1,9,0,0,0,1,0,0,1,0,0,1,1,1,3,1,Y,1,0,0,0,0,0,0,0,0,1,0,0,Y,,1,1,,,0,1,0,1,Y,1,1,0,1,1,0,1,1,Y,1,0,0,0,0,0,0,1,0,0,1,0,0,0,0,0,0,0,0,0,0,0,0,0,0,0,,1,1,1,0,0,3,,N,1,1,2,,,,,N,Y
2044,dha-0060,em60,0,201412240530,05,201412240830,08,3 hours 0 minutes,180,20141224,middle,1,6,0,0,0,1,0,0,1,0,1,0,0,0,1,1,Y,1,0,0,0,0,0,0,0,0,1,0,0,Y,,3,,1,Immigran,0,0,1,1,Y,1,,,0,0,1,1,0,Y,1,0,0,0,0,0,0,0,0,0,0,0,0,0,0,0,0,1,0,0,0,0,0,0,0,1,,0,0,1,0,0,1,,N,1,1,2,,,,,N,N
3374,dha-0060,em60,0,201503080156,01,201503080356,03,2 hours 0 minutes,120,20150308,middle,1,7,0,0,0,1,0,0,1,0,0,0,0,1,1,0,N,0,0,0,0,0,0,1,1,0,0,0,0,Y,,5,,1,Immigran,0,0,1,1,N,0,,,0,,,0,0,Y,1,0,0,0,0,0,0,0,0,0,0,0,0,0,0,0,0,1,0,0,0,0,0,0,0,1,,1,0,0,0,0,1,,N,1,1,2,,,,,N,N
2947,dha-0061,EM61,0,201502071000,10,201502071400,14,4 hours 0 minutes,240,20150207,weakness,0,1,1,0,0,0,0,0,1,1,1,0,0,0,1,1,Y,1,0,0,0,0,1,0,1,0,1,0,0,Y,1,,,1,Almogran,0,1,0,1,Y,1,0,1,1,0,1,1,0,Y,1,0,0,1,0,0,0,0,0,0,1,0,0,0,0,0,0,0,0,0,0,0,0,0,0,0,,0,0,0,0,1,1,time lapse,N,1,1,2,,,,,N,N
3090,dha-0061,EM61,0,201502151500,15,201502151939,19,4 hours 39 minutes,279,20150215,weakness,0,2,0,0,1,0,0,0,1,0,1,0,1,0,2,1,Y,1,0,1,0,0,0,1,2,1,1,1,1,Y,1,,,1,Almogran,0,0,1,1,Y,1,0,1,1,0,1,1,0,Y,1,0,0,0,0,0,0,1,0,0,1,0,0,0,0,0,0,0,0,0,0,0,0,0,0,0,,0,1,0,0,0,1,,N,1,1,2,,,,,N,N
3391,dha-0061,EM61,0,201503091000,10,201503091400,14,4 hours 0 minutes,240,20150309,weakness,0,2,0,0,1,0,0,0,1,0,0,0,1,1,2,1,Y,1,0,0,0,0,0,1,1,0,1,0,0,Y,1,,,1,Almogran,0,0,1,1,Y,1,0,1,1,0,1,1,0,Y,1,0,0,0,0,0,0,0,0,0,0,1,0,0,0,0,1,0,0,0,0,0,0,0,0,0,,0,1,0,0,0,1,,Y,1,1,2,0 hours 0 minutes 0 minutes,0,0 hours 20 minutes 20 minutes,20,N,N
2580,dha-0063,em63,0,201501172200,22,201501172359,23,1 hour 59 minutes,119,20150117,weakness,0,3,0,0,1,1,0,0,2,0,0,0,1,0,1,1,Y,1,0,0,0,0,0,0,0,0,1,0,0,Y,,,1,,,0,1,0,1,Y,1,,,0,0,1,1,0,Y,1,1,0,0,0,0,0,0,0,0,1,0,0,0,0,0,0,0,0,0,0,0,0,0,0,0,,0,1,0,0,1,2,Taking medicine,N,1,1,2,,,,,N,Y
2842,dha-0063,em63,0,201501301515,15,201501301900,19,3 hours 45 minutes,225,20150130,weakness,0,3,0,0,1,0,1,0,2,0,1,0,1,0,2,1,Y,1,0,0,0,0,0,0,0,0,1,0,0,Y,,,1,,,0,0,1,1,N,0,,,0,,,0,0,Y,1,0,0,0,0,0,0,1,0,0,1,0,0,0,0,0,0,0,0,0,0,0,0,0,0,0,,1,1,0,0,0,2,,N,1,1,2,,,,,N,N
550,cmc-0032,CM-005,0,201410071735,17,201410072359,23,6 hours 24 minutes,384,20141007,middle,1,7,0,0,1,0,1,0,2,0,1,0,0,0,1,1,Y,1,1,0,0,1,0,0,1,0,1,1,1,N,1,,,,,,,,0,,0,,,0,,,0,0,Y,1,0,0,0,0,0,0,0,0,0,0,0,0,0,0,0,0,0,0,0,0,0,0,0,1,1,fever,1,0,0,0,0,1,,N,0,0,0,0 minutes,0,0 minutes,0,,
835,dha-0018,EM18,1,201410250726,07,201410252359,23,16 hours 33 minutes,993,20141025,Severe,1,9,1,0,0,0,0,0,1,1,1,1,1,0,3,1,N,0,1,1,0,1,0,0,2,0,1,1,1,Y,,,1,,,0,1,0,1,Y,1,0,1,1,,,0,0,Y,1,1,0,0,0,0,0,0,0,0,1,0,0,0,0,0,0,0,0,0,0,0,0,0,0,0,,0,1,0,0,0,1,,N,0,0,0,0 minutes,0,0 minutes,0,,
1748,dha-0057,em57,0,201412090700,07,201412092359,23,16 hours 59 minutes,1019,20141209,Severe,1,9,1,0,0,0,0,0,1,1,1,0,0,0,1,1,Y,1,1,1,1,1,1,1,5,1,1,1,1,Y,,,1,,,0,1,0,1,Y,1,0,1,1,1,0,1,1,Y,1,0,0,0,0,0,0,1,0,0,1,0,0,0,0,0,0,0,0,0,0,0,0,0,0,0,,1,1,0,0,0,2,,N,0,0,0,0 minutes,0,0 minutes,0,N,Y
1182,cmc-0025,CM-003,1,201411061420,14,201411062359,23,9 hours 39 minutes,579,20141106,middle,1,6,1,0,0,0,0,0,1,1,0,1,1,0,2,1,N,0,1,0,0,1,0,0,1,0,1,1,1,Y,1,,,,,1,0,0,1,N,0,,,0,,,0,0,Y,1,0,0,0,0,0,0,0,0,0,0,0,0,1,0,0,1,0,0,0,0,0,0,0,0,0,,1,1,0,0,0,2,,Y,0,1,1,0 hours 0 minutes,0,0 hours 50 minutes,50,,
1104,cmc-0032,CM-005,0,201410221309,13,201410221909,19,6 hours 0 minutes,360,20141022,Severe,1,8,0,0,0,0,0,1,1,0,0,1,1,1,3,1,Y,1,0,1,0,0,1,1,3,1,1,1,1,Y,1,,,,,0,0,1,1,Y,1,0,1,1,,,0,1,Y,1,1,0,0,0,0,0,0,0,0,1,0,0,0,0,0,0,0,0,0,0,0,0,0,0,0,,0,1,0,0,0,1,,Y,0,1,1,0 hours 0 minutes,0,1 hour 0 minutes,60,N,N
2366,cmc-0048,M-032,1,201501010130,01,201501011110,11,9 hours 40 minutes,580,20150101,weakness,0,3,1,0,0,0,0,0,1,1,1,0,0,0,1,1,N,0,1,0,0,1,0,0,1,0,1,1,1,Y,,,1,,,0,1,0,1,N,0,,,0,,,0,0,Y,1,0,0,0,0,0,0,0,0,0,0,1,0,0,0,0,1,0,0,0,0,0,0,0,0,0,,0,1,0,0,0,1,,Y,0,1,1,0 hours 0 minutes,0,2 hours 0 minutes,120,N,N
2605,cmc-0048,M-032,1,201501111900,19,201501112359,23,4 hours 59 minutes,299,20150111,Severe,1,8,1,0,0,0,0,0,1,1,1,0,0,0,1,1,N,0,1,0,0,1,0,1,2,0,1,1,1,Y,,,1,,,0,0,1,1,Y,1,,,0,0,1,1,0,Y,1,0,0,0,1,0,0,0,0,0,1,0,0,0,0,0,0,0,0,0,0,0,0,0,0,0,,0,0,0,0,1,1,Take headache medication 8 hours after headache starts. Headache gradually decreases after 1 hour,Y,0,1,1,0 hours 0 minutes,0,3 hours 0 minutes,180,N,Y
278,dha-0002,em2,0,201409150000,00,201409150930,09,9 hours 30 minutes,570,20140915,weakness,0,3,1,1,1,0,0,1,4,1,1,1,1,1,4,1,Y,1,0,1,0,0,1,1,3,1,1,1,1,Y,,,,1,prescription drugs,0,0,1,1,Y,1,,,0,0,1,1,0,Y,1,1,0,0,0,0,0,0,0,0,1,0,0,0,0,0,0,0,0,0,0,0,0,0,0,0,,0,0,0,0,1,1,Taking medicine,Y,0,1,1,0 hours 0 minutes,0,0 hours 10 minutes,10,N,N
2273,dha-0057,em57,0,201501041000,10,201501042359,23,13 hours 59 minutes,839,20150104,middle,1,7,1,0,0,0,0,0,1,1,1,0,0,1,2,1,N,0,1,1,0,1,1,1,4,1,1,1,1,Y,,1,1,,,0,1,0,1,N,0,,,0,,,0,0,Y,1,0,0,0,0,0,1,0,0,0,1,0,0,0,0,0,0,0,0,0,0,0,0,0,0,0,,1,1,0,0,0,2,,Y,1,0,1,3 hours 0 minutes,180,0 hours 0 minutes,0,,
3185,dha-0057,em57,0,201502041000,10,201502042359,23,13 hours 59 minutes,839,20150204,middle,1,7,0,1,0,0,0,0,1,1,0,1,1,0,2,1,Y,1,1,1,0,1,1,1,4,1,1,1,1,Y,,1,1,,,0,1,0,1,Y,1,1,0,1,1,0,1,1,Y,1,0,0,0,0,0,0,1,0,0,1,0,0,0,0,0,0,0,0,0,0,0,0,0,0,0,,0,1,1,0,0,2,,Y,0,1,1,0 hours 0 minutes,0,0 hours 20 minutes,20,N,Y
9,cmc-0002,M-002,1,201408251400,14,201408251830,18,4 hours 30 minutes,270,20140825,weakness,0,10,0,0,0,1,0,1,2,0,1,1,0,1,3,1,Y,1,0,1,0,0,1,1,3,1,1,1,1,N,,,,,,,,,0,N,0,,,0,,,0,0,Y,1,0,0,0,0,0,0,0,0,0,0,0,0,0,0,0,0,0,0,0,0,0,0,0,1,1,"After taking painkillers yesterday, I felt a slight headache after sedation.",0,1,0,0,0,1,,N,1,1,2,,,,,N,N
392,cmc-0002,M-002,1,201409300630,06,201409301340,13,7 hours 10 minutes,430,20140930,Severe,1,,0,1,1,1,1,1,5,1,1,1,1,1,4,1,Y,1,0,1,1,1,1,0,3,0,1,1,1,Y,,,1,,,0,0,1,1,Y,1,,,0,1,0,1,0,Y,1,1,0,0,0,0,0,0,0,0,1,0,0,0,0,0,0,0,0,0,0,0,0,0,0,0,,0,1,0,0,0,1,,N,1,1,2,,,,,N,N
630,cmc-0002,M-002,1,201410112114,21,201410112359,23,2 hours 45 minutes,165,20141011,middle,1,,0,0,1,1,0,0,2,0,1,0,1,0,2,1,Y,1,1,0,0,1,1,0,2,0,1,1,1,N,,,,,,,,,0,N,0,,,0,,,0,0,Y,1,0,0,0,0,0,0,0,0,0,0,0,0,0,0,0,0,0,1,0,0,0,0,0,0,1,,0,1,0,0,0,1,,N,1,1,2,,,,,N,Y
918,cmc-0002,M-002,1,201410251840,18,201410252230,22,3 hours 50 minutes,230,20141025,Severe,1,,0,0,1,1,1,1,4,0,1,1,1,1,4,1,Y,1,1,1,0,1,1,0,3,0,1,1,1,Y,,,1,,,0,1,0,1,Y,1,,,0,1,0,1,0,Y,1,0,0,0,0,0,1,0,0,0,1,0,0,0,0,0,0,0,0,0,0,0,0,0,0,0,,0,1,0,0,0,1,,N,1,1,2,,,,,N,N
998,cmc-0002,M-002,1,201410281250,12,201410282000,20,7 hours 10 minutes,430,20141028,Severe,1,,0,0,1,1,1,0,3,0,1,1,0,0,2,1,Y,1,1,1,0,1,1,0,3,0,1,1,1,Y,,,1,,,0,1,0,1,Y,1,,,0,1,0,1,0,Y,1,0,0,0,0,0,0,0,0,1,1,0,0,0,0,0,0,0,0,0,0,0,0,0,0,0,,0,0,0,0,0,0,,N,1,1,2,,,,,N,N
247,cmc-0003,M-003,0,201409210500,05,201409211000,10,5 hours 0 minutes,300,20140921,weakness,0,3,0,0,0,1,0,0,1,0,0,0,1,1,2,1,Y,1,1,0,0,1,0,0,1,0,1,1,1,N,,,,,,,,,0,Y,1,0,1,1,,,0,0,Y,1,0,0,0,0,0,0,0,0,0,0,0,0,0,0,0,0,1,0,0,0,0,0,0,0,1,,1,1,0,0,0,2,,N,1,1,2,,,,,N,N
845,cmc-0009,M-008,1,201410211400,14,201410212359,23,9 hours 59 minutes,599,20141021,middle,1,7,0,0,1,1,0,0,2,0,1,1,0,0,2,1,Y,1,1,0,0,1,0,0,1,0,1,1,1,Y,,,3,,,0,0,1,1,Y,1,,,0,0,1,1,0,Y,1,0,0,0,0,0,0,0,0,0,0,0,0,0,0,0,0,0,0,0,0,0,0,0,1,1,"tension, nerves",1,0,0,0,0,1,,N,1,1,2,,,,,N,N
766,cmc-0010,M-009,1,201410180528,05,201410181228,12,7 hours 0 minutes,420,20141018,middle,1,5,1,0,0,0,0,0,1,1,1,1,0,0,2,1,Y,1,1,1,0,1,0,0,2,0,1,1,1,Y,,,,1,hospital prescription medication,0,0,1,1,Y,1,,,0,0,1,1,0,Y,1,1,0,0,0,0,0,0,0,0,1,0,0,0,0,0,0,0,0,0,0,0,0,0,0,0,,1,1,0,0,0,2,,N,1,1,2,,,,,N,N
1265,cmc-0010,M-009,1,201411090500,05,201411092142,21,16 hours 42 minutes,1002,20141109,Severe,1,8,1,0,0,0,0,0,1,1,1,1,1,0,3,1,Y,1,1,1,1,1,1,0,4,0,1,1,1,Y,,,,2,Advanced medicine,0,0,1,1,Y,1,,,0,1,0,1,1,Y,1,0,0,0,0,0,0,0,0,0,0,0,0,0,0,0,0,0,0,0,0,0,0,0,1,1,I'm not sure,1,1,0,0,1,3,station,N,1,1,2,,,,,N,N
89,cmc-0011,M-010,1,201409060640,06,201409062359,23,17 hours 19 minutes,1039,20140906,Severe,1,9,0,1,0,0,0,1,2,1,0,1,0,0,1,0,Y,1,1,1,1,1,0,0,3,0,1,1,1,Y,,,2,,,1,0,0,1,Y,1,0,1,1,1,0,1,0,Y,1,0,0,1,0,0,0,0,0,0,1,0,0,0,0,0,0,0,0,0,0,0,0,0,0,0,,1,0,0,0,1,2,Taking painkillers,N,1,1,2,,,,,N,Y
865,cmc-0011,M-010,1,201410230000,00,201410230831,08,8 hours 31 minutes,511,20141023,middle,1,4,1,0,0,0,1,0,2,1,1,0,0,0,1,1,,0,1,0,0,1,0,1,2,0,1,1,1,N,,,,,,,,,0,N,0,,,0,,,0,0,Y,1,0,0,0,0,0,1,0,0,0,1,0,0,0,0,0,0,0,0,0,0,0,0,0,0,0,,0,0,0,0,0,0,,N,1,1,2,,,,,,
1138,cmc-0011,M-010,1,201410290300,03,201410292300,23,20 hours 0 minutes,1200,20141029,Severe,1,,0,0,0,1,0,0,1,0,0,1,0,0,1,0,Y,1,1,1,0,1,0,1,3,1,1,1,1,Y,,,2,,,0,0,1,1,Y,1,0,1,1,,,0,0,Y,1,0,0,0,0,0,0,1,0,0,1,0,0,0,0,0,0,0,0,0,0,0,0,0,0,0,,0,0,0,0,0,0,,N,1,1,2,,,,,N,N
1139,cmc-0011,M-010,1,201410300302,03,201410302350,23,20 hours 48 minutes,1248,20141030,Severe,1,,0,0,0,1,0,0,1,0,0,1,0,0,1,0,Y,1,1,1,0,1,0,0,2,0,1,1,1,Y,,,2,,,0,1,0,1,Y,1,1,0,1,,,0,0,Y,1,0,0,0,0,0,0,1,0,0,1,0,0,0,0,0,0,0,0,0,0,0,0,0,0,0,,0,0,0,0,0,0,,N,1,1,2,,,,,N,N
1747,cmc-0011,M-010,1,201412040400,04,201412041000,10,6 hours 0 minutes,360,20141204,middle,1,5,0,0,0,1,0,0,1,0,0,0,0,1,1,0,Y,1,1,1,0,1,1,0,3,0,1,1,1,Y,,,1,,,0,0,1,1,N,0,,,0,,,0,0,Y,1,0,0,0,0,0,0,0,1,0,1,0,0,0,0,0,0,0,0,0,0,0,0,0,0,0,,0,0,0,0,0,0,,N,1,1,2,,,,,N,N
510,cmc-0023,M-012,1,201410060830,08,201410062359,23,15 hours 29 minutes,929,20141006,,,5,1,1,1,1,1,1,6,1,0,1,1,1,3,1,Y,1,0,1,0,0,1,1,3,1,1,1,1,Y,,,,3,Almograan + prescription drugs,0,1,0,1,Y,1,0,1,1,0,1,1,1,Y,1,0,0,0,0,0,0,1,0,0,1,0,0,0,0,0,0,0,0,0,0,0,0,0,0,0,,0,0,0,0,1,1,approximately,N,1,1,2,,,,,N,Y
650,cmc-0023,M-012,1,201410111135,11,201410112359,23,12 hours 24 minutes,744,20141011,middle,1,8,1,1,1,1,1,1,6,1,0,1,1,1,3,1,Y,1,1,1,0,1,1,1,4,1,1,1,1,Y,,,,3,Naramik,0,1,0,1,Y,1,0,1,1,0,1,1,0,Y,1,0,0,0,0,0,0,1,0,0,1,0,0,0,0,0,0,0,0,0,0,0,0,0,0,0,,1,0,0,0,0,1,,N,1,1,2,,,,,N,Y
669,cmc-0023,M-012,1,201410131016,10,201410132359,23,13 hours 43 minutes,823,20141013,middle,1,7,0,1,1,0,1,1,4,1,0,1,1,1,3,1,Y,1,1,1,0,1,1,1,4,1,1,1,1,N,,,,,,,,,0,Y,1,0,1,1,,,0,1,Y,1,0,0,0,0,0,0,0,0,0,0,0,0,0,0,0,0,0,0,0,0,0,0,0,1,1,doesn't exist,0,0,0,0,1,1,No improvement,N,1,1,2,,,,,N,Y
773,cmc-0023,M-012,1,201410190920,09,201410192359,23,14 hours 39 minutes,879,20141019,Severe,1,8,1,0,0,0,0,1,2,1,0,1,1,1,3,1,Y,1,1,1,0,1,1,0,3,0,1,1,1,Y,,,,1,Almogran,0,1,0,1,Y,1,,,0,1,0,1,0,Y,1,1,0,0,0,0,0,0,0,0,1,0,0,0,0,0,0,0,0,0,0,0,0,0,0,0,,1,0,1,0,0,2,,N,1,1,2,,,,,N,Y
896,cmc-0023,M-012,1,201410240830,08,201410242359,23,15 hours 29 minutes,929,20141024,Severe,1,9,1,1,1,1,1,1,6,1,1,0,0,0,1,1,Y,1,1,1,1,1,1,1,5,1,1,1,1,N,,,,,,,,,0,Y,1,,,0,1,0,1,1,Y,1,0,0,0,0,0,0,0,0,0,0,0,0,0,0,0,0,0,0,0,0,0,0,0,1,1,body aches,0,0,0,0,1,1,approximately,N,1,1,2,,,,,N,Y
897,cmc-0023,M-012,1,201410250745,07,201410252359,23,16 hours 14 minutes,974,20141025,Severe,1,10,1,1,1,1,1,1,6,1,1,0,0,0,1,1,Y,1,1,1,1,1,1,1,5,1,1,1,1,Y,,,,1,almogram,1,0,0,1,Y,1,,,0,1,0,1,1,Y,1,0,0,0,0,0,0,0,0,0,0,0,0,0,0,0,0,0,0,0,0,0,0,0,1,1,body aches,0,0,0,0,1,1,approximately,N,1,1,2,,,,,N,Y
1020,cmc-0023,M-012,1,201410260832,08,201410262359,23,15 hours 27 minutes,927,20141026,Severe,1,10,1,1,1,1,1,1,6,1,1,0,0,0,1,1,Y,1,1,1,0,1,1,1,4,1,1,1,1,Y,,,,2,almogram,0,1,0,1,Y,1,,,0,1,0,1,0,Y,1,0,0,0,0,0,0,0,0,0,0,0,0,0,0,0,0,0,0,0,0,0,0,0,1,1,body aches,0,0,0,0,1,1,approximately,N,1,1,2,,,,,N,Y
1733,cmc-0023,M-012,1,201411301858,18,201411302358,23,5 hours 0 minutes,300,20141130,weakness,0,3,1,1,1,1,0,0,4,1,0,1,1,0,2,1,Y,1,0,1,0,0,1,1,3,1,1,1,1,N,,,,,,,,,0,Y,1,,,0,0,1,1,0,Y,1,0,0,0,0,0,0,0,0,0,0,0,0,0,0,0,0,0,0,0,0,0,0,0,1,1,two beers,1,0,0,0,0,1,,N,1,1,2,,,,,N,N
2136,cmc-0023,M-012,1,201412191010,10,201412192359,23,13 hours 49 minutes,829,20141219,weakness,0,3,1,1,1,1,1,1,6,1,0,1,1,1,3,1,Y,1,1,1,0,1,1,1,4,1,1,1,1,N,,,,,,,,,0,Y,1,,,0,0,1,1,0,Y,1,0,0,0,0,0,0,1,0,0,1,0,0,0,0,0,0,0,0,0,0,0,0,0,0,0,,0,0,0,0,0,0,,N,1,1,2,,,,,N,Y
2137,cmc-0023,M-012,1,201412201020,10,201412202359,23,13 hours 39 minutes,819,20141220,weakness,0,3,1,1,1,1,1,1,6,1,0,1,1,1,3,1,Y,1,1,1,0,1,1,1,4,1,1,1,1,N,,,,,,,,,0,Y,1,,,0,0,1,1,0,Y,1,0,0,0,0,0,0,1,0,0,1,0,0,0,0,0,0,0,0,0,0,0,0,0,0,0,,0,0,0,0,0,0,,N,1,1,2,,,,,N,Y
2135,cmc-0023,M-012,1,201412211330,13,201412212359,23,10 hours 29 minutes,629,20141221,middle,1,7,1,1,1,1,1,1,6,1,0,0,1,1,2,1,Y,1,1,1,0,1,0,1,3,1,1,1,1,Y,,,,1,Naramik,0,1,0,1,Y,1,,,0,1,0,1,0,Y,1,0,0,0,0,0,0,1,0,0,1,0,0,0,0,0,0,0,0,0,0,0,0,0,0,0,,0,0,0,0,0,0,,N,1,1,2,,,,,N,Y
2156,cmc-0023,M-012,1,201412220836,08,201412222359,23,15 hours 23 minutes,923,20141222,middle,1,7,1,1,1,1,1,1,6,1,0,1,1,1,3,1,Y,1,1,1,0,1,1,1,4,1,1,1,1,Y,,,,1,Naramik,0,1,0,1,Y,1,,,0,0,1,1,0,Y,1,0,0,0,0,0,0,1,0,0,1,0,0,0,0,0,0,0,0,0,0,0,0,0,0,0,,0,0,0,0,0,0,,N,1,1,2,,,,,N,Y
2157,cmc-0023,M-012,1,201412230830,08,201412232359,23,15 hours 29 minutes,929,20141223,weakness,0,4,1,0,1,0,1,1,4,1,0,1,1,1,3,1,Y,1,1,1,0,1,1,1,4,1,1,1,1,N,,,,,,,,,0,Y,1,,,0,0,1,1,0,Y,1,0,0,0,0,0,0,1,0,0,1,0,0,0,0,0,0,0,0,0,0,0,0,0,0,0,,0,0,0,0,0,0,,N,1,1,2,,,,,N,Y
1180,cmc-0027,cm-004,1,201411061136,11,201411062359,23,12 hours 23 minutes,743,20141106,Severe,1,9,1,1,1,1,0,0,4,1,1,1,1,0,3,1,Y,1,1,1,0,1,0,1,3,1,1,1,1,Y,,3,,,,0,1,0,1,Y,1,,,0,1,0,1,0,Y,1,0,0,0,0,0,0,0,0,0,0,0,0,0,0,0,0,0,0,0,0,0,0,0,1,1,home repairs,0,0,0,0,0,0,,N,1,1,2,,,,,N,N
1227,cmc-0027,CM-004,1,201411071230,12,201411072359,23,11 hours 29 minutes,689,20141107,Severe,1,9,1,0,0,0,0,0,1,1,1,0,1,0,2,1,Y,1,1,0,0,1,0,0,1,0,1,1,1,N,,,,,,,,,0,Y,1,0,1,1,1,0,1,0,Y,1,0,0,0,0,0,0,0,0,0,0,0,0,0,0,0,0,0,0,0,0,0,0,0,1,1,Acute migraine persistent,0,0,0,0,0,0,,N,1,1,2,,,,,N,Y
1881,cmc-0028,M-014,0,201411240910,09,201411241410,14,5 hours 0 minutes,300,20141124,middle,1,4,1,0,0,0,0,1,2,1,0,0,1,0,1,1,Y,1,0,0,1,1,0,0,1,0,1,1,1,Y,,,,1,Almogran,0,1,0,1,N,0,,,0,,,0,0,Y,1,0,0,0,0,0,0,0,0,0,0,0,0,0,0,0,0,1,0,0,0,0,0,0,0,1,,1,0,0,0,0,1,,N,1,1,2,,,,,N,N
1890,cmc-0028,M-014,0,201412030912,09,201412031312,13,4 hours 0 minutes,240,20141203,middle,1,4,1,0,1,0,0,1,3,1,0,0,1,0,1,1,Y,1,0,0,1,1,0,0,1,0,1,1,1,Y,,,,1,Almogran,0,1,0,1,N,0,,,0,,,0,0,Y,1,0,0,0,0,0,0,0,0,0,0,0,0,0,0,0,0,1,0,0,0,0,0,0,0,1,,1,0,0,0,0,1,,N,1,1,2,,,,,N,N
343,cmc-0032,CM-005,0,201409271918,19,201409272359,23,4 hours 41 minutes,281,20140927,middle,1,6,0,0,0,0,1,0,1,0,1,0,1,0,2,1,Y,1,1,1,0,1,0,0,2,0,1,1,1,N,,,,,,,,,0,N,0,,,0,,,0,0,Y,1,1,0,0,0,0,0,0,0,0,1,0,0,0,0,0,0,0,0,0,0,0,0,0,0,0,,0,0,0,0,0,0,,N,1,1,2,,,,,,
445,cmc-0032,CM-005,0,201410022023,20,201410022359,23,3 hours 36 minutes,216,20141002,Severe,1,9,0,0,0,1,0,1,2,0,1,1,1,0,3,1,Y,1,0,1,0,0,1,1,3,1,1,1,1,Y,1,,,,,0,0,1,1,Y,1,,,0,1,0,1,0,Y,1,0,0,0,0,0,0,0,0,0,0,0,0,0,0,0,0,1,0,0,0,0,0,0,0,1,,0,0,0,0,0,0,,N,1,1,2,,,,,N,N
446,cmc-0032,CM-005,0,201410030000,00,201410030800,08,8 hours 0 minutes,480,20141003,Severe,1,8,0,0,0,1,0,1,2,0,1,1,1,0,3,1,Y,1,0,1,0,0,1,1,3,1,1,1,1,Y,1,,,,,0,0,1,1,Y,1,,,0,1,0,1,0,Y,1,0,0,0,0,0,0,0,0,0,0,0,0,0,0,0,0,1,0,0,0,0,0,0,0,1,,1,0,0,0,0,1,,N,1,1,2,,,,,N,N
759,cmc-0033,CM-006,1,201410172343,23,201410172359,23,16 minutes,16,20141017,Severe,1,7,1,0,0,0,0,1,2,1,1,0,1,0,2,1,N,0,1,0,0,1,0,1,2,0,1,1,1,N,,,,,,,,,0,Y,1,0,1,1,,,0,0,Y,1,1,0,0,0,0,0,0,0,0,1,0,0,0,0,0,0,0,0,0,0,0,0,0,0,0,,0,0,0,0,0,0,,N,1,1,2,,,,,N,Y
1745,cmc-0042,M-026,0,201412021428,14,201412022200,22,7 hours 32 minutes,452,20141202,middle,1,6,0,0,0,1,0,1,2,0,1,0,0,1,2,1,Y,1,1,0,0,1,0,0,1,0,1,1,1,Y,,,,2,Indenol tablets,1,0,0,1,Y,1,0,1,1,0,1,1,0,Y,1,0,0,0,0,0,1,0,0,0,1,0,0,0,0,0,0,0,0,0,0,0,0,0,0,0,,1,1,0,0,0,2,,N,1,1,2,,,,,N,N
1786,cmc-0042,M-026,0,201412071518,15,201412072359,23,8 hours 41 minutes,521,20141207,weakness,0,4,0,0,0,1,0,0,1,0,1,0,0,0,1,1,Y,1,1,0,0,1,0,0,1,0,1,1,1,Y,,,,2,Indenol tablets,1,0,0,1,Y,1,0,1,1,0,1,1,0,Y,1,0,0,0,0,0,1,0,0,0,1,0,0,0,0,0,0,0,0,0,0,0,0,0,0,0,,1,1,0,0,0,2,,N,1,1,2,,,,,,
2163,cmc-0063,M-036,0,201412231700,17,201412232100,21,4 hours 0 minutes,240,20141223,Severe,1,7,0,0,0,1,0,0,1,0,0,1,0,0,1,0,Y,1,1,0,0,1,0,0,1,0,1,1,1,Y,,,1,,,0,1,0,1,Y,1,,,0,1,0,1,1,Y,1,1,0,0,0,0,0,0,0,0,1,0,0,0,0,0,0,0,0,0,0,0,0,0,0,0,,1,1,0,0,0,2,,N,1,1,2,,,,,N,N
2211,cmc-0063,M-036,0,201412250000,00,201412250300,03,3 hours 0 minutes,180,20141225,middle,1,5,1,0,0,0,0,0,1,1,1,0,0,0,1,1,Y,1,1,0,0,1,0,0,1,0,1,1,1,Y,,,1,,,0,0,1,1,Y,1,,,0,0,1,1,0,Y,1,0,0,0,0,0,0,0,0,0,0,0,0,0,0,0,0,0,0,0,0,0,0,0,1,1,Long-term computer use,1,0,0,0,0,1,,N,1,1,2,,,,,N,N
3416,cmc-0069,M-042,0,201502081027,10,201502082359,23,13 hours 32 minutes,812,20150208,middle,1,5,0,0,0,1,1,0,2,0,0,0,1,1,2,1,N,0,1,0,0,1,1,0,2,0,1,1,1,N,,,,,,,,,0,Y,1,,,0,0,1,1,0,Y,1,0,0,0,0,0,0,1,0,0,1,0,0,0,0,0,0,0,0,0,0,0,0,0,0,0,,1,0,0,0,0,1,,N,1,1,2,,,,,N,Y
3415,cmc-0069,M-042,0,201502090750,07,,,1 hour 57 minutes,117,20150209,middle,1,5,0,0,0,0,1,0,1,0,0,1,1,0,2,1,N,0,1,0,0,1,0,0,1,0,1,1,1,Y,,,,2,,0,0,1,1,Y,1,,,0,0,1,1,0,Y,1,0,0,0,0,0,0,1,0,0,1,0,0,0,0,0,0,0,0,0,0,0,0,0,0,0,,1,0,0,0,0,1,,N,1,1,2,,,,,N,N
2881,cmc-0077,M-049,1,201501211100,11,201501211700,17,6 hours 0 minutes,360,20150121,weakness,0,5,1,1,0,0,0,0,2,1,0,0,1,0,1,1,N,0,1,0,0,1,1,1,3,0,1,1,1,N,,,,,,,,,0,Y,1,0,1,1,,,0,0,Y,1,0,0,0,0,0,0,0,0,0,0,0,0,0,0,0,0,1,0,0,0,0,0,0,0,1,,0,0,0,0,0,0,,N,1,1,2,,,,,N,N
4462,cmc-0077,M-049,1,201502061400,14,201502061800,18,4 hours 0 minutes,240,20150206,middle,1,5,0,1,0,0,0,0,1,1,0,0,1,0,1,1,Y,1,1,0,0,1,1,1,3,0,1,1,1,N,,,,,,,,,0,Y,1,,,0,0,1,1,0,Y,1,0,0,0,0,0,0,0,0,0,0,1,0,0,0,0,1,0,0,0,0,0,0,0,0,0,,0,1,0,0,0,1,,N,1,1,2,,,,,N,N
4611,cmc-0077,M-049,1,201503220550,05,201503220750,07,2 hours 0 minutes,120,20150322,weakness,0,2,0,1,0,0,0,0,1,1,0,0,1,0,1,1,N,0,1,0,0,1,0,0,1,0,1,1,1,N,,,,,,,,,0,N,0,,,0,,,0,0,Y,1,0,0,0,0,0,0,0,0,0,0,0,0,0,0,0,0,0,0,0,0,0,0,0,1,1,Don't know,0,1,0,0,0,1,,N,1,1,2,,,,,N,N
3206,cmc-0078,M-050,1,201502030830,08,201502032359,23,15 hours 29 minutes,929,20150203,middle,1,4,0,0,0,1,0,1,2,0,0,0,1,1,2,1,N,0,0,1,0,0,1,1,3,1,1,1,1,Y,,,,2,,0,1,0,1,Y,1,,,0,0,1,1,0,Y,1,0,0,0,0,0,0,0,0,0,0,1,0,0,0,0,1,0,0,0,0,0,0,0,0,0,,0,1,0,0,0,1,,N,1,1,2,,,,,N,Y
164,dha-0010,em10,1,201409051733,17,201409051933,19,2 hours 0 minutes,120,20140905,middle,1,,1,0,0,0,0,0,1,1,1,0,0,0,1,1,Y,1,1,0,0,1,0,0,1,0,1,1,1,Y,,1,,,,0,0,1,1,Y,1,,,0,0,1,1,0,Y,1,0,1,0,0,0,0,0,0,0,1,0,0,0,0,0,0,0,0,0,0,0,0,0,0,0,,0,1,0,0,0,1,,N,1,1,2,,,,,N,N
182,dha-0010,em10,1,201409061059,10,201409061932,19,8 hours 33 minutes,513,20140906,middle,1,,0,0,0,1,0,0,1,0,1,0,0,0,1,1,Y,1,1,0,0,1,0,0,1,0,1,1,1,Y,,1,,,,0,1,0,1,Y,1,,,0,0,1,1,0,Y,1,0,0,0,0,0,0,0,0,0,0,0,0,0,0,0,0,0,0,0,0,0,0,0,1,1,cold,1,1,0,0,0,2,,N,1,1,2,,,,,N,N
537,dha-0010,em10,1,201409071537,15,201409071837,18,3 hours 0 minutes,180,20140907,middle,1,,0,1,0,0,0,0,1,1,0,1,0,0,1,0,Y,1,1,0,0,1,0,0,1,0,1,1,1,Y,,1,,,,0,1,0,1,,0,,,0,,,0,0,Y,1,0,0,0,0,0,1,0,0,0,1,0,0,0,0,0,0,0,0,0,0,0,0,0,0,0,,1,1,0,0,0,2,,N,1,1,2,,,,,N,N
460,dha-0018,EM18,1,201410020607,06,201410020814,08,2 hours 7 minutes,127,20141002,middle,1,4,1,0,0,0,0,0,1,1,0,1,1,0,2,1,Y,1,1,0,0,1,0,0,1,0,1,1,1,N,,,,,,,,,0,N,0,,,0,,,0,0,Y,1,1,0,0,0,0,0,0,0,0,1,0,0,0,0,0,0,0,0,0,0,0,0,0,0,0,,0,0,0,0,0,0,,N,1,1,2,,,,,,
691,dha-0018,EM18,1,201410151630,16,201410151730,17,1 hour 0 minutes,60,20141015,Severe,1,8,0,1,0,0,0,0,1,1,1,0,1,0,2,1,Y,1,1,1,0,1,0,0,2,0,1,1,1,Y,,,,1,discouragement,0,1,0,1,Y,1,0,1,1,,,0,0,Y,1,1,0,0,0,0,0,0,0,0,1,0,0,0,0,0,0,0,0,0,0,0,0,0,0,0,,0,1,0,0,0,1,,N,1,1,2,,,,,N,N
1072,dha-0018,EM18,1,201411090838,08,201411092359,23,15 hours 21 minutes,921,20141109,middle,1,8,1,0,0,0,0,0,1,1,1,0,0,0,1,1,N,0,1,0,0,1,0,0,1,0,1,1,1,N,,,,,,,,,0,Y,1,0,1,1,,,0,0,Y,1,0,0,0,0,0,0,0,0,0,0,0,0,0,0,0,0,0,0,0,0,0,0,0,1,1,stretching,0,1,0,0,0,1,,N,1,1,2,,,,,,
1321,dha-0018,EM18,1,201411231225,12,201411232359,23,11 hours 34 minutes,694,20141123,weakness,0,1,1,0,0,0,0,0,1,1,1,0,0,0,1,1,N,0,1,0,0,1,0,0,1,0,1,1,1,N,,,,,,,,,0,N,0,,,0,,,0,0,Y,1,1,0,0,0,0,0,0,0,0,1,0,0,0,0,0,0,0,0,0,0,0,0,0,0,0,,0,1,0,0,0,1,,N,1,1,2,,,,,,
1607,dha-0018,EM18,1,201412050556,05,201412050856,08,3 hours 0 minutes,180,20141205,weakness,0,1,1,0,0,0,0,0,1,1,1,0,1,0,2,1,N,0,1,0,0,1,0,0,1,0,1,1,1,N,,,,,,,,,0,N,0,,,0,,,0,0,Y,1,1,0,0,0,0,0,0,0,0,1,0,0,0,0,0,0,0,0,0,0,0,0,0,0,0,,0,1,0,0,0,1,,N,1,1,2,,,,,N,N
551,dha-0027,EM27,0,201410060600,06,201410062359,23,17 hours 59 minutes,1079,20141006,middle,1,5,0,1,0,0,0,0,1,1,0,1,0,0,1,0,Y,1,1,0,0,1,0,0,1,0,1,1,1,Y,,,,1,,0,0,1,1,Y,1,,,0,0,1,1,0,Y,1,0,0,0,0,0,0,0,0,0,0,0,0,0,0,0,0,1,0,0,0,0,0,0,0,1,,0,0,0,0,0,0,,N,1,1,2,,,,,N,Y
2450,dha-0039,em39,0,201501031000,10,201501031400,14,4 hours 0 minutes,240,20150103,middle,1,4,0,0,0,1,0,0,1,0,0,0,1,0,1,1,Y,1,1,0,0,1,0,0,1,0,1,1,1,Y,,,,1,Almogran,0,1,0,1,Y,1,,,0,0,1,1,0,Y,1,0,0,0,0,0,1,0,0,0,1,0,0,0,0,0,0,0,0,0,0,0,0,0,0,0,,0,1,0,0,1,2,approximately,N,1,1,2,,,,,N,N
2611,dha-0050,EM50,0,201501181914,19,201501182214,22,3 hours 0 minutes,180,20150118,weakness,0,2,1,0,0,0,1,0,2,1,1,0,0,0,1,1,Y,1,1,0,0,1,0,0,1,0,1,1,1,Y,,1,,,,0,1,0,1,N,0,,,0,,,0,0,Y,1,0,0,0,0,0,1,0,0,0,1,0,0,0,0,0,0,0,0,0,0,0,0,0,0,0,,1,1,0,0,0,2,,N,1,1,2,,,,,N,N
2715,dha-0053,em53,0,201501240052,00,201501242359,23,23 hours 7 minutes,1387,20150124,Severe,1,5,1,0,0,0,0,0,1,1,1,0,1,0,2,1,Y,1,1,0,0,1,0,0,1,0,1,1,1,Y,,,,2,Almogran,0,0,1,1,Y,1,,,0,1,0,1,1,Y,1,0,0,0,0,0,0,1,0,0,1,0,0,0,0,0,0,0,0,0,0,0,0,0,0,0,,1,1,0,0,1,3,Taking medicine,N,1,1,2,,,,,N,Y
2275,dha-0057,em57,0,201501021500,15,201501022359,23,8 hours 59 minutes,539,20150102,middle,1,8,0,1,0,0,0,0,1,1,0,0,1,1,2,1,Y,1,1,0,0,1,0,1,2,0,1,1,1,Y,,1,1,,,0,1,0,1,Y,1,0,1,1,0,1,1,1,Y,1,0,0,0,0,0,0,0,1,0,1,0,0,0,0,0,0,0,0,0,0,0,0,0,0,0,,1,1,0,0,0,2,,N,1,1,2,,,,,N,Y
2359,dha-0057,em57,0,201501051300,13,201501052359,23,10 hours 59 minutes,659,20150105,Severe,1,8,0,0,0,0,0,0,0,0,1,0,1,1,3,1,Y,1,1,1,1,1,0,1,4,1,1,1,1,Y,,1,1,,,0,1,0,1,Y,1,1,0,1,1,0,1,1,Y,1,0,0,0,0,0,0,1,0,0,1,0,0,0,0,0,0,0,0,0,0,0,0,0,0,0,,1,1,1,0,0,3,,N,1,1,2,,,,,N,Y
2360,dha-0057,em57,0,201501060730,07,201501062200,22,14 hours 30 minutes,870,20150106,Severe,1,8,0,1,0,0,0,0,1,1,1,1,1,0,3,1,Y,1,1,1,1,1,0,1,4,1,1,1,1,Y,,1,1,,,0,1,0,1,Y,1,1,0,1,1,0,1,1,Y,1,0,0,0,0,0,0,1,0,0,1,0,0,0,0,0,0,0,0,0,0,0,0,0,0,0,,1,1,1,0,0,3,,N,1,1,2,,,,,N,N
2362,dha-0057,em57,0,201501070630,06,201501072300,23,16 hours 30 minutes,990,20150107,Severe,1,9,0,1,0,0,0,0,1,1,1,1,1,1,4,1,Y,1,1,1,1,1,0,1,4,1,1,1,1,Y,,1,1,,,0,1,0,1,Y,1,1,0,1,1,0,1,1,Y,1,0,0,0,0,0,0,1,0,0,1,0,0,0,0,0,0,0,0,0,0,0,0,0,0,0,,1,1,1,0,0,3,,N,1,1,2,,,,,N,N
2361,dha-0057,em57,0,201501080630,06,201501082300,23,16 hours 30 minutes,990,20150108,Severe,1,9,0,1,0,0,0,0,1,1,1,1,1,1,4,1,Y,1,1,1,1,1,0,1,4,1,1,1,1,Y,,1,1,,,0,1,0,1,Y,1,0,1,1,1,0,1,1,Y,1,0,0,0,0,0,0,1,0,0,1,0,0,0,0,0,0,0,0,0,0,0,0,0,0,0,,1,1,1,0,0,3,,N,1,1,2,,,,,N,N
2779,dha-0057,em57,0,201501261030,10,201501262359,23,13 hours 29 minutes,809,20150126,middle,1,8,0,1,0,0,0,1,2,1,1,0,0,1,2,1,Y,1,1,1,0,1,0,1,3,1,1,1,1,Y,,1,,,,0,1,0,1,Y,1,0,1,1,0,1,1,1,Y,1,0,0,1,0,0,0,0,0,0,1,0,0,0,0,0,0,0,0,0,0,0,0,0,0,0,,1,0,0,0,0,1,,N,1,1,2,,,,,N,Y
3186,dha-0057,em57,0,201502050800,08,201502052359,23,15 hours 59 minutes,959,20150205,Severe,1,5,0,1,0,0,0,0,1,1,1,1,1,0,3,1,Y,1,1,1,1,1,1,1,5,1,1,1,1,Y,,1,1,,,0,1,0,1,Y,1,1,0,1,1,0,1,1,Y,1,0,0,0,0,0,0,1,0,0,1,0,0,0,0,0,0,0,0,0,0,0,0,0,0,0,,0,1,1,0,0,2,,N,1,1,2,,,,,N,Y
2653,dha-0063,em63,0,201501211200,12,,,5 hours 0 minutes,300,20150121,middle,1,5,0,0,1,1,0,0,2,0,0,0,1,1,2,1,Y,1,1,0,0,1,0,0,1,0,1,1,1,Y,,,1,1,pharmaceutical,0,0,1,1,Y,1,,,0,1,0,1,0,Y,1,0,0,0,0,0,0,0,0,0,0,0,0,0,0,0,0,0,0,0,0,0,0,0,1,1,gastritis,1,1,0,0,1,3,Taking medicine,N,1,1,2,,,,,N,N
1199,cmc-0023,M-012,1,,,,,,,20141104,,,,,,,,,,0,,,,,,0,,,,,,,,,,0,,,,,,,,,,,,,,0,,,,,0,,,0,,,1,0,0,0,1,0,0,0,0,0,1,0,0,0,0,0,0,0,0,0,0,0,0,0,0,0,,,,,,,0,,Y,0,1,1,0 hours 0 minutes,0,2 hours 0 minutes,120,Y,N
1413,cmc-0023,M-012,1,,,,,,,20141111,,,,,,,,,,0,,,,,,0,,,,,,,,,,0,,,,,,,,,,,,,,0,,,,,0,,,0,,,1,0,0,0,1,0,0,0,0,0,1,0,0,0,0,0,0,0,0,0,0,0,0,0,0,0,,,,,,,0,,Y,0,1,1,0 hours 0 minutes,0,2 hours 0 minutes,120,Y,N
1583,cmc-0023,M-012,1,,,,,,,20141121,,,,,,,,,,0,,,,,,0,,,,,,,,,,0,,,,,,,,,,,,,,0,,,,,0,,,0,,,1,0,0,0,0,0,0,1,0,0,1,0,0,0,0,0,0,0,0,0,0,0,0,0,0,0,,,,,,,0,,Y,0,1,1,0 hours 0 minutes,0,2 hours 0 minutes,120,Y,N
1868,cmc-0023,M-012,1,,,,,,,20141205,,,,,,,,,,0,,,,,,0,,,,,,,,,,0,,,,,,,,,,,,,,0,,,,,0,,,0,,,1,0,0,0,1,0,0,0,0,0,1,0,0,0,0,0,0,0,0,0,0,0,0,0,0,0,,,,,,,0,,Y,0,1,1,0 hours 0 minutes,0,2 hours 0 minutes,120,Y,N
713,cmc-0025,CM-003,1,,,,,,,20141015,,,,,,,,,,0,,,,,,0,,,,,,,,,,0,,,,,,,,,,,,,,0,,,,,0,,,0,,,1,0,0,0,0,0,0,0,0,0,0,0,0,0,0,1,1,0,0,0,0,0,0,0,0,0,,,,,,,0,,Y,0,1,1,0 hours 0 minutes,0,0 hours 50 minutes,50,Y,N
1037,cmc-0025,CM-003,1,,,,,,,20141016,,,,,,,,,,0,,,,,,0,,,,,,,,,,0,,,,,,,,,,,,,,0,,,,,0,,,0,,,1,0,0,0,0,0,0,0,0,0,0,0,0,0,0,1,1,0,0,0,0,0,0,0,0,0,,,,,,,0,,Y,0,1,1,0 hours 0 minutes,0,0 hours 30 minutes,30,Y,N
1042,cmc-0025,CM-003,1,,,,,,,20141021,,,,,,,,,,0,,,,,,0,,,,,,,,,,0,,,,,,,,,,,,,,0,,,,,0,,,0,,,1,0,0,0,0,0,0,0,0,0,0,0,0,0,0,1,1,0,0,0,0,0,0,0,0,0,,,,,,,0,,Y,0,1,1,0 hours 0 minutes,0,0 hours 50 minutes,50,Y,N
549,cmc-0032,CM-005,0,,,,,,,20141006,,,,,,,,,,0,,,,,,0,,,,,,,,,,0,,,,,,,,,,,,,,0,,,,,0,,,0,,,1,0,0,0,1,0,0,0,0,0,1,0,0,0,0,0,0,0,0,0,0,0,0,0,0,0,,,,,,,0,,Y,0,1,1,0 hours 0 minutes,0,1 hour 40 minutes,100,Y,N
751,cmc-0032,CM-005,0,,,,,,,20141011,,,,,,,,,,0,,,,,,0,,,,,,,,,,0,,,,,,,,,,,,,,0,,,,,0,,,0,,,1,0,0,0,1,0,0,0,0,0,1,0,0,0,0,0,0,0,0,0,0,0,0,0,0,0,,,,,,,0,,Y,0,1,1,0 hours 0 minutes,0,2 hours 0 minutes,120,Y,N
752,cmc-0032,CM-005,0,,,,,,,20141012,,,,,,,,,,0,,,,,,0,,,,,,,,,,0,,,,,,,,,,,,,,0,,,,,0,,,0,,,1,0,0,0,1,0,0,0,0,0,1,0,0,0,0,0,0,0,0,0,0,0,0,0,0,0,,,,,,,0,,Y,0,1,1,0 hours 0 minutes,0,2 hours 0 minutes,120,Y,N
804,cmc-0032,CM-005,0,,,,,,,20141015,,,,,,,,,,0,,,,,,0,,,,,,,,,,0,,,,,,,,,,,,,,0,,,,,0,,,0,,,1,0,0,0,1,0,0,0,0,0,1,0,0,0,0,0,0,0,0,0,0,0,0,0,0,0,,,,,,,0,,Y,0,1,1,0 hours 0 minutes,0,1 hour 40 minutes,100,Y,N
805,cmc-0032,CM-005,0,,,,,,,20141016,,,,,,,,,,0,,,,,,0,,,,,,,,,,0,,,,,,,,,,,,,,0,,,,,0,,,0,,,1,0,0,0,1,0,0,0,0,0,1,0,0,0,0,0,0,0,0,0,0,0,0,0,0,0,,,,,,,0,,Y,0,1,1,0 hours 0 minutes,0,1 hour 0 minutes,60,Y,N
2304,cmc-0042,M-026,0,,,,,,,20141229,,,,,,,,,,0,,,,,,0,,,,,,,,,,0,,,,,,,,,,,,,,0,,,,,0,,,0,,,1,0,0,1,0,0,0,0,0,0,1,0,0,0,0,0,0,0,0,0,0,0,0,0,0,0,,,,,,,0,,Y,0,1,1,0 hours 0 minutes,0,0 hours 20 minutes,20,Y,N
1160,cmc-0048,M-032,1,,,,,,,20141105,,,,,,,,,,0,,,,,,0,,,,,,,,,,0,,,,,,,,,,,,,,0,,,,,0,,,0,,,1,0,0,0,1,0,0,0,0,0,1,0,0,0,0,0,0,0,0,0,0,0,0,0,0,0,,,,,,,0,,Y,0,1,1,0 hours 0 minutes,0,1 hour 0 minutes,60,Y,N
1186,cmc-0048,M-032,1,,,,,,,20141106,,,,,,,,,,0,,,,,,0,,,,,,,,,,0,,,,,,,,,,,,,,0,,,,,0,,,0,,,1,0,0,1,0,0,0,0,0,0,1,0,0,0,0,0,0,0,0,0,0,0,0,0,0,0,,,,,,,0,,Y,0,1,1,0 hours 0 minutes,0,1 hour 0 minutes,60,Y,N
1243,cmc-0048,M-032,1,,,,,,,20141107,,,,,,,,,,0,,,,,,0,,,,,,,,,,0,,,,,,,,,,,,,,0,,,,,0,,,0,,,1,0,0,0,0,0,0,0,0,0,0,0,0,0,0,0,0,0,0,1,0,0,0,0,0,1,,,,,,,0,,Y,0,1,1,0 hours 0 minutes,0,1 hour 0 minutes,60,Y,N
1419,cmc-0048,M-032,1,,,,,,,20141114,,,,,,,,,,0,,,,,,0,,,,,,,,,,0,,,,,,,,,,,,,,0,,,,,0,,,0,,,1,0,0,0,1,0,0,0,0,0,1,0,0,0,0,0,0,0,0,0,0,0,0,0,0,0,,,,,,,0,,Y,0,1,1,0 hours 0 minutes,0,1 hour 0 minutes,60,Y,N
1437,cmc-0048,M-032,1,,,,,,,20141116,,,,,,,,,,0,,,,,,0,,,,,,,,,,0,,,,,,,,,,,,,,0,,,,,0,,,0,,,1,0,0,0,1,0,0,0,0,0,1,0,0,0,0,0,0,0,0,0,0,0,0,0,0,0,,,,,,,0,,Y,0,1,1,0 hours 0 minutes,0,2 hours 0 minutes,120,Y,N
1654,cmc-0048,M-032,1,,,,,,,20141126,,,,,,,,,,0,,,,,,0,,,,,,,,,,0,,,,,,,,,,,,,,0,,,,,0,,,0,,,1,0,0,0,1,0,0,0,0,0,1,0,0,0,0,0,0,0,0,0,0,0,0,0,0,0,,,,,,,0,,Y,0,1,1,0 hours 0 minutes,0,1 hour 0 minutes,60,Y,N
1655,cmc-0048,M-032,1,,,,,,,20141127,,,,,,,,,,0,,,,,,0,,,,,,,,,,0,,,,,,,,,,,,,,0,,,,,0,,,0,,,1,0,0,0,1,0,0,0,0,0,1,0,0,0,0,0,0,0,0,0,0,0,0,0,0,0,,,,,,,0,,Y,0,1,1,0 hours 0 minutes,0,2 hours 0 minutes,120,Y,N
1681,cmc-0048,M-032,1,,,,,,,20141129,,,,,,,,,,0,,,,,,0,,,,,,,,,,0,,,,,,,,,,,,,,0,,,,,0,,,0,,,1,0,0,0,1,0,0,0,0,0,1,0,0,0,0,0,0,0,0,0,0,0,0,0,0,0,,,,,,,0,,Y,0,1,1,0 hours 0 minutes,0,3 hours 0 minutes,180,Y,N
1774,cmc-0048,M-032,1,,,,,,,20141205,,,,,,,,,,0,,,,,,0,,,,,,,,,,0,,,,,,,,,,,,,,0,,,,,0,,,0,,,1,0,0,0,1,0,0,0,0,0,1,0,0,0,0,0,0,0,0,0,0,0,0,0,0,0,,,,,,,0,,Y,0,1,1,0 hours 0 minutes,0,2 hours 0 minutes,120,Y,N
1795,cmc-0048,M-032,1,,,,,,,20141206,,,,,,,,,,0,,,,,,0,,,,,,,,,,0,,,,,,,,,,,,,,0,,,,,0,,,0,,,1,0,0,0,1,0,0,0,0,0,1,0,0,0,0,0,0,0,0,0,0,0,0,0,0,0,,,,,,,0,,Y,0,1,1,0 hours 0 minutes,0,2 hours 0 minutes,120,Y,N
1798,cmc-0048,M-032,1,,,,,,,20141208,,,,,,,,,,0,,,,,,0,,,,,,,,,,0,,,,,,,,,,,,,,0,,,,,0,,,0,,,1,0,0,0,1,0,0,0,0,0,1,0,0,0,0,0,0,0,0,0,0,0,0,0,0,0,,,,,,,0,,Y,0,1,1,0 hours 0 minutes,0,2 hours 0 minutes,120,Y,N
1829,cmc-0048,M-032,1,,,,,,,20141209,,,,,,,,,,0,,,,,,0,,,,,,,,,,0,,,,,,,,,,,,,,0,,,,,0,,,0,,,1,0,0,0,1,0,0,0,0,0,1,0,0,0,0,0,0,0,0,0,0,0,0,0,0,0,,,,,,,0,,Y,0,1,1,0 hours 0 minutes,0,2 hours 0 minutes,120,Y,N
2039,cmc-0048,M-032,1,,,,,,,20141216,,,,,,,,,,0,,,,,,0,,,,,,,,,,0,,,,,,,,,,,,,,0,,,,,0,,,0,,,1,0,0,0,1,0,0,0,0,0,1,0,0,0,0,0,0,0,0,0,0,0,0,0,0,0,,,,,,,0,,Y,0,1,1,0 hours 0 minutes,0,2 hours 0 minutes,120,Y,N
2141,cmc-0048,M-032,1,,,,,,,20141221,,,,,,,,,,0,,,,,,0,,,,,,,,,,0,,,,,,,,,,,,,,0,,,,,0,,,0,,,1,0,0,0,1,0,0,0,0,0,1,0,0,0,0,0,0,0,0,0,0,0,0,0,0,0,,,,,,,0,,Y,0,1,1,0 hours 0 minutes,0,2 hours 0 minutes,120,Y,N
2160,cmc-0048,M-032,1,,,,,,,20141222,,,,,,,,,,0,,,,,,0,,,,,,,,,,0,,,,,,,,,,,,,,0,,,,,0,,,0,,,1,0,0,0,1,0,0,0,0,0,1,0,0,0,0,0,0,0,0,0,0,0,0,0,0,0,,,,,,,0,,Y,0,1,1,0 hours 0 minutes,0,2 hours 0 minutes,120,Y,N
2263,cmc-0048,M-032,1,,,,,,,20141226,,,,,,,,,,0,,,,,,0,,,,,,,,,,0,,,,,,,,,,,,,,0,,,,,0,,,0,,,1,0,0,0,1,0,0,0,0,0,1,0,0,0,0,0,0,0,0,0,0,0,0,0,0,0,,,,,,,0,,Y,0,1,1,0 hours 0 minutes,0,1 hour 0 minutes,60,Y,N
2365,cmc-0048,M-032,1,,,,,,,20141231,,,,,,,,,,0,,,,,,0,,,,,,,,,,0,,,,,,,,,,,,,,0,,,,,0,,,0,,,1,0,0,0,1,0,0,0,0,0,1,0,0,0,0,0,0,0,0,0,0,0,0,0,0,0,,,,,,,0,,Y,0,1,1,0 hours 0 minutes,0,2 hours 0 minutes,120,Y,N
2507,cmc-0048,M-032,1,,,,,,,20150106,,,,,,,,,,0,,,,,,0,,,,,,,,,,0,,,,,,,,,,,,,,0,,,,,0,,,0,,,1,0,0,0,1,0,0,0,0,0,1,0,0,0,0,0,0,0,0,0,0,0,0,0,0,0,,,,,,,0,,Y,0,1,1,0 hours 0 minutes,0,2 hours 0 minutes,120,Y,N
2545,cmc-0048,M-032,1,,,,,,,20150107,,,,,,,,,,0,,,,,,0,,,,,,,,,,0,,,,,,,,,,,,,,0,,,,,0,,,0,,,1,0,0,0,1,0,0,0,0,0,1,0,0,0,0,0,0,0,0,0,0,0,0,0,0,0,,,,,,,0,,Y,0,1,1,0 hours 0 minutes,0,2 hours 0 minutes,120,Y,N
2553,cmc-0048,M-032,1,,,,,,,20150109,,,,,,,,,,0,,,,,,0,,,,,,,,,,0,,,,,,,,,,,,,,0,,,,,0,,,0,,,1,0,0,0,1,0,0,0,0,0,1,0,0,0,0,0,0,0,0,0,0,0,0,0,0,0,,,,,,,0,,Y,0,1,1,0 hours 0 minutes,0,1 hour 0 minutes,60,Y,N
2661,cmc-0048,M-032,1,,,,,,,20150112,,,,,,,,,,0,,,,,,0,,,,,,,,,,0,,,,,,,,,,,,,,0,,,,,0,,,0,,,1,0,0,0,1,0,0,0,0,0,1,0,0,0,0,0,0,0,0,0,0,0,0,0,0,0,,,,,,,0,,Y,0,1,1,0 hours 0 minutes,0,2 hours 0 minutes,120,Y,N
2665,cmc-0048,M-032,1,,,,,,,20150114,,,,,,,,,,0,,,,,,0,,,,,,,,,,0,,,,,,,,,,,,,,0,,,,,0,,,0,,,1,0,0,0,1,0,0,0,0,0,1,0,0,0,0,0,0,0,0,0,0,0,0,0,0,0,,,,,,,0,,Y,0,1,1,0 hours 0 minutes,0,1 hour 0 minutes,60,Y,N
2755,cmc-0048,M-032,1,,,,,,,20150115,,,,,,,,,,0,,,,,,0,,,,,,,,,,0,,,,,,,,,,,,,,0,,,,,0,,,0,,,1,0,0,0,1,0,0,0,0,0,1,0,0,0,0,0,0,0,0,0,0,0,0,0,0,0,,,,,,,0,,Y,0,1,1,0 hours 0 minutes,0,1 hour 0 minutes,60,Y,N
2754,cmc-0048,M-032,1,,,,,,,20150117,,,,,,,,,,0,,,,,,0,,,,,,,,,,0,,,,,,,,,,,,,,0,,,,,0,,,0,,,1,0,0,0,1,0,0,0,0,0,1,0,0,0,0,0,0,0,0,0,0,0,0,0,0,0,,,,,,,0,,Y,0,1,1,0 hours 0 minutes,0,3 hours 0 minutes,180,Y,N
2878,cmc-0048,M-032,1,,,,,,,20150120,,,,,,,,,,0,,,,,,0,,,,,,,,,,0,,,,,,,,,,,,,,0,,,,,0,,,0,,,1,0,0,0,1,0,0,0,0,0,1,0,0,0,0,0,0,0,0,0,0,0,0,0,0,0,,,,,,,0,,Y,0,1,1,0 hours 0 minutes,0,2 hours 0 minutes,120,Y,N
3011,cmc-0048,M-032,1,,,,,,,20150127,,,,,,,,,,0,,,,,,0,,,,,,,,,,0,,,,,,,,,,,,,,0,,,,,0,,,0,,,1,0,0,0,1,0,0,0,0,0,1,0,0,0,0,0,0,0,0,0,0,0,0,0,0,0,,,,,,,0,,Y,0,1,1,0 hours 0 minutes,0,2 hours 0 minutes,120,Y,N
3089,cmc-0048,M-032,1,,,,,,,20150129,,,,,,,,,,0,,,,,,0,,,,,,,,,,0,,,,,,,,,,,,,,0,,,,,0,,,0,,,1,0,0,0,1,0,0,0,0,0,1,0,0,0,0,0,0,0,0,0,0,0,0,0,0,0,,,,,,,0,,Y,0,1,1,0 hours 0 minutes,0,2 hours 0 minutes,120,Y,N
3135,cmc-0048,M-032,1,,,,,,,20150130,,,,,,,,,,0,,,,,,0,,,,,,,,,,0,,,,,,,,,,,,,,0,,,,,0,,,0,,,1,0,0,0,1,0,0,0,0,0,1,0,0,0,0,0,0,0,0,0,0,0,0,0,0,0,,,,,,,0,,Y,0,1,1,0 hours 0 minutes,0,2 hours 0 minutes,120,Y,N
3174,cmc-0048,M-032,1,,,,,,,20150201,,,,,,,,,,0,,,,,,0,,,,,,,,,,0,,,,,,,,,,,,,,0,,,,,0,,,0,,,1,0,0,0,1,0,0,0,0,0,1,0,0,0,0,0,0,0,0,0,0,0,0,0,0,0,,,,,,,0,,Y,0,1,1,0 hours 0 minutes,0,3 hours 0 minutes,180,Y,N
3175,cmc-0048,M-032,1,,,,,,,20150202,,,,,,,,,,0,,,,,,0,,,,,,,,,,0,,,,,,,,,,,,,,0,,,,,0,,,0,,,1,0,0,0,1,0,0,0,0,0,1,0,0,0,0,0,0,0,0,0,0,0,0,0,0,0,,,,,,,0,,Y,0,1,1,0 hours 0 minutes,0,2 hours 0 minutes,120,Y,N
3321,cmc-0048,M-032,1,,,,,,,20150203,,,,,,,,,,0,,,,,,0,,,,,,,,,,0,,,,,,,,,,,,,,0,,,,,0,,,0,,,1,0,0,0,1,0,0,0,0,0,1,0,0,0,0,0,0,0,0,0,0,0,0,0,0,0,,,,,,,0,,Y,0,1,1,0 hours 0 minutes,0,2 hours 0 minutes,120,Y,N
3324,cmc-0048,M-032,1,,,,,,,20150206,,,,,,,,,,0,,,,,,0,,,,,,,,,,0,,,,,,,,,,,,,,0,,,,,0,,,0,,,1,0,0,0,1,0,0,0,0,0,1,0,0,0,0,0,0,0,0,0,0,0,0,0,0,0,,,,,,,0,,Y,0,1,1,0 hours 0 minutes,0,2 hours 0 minutes,120,Y,N
3442,cmc-0048,M-032,1,,,,,,,20150210,,,,,,,,,,0,,,,,,0,,,,,,,,,,0,,,,,,,,,,,,,,0,,,,,0,,,0,,,1,0,0,0,1,0,0,0,0,0,1,0,0,0,0,0,0,0,0,0,0,0,0,0,0,0,,,,,,,0,,Y,0,1,1,0 hours 0 minutes,0,2 hours 0 minutes,120,Y,N
1957,cmc-0064,M-037,1,,,,,,,20141214,,,,,,,,,,0,,,,,,0,,,,,,,,,,0,,,,,,,,,,,,,,0,,,,,0,,,0,,,1,0,0,0,0,0,1,0,0,0,1,0,0,0,0,0,0,0,0,0,0,0,0,0,0,0,,,,,,,0,,Y,0,1,1,0 hours 0 minutes,0,0 hours 20 minutes,20,Y,N
2038,cmc-0067,M-040,0,,,,,,,20141217,,,,,,,,,,0,,,,,,0,,,,,,,,,,0,,,,,,,,,,,,,,0,,,,,0,,,0,,,1,0,0,0,1,0,0,0,0,0,1,0,0,0,0,0,0,0,0,0,0,0,0,0,0,0,,,,,,,0,,Y,0,1,1,0 hours 0 minutes,0,1 hour 0 minutes,60,Y,N
3044,cmc-0077,M-049,1,,,,,,,20150123,,,,,,,,,,0,,,,,,0,,,,,,,,,,0,,,,,,,,,,,,,,0,,,,,0,,,0,,,1,0,0,0,0,0,0,0,0,0,0,0,0,0,0,1,1,0,0,0,0,0,0,0,0,0,,,,,,,0,,Y,0,1,1,0 hours 0 minutes,0,1 hour 0 minutes,60,Y,N
3045,cmc-0077,M-049,1,,,,,,,20150124,,,,,,,,,,0,,,,,,0,,,,,,,,,,0,,,,,,,,,,,,,,0,,,,,0,,,0,,,1,0,0,1,0,0,0,0,0,0,1,0,0,0,0,0,0,0,0,0,0,0,0,0,0,0,,,,,,,0,,Y,0,1,1,0 hours 0 minutes,0,2 hours 0 minutes,120,Y,N
3048,cmc-0077,M-049,1,,,,,,,20150127,,,,,,,,,,0,,,,,,0,,,,,,,,,,0,,,,,,,,,,,,,,0,,,,,0,,,0,,,1,0,0,0,0,0,0,0,0,0,0,0,0,0,0,0,0,0,1,0,0,0,0,0,0,1,,,,,,,0,,Y,0,1,1,0 hours 0 minutes,0,2 hours 0 minutes,120,Y,N
4467,cmc-0077,M-049,1,,,,,,,20150216,,,,,,,,,,0,,,,,,0,,,,,,,,,,0,,,,,,,,,,,,,,0,,,,,0,,,0,,,1,0,0,0,0,0,0,1,0,0,1,0,0,0,0,0,0,0,0,0,0,0,0,0,0,0,,,,,,,0,,Y,0,1,1,0 hours 0 minutes,0,0 hours 30 minutes,30,Y,N
4485,cmc-0077,M-049,1,,,,,,,20150303,,,,,,,,,,0,,,,,,0,,,,,,,,,,0,,,,,,,,,,,,,,0,,,,,0,,,0,,,1,0,0,0,0,0,0,0,0,0,0,0,0,0,0,0,0,0,1,0,0,0,0,0,0,1,,,,,,,0,,Y,0,1,1,0 hours 0 minutes,0,0 hours 20 minutes,20,Y,N
4613,cmc-0077,M-049,1,,,,,,,20150318,,,,,,,,,,0,,,,,,0,,,,,,,,,,0,,,,,,,,,,,,,,0,,,,,0,,,0,,,1,0,0,1,0,0,0,0,0,0,1,0,0,0,0,0,0,0,0,0,0,0,0,0,0,0,,,,,,,0,,Y,0,1,1,0 hours 0 minutes,0,0 hours 20 minutes,20,Y,N
51,dha-0002,em2,0,,,,,,,20140816,,,,,,,,,,0,,,,,,0,,,,,,,,,,0,,,,,,,,,,,,,,0,,,,,0,,,0,,,1,0,0,0,0,0,0,0,0,0,0,0,0,0,0,0,0,0,1,0,0,0,0,0,0,1,,,,,,,0,,Y,0,1,1,0 hours 0 minutes,0,0 hours 20 minutes,20,Y,N
72,dha-0002,em2,0,,,,,,,20140822,,,,,,,,,,0,,,,,,0,,,,,,,,,,0,,,,,,,,,,,,,,0,,,,,0,,,0,,,1,0,0,0,0,0,0,0,0,0,0,1,0,0,0,0,1,0,0,0,0,0,0,0,0,0,,,,,,,0,,Y,0,1,1,0 hours 0 minutes,0,0 hours 20 minutes,20,Y,N
250,dha-0002,em2,0,,,,,,,20140912,,,,,,,,,,0,,,,,,0,,,,,,,,,,0,,,,,,,,,,,,,,0,,,,,0,,,0,,,1,0,0,0,0,0,0,1,0,0,1,0,0,0,0,0,0,0,0,0,0,0,0,0,0,0,,,,,,,0,,Y,0,1,1,0 hours 0 minutes,0,0 hours 10 minutes,10,Y,N
255,dha-0002,em2,0,,,,,,,20140913,,,,,,,,,,0,,,,,,0,,,,,,,,,,0,,,,,,,,,,,,,,0,,,,,0,,,0,,,1,0,0,0,0,0,0,1,0,0,1,0,0,0,0,0,0,0,0,0,0,0,0,0,0,0,,,,,,,0,,Y,0,1,1,0 hours 0 minutes,0,0 hours 10 minutes,10,Y,N
657,dha-0002,em2,0,,,,,,,20141014,,,,,,,,,,0,,,,,,0,,,,,,,,,,0,,,,,,,,,,,,,,0,,,,,0,,,0,,,1,0,0,0,0,0,0,1,0,0,1,0,0,0,0,0,0,0,0,0,0,0,0,0,0,0,,,,,,,0,,Y,0,1,1,0 hours 0 minutes,0,0 hours 20 minutes,20,Y,N
48,dha-0004,EM4,1,,,,,,,20140816,,,,,,,,,,0,,,,,,0,,,,,,,,,,0,,,,,,,,,,,,,,0,,,,,0,,,0,,,1,0,0,0,0,0,0,0,0,0,0,0,0,0,0,0,0,0,0,1,0,0,0,0,0,1,,,,,,,0,,Y,0,1,1,0 hours 0 minutes,0,1 hour 0 minutes,60,Y,N
28,dha-0004,EM4,1,,,,,,,20140822,,,,,,,,,,0,,,,,,0,,,,,,,,,,0,,,,,,,,,,,,,,0,,,,,0,,,0,,,1,0,0,0,0,0,0,0,0,0,0,0,0,0,0,0,0,0,0,1,0,0,0,0,0,1,,,,,,,0,,Y,0,1,1,0 hours 0 minutes,0,0 hours 30 minutes,30,Y,N
298,dha-0004,EM4,1,,,,,,,20140915,,,,,,,,,,0,,,,,,0,,,,,,,,,,0,,,,,,,,,,,,,,0,,,,,0,,,0,,,1,0,0,0,0,0,1,0,0,0,1,0,0,0,0,0,0,0,0,0,0,0,0,0,0,0,,,,,,,0,,Y,0,1,1,0 hours 0 minutes,0,1 hour 0 minutes,60,Y,N
299,dha-0004,EM4,1,,,,,,,20140916,,,,,,,,,,0,,,,,,0,,,,,,,,,,0,,,,,,,,,,,,,,0,,,,,0,,,0,,,1,0,0,0,0,0,1,0,0,0,1,0,0,0,0,0,0,0,0,0,0,0,0,0,0,0,,,,,,,0,,Y,0,1,1,0 hours 0 minutes,0,1 hour 0 minutes,60,Y,N
383,dha-0004,EM4,1,,,,,,,20140923,,,,,,,,,,0,,,,,,0,,,,,,,,,,0,,,,,,,,,,,,,,0,,,,,0,,,0,,,1,1,0,0,0,0,0,0,0,0,1,0,0,0,0,0,0,0,0,0,0,0,0,0,0,0,,,,,,,0,,Y,0,1,1,0 hours 0 minutes,0,1 hour 0 minutes,60,Y,N
401,dha-0004,EM4,1,,,,,,,20140924,,,,,,,,,,0,,,,,,0,,,,,,,,,,0,,,,,,,,,,,,,,0,,,,,0,,,0,,,1,0,0,0,0,0,1,0,0,0,1,0,0,0,0,0,0,0,0,0,0,0,0,0,0,0,,,,,,,0,,Y,0,1,1,0 hours 0 minutes,0,1 hour 0 minutes,60,Y,N
402,dha-0004,EM4,1,,,,,,,20140925,,,,,,,,,,0,,,,,,0,,,,,,,,,,0,,,,,,,,,,,,,,0,,,,,0,,,0,,,1,0,0,0,0,0,1,0,0,0,1,0,0,0,0,0,0,0,0,0,0,0,0,0,0,0,,,,,,,0,,Y,0,1,1,0 hours 0 minutes,0,1 hour 0 minutes,60,Y,N
407,dha-0004,EM4,1,,,,,,,20140926,,,,,,,,,,0,,,,,,0,,,,,,,,,,0,,,,,,,,,,,,,,0,,,,,0,,,0,,,1,0,0,0,0,0,1,0,0,0,1,0,0,0,0,0,0,0,0,0,0,0,0,0,0,0,,,,,,,0,,Y,0,1,1,0 hours 0 minutes,0,1 hour 0 minutes,60,Y,N
435,dha-0004,EM4,1,,,,,,,20140928,,,,,,,,,,0,,,,,,0,,,,,,,,,,0,,,,,,,,,,,,,,0,,,,,0,,,0,,,1,0,0,0,0,0,1,0,0,0,1,0,0,0,0,0,0,0,0,0,0,0,0,0,0,0,,,,,,,0,,Y,0,1,1,0 hours 0 minutes,0,1 hour 0 minutes,60,Y,N
433,dha-0004,EM4,1,,,,,,,20140929,,,,,,,,,,0,,,,,,0,,,,,,,,,,0,,,,,,,,,,,,,,0,,,,,0,,,0,,,1,0,0,0,0,0,1,0,0,0,1,0,0,0,0,0,0,0,0,0,0,0,0,0,0,0,,,,,,,0,,Y,0,1,1,0 hours 0 minutes,0,1 hour 0 minutes,60,Y,N
457,dha-0004,EM4,1,,,,,,,20141001,,,,,,,,,,0,,,,,,0,,,,,,,,,,0,,,,,,,,,,,,,,0,,,,,0,,,0,,,1,1,0,0,0,0,0,0,0,0,1,0,0,0,0,0,0,0,0,0,0,0,0,0,0,0,,,,,,,0,,Y,0,1,1,0 hours 0 minutes,0,1 hour 0 minutes,60,Y,N
624,dha-0004,EM4,1,,,,,,,20141011,,,,,,,,,,0,,,,,,0,,,,,,,,,,0,,,,,,,,,,,,,,0,,,,,0,,,0,,,1,0,0,0,0,0,1,0,0,0,1,0,0,0,0,0,0,0,0,0,0,0,0,0,0,0,,,,,,,0,,Y,0,1,1,0 hours 0 minutes,0,1 hour 0 minutes,60,Y,N
719,dha-0004,EM4,1,,,,,,,20141017,,,,,,,,,,0,,,,,,0,,,,,,,,,,0,,,,,,,,,,,,,,0,,,,,0,,,0,,,1,1,0,0,0,0,0,0,0,0,1,0,0,0,0,0,0,0,0,0,0,0,0,0,0,0,,,,,,,0,,Y,0,1,1,0 hours 0 minutes,0,1 hour 0 minutes,60,Y,N
288,dha-0018,EM18,1,,,,,,,20140916,,,,,,,,,,0,,,,,,0,,,,,,,,,,0,,,,,,,,,,,,,,0,,,,,0,,,0,,,1,0,0,0,1,0,0,0,0,0,1,0,0,0,0,0,0,0,0,0,0,0,0,0,0,0,,,,,,,0,,Y,0,1,1,0 hours 0 minutes,0,2 hours 0 minutes,120,Y,N
1636,dha-0018,EM18,1,,,,,,,20141114,,,,,,,,,,0,,,,,,0,,,,,,,,,,0,,,,,,,,,,,,,,0,,,,,0,,,0,,,1,1,0,0,0,0,0,0,0,0,1,0,0,0,0,0,0,0,0,0,0,0,0,0,0,0,,,,,,,0,,Y,0,1,1,0 hours 0 minutes,0,1 hour 0 minutes,60,Y,N
1630,dha-0018,EM18,1,,,,,,,20141121,,,,,,,,,,0,,,,,,0,,,,,,,,,,0,,,,,,,,,,,,,,0,,,,,0,,,0,,,1,1,0,0,0,0,0,0,0,0,1,0,0,0,0,0,0,0,0,0,0,0,0,0,0,0,,,,,,,0,,Y,0,1,1,0 hours 0 minutes,0,1 hour 0 minutes,60,Y,N
605,dha-0022,em22,0,,,,,,,20141011,,,,,,,,,,0,,,,,,0,,,,,,,,,,0,,,,,,,,,,,,,,0,,,,,0,,,0,,,1,0,0,0,1,0,0,0,0,0,1,0,0,0,0,0,0,0,0,0,0,0,0,0,0,0,,,,,,,0,,Y,0,1,1,0 hours 0 minutes,0,0 hours 10 minutes,10,Y,N
650,dha-0022,em22,0,,,,,,,20141014,,,,,,,,,,0,,,,,,0,,,,,,,,,,0,,,,,,,,,,,,,,0,,,,,0,,,0,,,1,0,0,0,1,0,0,0,0,0,1,0,0,0,0,0,0,0,0,0,0,0,0,0,0,0,,,,,,,0,,Y,0,1,1,0 hours 0 minutes,0,0 hours 10 minutes,10,Y,N
891,dha-0022,em22,0,,,,,,,20141027,,,,,,,,,,0,,,,,,0,,,,,,,,,,0,,,,,,,,,,,,,,0,,,,,0,,,0,,,1,0,0,0,1,0,0,0,0,0,1,0,0,0,0,0,0,0,0,0,0,0,0,0,0,0,,,,,,,0,,Y,0,1,1,0 hours 0 minutes,0,0 hours 20 minutes,20,Y,N
892,dha-0022,em22,0,,,,,,,20141028,,,,,,,,,,0,,,,,,0,,,,,,,,,,0,,,,,,,,,,,,,,0,,,,,0,,,0,,,1,0,0,0,1,0,0,0,0,0,1,0,0,0,0,0,0,0,0,0,0,0,0,0,0,0,,,,,,,0,,Y,0,1,1,0 hours 0 minutes,0,0 hours 20 minutes,20,Y,N
527,dha-0023,EM23,0,,,,,,,20141005,,,,,,,,,,0,,,,,,0,,,,,,,,,,0,,,,,,,,,,,,,,0,,,,,0,,,0,,,1,0,0,0,0,0,1,0,0,0,1,0,0,0,0,0,0,0,0,0,0,0,0,0,0,0,,,,,,,0,,Y,0,1,1,0 hours 0 minutes,0,0 hours 40 minutes,40,Y,N
648,dha-0023,EM23,0,,,,,,,20141014,,,,,,,,,,0,,,,,,0,,,,,,,,,,0,,,,,,,,,,,,,,0,,,,,0,,,0,,,1,0,0,0,0,0,0,1,0,0,1,0,0,0,0,0,0,0,0,0,0,0,0,0,0,0,,,,,,,0,,Y,0,1,1,0 hours 0 minutes,0,0 hours 20 minutes,20,Y,N
732,dha-0032,em32,0,,,,,,,20141018,,,,,,,,,,0,,,,,,0,,,,,,,,,,0,,,,,,,,,,,,,,0,,,,,0,,,0,,,1,0,0,0,1,0,0,0,0,0,1,0,0,0,0,0,0,0,0,0,0,0,0,0,0,0,,,,,,,0,,Y,1,0,1,1 hour 0 minutes,60,0 hours 0 minutes,0,Y,N
1016,dha-0041,em41,0,,,,,,,20141105,,,,,,,,,,0,,,,,,0,,,,,,,,,,0,,,,,,,,,,,,,,0,,,,,0,,,0,,,1,0,1,0,0,0,0,0,0,0,1,0,0,0,0,0,0,0,0,0,0,0,0,0,0,0,,,,,,,0,,Y,0,1,1,0 hours 0 minutes,0,0 hours 30 minutes,30,Y,N
1095,dha-0041,em41,0,,,,,,,20141110,,,,,,,,,,0,,,,,,0,,,,,,,,,,0,,,,,,,,,,,,,,0,,,,,0,,,0,,,1,0,0,0,0,0,0,0,0,0,0,0,0,0,0,0,0,0,1,0,0,0,0,0,0,1,,,,,,,0,,Y,0,1,1,0 hours 0 minutes,0,1 hour 0 minutes,60,Y,N
1289,dha-0041,em41,0,,,,,,,20141117,,,,,,,,,,0,,,,,,0,,,,,,,,,,0,,,,,,,,,,,,,,0,,,,,0,,,0,,,1,0,0,0,0,0,0,0,0,0,0,0,0,0,0,0,0,0,0,0,1,0,0,0,0,1,,,,,,,0,,Y,0,1,1,0 hours 0 minutes,0,1 hour 0 minutes,60,Y,N
1658,dha-0041,em41,0,,,,,,,20141206,,,,,,,,,,0,,,,,,0,,,,,,,,,,0,,,,,,,,,,,,,,0,,,,,0,,,0,,,1,0,0,0,0,0,0,0,0,0,0,0,0,0,0,0,0,0,0,0,1,0,0,0,0,1,,,,,,,0,,Y,0,1,1,0 hours 0 minutes,0,1 hour 10 minutes,70,Y,N
1793,dha-0041,em41,0,,,,,,,20141212,,,,,,,,,,0,,,,,,0,,,,,,,,,,0,,,,,,,,,,,,,,0,,,,,0,,,0,,,1,0,0,0,0,0,0,0,0,0,0,0,0,0,0,0,0,0,0,0,1,0,0,0,0,1,,,,,,,0,,Y,0,1,1,0 hours 0 minutes,0,1 hour 20 minutes,80,Y,N
1838,dha-0041,em41,0,,,,,,,20141215,,,,,,,,,,0,,,,,,0,,,,,,,,,,0,,,,,,,,,,,,,,0,,,,,0,,,0,,,1,0,0,0,0,0,0,0,0,0,0,0,0,0,0,0,0,0,0,0,1,0,0,0,0,1,,,,,,,0,,Y,0,1,1,0 hours 0 minutes,0,1 hour 0 minutes,60,Y,N
1905,dha-0041,em41,0,,,,,,,20141216,,,,,,,,,,0,,,,,,0,,,,,,,,,,0,,,,,,,,,,,,,,0,,,,,0,,,0,,,1,0,0,0,0,0,0,0,0,0,0,0,0,0,0,0,0,0,0,0,1,0,0,0,0,1,,,,,,,0,,Y,0,1,1,0 hours 0 minutes,0,1 hour 0 minutes,60,Y,N
1993,dha-0041,em41,0,,,,,,,20141222,,,,,,,,,,0,,,,,,0,,,,,,,,,,0,,,,,,,,,,,,,,0,,,,,0,,,0,,,1,0,0,0,0,0,0,0,0,0,0,0,0,0,0,0,0,0,0,0,1,0,0,0,0,1,,,,,,,0,,Y,0,1,1,0 hours 0 minutes,0,1 hour 20 minutes,80,Y,N
2020,dha-0041,em41,0,,,,,,,20141224,,,,,,,,,,0,,,,,,0,,,,,,,,,,0,,,,,,,,,,,,,,0,,,,,0,,,0,,,1,0,0,0,0,0,0,0,0,0,0,0,0,0,0,0,0,0,0,0,1,0,0,0,0,1,,,,,,,0,,Y,0,1,1,0 hours 0 minutes,0,1 hour 10 minutes,70,Y,N
2290,dha-0041,em41,0,,,,,,,20150105,,,,,,,,,,0,,,,,,0,,,,,,,,,,0,,,,,,,,,,,,,,0,,,,,0,,,0,,,1,0,0,0,0,0,0,0,0,0,0,0,0,0,0,0,0,0,1,0,0,0,0,0,0,1,,,,,,,0,,Y,0,1,1,0 hours 0 minutes,0,1 hour 0 minutes,60,Y,N
2394,dha-0041,em41,0,,,,,,,20150109,,,,,,,,,,0,,,,,,0,,,,,,,,,,0,,,,,,,,,,,,,,0,,,,,0,,,0,,,1,0,0,0,0,0,0,0,0,0,0,0,0,0,0,0,0,0,1,0,0,0,0,0,0,1,,,,,,,0,,Y,0,1,1,0 hours 0 minutes,0,1 hour 0 minutes,60,Y,N
2582,dha-0041,em41,0,,,,,,,20150116,,,,,,,,,,0,,,,,,0,,,,,,,,,,0,,,,,,,,,,,,,,0,,,,,0,,,0,,,1,0,0,0,0,0,0,0,0,0,0,0,0,0,0,0,0,0,0,0,1,0,0,0,0,1,,,,,,,0,,Y,0,1,1,0 hours 0 minutes,0,1 hour 0 minutes,60,Y,N
2675,dha-0041,em41,0,,,,,,,20150120,,,,,,,,,,0,,,,,,0,,,,,,,,,,0,,,,,,,,,,,,,,0,,,,,0,,,0,,,1,0,0,0,0,0,0,0,0,0,0,0,0,0,0,0,0,0,1,0,0,0,0,0,0,1,,,,,,,0,,Y,0,1,1,0 hours 0 minutes,0,1 hour 0 minutes,60,Y,N
2676,dha-0041,em41,0,,,,,,,20150121,,,,,,,,,,0,,,,,,0,,,,,,,,,,0,,,,,,,,,,,,,,0,,,,,0,,,0,,,1,0,0,0,0,0,0,0,0,0,0,0,0,0,0,0,0,0,0,0,1,0,0,0,0,1,,,,,,,0,,Y,0,1,1,0 hours 0 minutes,0,1 hour 0 minutes,60,Y,N
2677,dha-0041,em41,0,,,,,,,20150122,,,,,,,,,,0,,,,,,0,,,,,,,,,,0,,,,,,,,,,,,,,0,,,,,0,,,0,,,1,0,0,0,0,0,0,0,0,0,0,0,0,0,0,0,0,0,1,0,0,0,0,0,0,1,,,,,,,0,,Y,0,1,1,0 hours 0 minutes,0,1 hour 0 minutes,60,Y,N
2837,dha-0041,em41,0,,,,,,,20150129,,,,,,,,,,0,,,,,,0,,,,,,,,,,0,,,,,,,,,,,,,,0,,,,,0,,,0,,,1,0,0,0,0,0,0,0,0,0,0,0,0,0,0,0,0,0,0,0,1,0,0,0,0,1,,,,,,,0,,Y,0,1,1,0 hours 0 minutes,0,1 hour 0 minutes,60,Y,N
2797,dha-0041,em41,0,,,,,,,20150130,,,,,,,,,,0,,,,,,0,,,,,,,,,,0,,,,,,,,,,,,,,0,,,,,0,,,0,,,1,0,0,0,0,0,0,0,0,0,0,0,0,0,0,0,0,0,1,0,0,0,0,0,0,1,,,,,,,0,,Y,0,1,1,0 hours 0 minutes,0,1 hour 0 minutes,60,Y,N
3033,dha-0041,em41,0,,,,,,,20150212,,,,,,,,,,0,,,,,,0,,,,,,,,,,0,,,,,,,,,,,,,,0,,,,,0,,,0,,,1,0,0,0,0,0,0,0,0,0,0,0,0,0,0,0,0,0,0,0,1,0,0,0,0,1,,,,,,,0,,Y,0,1,1,0 hours 0 minutes,0,1 hour 0 minutes,60,Y,N
1684,dha-0044,em44,0,,,,,,,20141207,,,,,,,,,,0,,,,,,0,,,,,,,,,,0,,,,,,,,,,,,,,0,,,,,0,,,0,,,1,0,0,0,0,0,0,0,0,0,0,1,0,0,0,0,1,0,0,0,0,0,0,0,0,0,,,,,,,0,,Y,0,1,1,0 hours 0 minutes,0,0 hours 20 minutes,20,Y,N
1801,dha-0044,em44,0,,,,,,,20141213,,,,,,,,,,0,,,,,,0,,,,,,,,,,0,,,,,,,,,,,,,,0,,,,,0,,,0,,,1,0,0,0,0,0,0,0,0,0,0,1,0,0,0,0,1,0,0,0,0,0,0,0,0,0,,,,,,,0,,Y,0,1,1,0 hours 0 minutes,0,0 hours 30 minutes,30,Y,N
1715,dha-0053,em53,0,,,,,,,20141208,,,,,,,,,,0,,,,,,0,,,,,,,,,,0,,,,,,,,,,,,,,0,,,,,0,,,0,,,1,0,0,0,0,0,0,0,0,0,0,0,0,0,0,0,0,0,0,0,1,0,0,0,0,1,,,,,,,0,,Y,1,0,1,0 hours 50 minutes,50,0 hours 0 minutes,0,Y,N
1714,dha-0053,em53,0,,,,,,,20141209,,,,,,,,,,0,,,,,,0,,,,,,,,,,0,,,,,,,,,,,,,,0,,,,,0,,,0,,,1,0,0,0,0,0,0,0,0,0,0,0,0,0,0,0,0,0,0,1,0,0,0,0,0,1,,,,,,,0,,Y,1,0,1,0 hours 50 minutes,50,0 hours 0 minutes,0,Y,N
1768,dha-0053,em53,0,,,,,,,20141211,,,,,,,,,,0,,,,,,0,,,,,,,,,,0,,,,,,,,,,,,,,0,,,,,0,,,0,,,1,0,0,0,0,0,0,0,0,0,0,0,0,0,0,0,0,0,0,0,1,0,0,0,0,1,,,,,,,0,,Y,1,0,1,0 hours 50 minutes,50,0 hours 0 minutes,0,Y,N
1844,dha-0053,em53,0,,,,,,,20141215,,,,,,,,,,0,,,,,,0,,,,,,,,,,0,,,,,,,,,,,,,,0,,,,,0,,,0,,,1,0,0,0,0,0,0,0,0,0,0,0,0,0,0,0,0,0,0,0,1,0,0,0,0,1,,,,,,,0,,Y,1,0,1,0 hours 50 minutes,50,0 hours 0 minutes,0,Y,N
1929,dha-0053,em53,0,,,,,,,20141218,,,,,,,,,,0,,,,,,0,,,,,,,,,,0,,,,,,,,,,,,,,0,,,,,0,,,0,,,1,0,0,0,0,0,0,0,0,0,0,0,0,0,0,0,0,0,0,1,0,0,0,0,0,1,,,,,,,0,,Y,1,0,1,0 hours 50 minutes,50,0 hours 0 minutes,0,Y,N
2339,dha-0053,em53,0,,,,,,,20150105,,,,,,,,,,0,,,,,,0,,,,,,,,,,0,,,,,,,,,,,,,,0,,,,,0,,,0,,,1,0,0,0,0,0,0,0,0,0,0,0,0,0,0,0,0,0,0,0,1,0,0,0,0,1,,,,,,,0,,Y,1,0,1,0 hours 50 minutes,50,0 hours 0 minutes,0,Y,N
2340,dha-0053,em53,0,,,,,,,20150106,,,,,,,,,,0,,,,,,0,,,,,,,,,,0,,,,,,,,,,,,,,0,,,,,0,,,0,,,1,0,0,0,0,0,0,0,0,0,0,0,0,0,0,0,0,0,0,0,1,0,0,0,0,1,,,,,,,0,,Y,1,0,1,0 hours 50 minutes,50,0 hours 0 minutes,0,Y,N
2929,dha-0053,em53,0,,,,,,,20150205,,,,,,,,,,0,,,,,,0,,,,,,,,,,0,,,,,,,,,,,,,,0,,,,,0,,,0,,,1,0,0,0,0,0,0,0,0,0,0,0,0,0,0,0,0,0,0,0,1,0,0,0,0,1,,,,,,,0,,Y,1,0,1,0 hours 40 minutes,40,0 hours 0 minutes,0,Y,N
3025,dha-0061,EM61,0,,,,,,,20150209,,,,,,,,,,0,,,,,,0,,,,,,,,,,0,,,,,,,,,,,,,,0,,,,,0,,,0,,,1,1,0,0,0,0,0,0,0,0,1,0,0,0,0,0,0,0,0,0,0,0,0,0,0,0,,,,,,,0,,Y,0,1,1,0 hours 0 minutes,0,0 hours 10 minutes,10,Y,N
3410,dha-0061,EM61,0,,,,,,,20150227,,,,,,,,,,0,,,,,,0,,,,,,,,,,0,,,,,,,,,,,,,,0,,,,,0,,,0,,,1,1,0,0,0,0,0,0,0,0,1,0,0,0,0,0,0,0,0,0,0,0,0,0,0,0,,,,,,,0,,Y,0,1,1,0 hours 0 minutes,0,0 hours 20 minutes,20,Y,N
3414,dha-0061,EM61,0,,,,,,,20150303,,,,,,,,,,0,,,,,,0,,,,,,,,,,0,,,,,,,,,,,,,,0,,,,,0,,,0,,,1,1,0,0,0,0,0,0,0,0,1,0,0,0,0,0,0,0,0,0,0,0,0,0,0,0,,,,,,,0,,Y,0,1,1,0 hours 0 minutes,0,0 hours 10 minutes,10,Y,N
3415,dha-0061,EM61,0,,,,,,,20150304,,,,,,,,,,0,,,,,,0,,,,,,,,,,0,,,,,,,,,,,,,,0,,,,,0,,,0,,,1,1,0,0,0,0,0,0,0,0,1,0,0,0,0,0,0,0,0,0,0,0,0,0,0,0,,,,,,,0,,Y,0,1,1,0 hours 0 minutes,0,0 hours 20 minutes,20,Y,N
3418,dha-0061,EM61,0,,,,,,,20150307,,,,,,,,,,0,,,,,,0,,,,,,,,,,0,,,,,,,,,,,,,,0,,,,,0,,,0,,,1,0,0,0,0,0,0,0,0,0,0,1,0,0,0,0,1,0,0,0,0,0,0,0,0,0,,,,,,,0,,Y,0,1,1,0 hours 0 minutes,0,0 hours 10 minutes,10,Y,N
3419,dha-0061,EM61,0,,,,,,,20150308,,,,,,,,,,0,,,,,,0,,,,,,,,,,0,,,,,,,,,,,,,,0,,,,,0,,,0,,,1,0,0,0,0,0,0,0,0,0,0,1,0,0,0,0,1,0,0,0,0,0,0,0,0,0,,,,,,,0,,Y,0,1,1,0 hours 0 minutes,0,0 hours 20 minutes,20,Y,N
3496,dha-0061,EM61,0,,,,,,,20150310,,,,,,,,,,0,,,,,,0,,,,,,,,,,0,,,,,,,,,,,,,,0,,,,,0,,,0,,,1,1,0,0,0,0,0,0,0,0,1,0,0,0,0,0,0,0,0,0,0,0,0,0,0,0,,,,,,,0,,Y,0,1,1,0 hours 0 minutes,0,0 hours 20 minutes,20,Y,N
3495,dha-0061,EM61,0,,,,,,,20150314,,,,,,,,,,0,,,,,,0,,,,,,,,,,0,,,,,,,,,,,,,,0,,,,,0,,,0,,,1,0,0,0,0,0,1,0,0,0,1,0,0,0,0,0,0,0,0,0,0,0,0,0,0,0,,,,,,,0,,Y,0,1,1,0 hours 0 minutes,0,1 hour 30 minutes,90,Y,N
14,cmc-0001,M-001,1,,,,,,,20140820,,,,,,,,,,0,,,,,,0,,,,,,,,,,0,,,,,,,,,,,,,,0,,,,,0,,,0,,,1,0,0,0,0,0,1,0,0,0,1,0,0,0,0,0,0,0,0,0,0,0,0,0,0,0,,,,,,,0,,N,1,1,2,,,,,Y,N
504,cmc-0001,M-001,1,,,,,,,20140911,,,,,,,,,,0,,,,,,0,,,,,,,,,,0,,,,,,,,,,,,,,0,,,,,0,,,0,,,1,1,0,0,0,0,0,0,0,0,1,0,0,0,0,0,0,0,0,0,0,0,0,0,0,0,,,,,,,0,,N,1,1,2,,,,,Y,N
127,cmc-0001,M-001,1,,,,,,,20140912,,,,,,,,,,0,,,,,,0,,,,,,,,,,0,,,,,,,,,,,,,,0,,,,,0,,,0,,,1,1,0,0,0,0,0,0,0,0,1,0,0,0,0,0,0,0,0,0,0,0,0,0,0,0,,,,,,,0,,N,1,1,2,,,,,Y,N
237,cmc-0001,M-001,1,,,,,,,20140920,,,,,,,,,,0,,,,,,0,,,,,,,,,,0,,,,,,,,,,,,,,0,,,,,0,,,0,,,1,0,0,0,0,1,0,0,0,0,1,0,0,0,0,0,0,0,0,0,0,0,0,0,0,0,,,,,,,0,,N,1,1,2,,,,,Y,N
236,cmc-0001,M-001,1,,,,,,,20140921,,,,,,,,,,0,,,,,,0,,,,,,,,,,0,,,,,,,,,,,,,,0,,,,,0,,,0,,,1,1,0,0,0,0,0,0,0,0,1,0,0,0,0,0,0,0,0,0,0,0,0,0,0,0,,,,,,,0,,N,1,1,2,,,,,Y,N
245,cmc-0001,M-001,1,,,,,,,20140922,,,,,,,,,,0,,,,,,0,,,,,,,,,,0,,,,,,,,,,,,,,0,,,,,0,,,0,,,1,0,0,0,0,0,1,0,0,0,1,0,0,0,0,0,0,0,0,0,0,0,0,0,0,0,,,,,,,0,,N,1,1,2,,,,,Y,N
335,cmc-0001,M-001,1,,,,,,,20140926,,,,,,,,,,0,,,,,,0,,,,,,,,,,0,,,,,,,,,,,,,,0,,,,,0,,,0,,,1,0,1,0,0,0,0,0,0,0,1,0,0,0,0,0,0,0,0,0,0,0,0,0,0,0,,,,,,,0,,N,1,1,2,,,,,Y,N
1225,cmc-0001,M-001,1,,,,,,,20141107,,,,,,,,,,0,,,,,,0,,,,,,,,,,0,,,,,,,,,,,,,,0,,,,,0,,,0,,,1,0,0,0,0,1,0,0,0,0,1,0,0,0,0,0,0,0,0,0,0,0,0,0,0,0,,,,,,,0,,N,1,1,2,,,,,Y,N
1307,cmc-0001,M-001,1,,,,,,,20141111,,,,,,,,,,0,,,,,,0,,,,,,,,,,0,,,,,,,,,,,,,,0,,,,,0,,,0,,,1,0,0,0,0,1,0,0,0,0,1,0,0,0,0,0,0,0,0,0,0,0,0,0,0,0,,,,,,,0,,N,1,1,2,,,,,Y,N
5,cmc-0003,M-003,0,,,,,,,20140827,,,,,,,,,,0,,,,,,0,,,,,,,,,,0,,,,,,,,,,,,,,0,,,,,0,,,0,,,1,0,0,1,0,0,0,0,0,0,1,0,0,0,0,0,0,0,0,0,0,0,0,0,0,0,,,,,,,0,,N,1,1,2,,,,,Y,N
26,cmc-0003,M-003,0,,,,,,,20140828,,,,,,,,,,0,,,,,,0,,,,,,,,,,0,,,,,,,,,,,,,,0,,,,,0,,,0,,,1,0,0,0,0,0,0,0,0,1,1,0,0,0,0,0,0,0,0,0,0,0,0,0,0,0,,,,,,,0,,N,1,1,2,,,,,Y,N
41,cmc-0003,M-003,0,,,,,,,20140901,,,,,,,,,,0,,,,,,0,,,,,,,,,,0,,,,,,,,,,,,,,0,,,,,0,,,0,,,1,0,0,0,0,0,0,0,0,0,0,0,0,0,0,0,0,1,0,0,0,0,0,0,0,1,,,,,,,0,,N,1,1,2,,,,,Y,N
80,cmc-0003,M-003,0,,,,,,,20140904,,,,,,,,,,0,,,,,,0,,,,,,,,,,0,,,,,,,,,,,,,,0,,,,,0,,,0,,,1,0,0,0,0,0,0,0,1,0,1,0,0,0,0,0,0,0,0,0,0,0,0,0,0,0,,,,,,,0,,N,1,1,2,,,,,Y,N
174,cmc-0003,M-003,0,,,,,,,20140915,,,,,,,,,,0,,,,,,0,,,,,,,,,,0,,,,,,,,,,,,,,0,,,,,0,,,0,,,1,0,0,0,0,0,0,1,0,0,1,0,0,0,0,0,0,0,0,0,0,0,0,0,0,0,,,,,,,0,,N,1,1,2,,,,,Y,N
304,cmc-0003,M-003,0,,,,,,,20140923,,,,,,,,,,0,,,,,,0,,,,,,,,,,0,,,,,,,,,,,,,,0,,,,,0,,,0,,,1,0,0,0,0,0,0,0,0,0,0,0,0,0,0,0,0,0,0,0,0,0,0,0,1,1,body aches,,,,,,0,,N,1,1,2,,,,,Y,N
347,cmc-0003,M-003,0,,,,,,,20140927,,,,,,,,,,0,,,,,,0,,,,,,,,,,0,,,,,,,,,,,,,,0,,,,,0,,,0,,,1,0,0,0,0,0,1,0,0,0,1,0,0,0,0,0,0,0,0,0,0,0,0,0,0,0,,,,,,,0,,N,1,1,2,,,,,Y,N
834,cmc-0003,M-003,0,,,,,,,20141010,,,,,,,,,,0,,,,,,0,,,,,,,,,,0,,,,,,,,,,,,,,0,,,,,0,,,0,,,1,0,0,0,0,0,1,0,0,0,1,0,0,0,0,0,0,0,0,0,0,0,0,0,0,0,,,,,,,0,,N,1,1,2,,,,,Y,N
634,cmc-0003,M-003,0,,,,,,,20141011,,,,,,,,,,0,,,,,,0,,,,,,,,,,0,,,,,,,,,,,,,,0,,,,,0,,,0,,,1,0,0,0,0,0,1,0,0,0,1,0,0,0,0,0,0,0,0,0,0,0,0,0,0,0,,,,,,,0,,N,1,1,2,,,,,Y,N
757,cmc-0003,M-003,0,,,,,,,20141017,,,,,,,,,,0,,,,,,0,,,,,,,,,,0,,,,,,,,,,,,,,0,,,,,0,,,0,,,1,0,0,0,0,0,1,0,0,0,1,0,0,0,0,0,0,0,0,0,0,0,0,0,0,0,,,,,,,0,,N,1,1,2,,,,,Y,N
1154,cmc-0003,M-003,0,,,,,,,20141104,,,,,,,,,,0,,,,,,0,,,,,,,,,,0,,,,,,,,,,,,,,0,,,,,0,,,0,,,1,0,0,0,0,0,1,0,0,0,1,0,0,0,0,0,0,0,0,0,0,0,0,0,0,0,,,,,,,0,,N,1,1,2,,,,,Y,N
1170,cmc-0003,M-003,0,,,,,,,20141105,,,,,,,,,,0,,,,,,0,,,,,,,,,,0,,,,,,,,,,,,,,0,,,,,0,,,0,,,1,0,0,0,0,0,1,0,0,0,1,0,0,0,0,0,0,0,0,0,0,0,0,0,0,0,,,,,,,0,,N,1,1,2,,,,,Y,N
1299,cmc-0003,M-003,0,,,,,,,20141109,,,,,,,,,,0,,,,,,0,,,,,,,,,,0,,,,,,,,,,,,,,0,,,,,0,,,0,,,1,0,0,0,0,0,1,0,0,0,1,0,0,0,0,0,0,0,0,0,0,0,0,0,0,0,,,,,,,0,,N,1,1,2,,,,,Y,N
6,cmc-0004,M-004,0,,,,,,,20140827,,,,,,,,,,0,,,,,,0,,,,,,,,,,0,,,,,,,,,,,,,,0,,,,,0,,,0,,,1,0,0,0,0,0,0,1,0,0,1,0,0,0,0,0,0,0,0,0,0,0,0,0,0,0,,,,,,,0,,N,1,1,2,,,,,Y,N
3,cmc-0004,M-004,0,,,,,,,20140828,,,,,,,,,,0,,,,,,0,,,,,,,,,,0,,,,,,,,,,,,,,0,,,,,0,,,0,,,1,0,0,0,0,0,0,1,0,0,1,0,0,0,0,0,0,0,0,0,0,0,0,0,0,0,,,,,,,0,,N,1,1,2,,,,,Y,N
616,cmc-0006,CM-001,1,,,,,,,20141010,,,,,,,,,,0,,,,,,0,,,,,,,,,,0,,,,,,,,,,,,,,0,,,,,0,,,0,,,1,0,0,0,0,0,0,1,0,0,1,0,0,0,0,0,0,0,0,0,0,0,0,0,0,0,,,,,,,0,,N,1,1,2,,,,,Y,N
498,cmc-0008,M-007,0,,,,,,,20141003,,,,,,,,,,0,,,,,,0,,,,,,,,,,0,,,,,,,,,,,,,,0,,,,,0,,,0,,,1,0,0,0,0,0,0,1,0,0,1,0,0,0,0,0,0,0,0,0,0,0,0,0,0,0,,,,,,,0,,N,1,1,2,,,,,Y,N
499,cmc-0008,M-007,0,,,,,,,20141004,,,,,,,,,,0,,,,,,0,,,,,,,,,,0,,,,,,,,,,,,,,0,,,,,0,,,0,,,1,0,0,0,0,0,0,1,0,0,1,0,0,0,0,0,0,0,0,0,0,0,0,0,0,0,,,,,,,0,,N,1,1,2,,,,,Y,N
500,cmc-0008,M-007,0,,,,,,,20141005,,,,,,,,,,0,,,,,,0,,,,,,,,,,0,,,,,,,,,,,,,,0,,,,,0,,,0,,,1,0,0,0,0,0,0,1,0,0,1,0,0,0,0,0,0,0,0,0,0,0,0,0,0,0,,,,,,,0,,N,1,1,2,,,,,Y,N
501,cmc-0008,M-007,0,,,,,,,20141006,,,,,,,,,,0,,,,,,0,,,,,,,,,,0,,,,,,,,,,,,,,0,,,,,0,,,0,,,1,0,0,0,0,0,0,1,0,0,1,0,0,0,0,0,0,0,0,0,0,0,0,0,0,0,,,,,,,0,,N,1,1,2,,,,,Y,N
937,cmc-0008,M-007,0,,,,,,,20141025,,,,,,,,,,0,,,,,,0,,,,,,,,,,0,,,,,,,,,,,,,,0,,,,,0,,,0,,,1,0,0,0,0,0,0,0,1,0,1,0,0,0,0,0,0,0,0,0,0,0,0,0,0,0,,,,,,,0,,N,1,1,2,,,,,Y,N
1899,cmc-0011,M-010,1,,,,,,,20141206,,,,,,,,,,0,,,,,,0,,,,,,,,,,0,,,,,,,,,,,,,,0,,,,,0,,,0,,,1,0,0,1,0,0,0,0,0,0,1,0,0,0,0,0,0,0,0,0,0,0,0,0,0,0,,,,,,,0,,N,1,1,2,,,,,Y,N
1900,cmc-0011,M-010,1,,,,,,,20141207,,,,,,,,,,0,,,,,,0,,,,,,,,,,0,,,,,,,,,,,,,,0,,,,,0,,,0,,,1,0,0,0,0,0,0,0,0,1,1,0,0,0,0,0,0,0,0,0,0,0,0,0,0,0,,,,,,,0,,N,1,1,2,,,,,Y,N
1901,cmc-0011,M-010,1,,,,,,,20141208,,,,,,,,,,0,,,,,,0,,,,,,,,,,0,,,,,,,,,,,,,,0,,,,,0,,,0,,,1,0,0,0,0,0,1,0,0,0,1,0,0,0,0,0,0,0,0,0,0,0,0,0,0,0,,,,,,,0,,N,1,1,2,,,,,Y,N
1902,cmc-0011,M-010,1,,,,,,,20141209,,,,,,,,,,0,,,,,,0,,,,,,,,,,0,,,,,,,,,,,,,,0,,,,,0,,,0,,,1,0,0,0,0,0,1,0,0,0,1,0,0,0,0,0,0,0,0,0,0,0,0,0,0,0,,,,,,,0,,N,1,1,2,,,,,Y,N
2020,cmc-0011,M-010,1,,,,,,,20141210,,,,,,,,,,0,,,,,,0,,,,,,,,,,0,,,,,,,,,,,,,,0,,,,,0,,,0,,,1,0,0,1,0,0,0,0,0,0,1,0,0,0,0,0,0,0,0,0,0,0,0,0,0,0,,,,,,,0,,N,1,1,2,,,,,Y,N
2021,cmc-0011,M-010,1,,,,,,,20141211,,,,,,,,,,0,,,,,,0,,,,,,,,,,0,,,,,,,,,,,,,,0,,,,,0,,,0,,,1,0,0,0,0,0,1,0,0,0,1,0,0,0,0,0,0,0,0,0,0,0,0,0,0,0,,,,,,,0,,N,1,1,2,,,,,Y,N
2023,cmc-0011,M-010,1,,,,,,,20141213,,,,,,,,,,0,,,,,,0,,,,,,,,,,0,,,,,,,,,,,,,,0,,,,,0,,,0,,,1,0,0,1,0,0,0,0,0,0,1,0,0,0,0,0,0,0,0,0,0,0,0,0,0,0,,,,,,,0,,N,1,1,2,,,,,Y,N
2024,cmc-0011,M-010,1,,,,,,,20141214,,,,,,,,,,0,,,,,,0,,,,,,,,,,0,,,,,,,,,,,,,,0,,,,,0,,,0,,,1,0,0,0,0,0,0,0,0,1,1,0,0,0,0,0,0,0,0,0,0,0,0,0,0,0,,,,,,,0,,N,1,1,2,,,,,Y,N
2026,cmc-0011,M-010,1,,,,,,,20141216,,,,,,,,,,0,,,,,,0,,,,,,,,,,0,,,,,,,,,,,,,,0,,,,,0,,,0,,,1,1,0,0,0,0,0,0,0,0,1,0,0,0,0,0,0,0,0,0,0,0,0,0,0,0,,,,,,,0,,N,1,1,2,,,,,Y,N
180,cmc-0023,M-012,1,,,,,,,20140916,,,,,,,,,,0,,,,,,0,,,,,,,,,,0,,,,,,,,,,,,,,0,,,,,0,,,0,,,1,0,0,1,0,0,0,0,0,0,1,0,0,0,0,0,0,0,0,0,0,0,0,0,0,0,,,,,,,0,,N,1,1,2,,,,,Y,N
435,cmc-0023,M-012,1,,,,,,,20141001,,,,,,,,,,0,,,,,,0,,,,,,,,,,0,,,,,,,,,,,,,,0,,,,,0,,,0,,,1,0,1,0,0,0,0,0,0,0,1,0,0,0,0,0,0,0,0,0,0,0,0,0,0,0,,,,,,,0,,N,1,1,2,,,,,Y,N
736,cmc-0023,M-012,1,,,,,,,20141017,,,,,,,,,,0,,,,,,0,,,,,,,,,,0,,,,,,,,,,,,,,0,,,,,0,,,0,,,1,0,0,0,0,0,0,0,0,0,0,0,0,0,0,0,0,0,0,0,0,0,0,0,1,1,rhinitis,,,,,,0,,N,1,1,2,,,,,Y,N
1270,cmc-0023,M-012,1,,,,,,,20141109,,,,,,,,,,0,,,,,,0,,,,,,,,,,0,,,,,,,,,,,,,,0,,,,,0,,,0,,,1,0,1,0,0,0,0,0,0,0,1,0,0,0,0,0,0,0,0,0,0,0,0,0,0,0,,,,,,,0,,N,1,1,2,,,,,Y,N
1531,cmc-0023,M-012,1,,,,,,,20141119,,,,,,,,,,0,,,,,,0,,,,,,,,,,0,,,,,,,,,,,,,,0,,,,,0,,,0,,,1,0,0,0,0,0,0,1,0,0,1,0,0,0,0,0,0,0,0,0,0,0,0,0,0,0,,,,,,,0,,N,1,1,2,,,,,Y,N
1582,cmc-0023,M-012,1,,,,,,,20141122,,,,,,,,,,0,,,,,,0,,,,,,,,,,0,,,,,,,,,,,,,,0,,,,,0,,,0,,,1,0,0,0,0,0,0,1,0,0,1,0,0,0,0,0,0,0,0,0,0,0,0,0,0,0,,,,,,,0,,N,1,1,2,,,,,Y,N
1732,cmc-0023,M-012,1,,,,,,,20141129,,,,,,,,,,0,,,,,,0,,,,,,,,,,0,,,,,,,,,,,,,,0,,,,,0,,,0,,,1,0,0,0,0,0,1,0,0,0,1,0,0,0,0,0,0,0,0,0,0,0,0,0,0,0,,,,,,,0,,N,1,1,2,,,,,Y,N
1869,cmc-0023,M-012,1,,,,,,,20141204,,,,,,,,,,0,,,,,,0,,,,,,,,,,0,,,,,,,,,,,,,,0,,,,,0,,,0,,,1,0,0,1,0,0,0,0,0,0,1,0,0,0,0,0,0,0,0,0,0,0,0,0,0,0,,,,,,,0,,N,1,1,2,,,,,Y,N
1998,cmc-0023,M-012,1,,,,,,,20141209,,,,,,,,,,0,,,,,,0,,,,,,,,,,0,,,,,,,,,,,,,,0,,,,,0,,,0,,,1,0,0,0,0,1,0,0,0,0,1,0,0,0,0,0,0,0,0,0,0,0,0,0,0,0,,,,,,,0,,N,1,1,2,,,,,Y,N
1997,cmc-0023,M-012,1,,,,,,,20141210,,,,,,,,,,0,,,,,,0,,,,,,,,,,0,,,,,,,,,,,,,,0,,,,,0,,,0,,,1,0,0,0,0,1,0,0,0,0,1,0,0,0,0,0,0,0,0,0,0,0,0,0,0,0,,,,,,,0,,N,1,1,2,,,,,Y,N
1996,cmc-0023,M-012,1,,,,,,,20141211,,,,,,,,,,0,,,,,,0,,,,,,,,,,0,,,,,,,,,,,,,,0,,,,,0,,,0,,,1,1,0,0,0,0,0,0,0,0,1,0,0,0,0,0,0,0,0,0,0,0,0,0,0,0,,,,,,,0,,N,1,1,2,,,,,Y,N
1993,cmc-0023,M-012,1,,,,,,,20141214,,,,,,,,,,0,,,,,,0,,,,,,,,,,0,,,,,,,,,,,,,,0,,,,,0,,,0,,,1,0,0,1,0,0,0,0,0,0,1,0,0,0,0,0,0,0,0,0,0,0,0,0,0,0,,,,,,,0,,N,1,1,2,,,,,Y,N
1992,cmc-0023,M-012,1,,,,,,,20141215,,,,,,,,,,0,,,,,,0,,,,,,,,,,0,,,,,,,,,,,,,,0,,,,,0,,,0,,,1,1,0,0,0,0,0,0,0,0,1,0,0,0,0,0,0,0,0,0,0,0,0,0,0,0,,,,,,,0,,N,1,1,2,,,,,Y,N
688,cmc-0026,M-013,1,,,,,,,20141013,,,,,,,,,,0,,,,,,0,,,,,,,,,,0,,,,,,,,,,,,,,0,,,,,0,,,0,,,1,0,0,1,0,0,0,0,0,0,1,0,0,0,0,0,0,0,0,0,0,0,0,0,0,0,,,,,,,0,,N,1,1,2,,,,,Y,N
738,cmc-0026,M-013,1,,,,,,,20141015,,,,,,,,,,0,,,,,,0,,,,,,,,,,0,,,,,,,,,,,,,,0,,,,,0,,,0,,,1,0,0,1,0,0,0,0,0,0,1,0,0,0,0,0,0,0,0,0,0,0,0,0,0,0,,,,,,,0,,N,1,1,2,,,,,Y,N
739,cmc-0026,M-013,1,,,,,,,20141016,,,,,,,,,,0,,,,,,0,,,,,,,,,,0,,,,,,,,,,,,,,0,,,,,0,,,0,,,1,0,0,1,0,0,0,0,0,0,1,0,0,0,0,0,0,0,0,0,0,0,0,0,0,0,,,,,,,0,,N,1,1,2,,,,,Y,N
778,cmc-0026,M-013,1,,,,,,,20141017,,,,,,,,,,0,,,,,,0,,,,,,,,,,0,,,,,,,,,,,,,,0,,,,,0,,,0,,,1,0,0,1,0,0,0,0,0,0,1,0,0,0,0,0,0,0,0,0,0,0,0,0,0,0,,,,,,,0,,N,1,1,2,,,,,Y,N
1173,cmc-0026,M-013,1,,,,,,,20141105,,,,,,,,,,0,,,,,,0,,,,,,,,,,0,,,,,,,,,,,,,,0,,,,,0,,,0,,,1,0,0,0,0,0,0,0,0,0,0,0,0,0,0,0,0,0,0,1,0,0,0,0,0,1,,,,,,,0,,N,1,1,2,,,,,Y,N
1855,cmc-0026,M-013,1,,,,,,,20141201,,,,,,,,,,0,,,,,,0,,,,,,,,,,0,,,,,,,,,,,,,,0,,,,,0,,,0,,,1,0,0,1,0,0,0,0,0,0,1,0,0,0,0,0,0,0,0,0,0,0,0,0,0,0,,,,,,,0,,N,1,1,2,,,,,Y,N
1857,cmc-0026,M-013,1,,,,,,,20141203,,,,,,,,,,0,,,,,,0,,,,,,,,,,0,,,,,,,,,,,,,,0,,,,,0,,,0,,,1,0,0,1,0,0,0,0,0,0,1,0,0,0,0,0,0,0,0,0,0,0,0,0,0,0,,,,,,,0,,N,1,1,2,,,,,Y,N
1860,cmc-0026,M-013,1,,,,,,,20141206,,,,,,,,,,0,,,,,,0,,,,,,,,,,0,,,,,,,,,,,,,,0,,,,,0,,,0,,,1,0,0,1,0,0,0,0,0,0,1,0,0,0,0,0,0,0,0,0,0,0,0,0,0,0,,,,,,,0,,N,1,1,2,,,,,Y,N
1861,cmc-0026,M-013,1,,,,,,,20141207,,,,,,,,,,0,,,,,,0,,,,,,,,,,0,,,,,,,,,,,,,,0,,,,,0,,,0,,,1,0,0,1,0,0,0,0,0,0,1,0,0,0,0,0,0,0,0,0,0,0,0,0,0,0,,,,,,,0,,N,1,1,2,,,,,Y,N
606,cmc-0029,M-015,1,,,,,,,20141005,,,,,,,,,,0,,,,,,0,,,,,,,,,,0,,,,,,,,,,,,,,0,,,,,0,,,0,,,1,0,0,1,0,0,0,0,0,0,1,0,0,0,0,0,0,0,0,0,0,0,0,0,0,0,,,,,,,0,,N,1,1,2,,,,,Y,N
1261,cmc-0029,M-015,1,,,,,,,20141108,,,,,,,,,,0,,,,,,0,,,,,,,,,,0,,,,,,,,,,,,,,0,,,,,0,,,0,,,1,0,0,0,0,0,1,0,0,0,1,0,0,0,0,0,0,0,0,0,0,0,0,0,0,0,,,,,,,0,,N,1,1,2,,,,,Y,N
1578,cmc-0029,M-015,1,,,,,,,20141122,,,,,,,,,,0,,,,,,0,,,,,,,,,,0,,,,,,,,,,,,,,0,,,,,0,,,0,,,1,1,0,0,0,0,0,0,0,0,1,0,0,0,0,0,0,0,0,0,0,0,0,0,0,0,,,,,,,0,,N,1,1,2,,,,,Y,N
1697,cmc-0029,M-015,1,,,,,,,20141129,,,,,,,,,,0,,,,,,0,,,,,,,,,,0,,,,,,,,,,,,,,0,,,,,0,,,0,,,1,0,0,0,0,0,0,0,0,0,0,0,0,0,0,0,0,0,1,0,0,0,0,0,0,1,,,,,,,0,,N,1,1,2,,,,,Y,N
1912,cmc-0029,M-015,1,,,,,,,20141210,,,,,,,,,,0,,,,,,0,,,,,,,,,,0,,,,,,,,,,,,,,0,,,,,0,,,0,,,1,0,0,0,0,0,0,0,0,0,0,1,0,0,0,0,1,0,0,0,0,0,0,0,0,0,,,,,,,0,,N,1,1,2,,,,,Y,N
385,cmc-0032,CM-005,0,,,,,,,20140928,,,,,,,,,,0,,,,,,0,,,,,,,,,,0,,,,,,,,,,,,,,0,,,,,0,,,0,,,1,0,0,0,1,0,0,0,0,0,1,0,0,0,0,0,0,0,0,0,0,0,0,0,0,0,,,,,,,0,,Y,1,1,2,0 hours 30 minutes,30,1 hour 0 minutes,60,Y,N
444,cmc-0032,CM-005,0,,,,,,,20141001,,,,,,,,,,0,,,,,,0,,,,,,,,,,0,,,,,,,,,,,,,,0,,,,,0,,,0,,,1,0,0,0,1,0,0,0,0,0,1,0,0,0,0,0,0,0,0,0,0,0,0,0,0,0,,,,,,,0,,Y,1,1,2,0 hours 40 minutes,40,1 hour 0 minutes,60,Y,N
547,cmc-0032,CM-005,0,,,,,,,20141004,,,,,,,,,,0,,,,,,0,,,,,,,,,,0,,,,,,,,,,,,,,0,,,,,0,,,0,,,1,0,0,0,0,1,0,0,0,0,1,0,0,0,0,0,0,0,0,0,0,0,0,0,0,0,,,,,,,0,,N,1,1,2,,,,,Y,N
754,cmc-0032,CM-005,0,,,,,,,20141014,,,,,,,,,,0,,,,,,0,,,,,,,,,,0,,,,,,,,,,,,,,0,,,,,0,,,0,,,1,0,0,0,1,0,0,0,0,0,1,0,0,0,0,0,0,0,0,0,0,0,0,0,0,0,,,,,,,0,,Y,1,1,2,0 hours 30 minutes,30,1 hour 0 minutes,60,Y,N
1106,cmc-0032,CM-005,0,,,,,,,20141024,,,,,,,,,,0,,,,,,0,,,,,,,,,,0,,,,,,,,,,,,,,0,,,,,0,,,0,,,1,0,0,0,1,0,0,0,0,0,1,0,0,0,0,0,0,0,0,0,0,0,0,0,0,0,,,,,,,0,,Y,1,1,2,0 hours 20 minutes,20,1 hour 0 minutes,60,Y,N
2044,cmc-0033,CM-006,1,,,,,,,20141216,,,,,,,,,,0,,,,,,0,,,,,,,,,,0,,,,,,,,,,,,,,0,,,,,0,,,0,,,1,0,0,1,0,0,0,0,0,0,1,0,0,0,0,0,0,0,0,0,0,0,0,0,0,0,,,,,,,0,,N,1,1,2,,,,,Y,N
1571,cmc-0042,M-026,0,,,,,,,20141123,,,,,,,,,,0,,,,,,0,,,,,,,,,,0,,,,,,,,,,,,,,0,,,,,0,,,0,,,1,0,0,1,0,0,0,0,0,0,1,0,0,0,0,0,0,0,0,0,0,0,0,0,0,0,,,,,,,0,,N,1,1,2,,,,,Y,N
1600,cmc-0042,M-026,0,,,,,,,20141124,,,,,,,,,,0,,,,,,0,,,,,,,,,,0,,,,,,,,,,,,,,0,,,,,0,,,0,,,1,0,0,1,0,0,0,0,0,0,1,0,0,0,0,0,0,0,0,0,0,0,0,0,0,0,,,,,,,0,,N,1,1,2,,,,,Y,N
2350,cmc-0046,M-030,1,,,,,,,20141230,,,,,,,,,,0,,,,,,0,,,,,,,,,,0,,,,,,,,,,,,,,0,,,,,0,,,0,,,1,0,0,1,0,0,0,0,0,0,1,0,0,0,0,0,0,0,0,0,0,0,0,0,0,0,,,,,,,0,,N,1,1,2,,,,,Y,N
2390,cmc-0046,M-030,1,,,,,,,20150101,,,,,,,,,,0,,,,,,0,,,,,,,,,,0,,,,,,,,,,,,,,0,,,,,0,,,0,,,1,0,1,0,0,0,0,0,0,0,1,0,0,0,0,0,0,0,0,0,0,0,0,0,0,0,,,,,,,0,,N,1,1,2,,,,,Y,N
2389,cmc-0046,M-030,1,,,,,,,20150102,,,,,,,,,,0,,,,,,0,,,,,,,,,,0,,,,,,,,,,,,,,0,,,,,0,,,0,,,1,0,0,0,0,0,1,0,0,0,1,0,0,0,0,0,0,0,0,0,0,0,0,0,0,0,,,,,,,0,,N,1,1,2,,,,,Y,N
2757,cmc-0046,M-030,1,,,,,,,20150117,,,,,,,,,,0,,,,,,0,,,,,,,,,,0,,,,,,,,,,,,,,0,,,,,0,,,0,,,1,0,0,1,0,0,0,0,0,0,1,0,0,0,0,0,0,0,0,0,0,0,0,0,0,0,,,,,,,0,,N,1,1,2,,,,,Y,N
1552,cmc-0048,M-032,1,,,,,,,20141122,,,,,,,,,,0,,,,,,0,,,,,,,,,,0,,,,,,,,,,,,,,0,,,,,0,,,0,,,1,0,0,0,0,1,0,0,0,0,1,0,0,0,0,0,0,0,0,0,0,0,0,0,0,0,,,,,,,0,,N,1,1,2,,,,,Y,N
1569,cmc-0048,M-032,1,,,,,,,20141123,,,,,,,,,,0,,,,,,0,,,,,,,,,,0,,,,,,,,,,,,,,0,,,,,0,,,0,,,1,0,0,0,0,1,0,0,0,0,1,0,0,0,0,0,0,0,0,0,0,0,0,0,0,0,,,,,,,0,,N,1,1,2,,,,,Y,N
1653,cmc-0048,M-032,1,,,,,,,20141125,,,,,,,,,,0,,,,,,0,,,,,,,,,,0,,,,,,,,,,,,,,0,,,,,0,,,0,,,1,0,0,0,0,1,0,0,0,0,1,0,0,0,0,0,0,0,0,0,0,0,0,0,0,0,,,,,,,0,,N,1,1,2,,,,,Y,N
2264,cmc-0048,M-032,1,,,,,,,20141227,,,,,,,,,,0,,,,,,0,,,,,,,,,,0,,,,,,,,,,,,,,0,,,,,0,,,0,,,1,0,0,0,0,1,0,0,0,0,1,0,0,0,0,0,0,0,0,0,0,0,0,0,0,0,,,,,,,0,,N,1,1,2,,,,,Y,N
2364,cmc-0048,M-032,1,,,,,,,20141230,,,,,,,,,,0,,,,,,0,,,,,,,,,,0,,,,,,,,,,,,,,0,,,,,0,,,0,,,1,0,0,0,0,1,0,0,0,0,1,0,0,0,0,0,0,0,0,0,0,0,0,0,0,0,,,,,,,0,,N,1,1,2,,,,,Y,N
2508,cmc-0048,M-032,1,,,,,,,20150105,,,,,,,,,,0,,,,,,0,,,,,,,,,,0,,,,,,,,,,,,,,0,,,,,0,,,0,,,1,0,0,0,0,1,0,0,0,0,1,0,0,0,0,0,0,0,0,0,0,0,0,0,0,0,,,,,,,0,,N,1,1,2,,,,,Y,N
2546,cmc-0048,M-032,1,,,,,,,20150108,,,,,,,,,,0,,,,,,0,,,,,,,,,,0,,,,,,,,,,,,,,0,,,,,0,,,0,,,1,0,0,0,0,1,0,0,0,0,1,0,0,0,0,0,0,0,0,0,0,0,0,0,0,0,,,,,,,0,,N,1,1,2,,,,,Y,N
2662,cmc-0048,M-032,1,,,,,,,20150113,,,,,,,,,,0,,,,,,0,,,,,,,,,,0,,,,,,,,,,,,,,0,,,,,0,,,0,,,1,0,0,0,0,1,0,0,0,0,1,0,0,0,0,0,0,0,0,0,0,0,0,0,0,0,,,,,,,0,,N,1,1,2,,,,,Y,N
2756,cmc-0048,M-032,1,,,,,,,20150116,,,,,,,,,,0,,,,,,0,,,,,,,,,,0,,,,,,,,,,,,,,0,,,,,0,,,0,,,1,0,0,0,0,1,0,0,0,0,1,0,0,0,0,0,0,0,0,0,0,0,0,0,0,0,,,,,,,0,,N,1,1,2,,,,,Y,N
2784,cmc-0048,M-032,1,,,,,,,20150118,,,,,,,,,,0,,,,,,0,,,,,,,,,,0,,,,,,,,,,,,,,0,,,,,0,,,0,,,1,0,0,0,0,1,0,0,0,0,1,0,0,0,0,0,0,0,0,0,0,0,0,0,0,0,,,,,,,0,,N,1,1,2,,,,,Y,N
2879,cmc-0048,M-032,1,,,,,,,20150121,,,,,,,,,,0,,,,,,0,,,,,,,,,,0,,,,,,,,,,,,,,0,,,,,0,,,0,,,1,0,0,0,0,1,0,0,0,0,1,0,0,0,0,0,0,0,0,0,0,0,0,0,0,0,,,,,,,0,,N,1,1,2,,,,,Y,N
3009,cmc-0048,M-032,1,,,,,,,20150125,,,,,,,,,,0,,,,,,0,,,,,,,,,,0,,,,,,,,,,,,,,0,,,,,0,,,0,,,1,0,0,0,0,1,0,0,0,0,1,0,0,0,0,0,0,0,0,0,0,0,0,0,0,0,,,,,,,0,,N,1,1,2,,,,,Y,N
3322,cmc-0048,M-032,1,,,,,,,20150204,,,,,,,,,,0,,,,,,0,,,,,,,,,,0,,,,,,,,,,,,,,0,,,,,0,,,0,,,1,0,0,0,0,1,0,0,0,0,1,0,0,0,0,0,0,0,0,0,0,0,0,0,0,0,,,,,,,0,,N,1,1,2,,,,,Y,N
3323,cmc-0048,M-032,1,,,,,,,20150205,,,,,,,,,,0,,,,,,0,,,,,,,,,,0,,,,,,,,,,,,,,0,,,,,0,,,0,,,1,0,0,0,0,1,0,0,0,0,1,0,0,0,0,0,0,0,0,0,0,0,0,0,0,0,,,,,,,0,,N,1,1,2,,,,,Y,N
3384,cmc-0048,M-032,1,,,,,,,20150207,,,,,,,,,,0,,,,,,0,,,,,,,,,,0,,,,,,,,,,,,,,0,,,,,0,,,0,,,1,0,0,0,0,1,0,0,0,0,1,0,0,0,0,0,0,0,0,0,0,0,0,0,0,0,,,,,,,0,,N,1,1,2,,,,,Y,N
1188,cmc-0049,M-033,0,,,,,,,20141106,,,,,,,,,,0,,,,,,0,,,,,,,,,,0,,,,,,,,,,,,,,0,,,,,0,,,0,,,1,0,0,0,0,0,0,0,0,0,0,0,0,0,0,0,0,0,1,0,0,0,0,0,0,1,,,,,,,0,,N,1,1,2,,,,,Y,N
1232,cmc-0049,M-033,0,,,,,,,20141107,,,,,,,,,,0,,,,,,0,,,,,,,,,,0,,,,,,,,,,,,,,0,,,,,0,,,0,,,1,0,0,0,0,0,0,0,0,0,0,0,0,0,0,0,0,0,1,0,0,0,0,0,0,1,,,,,,,0,,N,1,1,2,,,,,Y,N
2030,cmc-0049,M-033,0,,,,,,,20141217,,,,,,,,,,0,,,,,,0,,,,,,,,,,0,,,,,,,,,,,,,,0,,,,,0,,,0,,,1,0,0,0,0,0,0,0,0,0,0,0,0,0,0,0,0,1,0,0,0,0,0,0,0,1,,,,,,,0,,N,1,1,2,,,,,Y,N
2132,cmc-0049,M-033,0,,,,,,,20141219,,,,,,,,,,0,,,,,,0,,,,,,,,,,0,,,,,,,,,,,,,,0,,,,,0,,,0,,,1,0,0,0,0,0,0,1,0,0,1,0,0,0,0,0,0,0,0,0,0,0,0,0,0,0,,,,,,,0,,N,1,1,2,,,,,Y,N
2133,cmc-0049,M-033,0,,,,,,,20141220,,,,,,,,,,0,,,,,,0,,,,,,,,,,0,,,,,,,,,,,,,,0,,,,,0,,,0,,,1,0,0,0,0,0,0,1,0,0,1,0,0,0,0,0,0,0,0,0,0,0,0,0,0,0,,,,,,,0,,N,1,1,2,,,,,Y,N
2134,cmc-0049,M-033,0,,,,,,,20141221,,,,,,,,,,0,,,,,,0,,,,,,,,,,0,,,,,,,,,,,,,,0,,,,,0,,,0,,,1,0,0,0,0,0,0,1,0,0,1,0,0,0,0,0,0,0,0,0,0,0,0,0,0,0,,,,,,,0,,N,1,1,2,,,,,Y,N
2151,cmc-0049,M-033,0,,,,,,,20141223,,,,,,,,,,0,,,,,,0,,,,,,,,,,0,,,,,,,,,,,,,,0,,,,,0,,,0,,,1,0,0,0,0,0,0,1,0,0,1,0,0,0,0,0,0,0,0,0,0,0,0,0,0,0,,,,,,,0,,N,1,1,2,,,,,Y,N
2103,cmc-0064,M-037,1,,,,,,,20141219,,,,,,,,,,0,,,,,,0,,,,,,,,,,0,,,,,,,,,,,,,,0,,,,,0,,,0,,,1,0,0,0,0,0,1,0,0,0,1,0,0,0,0,0,0,0,0,0,0,0,0,0,0,0,,,,,,,0,,Y,1,1,2,0 hours 30 minutes,30,0 hours 30 minutes,30,Y,N
2174,cmc-0064,M-037,1,,,,,,,20141223,,,,,,,,,,0,,,,,,0,,,,,,,,,,0,,,,,,,,,,,,,,0,,,,,0,,,0,,,1,0,0,1,0,0,0,0,0,0,1,0,0,0,0,0,0,0,0,0,0,0,0,0,0,0,,,,,,,0,,Y,1,1,2,0 hours 30 minutes,30,0 hours 20 minutes,20,Y,N
2282,cmc-0064,M-037,1,,,,,,,20141227,,,,,,,,,,0,,,,,,0,,,,,,,,,,0,,,,,,,,,,,,,,0,,,,,0,,,0,,,1,0,0,0,0,0,1,0,0,0,1,0,0,0,0,0,0,0,0,0,0,0,0,0,0,0,,,,,,,0,,N,1,1,2,,,,,Y,N
3400,cmc-0064,M-037,1,,,,,,,20150208,,,,,,,,,,0,,,,,,0,,,,,,,,,,0,,,,,,,,,,,,,,0,,,,,0,,,0,,,1,0,0,1,0,0,0,0,0,0,1,0,0,0,0,0,0,0,0,0,0,0,0,0,0,0,,,,,,,0,,N,1,1,2,,,,,Y,N
4022,cmc-0064,M-037,1,,,,,,,20150302,,,,,,,,,,0,,,,,,0,,,,,,,,,,0,,,,,,,,,,,,,,0,,,,,0,,,0,,,1,0,0,0,0,0,0,0,0,0,0,0,0,0,0,1,1,0,0,0,0,0,0,0,0,0,,,,,,,0,,N,1,1,2,,,,,Y,N
2170,cmc-0067,M-040,0,,,,,,,20141223,,,,,,,,,,0,,,,,,0,,,,,,,,,,0,,,,,,,,,,,,,,0,,,,,0,,,0,,,1,0,0,0,0,0,0,0,0,0,0,0,0,0,0,0,0,1,0,0,0,0,0,0,0,1,,,,,,,0,,N,1,1,2,,,,,Y,N
2334,cmc-0067,M-040,0,,,,,,,20141229,,,,,,,,,,0,,,,,,0,,,,,,,,,,0,,,,,,,,,,,,,,0,,,,,0,,,0,,,1,0,0,0,0,0,0,0,0,0,0,0,0,0,0,0,0,1,0,0,0,0,0,0,0,1,,,,,,,0,,N,1,1,2,,,,,Y,N
2482,cmc-0067,M-040,0,,,,,,,20150105,,,,,,,,,,0,,,,,,0,,,,,,,,,,0,,,,,,,,,,,,,,0,,,,,0,,,0,,,1,0,0,0,0,0,0,0,0,0,0,0,0,0,0,0,0,1,0,0,0,0,0,0,0,1,,,,,,,0,,N,1,1,2,,,,,Y,N
2040,cmc-0068,M-041,0,,,,,,,20141217,,,,,,,,,,0,,,,,,0,,,,,,,,,,0,,,,,,,,,,,,,,0,,,,,0,,,0,,,1,1,0,0,0,0,0,0,0,0,1,0,0,0,0,0,0,0,0,0,0,0,0,0,0,0,,,,,,,0,,N,1,1,2,,,,,Y,N
2094,cmc-0068,M-041,0,,,,,,,20141220,,,,,,,,,,0,,,,,,0,,,,,,,,,,0,,,,,,,,,,,,,,0,,,,,0,,,0,,,1,0,0,0,0,0,0,0,0,0,0,0,0,0,0,0,0,0,0,0,0,0,0,1,0,1,,,,,,,0,,N,1,1,2,,,,,Y,N
4469,cmc-0077,M-049,1,,,,,,,20150217,,,,,,,,,,0,,,,,,0,,,,,,,,,,0,,,,,,,,,,,,,,0,,,,,0,,,0,,,1,1,0,0,0,0,0,0,0,0,1,0,0,0,0,0,0,0,0,0,0,0,0,0,0,0,,,,,,,0,,N,1,1,2,,,,,Y,N
5096,cmc-0077,M-049,1,,,,,,,20150323,,,,,,,,,,0,,,,,,0,,,,,,,,,,0,,,,,,,,,,,,,,0,,,,,0,,,0,,,1,0,0,0,0,0,0,0,0,0,0,1,0,0,0,0,1,0,0,0,0,0,0,0,0,0,,,,,,,0,,N,1,1,2,,,,,Y,N
5098,cmc-0077,M-049,1,,,,,,,20150325,,,,,,,,,,0,,,,,,0,,,,,,,,,,0,,,,,,,,,,,,,,0,,,,,0,,,0,,,1,0,0,0,0,0,0,0,0,0,0,0,0,1,0,0,1,0,0,0,0,0,0,0,0,0,,,,,,,0,,N,1,1,2,,,,,Y,N
5106,cmc-0077,M-049,1,,,,,,,20150401,,,,,,,,,,0,,,,,,0,,,,,,,,,,0,,,,,,,,,,,,,,0,,,,,0,,,0,,,1,0,0,0,0,0,0,0,0,0,0,0,0,0,0,0,0,1,0,0,0,0,0,0,0,1,,,,,,,0,,N,1,1,2,,,,,Y,N
5113,cmc-0077,M-049,1,,,,,,,20150410,,,,,,,,,,0,,,,,,0,,,,,,,,,,0,,,,,,,,,,,,,,0,,,,,0,,,0,,,1,0,0,0,0,0,0,0,0,0,0,0,0,0,0,0,0,0,1,0,0,0,0,0,0,1,,,,,,,0,,N,1,1,2,,,,,Y,N
5114,cmc-0077,M-049,1,,,,,,,20150411,,,,,,,,,,0,,,,,,0,,,,,,,,,,0,,,,,,,,,,,,,,0,,,,,0,,,0,,,1,0,0,0,0,0,0,0,0,0,0,0,0,0,0,0,0,0,1,0,0,0,0,0,0,1,,,,,,,0,,N,1,1,2,,,,,Y,N
20,dha-0002,em2,0,,,,,,,20140825,,,,,,,,,,0,,,,,,0,,,,,,,,,,0,,,,,,,,,,,,,,0,,,,,0,,,0,,,1,0,0,1,0,0,0,0,0,0,1,0,0,0,0,0,0,0,0,0,0,0,0,0,0,0,Sleep quality was poor. Rest during the day.,,,,,,0,,N,1,1,2,,,,,Y,N
136,dha-0002,em2,0,,,,,,,20140902,,,,,,,,,,0,,,,,,0,,,,,,,,,,0,,,,,,,,,,,,,,0,,,,,0,,,0,,,1,1,0,0,0,0,0,0,0,0,1,0,0,0,0,0,0,0,0,0,0,0,0,0,0,0,,,,,,,0,,N,1,1,2,,,,,Y,N
159,dha-0002,em2,0,,,,,,,20140904,,,,,,,,,,0,,,,,,0,,,,,,,,,,0,,,,,,,,,,,,,,0,,,,,0,,,0,,,1,0,0,0,0,0,1,0,0,0,1,0,0,0,0,0,0,0,0,0,0,0,0,0,0,0,,,,,,,0,,N,1,1,2,,,,,Y,N
203,dha-0002,em2,0,,,,,,,20140908,,,,,,,,,,0,,,,,,0,,,,,,,,,,0,,,,,,,,,,,,,,0,,,,,0,,,0,,,1,0,0,0,0,0,0,0,0,0,0,0,0,0,0,0,0,0,0,1,0,0,0,0,0,1,,,,,,,0,,N,1,1,2,,,,,Y,N
214,dha-0004,EM4,1,,,,,,,20140909,,,,,,,,,,0,,,,,,0,,,,,,,,,,0,,,,,,,,,,,,,,0,,,,,0,,,0,,,1,0,0,0,0,0,1,0,0,0,1,0,0,0,0,0,0,0,0,0,0,0,0,0,0,0,,,,,,,0,,N,1,1,2,,,,,Y,N
621,dha-0004,EM4,1,,,,,,,20141012,,,,,,,,,,0,,,,,,0,,,,,,,,,,0,,,,,,,,,,,,,,0,,,,,0,,,0,,,1,0,0,0,0,0,1,0,0,0,1,0,0,0,0,0,0,0,0,0,0,0,0,0,0,0,,,,,,,0,,N,1,1,2,,,,,Y,N
183,dha-0018,EM18,1,,,,,,,20140907,,,,,,,,,,0,,,,,,0,,,,,,,,,,0,,,,,,,,,,,,,,0,,,,,0,,,0,,,1,0,0,0,0,0,0,0,0,0,0,0,0,0,0,0,0,0,0,1,0,0,0,0,0,1,,,,,,,0,,N,1,1,2,,,,,Y,N
424,dha-0018,EM18,1,,,,,,,20140928,,,,,,,,,,0,,,,,,0,,,,,,,,,,0,,,,,,,,,,,,,,0,,,,,0,,,0,,,1,1,0,0,0,0,0,0,0,0,1,0,0,0,0,0,0,0,0,0,0,0,0,0,0,0,,,,,,,0,,N,1,1,2,,,,,Y,N
499,dha-0018,EM18,1,,,,,,,20141004,,,,,,,,,,0,,,,,,0,,,,,,,,,,0,,,,,,,,,,,,,,0,,,,,0,,,0,,,1,1,0,0,0,0,0,0,0,0,1,0,0,0,0,0,0,0,0,0,0,0,0,0,0,0,,,,,,,0,,N,1,1,2,,,,,Y,N
550,dha-0018,EM18,1,,,,,,,20141005,,,,,,,,,,0,,,,,,0,,,,,,,,,,0,,,,,,,,,,,,,,0,,,,,0,,,0,,,1,1,0,0,0,0,0,0,0,0,1,0,0,0,0,0,0,0,0,0,0,0,0,0,0,0,,,,,,,0,,N,1,1,2,,,,,Y,N
548,dha-0018,EM18,1,,,,,,,20141007,,,,,,,,,,0,,,,,,0,,,,,,,,,,0,,,,,,,,,,,,,,0,,,,,0,,,0,,,1,1,0,0,0,0,0,0,0,0,1,0,0,0,0,0,0,0,0,0,0,0,0,0,0,0,,,,,,,0,,N,1,1,2,,,,,Y,N
717,dha-0018,EM18,1,,,,,,,20141017,,,,,,,,,,0,,,,,,0,,,,,,,,,,0,,,,,,,,,,,,,,0,,,,,0,,,0,,,1,1,0,0,0,0,0,0,0,0,1,0,0,0,0,0,0,0,0,0,0,0,0,0,0,0,,,,,,,0,,N,1,1,2,,,,,Y,N
1638,dha-0018,EM18,1,,,,,,,20141112,,,,,,,,,,0,,,,,,0,,,,,,,,,,0,,,,,,,,,,,,,,0,,,,,0,,,0,,,1,1,0,0,0,0,0,0,0,0,1,0,0,0,0,0,0,0,0,0,0,0,0,0,0,0,,,,,,,0,,N,1,1,2,,,,,Y,N
1637,dha-0018,EM18,1,,,,,,,20141113,,,,,,,,,,0,,,,,,0,,,,,,,,,,0,,,,,,,,,,,,,,0,,,,,0,,,0,,,1,1,0,0,0,0,0,0,0,0,1,0,0,0,0,0,0,0,0,0,0,0,0,0,0,0,,,,,,,0,,N,1,1,2,,,,,Y,N
1635,dha-0018,EM18,1,,,,,,,20141115,,,,,,,,,,0,,,,,,0,,,,,,,,,,0,,,,,,,,,,,,,,0,,,,,0,,,0,,,1,1,0,0,0,0,0,0,0,0,1,0,0,0,0,0,0,0,0,0,0,0,0,0,0,0,,,,,,,0,,N,1,1,2,,,,,Y,N
1634,dha-0018,EM18,1,,,,,,,20141116,,,,,,,,,,0,,,,,,0,,,,,,,,,,0,,,,,,,,,,,,,,0,,,,,0,,,0,,,1,1,0,0,0,0,0,0,0,0,1,0,0,0,0,0,0,0,0,0,0,0,0,0,0,0,,,,,,,0,,N,1,1,2,,,,,Y,N
1633,dha-0018,EM18,1,,,,,,,20141117,,,,,,,,,,0,,,,,,0,,,,,,,,,,0,,,,,,,,,,,,,,0,,,,,0,,,0,,,1,1,0,0,0,0,0,0,0,0,1,0,0,0,0,0,0,0,0,0,0,0,0,0,0,0,,,,,,,0,,N,1,1,2,,,,,Y,N
1632,dha-0018,EM18,1,,,,,,,20141118,,,,,,,,,,0,,,,,,0,,,,,,,,,,0,,,,,,,,,,,,,,0,,,,,0,,,0,,,1,1,0,0,0,0,0,0,0,0,1,0,0,0,0,0,0,0,0,0,0,0,0,0,0,0,,,,,,,0,,N,1,1,2,,,,,Y,N
1626,dha-0018,EM18,1,,,,,,,20141127,,,,,,,,,,0,,,,,,0,,,,,,,,,,0,,,,,,,,,,,,,,0,,,,,0,,,0,,,1,1,0,0,0,0,0,0,0,0,1,0,0,0,0,0,0,0,0,0,0,0,0,0,0,0,,,,,,,0,,N,1,1,2,,,,,Y,N
1616,dha-0018,EM18,1,,,,,,,20141130,,,,,,,,,,0,,,,,,0,,,,,,,,,,0,,,,,,,,,,,,,,0,,,,,0,,,0,,,1,1,0,0,0,0,0,0,0,0,1,0,0,0,0,0,0,0,0,0,0,0,0,0,0,0,,,,,,,0,,N,1,1,2,,,,,Y,N
1615,dha-0018,EM18,1,,,,,,,20141201,,,,,,,,,,0,,,,,,0,,,,,,,,,,0,,,,,,,,,,,,,,0,,,,,0,,,0,,,1,1,0,0,0,0,0,0,0,0,1,0,0,0,0,0,0,0,0,0,0,0,0,0,0,0,,,,,,,0,,N,1,1,2,,,,,Y,N
1612,dha-0018,EM18,1,,,,,,,20141204,,,,,,,,,,0,,,,,,0,,,,,,,,,,0,,,,,,,,,,,,,,0,,,,,0,,,0,,,1,1,0,0,0,0,0,0,0,0,1,0,0,0,0,0,0,0,0,0,0,0,0,0,0,0,,,,,,,0,,N,1,1,2,,,,,Y,N
428,dha-0022,em22,0,,,,,,,20140928,,,,,,,,,,0,,,,,,0,,,,,,,,,,0,,,,,,,,,,,,,,0,,,,,0,,,0,,,1,0,0,0,0,0,0,0,0,0,0,0,0,0,0,0,0,0,0,0,0,0,0,1,0,1,,,,,,,0,,N,1,1,2,,,,,Y,N
620,dha-0022,em22,0,,,,,,,20141012,,,,,,,,,,0,,,,,,0,,,,,,,,,,0,,,,,,,,,,,,,,0,,,,,0,,,0,,,1,0,0,0,0,0,0,0,0,0,0,0,0,0,0,0,0,0,0,1,0,0,0,0,0,1,,,,,,,0,,N,1,1,2,,,,,Y,N
698,dha-0022,em22,0,,,,,,,20141016,,,,,,,,,,0,,,,,,0,,,,,,,,,,0,,,,,,,,,,,,,,0,,,,,0,,,0,,,1,1,0,0,0,0,0,0,0,0,1,0,0,0,0,0,0,0,0,0,0,0,0,0,0,0,,,,,,,0,,N,1,1,2,,,,,Y,N
828,dha-0022,em22,0,,,,,,,20141024,,,,,,,,,,0,,,,,,0,,,,,,,,,,0,,,,,,,,,,,,,,0,,,,,0,,,0,,,1,0,0,1,0,0,0,0,0,0,1,0,0,0,0,0,0,0,0,0,0,0,0,0,0,0,,,,,,,0,,N,1,1,2,,,,,Y,N
852,dha-0022,em22,0,,,,,,,20141026,,,,,,,,,,0,,,,,,0,,,,,,,,,,0,,,,,,,,,,,,,,0,,,,,0,,,0,,,1,0,1,0,0,0,0,0,0,0,1,0,0,0,0,0,0,0,0,0,0,0,0,0,0,0,,,,,,,0,,N,1,1,2,,,,,Y,N
947,dha-0022,em22,0,,,,,,,20141101,,,,,,,,,,0,,,,,,0,,,,,,,,,,0,,,,,,,,,,,,,,0,,,,,0,,,0,,,1,0,0,0,0,0,0,0,0,0,0,0,0,0,0,0,0,0,0,0,0,0,0,1,0,1,,,,,,,0,,N,1,1,2,,,,,Y,N
1060,dha-0022,em22,0,,,,,,,20141107,,,,,,,,,,0,,,,,,0,,,,,,,,,,0,,,,,,,,,,,,,,0,,,,,0,,,0,,,1,0,0,1,0,0,0,0,0,0,1,0,0,0,0,0,0,0,0,0,0,0,0,0,0,0,,,,,,,0,,N,1,1,2,,,,,Y,N
436,dha-0023,EM23,0,,,,,,,20140929,,,,,,,,,,0,,,,,,0,,,,,,,,,,0,,,,,,,,,,,,,,0,,,,,0,,,0,,,1,0,0,0,0,1,0,0,0,0,1,0,0,0,0,0,0,0,0,0,0,0,0,0,0,0,,,,,,,0,,N,1,1,2,,,,,Y,N
552,dha-0032,em32,0,,,,,,,20141007,,,,,,,,,,0,,,,,,0,,,,,,,,,,0,,,,,,,,,,,,,,0,,,,,0,,,0,,,1,0,0,0,0,1,0,0,0,0,1,0,0,0,0,0,0,0,0,0,0,0,0,0,0,0,,,,,,,0,,N,1,1,2,,,,,Y,N
897,dha-0032,em32,0,,,,,,,20141026,,,,,,,,,,0,,,,,,0,,,,,,,,,,0,,,,,,,,,,,,,,0,,,,,0,,,0,,,1,0,1,0,0,0,0,0,0,0,1,0,0,0,0,0,0,0,0,0,0,0,0,0,0,0,,,,,,,0,,N,1,1,2,,,,,Y,N
1007,dha-0032,em32,0,,,,,,,20141101,,,,,,,,,,0,,,,,,0,,,,,,,,,,0,,,,,,,,,,,,,,0,,,,,0,,,0,,,1,0,0,0,0,1,0,0,0,0,1,0,0,0,0,0,0,0,0,0,0,0,0,0,0,0,,,,,,,0,,N,1,1,2,,,,,Y,N
1852,dha-0032,em32,0,,,,,,,20141214,,,,,,,,,,0,,,,,,0,,,,,,,,,,0,,,,,,,,,,,,,,0,,,,,0,,,0,,,1,1,0,0,0,0,0,0,0,0,1,0,0,0,0,0,0,0,0,0,0,0,0,0,0,0,,,,,,,0,,N,1,1,2,,,,,Y,N
2038,dha-0033,em33,1,,,,,,,20141225,,,,,,,,,,0,,,,,,0,,,,,,,,,,0,,,,,,,,,,,,,,0,,,,,0,,,0,,,1,0,0,0,1,0,0,0,0,0,1,0,0,0,0,0,0,0,0,0,0,0,0,0,0,0,,,,,,,0,,N,1,1,2,,,,,Y,N
1210,dha-0041,em41,0,,,,,,,20141116,,,,,,,,,,0,,,,,,0,,,,,,,,,,0,,,,,,,,,,,,,,0,,,,,0,,,0,,,1,0,0,0,0,0,0,0,0,0,0,0,0,0,0,0,0,0,0,0,1,0,0,0,0,1,,,,,,,0,,N,1,1,2,,,,,Y,N
1484,dha-0041,em41,0,,,,,,,20141129,,,,,,,,,,0,,,,,,0,,,,,,,,,,0,,,,,,,,,,,,,,0,,,,,0,,,0,,,1,0,0,0,0,0,0,0,0,0,0,0,0,0,0,0,0,0,0,1,0,0,0,0,0,1,,,,,,,0,,N,1,1,2,,,,,Y,N
1499,dha-0041,em41,0,,,,,,,20141130,,,,,,,,,,0,,,,,,0,,,,,,,,,,0,,,,,,,,,,,,,,0,,,,,0,,,0,,,1,0,0,0,0,0,0,0,0,0,0,0,0,0,0,0,0,0,0,0,1,0,0,0,0,1,,,,,,,0,,N,1,1,2,,,,,Y,N
1657,dha-0041,em41,0,,,,,,,20141207,,,,,,,,,,0,,,,,,0,,,,,,,,,,0,,,,,,,,,,,,,,0,,,,,0,,,0,,,1,0,0,0,0,0,0,0,0,0,0,0,0,0,0,0,0,0,0,0,1,0,0,0,0,1,,,,,,,0,,N,1,1,2,,,,,Y,N
1906,dha-0041,em41,0,,,,,,,20141217,,,,,,,,,,0,,,,,,0,,,,,,,,,,0,,,,,,,,,,,,,,0,,,,,0,,,0,,,1,0,0,0,0,0,0,0,0,0,0,0,0,0,0,0,0,0,0,0,1,0,0,0,0,1,,,,,,,0,,N,1,1,2,,,,,Y,N
1959,dha-0041,em41,0,,,,,,,20141220,,,,,,,,,,0,,,,,,0,,,,,,,,,,0,,,,,,,,,,,,,,0,,,,,0,,,0,,,1,0,0,0,0,0,0,0,0,0,0,0,0,0,0,0,0,0,0,0,1,0,0,0,0,1,,,,,,,0,,N,1,1,2,,,,,Y,N
1974,dha-0041,em41,0,,,,,,,20141221,,,,,,,,,,0,,,,,,0,,,,,,,,,,0,,,,,,,,,,,,,,0,,,,,0,,,0,,,1,0,0,0,0,0,0,0,0,0,0,0,0,0,0,0,0,0,0,0,1,0,0,0,0,1,,,,,,,0,,N,1,1,2,,,,,Y,N
2493,dha-0041,em41,0,,,,,,,20150112,,,,,,,,,,0,,,,,,0,,,,,,,,,,0,,,,,,,,,,,,,,0,,,,,0,,,0,,,1,0,0,0,0,0,0,0,0,0,0,0,0,0,0,0,0,0,0,0,0,0,0,1,0,1,,,,,,,0,,N,1,1,2,,,,,Y,N
2628,dha-0041,em41,0,,,,,,,20150119,,,,,,,,,,0,,,,,,0,,,,,,,,,,0,,,,,,,,,,,,,,0,,,,,0,,,0,,,1,0,0,0,0,0,0,0,0,0,0,0,0,0,0,0,0,0,0,0,1,0,0,0,0,1,,,,,,,0,,N,1,1,2,,,,,Y,N
2752,dha-0041,em41,0,,,,,,,20150124,,,,,,,,,,0,,,,,,0,,,,,,,,,,0,,,,,,,,,,,,,,0,,,,,0,,,0,,,1,0,0,0,0,0,0,0,0,0,0,0,0,0,0,0,0,0,1,0,0,0,0,0,0,1,,,,,,,0,,N,1,1,2,,,,,Y,N
2749,dha-0041,em41,0,,,,,,,20150126,,,,,,,,,,0,,,,,,0,,,,,,,,,,0,,,,,,,,,,,,,,0,,,,,0,,,0,,,1,0,0,0,0,0,0,0,0,0,0,0,0,0,0,0,0,0,0,0,1,0,0,0,0,1,,,,,,,0,,N,1,1,2,,,,,Y,N
2944,dha-0041,em41,0,,,,,,,20150207,,,,,,,,,,0,,,,,,0,,,,,,,,,,0,,,,,,,,,,,,,,0,,,,,0,,,0,,,1,0,0,0,0,0,0,0,0,0,0,0,0,0,0,0,0,0,0,0,1,0,0,0,0,1,,,,,,,0,,N,1,1,2,,,,,Y,N
1031,dha-0044,em44,0,,,,,,,20141106,,,,,,,,,,0,,,,,,0,,,,,,,,,,0,,,,,,,,,,,,,,0,,,,,0,,,0,,,1,0,0,0,0,0,0,0,0,0,0,0,0,1,0,0,1,0,0,0,0,0,0,0,0,0,,,,,,,0,,N,1,1,2,,,,,Y,N
1152,dha-0044,em44,0,,,,,,,20141112,,,,,,,,,,0,,,,,,0,,,,,,,,,,0,,,,,,,,,,,,,,0,,,,,0,,,0,,,1,0,0,1,0,0,0,0,0,0,1,0,0,0,0,0,0,0,0,0,0,0,0,0,0,0,,,,,,,0,,N,1,1,2,,,,,Y,N
1241,dha-0044,em44,0,,,,,,,20141118,,,,,,,,,,0,,,,,,0,,,,,,,,,,0,,,,,,,,,,,,,,0,,,,,0,,,0,,,1,0,0,0,0,0,1,0,0,0,1,0,0,0,0,0,0,0,0,0,0,0,0,0,0,0,,,,,,,0,,N,1,1,2,,,,,Y,N
1505,dha-0044,em44,0,,,,,,,20141130,,,,,,,,,,0,,,,,,0,,,,,,,,,,0,,,,,,,,,,,,,,0,,,,,0,,,0,,,1,0,0,0,0,0,0,0,0,0,0,0,0,1,0,0,1,0,0,0,0,0,0,0,0,0,,,,,,,0,,N,1,1,2,,,,,Y,N
2330,dha-0044,em44,0,,,,,,,20150106,,,,,,,,,,0,,,,,,0,,,,,,,,,,0,,,,,,,,,,,,,,0,,,,,0,,,0,,,1,0,0,0,0,0,0,0,0,0,0,1,0,0,0,0,1,0,0,0,0,0,0,0,0,0,,,,,,,0,,N,1,1,2,,,,,Y,N
2380,dha-0044,em44,0,,,,,,,20150109,,,,,,,,,,0,,,,,,0,,,,,,,,,,0,,,,,,,,,,,,,,0,,,,,0,,,0,,,1,0,0,0,0,0,1,0,0,0,1,0,0,0,0,0,0,0,0,0,0,0,0,0,0,0,,,,,,,0,,N,1,1,2,,,,,Y,N
2547,dha-0044,em44,0,,,,,,,20150115,,,,,,,,,,0,,,,,,0,,,,,,,,,,0,,,,,,,,,,,,,,0,,,,,0,,,0,,,1,0,0,0,0,0,1,0,0,0,1,0,0,0,0,0,0,0,0,0,0,0,0,0,0,0,,,,,,,0,,N,1,1,2,,,,,Y,N
1574,dha-0049,em49,0,,,,,,,20141203,,,,,,,,,,0,,,,,,0,,,,,,,,,,0,,,,,,,,,,,,,,0,,,,,0,,,0,,,1,0,0,0,0,0,0,0,0,0,0,0,0,0,0,0,0,0,0,0,1,0,0,0,0,1,,,,,,,0,,N,1,1,2,,,,,Y,N
1592,dha-0049,em49,0,,,,,,,20141204,,,,,,,,,,0,,,,,,0,,,,,,,,,,0,,,,,,,,,,,,,,0,,,,,0,,,0,,,1,0,0,0,0,0,0,0,0,0,0,0,0,0,0,0,0,0,0,0,0,0,1,0,0,1,,,,,,,0,,N,1,1,2,,,,,Y,N
1650,dha-0049,em49,0,,,,,,,20141205,,,,,,,,,,0,,,,,,0,,,,,,,,,,0,,,,,,,,,,,,,,0,,,,,0,,,0,,,1,0,0,0,0,0,0,0,0,0,0,0,0,0,0,0,0,0,0,0,0,0,1,0,0,1,,,,,,,0,,N,1,1,2,,,,,Y,N
2040,dha-0049,em49,0,,,,,,,20141225,,,,,,,,,,0,,,,,,0,,,,,,,,,,0,,,,,,,,,,,,,,0,,,,,0,,,0,,,1,0,0,0,0,0,0,0,0,0,0,0,0,0,0,0,0,0,0,1,0,0,0,0,0,1,,,,,,,0,,N,1,1,2,,,,,Y,N
2310,dha-0049,em49,0,,,,,,,20150105,,,,,,,,,,0,,,,,,0,,,,,,,,,,0,,,,,,,,,,,,,,0,,,,,0,,,0,,,1,0,0,1,0,0,0,0,0,0,1,0,0,0,0,0,0,0,0,0,0,0,0,0,0,0,,,,,,,0,,N,1,1,2,,,,,Y,N
2381,dha-0049,em49,0,,,,,,,20150107,,,,,,,,,,0,,,,,,0,,,,,,,,,,0,,,,,,,,,,,,,,0,,,,,0,,,0,,,1,0,0,1,0,0,0,0,0,0,1,0,0,0,0,0,0,0,0,0,0,0,0,0,0,0,,,,,,,0,,N,1,1,2,,,,,Y,N
2673,dha-0049,em49,0,,,,,,,20150120,,,,,,,,,,0,,,,,,0,,,,,,,,,,0,,,,,,,,,,,,,,0,,,,,0,,,0,,,1,0,0,0,0,0,0,0,0,0,0,1,0,0,0,0,1,0,0,0,0,0,0,0,0,0,,,,,,,0,,N,1,1,2,,,,,Y,N
2764,dha-0049,em49,0,,,,,,,20150125,,,,,,,,,,0,,,,,,0,,,,,,,,,,0,,,,,,,,,,,,,,0,,,,,0,,,0,,,1,0,0,1,0,0,0,0,0,0,1,0,0,0,0,0,0,0,0,0,0,0,0,0,0,0,,,,,,,0,,N,1,1,2,,,,,Y,N
2967,dha-0049,em49,0,,,,,,,20150208,,,,,,,,,,0,,,,,,0,,,,,,,,,,0,,,,,,,,,,,,,,0,,,,,0,,,0,,,1,0,0,0,0,0,0,0,0,0,0,1,0,0,0,0,1,0,0,0,0,0,0,0,0,0,,,,,,,0,,N,1,1,2,,,,,Y,N
1018,dha-0050,EM50,0,,,,,,,20141105,,,,,,,,,,0,,,,,,0,,,,,,,,,,0,,,,,,,,,,,,,,0,,,,,0,,,0,,,1,0,0,0,0,0,1,0,0,0,1,0,0,0,0,0,0,0,0,0,0,0,0,0,0,0,,,,,,,0,,N,1,1,2,,,,,Y,N
1173,dha-0050,EM50,0,,,,,,,20141112,,,,,,,,,,0,,,,,,0,,,,,,,,,,0,,,,,,,,,,,,,,0,,,,,0,,,0,,,1,0,0,0,0,0,1,0,0,0,1,0,0,0,0,0,0,0,0,0,0,0,0,0,0,0,,,,,,,0,,N,1,1,2,,,,,Y,N
1275,dha-0050,EM50,0,,,,,,,20141120,,,,,,,,,,0,,,,,,0,,,,,,,,,,0,,,,,,,,,,,,,,0,,,,,0,,,0,,,1,0,0,0,0,0,0,1,0,0,1,0,0,0,0,0,0,0,0,0,0,0,0,0,0,0,,,,,,,0,,N,1,1,2,,,,,Y,N
1451,dha-0050,EM50,0,,,,,,,20141122,,,,,,,,,,0,,,,,,0,,,,,,,,,,0,,,,,,,,,,,,,,0,,,,,0,,,0,,,1,0,0,0,0,0,0,1,0,0,1,0,0,0,0,0,0,0,0,0,0,0,0,0,0,0,,,,,,,0,,N,1,1,2,,,,,Y,N
1729,dha-0050,EM50,0,,,,,,,20141209,,,,,,,,,,0,,,,,,0,,,,,,,,,,0,,,,,,,,,,,,,,0,,,,,0,,,0,,,1,0,0,0,0,0,0,0,0,0,0,0,0,0,0,0,0,0,1,0,0,0,0,0,0,1,,,,,,,0,,N,1,1,2,,,,,Y,N
1868,dha-0050,EM50,0,,,,,,,20141215,,,,,,,,,,0,,,,,,0,,,,,,,,,,0,,,,,,,,,,,,,,0,,,,,0,,,0,,,1,0,0,0,0,0,0,0,0,0,0,1,0,0,0,0,1,0,0,0,0,0,0,0,0,0,,,,,,,0,,N,1,1,2,,,,,Y,N
1867,dha-0050,EM50,0,,,,,,,20141216,,,,,,,,,,0,,,,,,0,,,,,,,,,,0,,,,,,,,,,,,,,0,,,,,0,,,0,,,1,0,0,0,0,0,0,0,0,0,0,1,0,0,0,0,1,0,0,0,0,0,0,0,0,0,,,,,,,0,,N,1,1,2,,,,,Y,N
2080,dha-0050,EM50,0,,,,,,,20141226,,,,,,,,,,0,,,,,,0,,,,,,,,,,0,,,,,,,,,,,,,,0,,,,,0,,,0,,,1,0,0,0,0,0,1,0,0,0,1,0,0,0,0,0,0,0,0,0,0,0,0,0,0,0,,,,,,,0,,N,1,1,2,,,,,Y,N
2260,dha-0050,EM50,0,,,,,,,20150103,,,,,,,,,,0,,,,,,0,,,,,,,,,,0,,,,,,,,,,,,,,0,,,,,0,,,0,,,1,1,0,0,0,0,0,0,0,0,1,0,0,0,0,0,0,0,0,0,0,0,0,0,0,0,,,,,,,0,,N,1,1,2,,,,,Y,N
2366,dha-0050,EM50,0,,,,,,,20150107,,,,,,,,,,0,,,,,,0,,,,,,,,,,0,,,,,,,,,,,,,,0,,,,,0,,,0,,,1,0,0,0,0,0,0,0,0,0,0,0,0,0,0,0,0,0,1,0,0,0,0,0,0,1,,,,,,,0,,N,1,1,2,,,,,Y,N
2410,dha-0050,EM50,0,,,,,,,20150109,,,,,,,,,,0,,,,,,0,,,,,,,,,,0,,,,,,,,,,,,,,0,,,,,0,,,0,,,1,0,0,0,0,0,1,0,0,0,1,0,0,0,0,0,0,0,0,0,0,0,0,0,0,0,,,,,,,0,,N,1,1,2,,,,,Y,N
2559,dha-0050,EM50,0,,,,,,,20150115,,,,,,,,,,0,,,,,,0,,,,,,,,,,0,,,,,,,,,,,,,,0,,,,,0,,,0,,,1,1,0,0,0,0,0,0,0,0,1,0,0,0,0,0,0,0,0,0,0,0,0,0,0,0,,,,,,,0,,N,1,1,2,,,,,Y,N
2822,dha-0050,EM50,0,,,,,,,20150121,,,,,,,,,,0,,,,,,0,,,,,,,,,,0,,,,,,,,,,,,,,0,,,,,0,,,0,,,1,0,0,1,0,0,0,0,0,0,1,0,0,0,0,0,0,0,0,0,0,0,0,0,0,0,,,,,,,0,,N,1,1,2,,,,,Y,N
2818,dha-0050,EM50,0,,,,,,,20150129,,,,,,,,,,0,,,,,,0,,,,,,,,,,0,,,,,,,,,,,,,,0,,,,,0,,,0,,,1,0,0,0,0,0,0,0,0,0,0,1,0,0,0,0,1,0,0,0,0,0,0,0,0,0,,,,,,,0,,N,1,1,2,,,,,Y,N
2926,dha-0050,EM50,0,,,,,,,20150204,,,,,,,,,,0,,,,,,0,,,,,,,,,,0,,,,,,,,,,,,,,0,,,,,0,,,0,,,1,1,0,0,0,0,0,0,0,0,1,0,0,0,0,0,0,0,0,0,0,0,0,0,0,0,,,,,,,0,,N,1,1,2,,,,,Y,N
2285,dha-0053,em53,0,,,,,,,20150104,,,,,,,,,,0,,,,,,0,,,,,,,,,,0,,,,,,,,,,,,,,0,,,,,0,,,0,,,1,1,0,0,0,0,0,0,0,0,1,0,0,0,0,0,0,0,0,0,0,0,0,0,0,0,,,,,,,0,,N,1,1,2,,,,,Y,N
1757,dha-0055,em55,0,,,,,,,20141210,,,,,,,,,,0,,,,,,0,,,,,,,,,,0,,,,,,,,,,,,,,0,,,,,0,,,0,,,1,0,0,1,0,0,0,0,0,0,1,0,0,0,0,0,0,0,0,0,0,0,0,0,0,0,,,,,,,0,,N,1,1,2,,,,,Y,N
2384,dha-0061,EM61,0,,,,,,,20150109,,,,,,,,,,0,,,,,,0,,,,,,,,,,0,,,,,,,,,,,,,,0,,,,,0,,,0,,,1,0,0,0,0,0,0,0,0,1,1,0,0,0,0,0,0,0,0,0,0,0,0,0,0,0,,,,,,,0,,N,1,1,2,,,,,Y,N
2409,dha-0061,EM61,0,,,,,,,20150110,,,,,,,,,,0,,,,,,0,,,,,,,,,,0,,,,,,,,,,,,,,0,,,,,0,,,0,,,1,0,0,0,0,0,0,1,0,0,1,0,0,0,0,0,0,0,0,0,0,0,0,0,0,0,,,,,,,0,,N,1,1,2,,,,,Y,N
2638,dha-0061,EM61,0,,,,,,,20150120,,,,,,,,,,0,,,,,,0,,,,,,,,,,0,,,,,,,,,,,,,,0,,,,,0,,,0,,,1,0,0,0,0,1,0,0,0,0,1,0,0,0,0,0,0,0,0,0,0,0,0,0,0,0,,,,,,,0,,N,1,1,2,,,,,Y,N
3026,dha-0061,EM61,0,,,,,,,20150210,,,,,,,,,,0,,,,,,0,,,,,,,,,,0,,,,,,,,,,,,,,0,,,,,0,,,0,,,1,1,0,0,0,0,0,0,0,0,1,0,0,0,0,0,0,0,0,0,0,0,0,0,0,0,,,,,,,0,,N,1,1,2,,,,,Y,N
3027,dha-0061,EM61,0,,,,,,,20150211,,,,,,,,,,0,,,,,,0,,,,,,,,,,0,,,,,,,,,,,,,,0,,,,,0,,,0,,,1,1,0,0,0,0,0,0,0,0,1,0,0,0,0,0,0,0,0,0,0,0,0,0,0,0,,,,,,,0,,N,1,1,2,,,,,Y,N
3154,dha-0061,EM61,0,,,,,,,20150213,,,,,,,,,,0,,,,,,0,,,,,,,,,,0,,,,,,,,,,,,,,0,,,,,0,,,0,,,1,1,0,0,0,0,0,0,0,0,1,0,0,0,0,0,0,0,0,0,0,0,0,0,0,0,,,,,,,0,,N,1,1,2,,,,,Y,N
3153,dha-0061,EM61,0,,,,,,,20150214,,,,,,,,,,0,,,,,,0,,,,,,,,,,0,,,,,,,,,,,,,,0,,,,,0,,,0,,,1,1,0,0,0,0,0,0,0,0,1,0,0,0,0,0,0,0,0,0,0,0,0,0,0,0,,,,,,,0,,N,1,1,2,,,,,Y,N
3156,dha-0061,EM61,0,,,,,,,20150217,,,,,,,,,,0,,,,,,0,,,,,,,,,,0,,,,,,,,,,,,,,0,,,,,0,,,0,,,1,1,0,0,0,0,0,0,0,0,1,0,0,0,0,0,0,0,0,0,0,0,0,0,0,0,,,,,,,0,,N,1,1,2,,,,,Y,N
3157,dha-0061,EM61,0,,,,,,,20150218,,,,,,,,,,0,,,,,,0,,,,,,,,,,0,,,,,,,,,,,,,,0,,,,,0,,,0,,,1,0,0,0,0,0,0,0,0,1,1,0,0,0,0,0,0,0,0,0,0,0,0,0,0,0,,,,,,,0,,N,1,1,2,,,,,Y,N
3408,dha-0061,EM61,0,,,,,,,20150225,,,,,,,,,,0,,,,,,0,,,,,,,,,,0,,,,,,,,,,,,,,0,,,,,0,,,0,,,1,1,0,0,0,0,0,0,0,0,1,0,0,0,0,0,0,0,0,0,0,0,0,0,0,0,,,,,,,0,,N,1,1,2,,,,,Y,N
3412,dha-0061,EM61,0,,,,,,,20150301,,,,,,,,,,0,,,,,,0,,,,,,,,,,0,,,,,,,,,,,,,,0,,,,,0,,,0,,,1,1,0,0,0,0,0,0,0,0,1,0,0,0,0,0,0,0,0,0,0,0,0,0,0,0,,,,,,,0,,N,1,1,2,,,,,Y,N
3413,dha-0061,EM61,0,,,,,,,20150302,,,,,,,,,,0,,,,,,0,,,,,,,,,,0,,,,,,,,,,,,,,0,,,,,0,,,0,,,1,1,0,0,0,0,0,0,0,0,1,0,0,0,0,0,0,0,0,0,0,0,0,0,0,0,,,,,,,0,,N,1,1,2,,,,,Y,N
3609,dha-0061,EM61,0,,,,,,,20150322,,,,,,,,,,0,,,,,,0,,,,,,,,,,0,,,,,,,,,,,,,,0,,,,,0,,,0,,,1,1,0,0,0,0,0,0,0,0,1,0,0,0,0,0,0,0,0,0,0,0,0,0,0,0,,,,,,,0,,N,1,1,2,,,,,Y,N
2370,dha-0063,em63,0,,,,,,,20150108,,,,,,,,,,0,,,,,,0,,,,,,,,,,0,,,,,,,,,,,,,,0,,,,,0,,,0,,,1,0,0,0,0,0,1,0,0,0,1,0,0,0,0,0,0,0,0,0,0,0,0,0,0,0,,,,,,,0,,N,1,1,2,,,,,Y,N
2515,dha-0063,em63,0,,,,,,,20150114,,,,,,,,,,0,,,,,,0,,,,,,,,,,0,,,,,,,,,,,,,,0,,,,,0,,,0,,,1,1,0,0,0,0,0,0,0,0,1,0,0,0,0,0,0,0,0,0,0,0,0,0,0,0,,,,,,,0,,N,1,1,2,,,,,Y,N
2770,dha-0063,em63,0,,,,,,,20150125,,,,,,,,,,0,,,,,,0,,,,,,,,,,0,,,,,,,,,,,,,,0,,,,,0,,,0,,,1,0,0,0,0,0,1,0,0,0,1,0,0,0,0,0,0,0,0,0,0,0,0,0,0,0,,,,,,,0,,N,1,1,2,,,,,Y,N
2771,dha-0063,em63,0,,,,,,,20150126,,,,,,,,,,0,,,,,,0,,,,,,,,,,0,,,,,,,,,,,,,,0,,,,,0,,,0,,,1,1,0,0,0,0,0,0,0,0,1,0,0,0,0,0,0,0,0,0,0,0,0,0,0,0,,,,,,,0,,N,1,1,2,,,,,Y,N
2841,dha-0063,em63,0,,,,,,,20150201,,,,,,,,,,0,,,,,,0,,,,,,,,,,0,,,,,,,,,,,,,,0,,,,,0,,,0,,,1,0,0,0,0,0,0,1,0,0,1,0,0,0,0,0,0,0,0,0,0,0,0,0,0,0,,,,,,,0,,N,1,1,2,,,,,Y,N
2906,dha-0063,em63,0,,,,,,,20150202,,,,,,,,,,0,,,,,,0,,,,,,,,,,0,,,,,,,,,,,,,,0,,,,,0,,,0,,,1,0,0,0,0,0,0,1,0,0,1,0,0,0,0,0,0,0,0,0,0,0,0,0,0,0,,,,,,,0,,N,1,1,2,,,,,Y,N
2907,dha-0063,em63,0,,,,,,,20150203,,,,,,,,,,0,,,,,,0,,,,,,,,,,0,,,,,,,,,,,,,,0,,,,,0,,,0,,,1,0,0,0,0,0,1,0,0,0,1,0,0,0,0,0,0,0,0,0,0,0,0,0,0,0,,,,,,,0,,N,1,1,2,,,,,Y,N
2945,dha-0063,em63,0,,,,,,,20150205,,,,,,,,,,0,,,,,,0,,,,,,,,,,0,,,,,,,,,,,,,,0,,,,,0,,,0,,,1,0,0,0,0,0,1,0,0,0,1,0,0,0,0,0,0,0,0,0,0,0,0,0,0,0,,,,,,,0,,N,1,1,2,,,,,Y,N
2946,dha-0063,em63,0,,,,,,,20150206,,,,,,,,,,0,,,,,,0,,,,,,,,,,0,,,,,,,,,,,,,,0,,,,,0,,,0,,,1,0,0,0,0,0,1,0,0,0,1,0,0,0,0,0,0,0,0,0,0,0,0,0,0,0,,,,,,,0,,N,1,1,2,,,,,Y,N
2991,dha-0063,em63,0,,,,,,,20150207,,,,,,,,,,0,,,,,,0,,,,,,,,,,0,,,,,,,,,,,,,,0,,,,,0,,,0,,,1,1,0,0,0,0,0,0,0,0,1,0,0,0,0,0,0,0,0,0,0,0,0,0,0,0,,,,,,,0,,N,1,1,2,,,,,Y,N
2993,dha-0063,em63,0,,,,,,,20150209,,,,,,,,,,0,,,,,,0,,,,,,,,,,0,,,,,,,,,,,,,,0,,,,,0,,,0,,,1,1,0,0,0,0,0,0,0,0,1,0,0,0,0,0,0,0,0,0,0,0,0,0,0,0,,,,,,,0,,N,1,1,2,,,,,Y,N
3074,dha-0063,em63,0,,,,,,,20150211,,,,,,,,,,0,,,,,,0,,,,,,,,,,0,,,,,,,,,,,,,,0,,,,,0,,,0,,,1,1,0,0,0,0,0,0,0,0,1,0,0,0,0,0,0,0,0,0,0,0,0,0,0,0,,,,,,,0,,N,1,1,2,,,,,Y,N
3077,dha-0063,em63,0,,,,,,,20150214,,,,,,,,,,0,,,,,,0,,,,,,,,,,0,,,,,,,,,,,,,,0,,,,,0,,,0,,,1,0,0,1,0,0,0,0,0,0,1,0,0,0,0,0,0,0,0,0,0,0,0,0,0,0,,,,,,,0,,N,1,1,2,,,,,Y,N
3078,dha-0063,em63,0,,,,,,,20150215,,,,,,,,,,0,,,,,,0,,,,,,,,,,0,,,,,,,,,,,,,,0,,,,,0,,,0,,,1,0,0,0,0,0,1,0,0,0,1,0,0,0,0,0,0,0,0,0,0,0,0,0,0,0,,,,,,,0,,N,1,1,2,,,,,Y,N
3178,dha-0063,em63,0,,,,,,,20150219,,,,,,,,,,0,,,,,,0,,,,,,,,,,0,,,,,,,,,,,,,,0,,,,,0,,,0,,,1,0,0,0,0,0,1,0,0,0,1,0,0,0,0,0,0,0,0,0,0,0,0,0,0,0,,,,,,,0,,N,1,1,2,,,,,Y,N
3347,dha-0063,em63,0,,,,,,,20150301,,,,,,,,,,0,,,,,,0,,,,,,,,,,0,,,,,,,,,,,,,,0,,,,,0,,,0,,,1,0,0,0,0,0,0,1,0,0,1,0,0,0,0,0,0,0,0,0,0,0,0,0,0,0,,,,,,,0,,N,1,1,2,,,,,Y,N
3333,dha-0063,em63,0,,,,,,,20150302,,,,,,,,,,0,,,,,,0,,,,,,,,,,0,,,,,,,,,,,,,,0,,,,,0,,,0,,,1,0,0,0,0,0,0,1,0,0,1,0,0,0,0,0,0,0,0,0,0,0,0,0,0,0,,,,,,,0,,N,1,1,2,,,,,Y,N
3350,dha-0063,em63,0,,,,,,,20150305,,,,,,,,,,0,,,,,,0,,,,,,,,,,0,,,,,,,,,,,,,,0,,,,,0,,,0,,,1,0,0,0,0,0,1,0,0,0,1,0,0,0,0,0,0,0,0,0,0,0,0,0,0,0,,,,,,,0,,N,1,1,2,,,,,Y,N
3427,dha-0063,em63,0,,,,,,,20150306,,,,,,,,,,0,,,,,,0,,,,,,,,,,0,,,,,,,,,,,,,,0,,,,,0,,,0,,,1,0,0,0,0,0,1,0,0,0,1,0,0,0,0,0,0,0,0,0,0,0,0,0,0,0,,,,,,,0,,N,1,1,2,,,,,Y,N
3430,dha-0063,em63,0,,,,,,,20150309,,,,,,,,,,0,,,,,,0,,,,,,,,,,0,,,,,,,,,,,,,,0,,,,,0,,,0,,,1,0,0,0,0,0,1,0,0,0,1,0,0,0,0,0,0,0,0,0,0,0,0,0,0,0,,,,,,,0,,N,1,1,2,,,,,Y,N
3672,dha-0063,em63,0,,,,,,,20150325,,,,,,,,,,0,,,,,,0,,,,,,,,,,0,,,,,,,,,,,,,,0,,,,,0,,,0,,,1,1,0,0,0,0,0,0,0,0,1,0,0,0,0,0,0,0,0,0,0,0,0,0,0,0,,,,,,,0,,N,1,1,2,,,,,Y,N
3671,dha-0063,em63,0,,,,,,,20150326,,,,,,,,,,0,,,,,,0,,,,,,,,,,0,,,,,,,,,,,,,,0,,,,,0,,,0,,,1,0,0,0,0,0,1,0,0,0,1,0,0,0,0,0,0,0,0,0,0,0,0,0,0,0,,,,,,,0,,N,1,1,2,,,,,Y,N
3741,dha-0063,em63,0,,,,,,,20150328,,,,,,,,,,0,,,,,,0,,,,,,,,,,0,,,,,,,,,,,,,,0,,,,,0,,,0,,,1,0,0,0,0,0,1,0,0,0,1,0,0,0,0,0,0,0,0,0,0,0,0,0,0,0,,,,,,,0,,N,1,1,2,,,,,Y,N
3742,dha-0063,em63,0,,,,,,,20150329,,,,,,,,,,0,,,,,,0,,,,,,,,,,0,,,,,,,,,,,,,,0,,,,,0,,,0,,,1,0,0,0,0,0,0,1,0,0,1,0,0,0,0,0,0,0,0,0,0,0,0,0,0,0,,,,,,,0,,N,1,1,2,,,,,Y,N
944,cmc-0011,M-010,1,201410271220,12,201410271922,19,7 hours 2 minutes,422,20141027,,,6,0,0,0,0,1,0,1,0,0,1,0,0,1,0,Y,1,1,0,0,1,0,0,1,0,0,1,0,Y,,,1,,,0,1,0,1,Y,1,,,0,0,1,1,0,Y,2,0,0,0,0,0,0,1,0,0,1,0,0,0,0,0,0,0,1,0,0,0,0,0,0,1,,0,0,0,0,0,0,,N,0,0,0,0 minutes,0,0 minutes,0,N,N
362,dha-0018,EM18,1,201409230435,04,201409231903,19,14 hours 28 minutes,868,20140923,weakness,0,,1,0,0,0,0,0,1,1,1,0,0,0,1,1,Y,1,0,0,0,0,0,0,0,0,1,0,0,N,,,,,,,,,0,N,0,,,0,,,0,0,Y,2,1,0,1,0,0,0,0,0,0,2,0,0,0,0,0,0,0,0,0,0,0,0,0,0,0,,0,1,0,0,0,1,,N,0,0,0,0 minutes,0,0 minutes,0,,
17,cmc-0002,M-002,1,201408281110,11,201408281440,14,3 hours and 30 minutes,210,20140828,weakness,0,,0,0,1,1,1,1,4,0,1,1,0,1,3,1,Y,1,0,0,0,0,0,0,0,0,1,0,0,N,,,,,,,,,0,N,0,,,0,,,0,0,Y,2,0,0,0,0,0,0,1,0,0,1,0,1,0,0,0,1,0,0,0,0,0,0,0,0,0,,0,1,0,0,0,1,,Y,0,1,1,0 minutes,0,30 minutes,30,N,N
235,cmc-0023,M-012,1,201409201700,17,201409202359,23,6 hours 59 minutes,419,20140920,weakness,0,3,1,0,0,0,0,0,1,1,0,1,1,0,2,1,N,0,0,0,0,0,0,0,0,0,1,0,0,N,,,,,,,,,0,Y,1,0,1,1,0,1,1,0,Y,2,0,0,1,0,0,1,0,0,0,2,0,0,0,0,0,0,0,0,0,0,0,0,0,0,0,,0,0,0,0,0,0,,Y,0,1,1,0 hours 0 minutes,0,2 hours 0 minutes,120,N,N
1532,cmc-0023,M-012,1,201411201157,11,201411201457,14,3 hours 0 minutes,180,20141120,weakness,0,3,1,0,0,0,0,0,1,1,0,0,1,0,1,1,N,0,0,1,0,0,0,1,2,1,1,1,1,N,,,,,,,,,0,N,0,,,0,,,0,0,Y,2,0,0,0,1,0,0,1,0,0,2,0,0,0,0,0,0,0,0,0,0,0,0,0,0,0,,0,0,0,0,0,0,,Y,0,1,1,0 hours 0 minutes,0,2 hours 0 minutes,120,N,N
1626,cmc-0023,M-012,1,201411250830,08,201411252359,23,15 hours 29 minutes,929,20141125,weakness,0,4,1,0,0,0,0,0,1,1,0,0,1,0,1,1,N,0,0,0,0,0,0,0,0,0,1,0,0,N,,,,,,,,,0,N,0,,,0,,,0,0,Y,2,1,0,1,0,0,0,0,0,0,2,0,0,0,0,0,0,0,0,0,0,0,0,0,0,0,,0,0,0,0,0,0,,Y,0,1,1,0 hours 0 minutes,0,2 hours 0 minutes,120,N,Y
1728,cmc-0023,M-012,1,201412031553,15,201412032359,23,8 hours 6 minutes,486,20141203,,,7,1,0,0,0,0,0,1,1,0,1,1,0,2,1,Y,1,0,0,0,0,0,1,1,0,1,0,0,N,,,,,,,,,0,Y,1,,,0,0,1,1,0,Y,2,1,0,1,0,0,0,0,0,0,2,0,0,0,0,0,0,0,0,0,0,0,0,0,0,0,,0,0,0,0,0,0,,Y,0,1,1,0 hours 0 minutes,0,2 hours and 30 minutes,150,,
647,cmc-0025,CM-003,1,201410121328,13,201410122328,23,10 hours 0 minutes,600,20141012,weakness,0,3,0,1,0,0,0,0,1,1,0,1,0,0,1,0,Y,1,0,0,0,0,1,0,1,0,1,0,0,N,,,,,,,,,0,N,0,,,0,,,0,0,Y,2,0,0,1,0,0,0,0,0,0,1,0,0,0,0,1,1,0,0,0,0,0,0,0,0,0,,0,1,0,0,0,1,,Y,0,1,1,0 hours 0 minutes,0,0 hours 50 minutes,50,N,N
360,cmc-0026,M-013,1,201409281035,10,201409281320,13,2 hours 45 minutes,165,20140928,middle,1,6,0,0,0,0,0,1,1,0,1,0,0,0,1,1,Y,1,0,0,0,0,0,0,0,0,1,0,0,N,,,,,,,,,0,N,0,,,0,,,0,0,Y,2,0,1,0,0,0,0,0,0,0,1,0,0,0,0,0,0,0,0,0,0,0,0,0,1,1,Sore throat symptoms,0,1,0,1,0,2,,Y,0,1,1,0 hours 0 minutes,0,0 hours 40 minutes,40,N,N
753,cmc-0032,CM-005,0,201410131252,12,201410131742,17,4 hours 50 minutes,290,20141013,middle,1,6,0,0,0,0,0,1,1,0,0,1,1,0,2,1,Y,1,0,1,0,0,0,1,2,1,1,1,1,N,,,,,,,,,0,N,0,,,0,,,0,0,Y,2,1,0,0,0,0,0,0,0,0,1,0,0,0,0,0,0,1,0,0,0,0,0,0,0,1,,0,1,0,0,0,1,,Y,0,1,1,0 hours 0 minutes,0,2 hours 0 minutes,120,N,N
904,cmc-0042,M-026,0,201410251130,11,201410252359,23,12 hours 29 minutes,749,20141025,weakness,0,4,0,1,0,0,0,0,1,1,0,0,1,0,1,1,Y,1,0,1,0,0,0,0,1,0,1,0,0,N,,,,,,,,,0,Y,1,,,0,0,1,1,0,Y,2,1,0,0,0,0,1,0,0,0,2,0,0,0,0,0,0,0,0,0,0,0,0,0,0,0,,1,1,0,0,0,2,,Y,0,1,1,0 hours 0 minutes,0,1 hour 0 minutes,60,N,Y
2380,cmc-0067,M-040,0,201501021012,10,201501021400,14,3 hours 48 minutes,228,20150102,weakness,0,3,1,0,0,0,0,0,1,1,0,0,1,0,1,1,N,0,0,0,0,0,0,0,0,0,1,0,0,Y,,,,1,hospital prescription drugs,0,0,1,1,N,0,,,0,,,0,0,Y,2,0,0,1,0,1,0,0,0,0,2,0,0,0,0,0,0,0,0,0,0,0,0,0,0,0,,1,1,0,1,0,3,,Y,0,1,1,0 hours 0 minutes,0,1 hour 0 minutes,60,N,N
295,dha-0002,em2,0,201409161500,15,,,4 hours 0 minutes,240,20140916,weakness,0,3,0,1,1,0,0,0,2,1,0,0,1,0,1,1,Y,1,0,1,0,0,0,1,2,1,1,1,1,Y,,,,1,Prescription medication (taken about 2 hours after headache starts),0,0,1,1,Y,1,,,0,0,1,1,0,Y,2,1,0,0,0,0,0,0,0,0,1,0,0,0,0,0,0,0,0,0,0,0,0,0,1,1,child problem,0,0,0,0,1,1,Disappears one hour after taking medication,Y,0,1,1,0 hours 0 minutes,0,0 hours 10 minutes,10,N,N
310,dha-0002,em2,0,201409180900,09,201409181200,12,3 hours 0 minutes,180,20140918,weakness,0,3,0,1,0,0,0,0,1,1,0,1,0,0,1,0,Y,1,0,0,0,0,0,0,0,0,1,0,0,Y,,,,1,Take it 2:30 after the headache starts. Pain changes from 2 to 3 until 1 hour after the headache starts. Prescription medication disappears after 30 minutes.,0,0,1,1,Y,1,,,0,0,1,1,0,Y,2,1,0,0,0,0,0,0,0,0,1,0,0,0,0,0,0,0,0,0,0,0,0,0,1,1,"Problems with the child's school the day before, stress from driving as a beginner",0,1,0,0,1,2,Take prescription medication 2:30 after headache starts.,Y,0,1,1,0 hours 0 minutes,0,0 hours 10 minutes,10,N,N
838,dha-0002,em2,0,201410260700,07,,,2 hours 0 minutes,120,20141026,middle,1,5,1,0,1,0,0,0,2,1,0,1,1,0,2,1,Y,1,0,1,0,0,0,1,2,1,1,1,1,Y,,,,1,Hospital prescribed medication (taken one hour after headache starts),0,1,0,1,Y,1,,,0,0,1,1,0,Y,2,1,0,0,0,0,0,0,0,0,1,0,0,0,0,0,0,0,0,0,0,0,0,0,1,1,Climbing the day before,0,0,0,0,1,1,Gets better an hour after taking the medicine,N,0,1,1,0 hours 0 minutes,0,0 hours 20 minutes,20,N,N
245,dha-0010,em10,1,201409121030,10,201409120704,07,20 hours 34 minutes per day,1234,20140912,Severe,1,8,0,1,0,0,1,1,3,1,1,1,1,1,4,1,N,0,0,1,0,0,0,1,2,1,1,1,1,Y,,,,1,Naramik,0,0,1,1,Y,1,0,1,1,0,1,1,0,Y,2,0,0,0,0,0,0,0,0,0,0,1,1,0,0,0,2,0,0,0,0,0,0,0,0,0,,1,1,0,1,0,3,,Y,0,1,1,0 hours 0 minutes,0,2 hours and 30 minutes,150,N,N
610,dha-0010,em10,1,201410121200,12,201410121800,18,6 hours 0 minutes,360,20141012,middle,1,6,0,0,0,1,1,1,3,0,1,0,1,0,2,1,,0,0,1,0,0,0,1,2,1,1,1,1,Y,,,,1,Naramik,0,0,1,1,N,0,,,0,,,0,0,Y,2,0,0,0,0,0,0,0,0,0,0,1,1,0,0,0,2,0,0,0,0,0,0,0,0,0,,0,1,0,0,0,1,,Y,0,1,1,0 hours 0 minutes,0,2 hours 0 minutes,120,N,N
674,dha-0029,EM29,1,201410092115,21,201410092200,22,45 minutes,45,20141009,middle,1,,0,0,0,1,0,0,1,0,1,0,0,0,1,1,Y,1,0,0,0,0,0,0,0,0,1,0,0,N,,,,,,,,,0,N,0,,,0,,,0,0,Y,2,0,0,0,0,0,1,0,0,0,1,0,0,0,0,0,0,0,0,0,0,0,0,0,1,1,During exercise,0,1,0,0,0,1,,Y,1,0,1,1 hour 0 minutes,60,0 hours 0 minutes,0,N,N
678,dha-0029,EM29,1,201410131520,15,201410131600,16,40 minutes,40,20141013,weakness,0,,0,1,0,0,0,0,1,1,0,0,1,0,1,1,Y,1,0,0,0,0,0,0,0,0,1,0,0,N,,,,,,,,,0,N,0,,,0,,,0,0,Y,2,0,0,0,0,0,1,0,0,1,2,0,0,0,0,0,0,0,0,0,0,0,0,0,0,0,,0,1,1,0,0,2,,Y,1,0,1,1 hour 0 minutes,60,0 hours 0 minutes,0,N,N
1366,dha-0029,EM29,1,201410250730,07,201410250810,08,40 minutes,40,20141025,weakness,0,,0,0,0,1,0,0,1,0,1,0,0,0,1,1,Y,1,0,0,0,0,0,0,0,0,1,0,0,N,,,,,,,,,0,N,0,,,0,,,0,0,Y,2,0,0,0,1,0,0,0,0,0,1,1,0,0,0,0,1,0,0,0,0,0,0,0,0,0,,0,1,1,0,0,2,,Y,0,1,1,0 hours 0 minutes,0,1 hour 0 minutes,60,N,N
1964,dha-0033,em33,1,201412212109,21,201412212359,23,2 hours 50 minutes,170,20141221,middle,1,4,0,0,0,0,1,0,1,0,0,1,0,1,2,0,,0,0,0,0,0,0,0,0,0,0,0,0,Y,1,1,,,,1,0,0,1,N,0,,,0,,,0,0,Y,2,0,0,0,0,1,0,0,0,0,1,1,0,0,0,0,1,0,0,0,0,0,0,0,0,0,,0,0,0,1,0,1,,Y,0,1,1,0 hours 0 minutes,0,1 hour 30 minutes,90,N,Y
988,dha-0041,em41,0,201411030800,08,201411030850,08,50 minutes,50,20141103,weakness,0,,0,0,0,1,0,0,1,0,0,0,0,1,1,0,N,0,0,0,0,0,0,1,1,0,0,0,0,N,,,,,,,,,0,N,0,,,0,,,0,0,Y,2,0,0,0,0,0,0,1,0,0,1,0,0,0,0,0,0,0,0,0,0,0,0,0,1,1,Frequent waking up during sleep,0,0,0,1,1,2,busy schedule,Y,0,1,1,0 hours 0 minutes,0,1 hour 0 minutes,60,N,N
3191,dha-0057,em57,0,201502100900,09,201502102359,23,14 hours 59 minutes,899,20150210,weakness,0,4,0,0,0,1,0,0,1,0,1,1,0,0,2,1,Y,1,0,0,0,0,0,1,1,0,1,0,0,Y,,,1,,,0,1,0,1,N,0,,,0,,,0,0,Y,2,1,0,0,0,0,0,1,0,0,2,0,0,0,0,0,0,0,0,0,0,0,0,0,0,0,,0,1,1,0,0,2,,Y,0,1,1,0 hours 0 minutes,0,0 hours 20 minutes,20,N,Y
2969,dha-0060,em60,0,201502070537,05,201502071630,16,10 hours 53 minutes,653,20150207,middle,1,5,0,0,0,1,0,0,1,0,0,0,0,1,1,0,N,0,0,0,0,0,0,0,0,0,0,0,0,Y,,4,,1,Immigran,0,0,1,1,N,0,,,0,,,0,0,Y,2,1,0,0,0,0,0,0,0,0,1,1,0,0,0,0,1,0,0,0,0,0,0,0,0,0,,0,0,0,0,0,0,,Y,0,1,1,0 hours 0 minutes,0,0 hours 30 minutes,30,N,N
2920,dha-0063,em63,0,201502042310,23,201502042359,23,49 minutes,49,20150204,weakness,0,3,0,0,1,0,0,0,1,0,0,0,1,0,1,1,Y,1,0,0,0,0,0,0,0,0,1,0,0,Y,,,1,,,1,0,0,1,Y,1,,,0,0,1,1,0,Y,2,1,0,0,0,0,1,0,0,0,2,0,0,0,0,0,0,0,0,0,0,0,0,0,0,0,,1,1,0,0,0,2,,Y,0,1,1,0 hours 0 minutes,0,0 hours 50 minutes,50,N,Y
326,cmc-0001,M-001,1,201409251400,14,201409252359,23,9 hours 59 minutes,599,20140925,weakness,0,2,0,0,0,1,0,0,1,0,0,0,0,1,1,0,Y,1,0,1,0,0,0,0,1,0,0,0,0,Y,,1,,,,0,0,1,1,N,0,,,0,,,0,0,Y,2,1,0,0,0,0,0,0,0,0,1,0,1,0,0,0,1,0,0,0,0,0,0,0,0,0,,1,1,1,0,0,3,,N,1,1,2,,,,,N,Y
503,cmc-0001,M-001,1,201410061904,19,201410062348,23,4 hours 44 minutes,284,20141006,Severe,1,5,0,0,0,1,0,0,1,0,0,0,0,1,1,0,Y,1,0,1,0,0,1,0,2,0,1,0,0,Y,1,,,,,0,0,1,1,Y,1,0,1,1,,,0,0,Y,2,0,0,0,0,0,1,0,0,0,1,0,0,1,0,0,1,0,0,0,0,0,0,0,0,0,,0,1,0,0,0,1,,N,1,1,2,,,,,N,N
52,cmc-0002,M-002,1,201409021617,16,201409022100,21,4 hours 43 minutes,283,20140902,weakness,0,,0,0,1,1,0,1,3,0,1,0,0,1,2,1,Y,1,0,1,0,0,1,0,2,0,1,0,0,N,,,,,,,,,0,N,0,,,0,,,0,0,Y,2,1,0,0,0,0,0,0,0,0,1,0,0,0,0,1,1,0,0,0,0,0,0,0,0,0,,0,1,0,0,0,1,,N,1,1,2,,,,,N,N
66,cmc-0002,M-002,1,201409031330,13,201409032359,23,10 hours 29 minutes,629,20140903,weakness,0,,0,0,0,1,0,1,2,0,1,0,1,1,3,1,Y,1,0,1,0,0,0,0,1,0,1,0,0,N,,,,,,,,,0,Y,1,,,0,0,1,1,0,Y,2,1,0,0,0,0,0,0,0,0,1,1,0,0,0,0,1,0,0,0,0,0,0,0,0,0,,0,1,1,0,0,2,,N,1,1,2,,,,,N,Y
118,cmc-0003,M-003,0,201409092130,21,201409092359,23,2 hours 29 minutes,149,20140909,weakness,0,3,0,0,0,1,1,0,2,0,0,0,1,0,1,1,N,0,0,0,0,0,0,0,0,0,0,0,0,N,,,,,,,,,0,N,0,,,0,,,0,0,Y,2,1,0,0,0,0,0,0,0,1,2,0,0,0,0,0,0,0,0,0,0,0,0,0,0,0,,0,1,0,0,0,1,,N,1,1,2,,,,,N,N
833,cmc-0003,M-003,0,201410121806,18,201410122100,21,2 hours 54 minutes,174,20141012,middle,1,5,0,0,0,1,1,0,2,0,0,0,1,0,1,1,Y,1,0,0,0,0,0,0,0,0,1,0,0,N,,,,,,,,,0,Y,1,0,1,1,,,0,0,Y,2,1,0,0,0,0,1,0,0,0,2,0,0,0,0,0,0,0,0,0,0,0,0,0,0,0,,0,1,0,0,0,1,,N,1,1,2,,,,,N,N
829,cmc-0003,M-003,0,201410162000,20,,,2 hours 0 minutes,120,20141016,weakness,0,3,0,0,0,1,0,0,1,0,0,0,1,0,1,1,Y,1,0,0,0,0,0,0,0,0,1,0,0,N,,,,,,,,,0,N,0,,,0,,,0,0,Y,2,1,0,0,0,0,0,1,0,0,2,0,0,0,0,0,0,0,0,0,0,0,0,0,0,0,,0,0,0,0,0,0,,N,1,1,2,,,,,N,N
782,cmc-0003,M-003,0,201410192200,22,201410192359,23,1 hour 59 minutes,119,20141019,Severe,1,7,0,1,0,0,1,0,2,1,1,0,1,0,2,1,Y,1,0,0,0,0,0,1,1,0,1,0,0,Y,1,,,2,hospital prescription,1,0,0,1,Y,1,0,1,1,,,0,0,Y,2,1,0,0,0,0,0,0,0,1,2,0,0,0,0,0,0,0,0,0,0,0,0,0,0,0,,0,0,0,0,1,1,doesn't exist,N,1,1,2,,,,,N,Y
827,cmc-0003,M-003,0,201410201800,18,201410202030,20,2 hours 30 minutes,150,20141020,middle,1,5,0,0,0,1,1,0,2,0,0,0,1,0,1,1,Y,1,0,0,0,0,0,1,1,0,1,0,0,N,,,,,,,,,0,N,0,,,0,,,0,0,Y,2,1,0,1,0,0,0,0,0,0,2,0,0,0,0,0,0,0,0,0,0,0,0,0,0,0,,0,1,0,0,0,1,,N,1,1,2,,,,,N,N
102,cmc-0008,M-007,0,201409052221,22,,,0 minutes,0,20140905,middle,1,2,1,0,0,0,0,0,1,1,0,0,1,0,1,1,Y,1,0,0,0,0,0,0,0,0,1,0,0,Y,,,1,,,0,0,1,1,Y,1,,,0,0,1,1,0,Y,2,1,0,0,0,0,0,1,0,0,2,0,0,0,0,0,0,0,0,0,0,0,0,0,0,0,,0,1,0,0,0,1,,N,1,1,2,,,,,N,N
92,cmc-0008,M-007,0,201409060306,03,201409062359,23,20 hours 53 minutes,1253,20140906,weakness,0,2,1,0,0,0,0,0,1,1,0,0,1,0,1,1,,0,0,0,0,0,0,0,0,0,1,0,0,Y,,,1,,,0,0,1,1,Y,1,,,0,0,1,1,0,Y,2,1,0,0,0,0,0,1,0,0,2,0,0,0,0,0,0,0,0,0,0,0,0,0,0,0,,0,1,0,0,0,1,,N,1,1,2,,,,,,
114,cmc-0008,M-007,0,201409091430,14,201409091840,18,4 hours 10 minutes,250,20140909,weakness,0,4,0,1,0,0,0,0,1,1,0,0,1,0,1,1,Y,1,0,0,0,0,0,0,0,0,1,0,0,Y,,,2,,,0,0,1,1,Y,1,,,0,0,1,1,0,Y,2,0,0,0,0,0,0,0,0,0,0,1,0,0,0,0,1,0,0,0,0,0,0,0,1,1,air conditioning,1,1,0,0,0,2,,N,1,1,2,,,,,N,N
1217,cmc-0022,M-011,1,201411061100,11,201411061300,13,2 hours 0 minutes,120,20141106,middle,1,6,1,0,0,0,0,1,2,1,1,0,0,1,2,1,,0,0,0,0,0,0,0,0,0,1,0,0,Y,,,1,,,0,1,0,1,Y,1,,,0,0,1,1,0,Y,2,0,0,0,0,0,1,1,0,0,2,0,0,0,0,0,0,0,0,0,0,0,0,0,0,0,,0,0,0,0,0,0,,N,1,1,2,,,,,N,N
285,cmc-0023,M-012,1,201409231625,16,201409232359,23,7 hours 34 minutes,454,20140923,weakness,0,3,1,1,0,0,0,0,2,1,0,1,1,0,2,1,Y,1,0,0,0,0,0,0,0,0,1,0,0,N,,,,,,,,,0,Y,1,,,0,0,1,1,0,Y,2,1,0,1,0,0,0,0,0,0,2,0,0,0,0,0,0,0,0,0,0,0,0,0,0,0,,0,0,0,0,0,0,,N,1,1,2,,,,,,
320,cmc-0023,M-012,1,201409251030,10,201409252359,23,13 hours 29 minutes,809,20140925,weakness,0,4,1,0,0,0,0,0,1,1,0,0,1,0,1,1,,0,0,0,0,0,0,0,0,0,1,0,0,N,,,,,,,,,0,Y,1,0,1,1,0,1,1,0,Y,2,1,0,1,0,0,0,0,0,0,2,0,0,0,0,0,0,0,0,0,0,0,0,0,0,0,,0,0,0,0,0,0,,N,1,1,2,,,,,,
411,cmc-0023,M-012,1,201409261100,11,201409262359,23,12 hours 59 minutes,779,20140926,middle,1,4,1,0,0,0,0,0,1,1,0,1,1,0,2,1,N,0,0,0,0,0,0,0,0,0,1,0,0,N,,,,,,,,,0,N,0,,,0,,,0,0,Y,2,1,0,0,0,0,1,0,0,0,2,0,0,0,0,0,0,0,0,0,0,0,0,0,0,0,,1,0,0,0,0,1,,N,1,1,2,,,,,N,N
434,cmc-0023,M-012,1,201409291411,14,201409292359,23,9 hours 48 minutes,588,20140929,weakness,0,3,1,0,0,0,0,0,1,1,0,1,1,0,2,1,Y,1,0,1,0,0,0,0,1,0,1,0,0,N,,,,,,,,,0,Y,1,0,1,1,0,1,1,0,Y,2,1,0,0,0,0,1,0,0,0,2,0,0,0,0,0,0,0,0,0,0,0,0,0,0,0,,0,1,0,0,0,1,,N,1,1,2,,,,,N,N
433,cmc-0023,M-012,1,201409301100,11,201409302359,23,12 hours 59 minutes,779,20140930,weakness,0,3,1,0,0,0,0,0,1,1,0,1,1,0,2,1,Y,1,0,1,0,0,0,0,1,0,1,0,0,N,,,,,,,,,0,Y,1,0,1,1,0,1,1,0,Y,2,0,0,1,0,0,1,0,0,0,2,0,0,0,0,0,0,0,0,0,0,0,0,0,0,0,,0,1,0,0,0,1,,N,1,1,2,,,,,N,N
557,cmc-0023,M-012,1,201410070830,08,201410072359,23,15 hours 29 minutes,929,20141007,middle,1,5,1,1,1,1,1,1,6,1,0,1,1,0,2,1,Y,1,0,1,0,0,0,1,2,1,1,1,1,Y,,,,3,Almograan + prescription drugs,0,1,0,1,Y,1,0,1,1,1,0,1,1,Y,2,1,0,0,0,0,0,1,0,0,2,0,0,0,0,0,0,0,0,0,0,0,0,0,0,0,,1,1,0,0,0,2,,N,1,1,2,,,,,N,Y
1465,cmc-0023,M-012,1,201411171603,16,201411171715,17,1 hour 12 minutes,72,20141117,weakness,0,3,1,0,0,0,0,0,1,1,0,0,1,0,1,1,N,0,0,0,0,0,0,0,0,0,1,0,0,N,,,,,,,,,0,N,0,,,0,,,0,0,Y,2,0,0,1,0,0,0,1,0,0,2,0,0,0,0,0,0,0,0,0,0,0,0,0,0,0,,0,1,0,0,0,1,,N,1,1,2,,,,,N,N
1625,cmc-0023,M-012,1,201411240830,08,201411242237,22,14 hours 7 minutes,847,20141124,weakness,0,3,0,0,0,0,0,1,1,0,0,0,0,1,1,0,N,0,0,0,0,0,0,0,0,0,0,0,0,N,,,,,,,,,0,N,0,,,0,,,0,0,Y,2,1,0,1,0,0,0,0,0,0,2,0,0,0,0,0,0,0,0,0,0,0,0,0,0,0,,1,0,0,0,0,1,,N,1,1,2,,,,,N,N
1658,cmc-0023,M-012,1,201411260830,08,201411262359,23,15 hours 29 minutes,929,20141126,weakness,0,3,1,1,0,1,0,1,4,1,0,0,1,0,1,1,,0,0,1,0,0,0,0,1,0,1,0,0,N,,,,,,,,,0,Y,1,,,0,0,1,1,0,Y,2,1,0,1,0,0,0,0,0,0,2,0,0,0,0,0,0,0,0,0,0,0,0,0,0,0,,1,0,0,0,0,1,,N,1,1,2,,,,,N,N
357,cmc-0024,CM-002,0,201409261740,17,201409262200,22,4 hours 20 minutes,260,20140926,weakness,0,7,1,0,0,0,1,0,2,1,0,0,1,0,1,1,Y,1,0,1,0,0,0,0,1,0,1,0,0,Y,1,1,1,,,0,0,1,1,N,0,,,0,,,0,0,Y,2,1,0,0,0,0,1,0,0,0,2,0,0,0,0,0,0,0,0,0,0,0,0,0,0,0,,0,1,0,0,0,1,,N,1,1,2,,,,,N,N
452,cmc-0024,CM-002,0,201410031713,17,201410032213,22,5 hours 0 minutes,300,20141003,weakness,0,2,0,0,1,0,0,0,1,0,0,1,0,0,1,0,N,0,0,1,0,0,0,1,2,1,0,1,0,Y,,,,2,General headache medication,0,1,0,1,Y,1,0,1,1,0,1,1,0,Y,2,0,0,0,0,0,0,0,0,0,0,0,0,1,0,0,1,0,0,0,0,0,0,0,1,1,There was nothing special,0,0,0,0,1,1,approximately,N,1,1,2,,,,,N,N
990,cmc-0024,CM-002,0,201410270119,01,201410271035,10,9 hours 16 minutes,556,20141027,weakness,0,1,0,1,0,0,1,0,2,1,0,0,1,0,1,1,Y,1,0,1,0,0,0,0,1,0,1,0,0,Y,1,1,1,,,0,0,1,1,Y,1,0,1,1,0,1,1,0,Y,2,0,0,1,0,0,1,0,0,0,2,0,0,0,0,0,0,0,0,0,0,0,0,0,0,0,,0,0,0,0,1,1,Taking medicine,N,1,1,2,,,,,N,N
567,cmc-0025,CM-003,1,201409220600,06,201409222359,23,17 hours 59 minutes,1079,20140922,middle,1,5,0,0,1,0,0,0,1,0,0,1,1,0,2,1,,0,0,0,0,0,1,0,1,0,1,0,0,Y,1,,,,,0,1,0,1,Y,1,0,1,1,0,1,1,1,Y,2,1,0,0,0,0,0,0,0,0,1,0,0,0,0,1,1,0,0,0,0,0,0,0,0,0,,0,1,0,0,1,2,Do I have to take the prescribed medicine and Penzal together to relieve the headache? Sometimes I have to take one pill in the morning and two pills in the evening to relieve the headache.,N,1,1,2,,,,,N,Y
611,cmc-0025,CM-003,1,201410100033,00,201410102359,23,23 hours 26 minutes,1406,20141010,middle,1,,0,1,0,0,0,0,1,1,0,1,0,1,2,0,Y,1,0,1,0,0,1,0,2,0,1,0,0,Y,1,,,,,1,0,0,1,Y,1,0,1,1,0,1,1,0,Y,2,0,0,0,0,0,1,0,0,0,1,0,0,0,0,1,1,0,0,0,0,0,0,0,0,0,,0,1,0,0,1,2,"It hasn't subsided for a few days and the pain continues. I feel like my stomach is bloated and taking digestive medicine doesn't seem to help, so I buy a soda and drink a little.",N,1,1,2,,,,,N,Y
1040,cmc-0025,CM-003,1,201410190604,06,201410191510,15,9 hours 6 minutes,546,20141019,weakness,0,3,0,1,0,0,0,0,1,1,1,0,0,0,1,1,N,0,0,0,0,0,1,0,1,0,1,0,0,N,,,,,,,,,0,N,0,,,0,,,0,0,Y,2,0,0,1,0,0,0,0,0,0,1,0,0,0,0,1,1,0,0,0,0,0,0,0,0,0,,0,1,1,0,0,2,,N,1,1,2,,,,,N,N
1043,cmc-0025,CM-003,1,201410231310,13,201410232310,23,10 hours 0 minutes,600,20141023,middle,1,5,0,0,0,1,0,0,1,0,0,1,0,1,2,0,Y,1,0,0,0,0,0,0,0,0,1,0,0,Y,2,,,,,0,1,0,1,N,0,,,0,,,0,0,Y,2,0,0,0,0,0,0,0,0,0,0,0,0,0,0,1,1,0,0,0,0,0,0,0,1,1,"It was my day off, so I took a nap at home and woke up feeling dizzy as if my head was spinning, and then I started having a headache that felt like it was constricting.",1,1,0,0,0,2,,N,1,1,2,,,,,N,N
1046,cmc-0025,CM-003,1,201410261410,14,201410262313,23,9 hours 3 minutes,543,20141026,middle,1,7,0,0,0,1,0,0,1,0,0,1,1,0,2,1,Y,1,0,0,0,0,1,0,1,0,1,0,0,Y,1,,,,,1,0,0,1,Y,1,0,1,1,0,1,1,1,Y,2,0,0,0,0,0,0,0,0,0,0,0,0,0,0,1,1,0,0,0,0,0,0,0,1,1,"I can hardly eat out to the point where I feel sick when I go out. Even when I meet friends or acquaintances, I often have to avoid meal times to meet them. This is because the smell of food and all these things often cause headaches.",1,1,0,0,0,2,,N,1,1,2,,,,,N,N
1421,cmc-0025,CM-003,1,201411111057,10,201411112257,22,12 hours 0 minutes,720,20141111,middle,1,6,1,0,0,0,0,0,1,1,0,1,1,0,2,1,Y,1,0,0,0,0,1,0,1,0,1,0,0,Y,2,,,,,0,1,0,1,N,0,,,0,,,0,0,Y,2,0,0,0,0,0,0,0,0,0,0,0,0,1,0,1,2,0,0,0,0,0,0,0,0,0,,1,1,0,0,0,2,,N,1,1,2,,,,,N,N
184,cmc-0027,CM-004,1,201409161701,17,201409162301,23,6 hours 0 minutes,360,20140916,middle,1,5,1,0,0,0,0,0,1,1,1,0,0,0,1,1,Y,1,0,0,0,0,1,0,1,0,1,0,0,N,,,,,,,,,0,Y,1,,,0,0,1,1,0,Y,2,1,0,0,0,0,0,0,0,0,1,0,0,0,0,1,1,0,0,0,0,0,0,0,0,0,,1,1,0,0,0,2,,N,1,1,2,,,,,N,N
763,cmc-0027,CM-004,1,201410171238,12,201410172038,20,8 hours 0 minutes,480,20141017,middle,1,,0,0,1,1,0,0,2,0,1,0,0,1,2,1,,0,0,0,0,0,0,1,1,0,1,0,0,N,,,,,,,,,0,,0,,,0,,,0,0,Y,2,0,0,0,0,0,0,0,0,0,0,1,1,0,0,0,2,0,0,0,0,0,0,0,0,0,,1,1,0,0,0,2,,N,1,1,2,,,,,N,N
226,cmc-0028,M-014,0,201409201038,10,201409201348,13,3 hours 10 minutes,190,20140920,weakness,0,3,1,0,0,0,0,0,1,1,1,0,0,0,1,1,Y,1,0,0,0,0,0,0,0,0,1,0,0,N,,,,,,,,,0,Y,1,0,1,1,0,1,1,0,Y,2,1,0,1,0,0,0,0,0,0,2,0,0,0,0,0,0,0,0,0,0,0,0,0,0,0,,1,0,0,0,0,1,,Y,1,1,2,0 hours 0 minutes 0 minutes,0,0 hours 30 minutes 30 minutes,30,N,N
339,cmc-0029,M-015,1,201409260830,08,201409262359,23,15 hours 29 minutes,929,20140926,middle,1,4,1,0,0,0,0,0,1,1,0,0,1,0,1,1,N,0,0,0,0,0,0,0,0,0,1,0,0,N,,,,,,,,,0,Y,1,,,0,0,1,1,0,Y,2,1,0,0,0,0,0,0,0,0,1,0,0,0,0,0,0,0,0,0,1,0,0,0,0,1,,0,1,0,0,0,1,,N,1,1,2,,,,,N,Y
995,cmc-0029,M-015,1,201410270000,00,201410271100,11,11 hours 0 minutes,660,20141027,weakness,0,3,0,0,0,1,0,0,1,0,0,0,1,0,1,1,N,0,0,0,0,0,1,0,1,0,0,0,0,Y,,,,1,prescribed medication,0,0,1,1,Y,1,0,1,1,,,0,0,Y,2,0,0,1,0,0,1,0,0,0,2,0,0,0,0,0,0,0,0,0,0,0,0,0,0,0,,0,0,0,0,1,1,Taking medicine,N,1,1,2,,,,,N,N
1131,cmc-0029,M-015,1,201411030000,00,201411031100,11,11 hours 0 minutes,660,20141103,middle,1,4,0,0,0,1,0,0,1,0,0,0,0,1,1,0,N,0,0,0,0,0,0,0,0,0,0,0,0,Y,,,,1,prescribed medication,0,0,1,1,Y,1,0,1,1,,,0,0,Y,2,0,0,1,0,0,1,0,0,0,2,0,0,0,0,0,0,0,0,0,0,0,0,0,0,0,,0,0,0,0,1,1,Taking medicine,N,1,1,2,,,,,N,N
1760,cmc-0029,M-015,1,201412040900,09,201412041100,11,2 hours 0 minutes,120,20141204,weakness,0,3,1,0,0,0,0,0,1,1,1,0,0,0,1,1,Y,1,0,0,0,0,1,0,1,0,1,0,0,Y,2,,,1,Almogran,0,0,1,1,N,0,,,0,,,0,0,Y,2,1,0,0,0,0,0,0,0,0,1,0,0,1,0,0,1,0,0,0,0,0,0,0,0,0,,0,0,0,0,1,1,Taking medicine,N,1,1,2,,,,,N,N
1813,cmc-0029,M-015,1,201412062200,22,201412062330,23,1 hour 30 minutes,90,20141206,weakness,0,3,1,0,0,0,0,0,1,1,1,0,1,0,2,1,Y,1,0,0,0,0,0,0,0,0,1,0,0,Y,2,,,,,0,0,1,1,N,0,,,0,,,0,0,Y,2,1,0,0,0,0,0,0,0,0,1,0,0,0,0,0,0,0,0,0,0,1,0,0,0,1,,1,0,0,0,0,1,,N,1,1,2,,,,,N,N
1113,cmc-0032,CM-005,0,201410300815,08,201410301300,13,4 hours 45 minutes,285,20141030,weakness,0,2,0,0,0,1,0,0,1,0,0,0,1,0,1,1,N,0,1,0,0,1,0,0,1,0,0,1,0,N,,,,,,,,,0,N,0,,,0,,,0,0,Y,2,0,0,0,0,0,1,0,0,0,1,0,0,0,0,0,0,0,1,0,0,0,0,0,0,1,,0,1,0,0,0,1,,N,1,1,2,,,,,N,N
1833,cmc-0032,CM-005,0,201411201124,11,201411201217,12,53 minutes,53,20141120,weakness,0,3,0,0,0,0,0,1,1,0,1,1,0,0,2,1,N,0,0,1,0,0,0,0,1,0,0,0,0,N,,,,,,,,,0,N,0,,,0,,,0,0,Y,2,1,0,0,0,1,0,0,0,0,2,0,0,0,0,0,0,0,0,0,0,0,0,0,0,0,,0,1,0,0,0,1,,N,1,1,2,,,,,N,N
1926,cmc-0032,CM-005,0,201412091130,11,201412091540,15,4 hours 10 minutes,250,20141209,middle,1,6,0,0,0,1,0,1,2,0,0,1,1,0,2,1,N,0,0,1,0,0,1,0,2,0,1,0,0,N,,,,,,,,,0,N,0,,,0,,,0,0,Y,2,1,0,0,0,0,0,0,0,0,1,0,0,0,0,0,0,0,1,0,0,0,0,0,0,1,,0,1,0,0,0,1,,N,1,1,2,,,,,N,N
1560,cmc-0033,CM-006,1,201411221545,15,201411221741,17,1 hour 56 minutes,116,20141122,weakness,0,1,1,0,0,0,0,0,1,1,1,0,0,0,1,1,,0,0,0,0,0,0,0,0,0,1,0,0,Y,,,,1,hospital medicine,0,0,1,1,,0,,,0,,,0,0,Y,2,0,0,1,0,0,1,0,0,0,2,0,0,0,0,0,0,0,0,0,0,0,0,0,0,0,,1,1,0,0,0,2,,N,1,1,2,,,,,N,N
1956,cmc-0033,CM-006,1,201412131837,18,201412132037,20,2 hours 0 minutes,120,20141213,weakness,0,1,1,0,0,0,0,0,1,1,0,0,0,1,1,0,Y,1,0,0,0,0,0,0,0,0,1,0,0,Y,1,,,,,0,1,0,1,N,0,,,0,,,0,0,Y,2,1,0,1,0,0,0,0,0,0,2,0,0,0,0,0,0,0,0,0,0,0,0,0,0,0,,0,0,0,0,0,0,,N,1,1,2,,,,,N,N
877,cmc-0042,M-026,0,201410230930,09,201410232359,23,14 hours 29 minutes,869,20141023,middle,1,5,0,0,0,1,0,0,1,0,0,0,1,0,1,1,Y,1,0,1,0,0,0,0,1,0,1,0,0,N,,,,,,,,,0,Y,1,0,1,1,0,1,1,0,Y,2,0,0,0,0,0,1,0,0,0,1,0,0,1,0,0,1,0,0,0,0,0,0,0,0,0,,1,1,0,0,0,2,,N,1,1,2,,,,,N,Y
1416,cmc-0042,M-026,0,201411141447,14,201411140136,01,3 days 10 hours 49 minutes,649,20141114,middle,1,5,0,1,0,0,0,0,1,1,1,0,0,0,1,1,Y,1,0,1,0,0,0,0,1,0,1,0,0,Y,,,,2,Indenol tablet 10mg,0,0,1,1,Y,1,0,1,1,0,1,1,0,Y,2,1,0,0,0,0,0,0,0,0,1,0,0,1,0,0,1,0,0,0,0,0,0,0,0,0,,1,1,0,0,0,2,,N,1,1,2,,,,,N,N
1435,cmc-0042,M-026,0,201411161933,19,201411162359,23,4 hours 26 minutes,266,20141116,weakness,0,4,0,1,0,0,0,0,1,1,1,0,0,0,1,1,Y,1,0,1,0,0,0,0,1,0,1,0,0,Y,,,,2,Indenol tablet 10mg,0,1,0,1,Y,1,0,1,1,0,1,1,0,Y,2,0,0,0,0,0,1,0,0,0,1,1,0,0,0,0,1,0,0,0,0,0,0,0,0,0,,1,1,0,0,0,2,,N,1,1,2,,,,,,
1140,cmc-0046,M-030,1,201411041102,11,201411041313,13,2 hours 11 minutes,131,20141104,weakness,0,4,0,0,0,1,0,0,1,0,0,0,1,0,1,1,,0,0,0,0,0,0,0,0,0,0,0,0,Y,,,1,,,0,0,1,1,N,0,,,0,,,0,0,Y,2,0,0,1,0,0,0,0,0,0,1,0,0,0,0,0,0,0,1,0,0,0,0,0,0,1,,0,0,0,0,1,1,Taking medicine,N,1,1,2,,,,,N,N
2216,cmc-0046,M-030,1,201412251400,14,201412251625,16,2 hours 25 minutes,145,20141225,weakness,0,5,0,0,0,0,0,1,1,0,0,0,0,1,1,0,,0,0,0,0,0,0,0,0,0,0,0,0,Y,,,1,,,0,0,1,1,,0,,,0,,,0,0,Y,2,0,1,0,0,0,0,0,1,0,2,0,0,0,0,0,0,0,0,0,0,0,0,0,0,0,,0,0,0,0,0,0,,N,1,1,2,,,,,N,N
2292,cmc-0046,M-030,1,201412291400,14,201412291540,15,1 hour 40 minutes,100,20141229,weakness,0,4,1,0,0,0,0,0,1,1,0,0,1,0,1,1,,0,0,0,0,0,0,0,0,0,1,0,0,Y,,,1,,,0,0,1,1,,0,,,0,,,0,0,Y,2,0,1,0,0,0,0,0,1,0,2,0,0,0,0,0,0,0,0,0,0,0,0,0,0,0,,0,0,0,0,0,0,,N,1,1,2,,,,,N,N
2493,cmc-0046,M-030,1,201501051237,12,201501051855,18,6 hours 18 minutes,378,20150105,Severe,1,9,0,0,0,1,0,0,1,0,0,1,1,0,2,1,Y,1,0,0,0,0,0,0,0,0,1,0,0,Y,,,2,,,0,0,1,1,Y,1,,,0,1,0,1,0,Y,2,0,1,0,0,0,0,1,0,0,2,0,0,0,0,0,0,0,0,0,0,0,0,0,0,0,,0,0,0,0,0,0,,N,1,1,2,,,,,N,N
2515,cmc-0046,M-030,1,201501061338,13,201501061838,18,5 hours 0 minutes,300,20150106,Severe,1,9,0,0,0,1,0,1,2,0,1,0,1,0,2,1,Y,1,0,0,0,0,1,0,1,0,1,0,0,Y,,,2,,,0,0,1,1,Y,1,,,0,1,0,1,0,Y,2,0,1,0,0,0,0,1,0,0,2,0,0,0,0,0,0,0,0,0,0,0,0,0,0,0,,0,0,0,0,0,0,,N,1,1,2,,,,,N,N
2538,cmc-0046,M-030,1,201501081313,13,201501081513,15,2 hours 0 minutes,120,20150108,weakness,0,4,0,0,0,1,0,0,1,0,0,0,1,0,1,1,,0,0,0,0,0,1,0,1,0,0,0,0,Y,,,1,,,0,0,1,1,,0,,,0,,,0,0,Y,2,1,0,0,0,0,0,1,0,0,2,0,0,0,0,0,0,0,0,0,0,0,0,0,0,0,,0,0,0,0,0,0,,N,1,1,2,,,,,N,N
1431,cmc-0049,M-033,0,201411150700,07,201411151400,14,7 hours 0 minutes,420,20141115,middle,1,,0,0,1,0,0,0,1,0,0,0,0,1,1,0,,0,0,0,0,0,0,0,0,0,0,0,0,,,,,,,,,,0,,0,,,0,,,0,0,Y,2,0,0,1,0,0,0,0,0,0,1,0,0,0,0,0,0,1,0,0,0,0,0,0,0,1,,0,0,0,0,0,0,,N,1,1,2,,,,,N,N
3696,cmc-0064,M-037,1,201502191212,12,201502192137,21,9 hours 25 minutes,565,20150219,middle,1,5,0,0,1,0,0,0,1,0,1,0,0,0,1,1,N,0,0,0,0,0,0,0,0,0,1,0,0,Y,,,,1,,0,0,1,1,Y,1,,,0,0,1,1,0,Y,2,0,0,1,0,0,0,0,0,0,1,0,0,0,0,1,1,0,0,0,0,0,0,0,0,0,,1,0,0,0,0,1,,N,1,1,2,,,,,N,N
3132,cmc-0067,M-040,0,201501301832,18,201501302220,22,3 hours 48 minutes,228,20150130,weakness,0,3,0,0,0,0,1,1,2,0,0,0,1,0,1,1,N,0,0,0,0,0,0,0,0,0,0,0,0,Y,,,,1,prescription drugs,0,0,1,1,N,0,,,0,,,0,0,Y,2,0,0,1,0,0,1,0,0,0,2,0,0,0,0,0,0,0,0,0,0,0,0,0,0,0,,0,1,0,0,0,1,,N,1,1,2,,,,,N,N
3366,cmc-0067,M-040,0,201502051732,17,201502052218,22,4 hours 46 minutes,286,20150205,weakness,0,3,0,1,0,0,0,1,2,1,0,0,1,0,1,1,N,0,0,0,0,0,0,0,0,0,1,0,0,Y,,,,1,prescription drugs,0,0,1,1,N,0,,,0,,,0,0,Y,2,1,0,0,0,0,1,0,0,0,2,0,0,0,0,0,0,0,0,0,0,0,0,0,0,0,,0,1,0,0,0,1,,N,1,1,2,,,,,N,N
3370,cmc-0067,M-040,0,201502071537,15,201502072200,22,6 hours 23 minutes,383,20150207,weakness,0,2,1,0,0,0,0,1,2,1,0,0,1,0,1,1,,0,0,0,0,0,0,0,0,0,1,0,0,N,,,,,,,,,0,N,0,,,0,,,0,0,Y,2,0,0,1,0,0,1,0,0,0,2,0,0,0,0,0,0,0,0,0,0,0,0,0,0,0,,0,1,0,0,0,1,,N,1,1,2,,,,,N,N
3873,cmc-0067,M-040,0,201502241600,16,201502242359,23,7 hours 59 minutes,479,20150224,Severe,1,8,1,0,0,0,0,0,1,1,0,0,1,0,1,1,,0,0,0,0,0,0,0,0,0,1,0,0,N,,,,,,,,,0,Y,1,0,1,1,0,1,1,0,Y,2,1,0,0,0,0,0,0,0,0,1,0,0,0,0,0,0,0,0,0,0,0,0,0,1,1,mental burden,1,0,0,0,0,1,,N,1,1,2,,,,,N,Y
2158,cmc-0068,M-041,0,201412230337,03,201412232359,23,20 hours 22 minutes,1222,20141223,weakness,0,2,0,1,0,0,0,0,1,1,0,0,1,0,1,1,N,0,0,0,0,0,0,0,0,0,1,0,0,N,,,,,,,,,0,N,0,,,0,,,0,0,Y,2,1,0,0,0,0,0,0,0,0,1,1,0,0,0,0,1,0,0,0,0,0,0,0,0,0,,0,0,0,0,1,1,hospital injection,N,1,1,2,,,,,N,Y
2490,cmc-0068,M-041,0,201501061335,13,201501061435,14,1 hour 0 minutes,60,20150106,weakness,0,2,1,0,0,0,0,0,1,1,0,0,1,0,1,1,Y,1,0,0,0,0,0,0,0,0,1,0,0,Y,,,,2,hospital medicine,0,1,0,1,N,0,,,0,,,0,0,Y,2,0,0,1,0,0,0,0,0,0,1,1,0,0,0,0,1,0,0,0,0,0,0,0,0,0,,0,0,0,0,1,1,Taking medicine,N,1,1,2,,,,,N,N
2693,cmc-0068,M-041,0,201501150933,09,201501152359,23,14 hours 26 minutes,866,20150115,weakness,0,8,0,1,0,0,0,0,1,1,0,0,0,1,1,0,N,0,0,0,0,0,0,0,0,0,0,0,0,Y,,,,1,medicine for illness,0,1,0,1,N,0,,,0,,,0,0,Y,2,0,0,1,0,0,0,0,0,0,1,1,0,0,0,0,1,0,0,0,0,0,0,0,0,0,,0,0,0,0,1,1,Taking medicine,N,1,1,2,,,,,N,Y
3824,cmc-0077,M-049,1,201502081600,16,201502082359,23,7 hours 59 minutes,479,20150208,weakness,0,5,0,0,1,0,0,0,1,0,0,0,1,0,1,1,Y,1,0,0,0,0,0,0,0,0,1,0,0,N,,,,,,,,,0,N,0,,,0,,,0,0,Y,2,0,0,0,0,0,0,0,0,0,0,1,0,0,0,0,1,0,0,0,0,0,0,0,1,1,cold,0,0,0,0,0,0,,N,1,1,2,,,,,N,Y
3826,cmc-0077,M-049,1,201502211130,11,201502211530,15,4 hours 0 minutes,240,20150221,weakness,0,3,0,0,1,0,0,0,1,0,0,0,1,0,1,1,N,0,1,0,0,1,0,0,1,0,0,1,0,N,,,,,,,,,0,N,0,,,0,,,0,0,Y,2,0,0,1,0,0,0,0,0,0,1,0,0,0,0,0,0,0,1,0,0,0,0,0,0,1,,0,1,0,0,0,1,,N,1,1,2,,,,,N,N
4492,cmc-0077,M-049,1,201503100800,08,201503101000,10,2 hours 0 minutes,120,20150310,weakness,0,3,0,0,1,1,0,0,2,0,1,0,0,0,1,1,N,0,0,0,0,0,0,0,0,0,0,0,0,N,,,,,,,,,0,N,0,,,0,,,0,0,Y,2,0,1,0,0,0,0,0,0,0,1,0,0,0,0,0,0,0,1,0,0,0,0,0,0,1,,0,0,0,0,0,0,,N,1,1,2,,,,,N,N
4496,cmc-0077,M-049,1,201503140830,08,201503141100,11,2 hours 30 minutes,150,20150314,weakness,0,3,0,0,0,1,0,0,1,0,0,0,1,0,1,1,N,0,1,0,0,1,0,0,1,0,0,1,0,N,,,,,,,,,0,N,0,,,0,,,0,0,Y,2,1,0,0,0,0,0,0,0,1,2,0,0,0,0,0,0,0,0,0,0,0,0,0,0,0,,0,1,0,0,0,1,,N,1,1,2,,,,,N,N
4497,cmc-0077,M-049,1,201503150900,09,201503151400,14,5 hours 0 minutes,300,20150315,weakness,0,3,0,0,0,1,0,0,1,0,0,0,1,0,1,1,N,0,1,0,0,1,0,0,1,0,0,1,0,N,,,,,,,,,0,N,0,,,0,,,0,0,Y,2,0,0,0,0,0,0,0,0,0,0,0,0,0,0,0,0,0,1,0,0,0,0,0,1,2,quick meal,0,1,0,0,0,1,,N,1,1,2,,,,,N,N
2891,cmc-0078,M-050,1,201501220600,06,201501221908,19,13 hours 8 minutes,788,20150122,weakness,0,2,0,0,0,1,0,1,2,0,0,0,0,1,1,0,N,0,0,1,0,0,1,0,2,0,0,0,0,N,,,,,,,,,0,Y,1,,,0,0,1,1,0,Y,2,0,0,1,0,0,0,0,0,0,1,1,0,0,0,0,1,0,0,0,0,0,0,0,0,0,,0,1,0,0,0,1,,N,1,1,2,,,,,,
3303,cmc-0078,M-050,1,201502040900,09,201502042359,23,14 hours 59 minutes,899,20150204,weakness,0,3,0,0,0,1,0,1,2,0,0,0,1,1,2,1,N,0,0,1,0,0,1,1,3,1,0,1,0,Y,,,,2,,0,1,0,1,Y,1,0,1,1,0,1,1,0,Y,2,0,0,0,0,0,1,0,0,0,1,1,0,0,0,0,1,0,0,0,0,0,0,0,0,0,,1,1,0,0,0,2,,N,1,1,2,,,,,N,Y
3304,cmc-0078,M-050,1,201502050900,09,201502052200,22,13 hours 0 minutes,780,20150205,weakness,0,2,0,0,0,1,0,0,1,0,0,0,0,1,1,0,N,0,0,1,0,0,1,0,2,0,0,0,0,N,,,,,,,,,0,N,0,,,0,,,0,0,Y,2,0,0,0,0,0,1,0,0,0,1,1,0,0,0,0,1,0,0,0,0,0,0,0,0,0,,0,1,0,0,0,1,,N,1,1,2,,,,,N,N
3566,cmc-0078,M-050,1,201502141400,14,201502142205,22,8 hours 5 minutes,485,20150214,,,5,0,0,0,1,0,1,2,0,0,0,1,1,2,1,N,0,0,1,0,0,1,1,3,1,0,1,0,Y,,,,2,,0,1,0,1,Y,1,0,1,1,0,1,1,0,Y,2,0,0,0,0,0,1,0,0,0,1,1,0,0,0,0,1,0,0,0,0,0,0,0,0,0,,0,1,0,0,0,1,,N,1,1,2,,,,,N,N
4088,cmc-0078,M-050,1,201503041100,11,201503041700,17,6 hours 0 minutes,360,20150304,weakness,0,2,0,0,0,1,0,0,1,0,0,0,0,1,1,0,N,0,0,1,0,0,1,1,3,1,0,1,0,N,,,,,,,,,0,N,0,,,0,,,0,0,Y,2,1,0,1,0,0,0,0,0,0,2,0,0,0,0,0,0,0,0,0,0,0,0,0,0,0,,1,1,0,0,0,2,,N,1,1,2,,,,,N,N
4198,cmc-0078,M-050,1,201503091400,14,201503092359,23,9 hours 59 minutes,599,20150309,weakness,0,3,0,0,0,1,0,1,2,0,0,0,0,1,1,0,N,0,0,1,0,0,1,1,3,1,0,1,0,N,,,,,,,,,0,Y,1,,,0,0,1,1,0,Y,2,0,0,0,0,0,1,1,0,0,2,0,0,0,0,0,0,0,0,0,0,0,0,0,0,0,,1,1,0,0,0,2,,N,1,1,2,,,,,,
4536,cmc-0078,M-050,1,201503170900,09,201503172359,23,14 hours 59 minutes,899,20150317,weakness,0,3,0,0,0,1,0,1,2,0,0,0,0,1,1,0,Y,1,0,1,0,0,1,1,3,1,0,1,0,Y,,,,2,,0,1,0,1,Y,1,0,1,1,0,1,1,0,Y,2,0,0,0,0,0,1,0,0,0,1,1,0,0,0,0,1,0,0,0,0,0,0,0,0,0,,1,1,0,0,0,2,,N,1,1,2,,,,,N,Y
102,dha-0002,em2,0,201408130900,09,201408132059,20,32 days 11 hours 59 minutes,719,20140813,weakness,0,3,0,1,0,0,0,0,1,1,0,0,1,0,1,1,Y,1,0,0,0,0,0,0,0,0,1,0,0,N,,,,,,,,,0,N,0,,,0,,,0,0,Y,2,1,0,0,0,0,0,0,0,0,1,1,0,0,0,0,1,0,0,0,0,0,0,0,0,0,,0,1,0,0,0,1,,N,1,1,2,,,,,N,N
268,dha-0002,em2,0,201409141900,19,201409142359,23,4 hours 59 minutes,299,20140914,weakness,0,2,1,0,1,0,0,0,2,1,1,1,0,0,2,1,Y,1,0,1,0,0,0,1,2,1,1,1,1,N,,,,,,,,,0,Y,1,,,0,0,1,1,0,Y,2,1,0,0,0,0,0,1,0,0,2,0,0,0,0,0,0,0,0,0,0,0,0,0,0,0,,1,1,0,0,0,2,,N,1,1,2,,,,,N,Y
488,dha-0002,em2,0,201410030800,08,201410031200,12,4 hours 0 minutes,240,20141003,weakness,0,4,0,0,1,0,1,1,3,0,0,1,0,1,2,0,Y,1,0,1,0,0,0,1,2,1,0,1,0,Y,,,,1,One prescription medication (relieved one hour after taking),0,0,1,1,Y,1,,,0,1,0,1,0,Y,2,1,0,0,0,0,0,0,0,0,1,0,0,0,0,0,0,0,0,0,0,0,0,0,1,1,I was stressed the previous day (I had a mild headache) and had bad dreams.,0,1,0,0,1,2,Relieved one hour after taking the medicine,N,1,1,2,,,,,N,N
727,dha-0002,em2,0,201410180800,08,,,5 hours 0 minutes,300,20141018,weakness,0,3,1,0,1,0,0,1,3,1,0,0,1,1,2,1,Y,1,0,1,0,0,1,0,2,0,1,0,0,Y,,,,1,병원처방약 약복용후1시간후 사라짐,0,0,1,1,Y,1,,,0,0,1,1,0,Y,2,0,0,1,0,0,0,0,0,0,1,0,0,0,0,0,0,0,0,0,0,0,0,0,1,1,Two beers the day before,0,0,0,0,1,1,Disappears one hour after taking the medicine,N,1,1,2,,,,,N,N
1209,dha-0002,em2,0,201411160900,09,201411162230,22,13 hours 30 minutes,810,20141116,weakness,0,3,0,1,1,0,1,0,3,1,0,0,1,0,1,1,Y,1,0,0,0,0,0,0,0,0,1,0,0,N,,,,,,,,,0,Y,1,,,0,0,1,1,0,Y,2,1,0,0,0,0,0,0,0,0,1,0,0,0,0,0,0,0,0,0,0,0,0,0,1,1,cold,0,0,0,0,1,1,"After taking cold medicine, the headache decreases but does not go away.",N,1,1,2,,,,,,
231,dha-0004,EM4,1,201409110630,06,201409111100,11,4 hours 30 minutes,270,20140911,middle,1,5,0,0,0,1,0,0,1,0,0,0,1,0,1,1,Y,1,0,0,0,0,0,0,0,0,1,0,0,Y,,,,1,Hospital prescription medication (headache),0,0,1,1,Y,1,,,0,0,1,1,0,Y,2,1,0,1,0,0,0,0,0,0,2,0,0,0,0,0,0,0,0,0,0,0,0,0,0,0,,0,0,0,0,1,1,approximately,N,1,1,2,,,,,N,N
226,dha-0010,em10,1,201409111500,15,,,5 hours 0 minutes,300,20140911,weakness,0,5,0,0,0,1,0,1,2,0,1,0,0,0,1,1,N,0,0,0,0,0,0,1,1,0,0,0,0,Y,1,,,1,Naramik,0,1,0,1,Y,1,,,0,0,1,1,0,Y,2,0,0,1,0,0,0,0,0,0,1,0,1,0,0,0,1,0,0,0,0,0,0,0,0,0,,0,1,1,1,0,3,,Y,1,1,2,1 hour 0 minutes 0 minutes,60,1 hour 30 minutes 30 minutes,90,N,N
392,dha-0010,em10,1,201409251500,15,N,,3 hours 43 minutes,223,20140925,middle,1,6,0,1,1,0,0,1,3,1,1,0,1,0,2,1,N,0,0,0,0,0,0,1,1,0,1,0,0,N,,,,,,,,,0,N,0,,,0,,,0,0,Y,2,0,0,0,0,0,0,0,0,0,0,1,1,0,0,0,2,0,0,0,0,0,0,0,0,0,,0,1,0,0,0,1,,N,1,1,2,,,,,N,N
805,dha-0010,em10,1,201410231430,14,201410232359,23,9 hours 29 minutes,569,20141023,middle,1,7,0,0,1,1,0,0,2,0,1,0,1,1,3,1,N,0,0,0,0,0,0,1,1,0,1,0,0,Y,1,,,,,0,1,0,1,N,0,,,0,,,0,0,Y,2,0,0,0,0,0,1,0,0,0,1,0,0,1,0,0,1,0,0,0,0,0,0,0,0,0,,0,1,0,1,0,2,,Y,1,1,2,0 hours 0 minutes 0 minutes,0,3 hours 0 minutes 0 minutes,180,N,Y
418,dha-0015,em15,0,201409271000,10,201409271900,19,9 hours 0 minutes,540,20140927,Severe,1,8,0,0,1,1,0,1,3,0,0,1,0,1,2,0,Y,1,0,1,0,0,0,0,1,0,1,0,0,Y,,,,1,,0,0,1,1,Y,1,,,0,0,1,1,0,Y,2,0,0,1,0,0,1,0,0,0,2,0,0,0,0,0,0,0,0,0,0,0,0,0,0,0,,1,0,0,0,0,1,,N,1,1,2,,,,,N,N
204,dha-0018,EM18,1,201409090510,05,201409091441,14,9 hours 31 minutes,571,20140909,weakness,0,1,0,0,0,1,0,0,1,0,1,0,0,1,2,1,N,0,0,0,0,0,0,0,0,0,0,0,0,N,,,,,,,,,0,N,0,,,0,,,0,0,Y,2,1,0,1,0,0,0,0,0,0,2,0,0,0,0,0,0,0,0,0,0,0,0,0,0,0,,0,1,0,0,0,1,,N,1,1,2,,,,,,
822,dha-0018,EM18,1,201410240651,06,201410241341,13,6 hours 50 minutes,410,20141024,Severe,1,9,1,0,0,0,0,0,1,1,0,1,0,1,2,0,N,0,0,1,0,0,0,0,1,0,1,0,0,Y,,,1,,,0,1,0,1,Y,1,0,1,1,,,0,0,Y,2,1,0,0,0,0,0,0,0,0,1,0,0,0,0,0,0,0,0,0,0,0,0,0,1,1,toothache,1,1,0,0,0,2,,N,1,1,2,,,,,N,N
846,dha-0018,EM18,1,201410260517,05,201410260917,09,4 hours 0 minutes,240,20141026,weakness,0,3,1,0,0,0,0,0,1,1,1,1,1,0,3,1,N,0,0,0,0,0,0,0,0,0,1,0,0,N,,,,,,,,,0,N,0,,,0,,,0,0,Y,2,0,0,1,0,0,0,0,0,0,1,0,0,0,0,0,0,0,0,0,0,0,0,0,1,1,night shift,1,1,0,0,0,2,,N,1,1,2,,,,,N,N
772,dha-0022,em22,0,201410210900,09,201410212000,20,11 hours 0 minutes,660,20141021,weakness,0,1,1,0,0,0,0,0,1,1,1,0,0,0,1,1,,0,0,0,0,0,0,0,0,0,1,0,0,Y,,,1,,,0,0,1,1,N,0,,,0,,,0,0,Y,2,1,0,0,0,0,0,0,0,0,1,0,0,0,0,0,0,0,0,0,0,0,0,0,1,1,Roasted Garlic,0,0,0,0,0,0,,N,1,1,2,,,,,N,N
984,dha-0022,em22,0,201411020000,00,201411021800,18,18 hours 0 minutes,1080,20141102,middle,1,2,1,0,0,0,0,0,1,1,1,0,0,0,1,1,,0,0,0,0,0,0,0,0,0,1,0,0,Y,2,,,,,0,0,1,1,N,0,,,0,,,0,0,Y,2,1,0,0,0,0,0,0,0,0,1,0,0,0,0,0,0,0,0,0,0,0,0,0,1,1,cold,0,0,0,0,1,1,headache medicine,N,1,1,2,,,,,N,N
962,dha-0027,EM27,0,201411020735,07,201411022000,20,12 hours 25 minutes,745,20141102,middle,1,4,0,1,0,0,0,0,1,1,0,0,1,0,1,1,Y,1,0,0,0,0,0,0,0,0,1,0,0,Y,,,,1,,0,0,1,1,,0,,,0,,,0,0,Y,2,1,0,0,0,0,1,0,0,0,2,0,0,0,0,0,0,0,0,0,0,0,0,0,0,0,,0,1,0,0,0,1,,N,1,1,2,,,,,N,N
1405,dha-0032,em32,0,201411251626,16,201411252359,23,7 hours 33 minutes,453,20141125,middle,1,4,1,0,0,0,0,0,1,1,0,1,1,0,2,1,N,0,0,0,0,0,0,0,0,0,1,0,0,N,,,,,,,,,0,N,0,,,0,,,0,0,Y,2,1,0,0,0,0,1,0,0,0,2,0,0,0,0,0,0,0,0,0,0,0,0,0,0,0,,0,0,0,0,0,0,,N,1,1,2,,,,,N,Y
741,dha-0033,em33,1,201410190800,08,201410192100,21,13 hours 0 minutes,780,20141019,,,2,0,0,1,0,0,0,1,0,0,0,0,1,1,0,N,0,0,0,0,0,0,0,0,0,0,0,0,N,,,,,,,,,0,N,0,,,0,,,0,0,Y,2,0,0,1,0,0,0,0,0,0,1,0,1,0,0,0,1,0,0,0,0,0,0,0,0,0,,0,0,0,1,0,1,,Y,1,1,2,2 hours 10 minutes,130,1 hour 0 minutes,60,N,N
1785,dha-0033,em33,1,201412121050,10,201412121350,13,3 hours 0 minutes,180,20141212,weakness,0,2,1,0,0,0,0,0,1,1,0,0,1,0,1,1,Y,1,0,0,0,0,0,0,0,0,1,0,0,Y,1,,,,,0,0,1,1,N,0,,,0,,,0,0,Y,2,1,0,0,0,0,0,0,0,0,1,0,0,0,0,0,0,0,0,0,0,0,0,0,1,1,motion sickness,0,0,0,0,0,0,,N,1,1,2,,,,,N,N
1232,dha-0039,em39,0,201411171400,14,201411171830,18,4 hours 30 minutes,270,20141117,middle,1,5,0,1,0,0,0,0,1,1,0,0,1,0,1,1,N,0,0,0,0,0,0,0,0,0,1,0,0,N,,,,,,,,,0,N,0,,,0,,,0,0,Y,2,0,0,0,0,0,1,0,0,0,1,0,0,0,0,0,0,0,0,0,0,0,0,0,1,1,something to worry about,0,0,0,0,1,1,improves over time,N,1,1,2,,,,,N,N
1446,dha-0039,em39,0,201411271030,10,201411271430,14,4 hours 0 minutes,240,20141127,weakness,0,8,0,1,1,0,0,0,2,1,0,0,1,0,1,1,Y,1,0,0,0,0,1,0,1,0,1,0,0,N,,,,,,,,,0,N,0,,,0,,,0,0,Y,2,1,0,0,0,0,1,0,0,0,2,0,0,0,0,0,0,0,0,0,0,0,0,0,0,0,,0,1,0,0,0,1,,N,1,1,2,,,,,N,N
1051,dha-0041,em41,0,201411061010,10,201411061100,11,50 minutes,50,20141106,weakness,0,1,0,0,0,1,1,0,2,0,0,0,0,1,1,0,N,0,0,0,0,0,0,1,1,0,0,0,0,N,,,,,,,,,0,N,0,,,0,,,0,0,Y,2,0,0,0,1,0,0,0,0,0,1,0,0,0,0,0,0,0,0,0,0,0,0,0,1,1,fitness,0,1,0,0,0,1,,Y,1,1,2,0 hours 0 minutes 0 minutes,0,1 hour 30 minutes 30 minutes,90,N,N
2750,dha-0041,em41,0,201501251200,12,201501251800,18,6 hours 0 minutes,360,20150125,weakness,0,2,0,0,0,1,0,0,1,0,0,0,1,0,1,1,Y,1,0,0,0,0,0,1,1,0,1,0,0,Y,,,,1,Naramik,0,0,1,1,Y,1,,,0,0,1,1,0,Y,2,0,0,1,0,0,0,1,0,0,2,0,0,0,0,0,0,0,0,0,0,0,0,0,0,0,,1,1,0,0,0,2,,N,1,1,2,,,,,N,N
1147,dha-0042,em42,0,201411121130,11,201411121400,14,2 hours 30 minutes,150,20141112,middle,1,4,0,0,1,0,0,0,1,0,0,0,1,1,2,1,N,0,0,0,0,0,0,0,0,0,1,0,0,Y,1,,,,,0,0,1,1,N,0,,,0,,,0,0,Y,2,0,0,1,0,0,0,0,0,0,1,0,0,0,0,0,0,0,1,0,0,0,0,0,0,1,,0,0,0,0,1,1,dosage,N,1,1,2,,,,,N,N
2252,dha-0042,em42,0,201501021130,11,201501021930,19,8 hours 0 minutes,480,20150102,middle,1,4,0,0,1,0,0,1,2,0,0,0,1,1,2,1,N,0,0,0,0,0,0,0,0,0,1,0,0,Y,1,,1,,,0,0,1,1,Y,1,0,1,1,,,0,0,Y,2,1,0,0,0,0,0,0,0,0,1,0,0,0,0,0,0,0,0,0,0,0,0,0,1,1,Stiff posture while driving,0,0,0,0,1,1,dosage,N,1,1,2,,,,,N,N
2283,dha-0042,em42,0,201501041100,11,201501041600,16,5 hours 0 minutes,300,20150104,weakness,0,3,0,0,1,0,0,1,2,0,0,0,1,1,2,1,N,0,0,0,0,0,0,0,0,0,0,0,0,Y,,,1,,,0,0,1,1,N,0,,,0,,,0,0,Y,2,1,0,1,0,0,0,0,0,0,2,0,0,0,0,0,0,0,0,0,0,0,0,0,0,0,,1,0,0,0,1,2,dosage,N,1,1,2,,,,,N,N
1189,dha-0044,em44,0,201411140900,09,201411141930,19,10 hours 30 minutes,630,20141114,middle,1,6,0,0,0,1,0,0,1,0,0,0,1,0,1,1,N,0,0,0,0,0,0,0,0,0,1,0,0,Y,,,,4,Advil,0,1,0,1,N,0,,,0,,,0,0,Y,2,0,0,0,0,0,0,0,0,0,0,1,0,0,0,0,1,0,0,0,0,0,0,0,1,1,Drink makgeolli,1,0,0,0,0,1,,N,1,1,2,,,,,N,N
2641,dha-0044,em44,0,201501201630,16,201501202359,23,7 hours 29 minutes,449,20150120,weakness,0,5,0,0,0,1,1,0,2,0,0,1,0,0,1,0,N,0,0,0,0,0,0,0,0,0,0,0,0,Y,2,,,,,0,1,0,1,N,0,,,0,,,0,0,Y,2,0,0,0,0,0,1,0,0,0,1,0,0,0,0,0,0,0,0,0,0,0,0,0,1,1,cold,0,1,0,0,0,1,,N,1,1,2,,,,,N,Y
1507,dha-0049,em49,0,201411301530,15,201411302345,23,8 hours 15 minutes,495,20141130,weakness,0,2,0,1,0,0,0,0,1,1,1,0,0,0,1,1,N,0,0,0,0,0,0,0,0,0,1,0,0,N,,,,,,,,,0,N,0,,,0,,,0,0,Y,2,0,0,1,0,0,1,0,0,0,2,0,0,0,0,0,0,0,0,0,0,0,0,0,0,0,,1,0,0,0,0,1,,N,1,1,2,,,,,N,N
1932,dha-0049,em49,0,201412190000,00,201412192359,23,23 hours 59 minutes,1439,20141219,weakness,0,2,1,0,0,0,0,0,1,1,0,0,0,1,1,0,Y,1,0,0,0,0,0,0,0,0,1,0,0,Y,,1,,,,0,1,0,1,N,0,,,0,,,0,0,Y,2,0,0,0,0,0,1,0,0,0,1,1,0,0,0,0,1,0,0,0,0,0,0,0,0,0,,1,0,0,0,0,1,,N,1,1,2,,,,,N,Y
2115,dha-0049,em49,0,201412272200,22,201412272359,23,1 hour 59 minutes,119,20141227,weakness,0,2,1,0,0,0,0,0,1,1,0,0,0,1,1,0,N,0,0,0,0,0,0,1,1,0,0,0,0,Y,,,1,,,0,0,1,1,N,0,,,0,,,0,0,Y,2,0,0,1,0,0,0,0,0,0,1,1,0,0,0,0,1,0,0,0,0,0,0,0,0,0,,1,1,0,0,0,2,,N,1,1,2,,,,,N,Y
2382,dha-0049,em49,0,201501081600,16,201501082359,23,7 hours 59 minutes,479,20150108,weakness,0,1,1,0,0,0,0,0,1,1,0,0,0,1,1,0,N,0,0,0,0,0,0,0,0,0,0,0,0,Y,,,1,,,0,0,1,1,N,0,,,0,,,0,0,Y,2,0,0,1,0,0,1,0,0,0,2,0,0,0,0,0,0,0,0,0,0,0,0,0,0,0,,1,0,0,0,0,1,,N,1,1,2,,,,,N,Y
2545,dha-0049,em49,0,201501152115,21,,,2 hours 44 minutes,164,20150115,weakness,0,2,1,0,0,0,0,0,1,1,0,0,0,1,1,0,N,0,0,0,0,0,0,0,0,0,0,0,0,Y,,,1,,,0,0,1,1,N,0,,,0,,,0,0,Y,2,0,0,1,0,0,1,0,0,0,2,0,0,0,0,0,0,0,0,0,0,0,0,0,0,0,,1,0,0,0,0,1,,N,1,1,2,,,,,N,N
2593,dha-0049,em49,0,201501171700,17,201501172359,23,6 hours 59 minutes,419,20150117,weakness,0,1,0,0,0,1,0,0,1,0,0,0,0,1,1,0,N,0,0,0,0,0,0,0,0,0,0,0,0,Y,1,,,,,0,1,0,1,N,0,,,0,,,0,0,Y,2,0,0,1,0,0,0,0,0,0,1,1,0,0,0,0,1,0,0,0,0,0,0,0,0,0,,1,0,0,0,0,1,,N,1,1,2,,,,,N,Y
2727,dha-0049,em49,0,201501241530,15,201501242300,23,7 hours 30 minutes,450,20150124,weakness,0,1,1,0,0,0,0,0,1,1,0,0,0,1,1,0,Y,1,0,1,0,0,0,0,1,0,1,0,0,Y,,,1,,,0,0,1,1,N,0,,,0,,,0,0,Y,2,0,0,1,0,0,1,0,0,0,2,0,0,0,0,0,0,0,0,0,0,0,0,0,0,0,,0,1,0,0,0,1,,N,1,1,2,,,,,N,N
2849,dha-0049,em49,0,201501310500,05,201501310840,08,3 hours 40 minutes,220,20150131,weakness,0,2,1,0,0,0,0,0,1,1,0,0,0,1,1,0,N,0,0,0,0,0,0,0,0,0,0,0,0,Y,,,1,,,0,0,1,1,N,0,,,0,,,0,0,Y,2,0,0,1,0,0,1,0,0,0,2,0,0,0,0,0,0,0,0,0,0,0,0,0,0,0,,0,0,0,0,0,0,,N,1,1,2,,,,,N,N
2853,dha-0049,em49,0,201502020545,05,201502020850,08,3 hours 5 minutes,185,20150202,weakness,0,2,0,0,0,1,0,0,1,0,0,0,0,1,1,0,N,0,0,0,0,0,0,0,0,0,0,0,0,Y,,,1,,,0,0,1,1,N,0,,,0,,,0,0,Y,2,0,0,1,0,0,1,0,0,0,2,0,0,0,0,0,0,0,0,0,0,0,0,0,0,0,,1,0,0,0,0,1,,N,1,1,2,,,,,N,N
2915,dha-0049,em49,0,201502030630,06,201502031036,10,4 hours 6 minutes,246,20150203,weakness,0,1,1,0,0,0,0,0,1,1,0,0,0,1,1,0,N,0,0,0,0,0,0,0,0,0,0,0,0,Y,,,1,,,0,0,1,1,N,0,,,0,,,0,0,Y,2,0,0,1,0,0,1,0,0,0,2,0,0,0,0,0,0,0,0,0,0,0,0,0,0,0,,1,0,0,0,0,1,,N,1,1,2,,,,,N,N
2966,dha-0049,em49,0,201502070330,03,201502071030,10,7 hours 0 minutes,420,20150207,middle,1,4,1,0,0,0,0,0,1,1,1,0,0,0,1,1,N,0,0,0,0,0,0,0,0,0,1,0,0,Y,,,1,,,0,0,1,1,N,0,,,0,,,0,0,Y,2,0,0,1,0,0,1,0,0,0,2,0,0,0,0,0,0,0,0,0,0,0,0,0,0,0,,1,0,0,0,0,1,,N,1,1,2,,,,,N,N
3133,dha-0053,em53,0,201502181735,17,201502182335,23,6 hours 0 minutes,360,20150218,weakness,0,3,0,1,0,0,0,0,1,1,1,1,0,0,2,1,,0,0,0,0,0,0,0,0,0,1,0,0,Y,,,,1,Almogran,0,0,1,1,Y,1,0,1,1,0,1,1,0,Y,2,0,0,0,0,0,1,1,0,0,2,0,0,0,0,0,0,0,0,0,0,0,0,0,0,0,,1,0,0,0,0,1,,N,1,1,2,,,,,N,N
2227,dha-0055,em55,0,201501010900,09,201501011100,11,2 hours 0 minutes,120,20150101,Severe,1,9,0,0,1,0,0,0,1,0,0,1,0,0,1,0,,0,1,0,1,1,0,0,2,0,0,1,0,Y,,2,,,,0,0,1,1,Y,1,,,0,1,0,1,0,Y,2,0,0,0,0,0,0,0,0,0,0,0,0,1,0,0,1,0,0,0,0,0,0,0,1,1,turbid air,0,0,0,0,1,1,approximately,N,1,1,2,,,,,N,N
1973,dha-0057,em57,0,201412211000,10,201412212300,23,13 hours 0 minutes,780,20141221,weakness,0,7,0,1,0,0,0,0,1,1,0,0,0,1,1,0,N,0,0,0,0,0,0,0,0,0,0,0,0,Y,,1,1,,,0,1,0,1,N,0,,,0,,,0,0,Y,2,0,0,0,0,0,1,0,0,0,1,0,0,0,1,0,1,0,0,0,0,0,0,0,0,0,,1,1,1,0,0,3,,N,1,1,2,,,,,N,N
2073,dha-0057,em57,0,201412260900,09,201412262335,23,14 hours 35 minutes,875,20141226,middle,1,7,1,0,0,0,0,0,1,1,1,0,0,0,1,1,Y,1,0,1,0,0,0,1,2,1,1,1,1,Y,,1,1,,,0,1,0,1,N,0,,,0,,,0,0,Y,2,0,0,0,0,0,1,0,0,0,1,0,0,0,0,0,0,1,0,0,0,0,0,0,0,1,,1,1,0,0,0,2,,N,1,1,2,,,,,N,N
2157,dha-0057,em57,0,201412281500,15,201412281800,18,3 hours 0 minutes,180,20141228,weakness,0,6,0,1,0,0,0,0,1,1,0,0,1,0,1,1,Y,1,0,1,0,0,1,0,2,0,1,0,0,Y,,1,1,,,0,0,1,1,N,0,,,0,,,0,0,Y,2,0,0,0,0,0,1,0,0,1,2,0,0,0,0,0,0,0,0,0,0,0,0,0,0,0,,1,1,0,0,0,2,,N,1,1,2,,,,,N,N
2276,dha-0057,em57,0,201501031300,13,201501032200,22,9 hours 0 minutes,540,20150103,middle,1,7,1,0,0,0,0,0,1,1,1,0,1,0,2,1,Y,1,0,1,0,0,0,1,2,1,1,1,1,Y,,1,28,,,0,1,0,1,Y,1,0,1,1,1,0,1,1,Y,2,0,0,0,0,0,0,0,1,0,1,0,0,0,1,0,1,0,0,0,0,0,0,0,0,0,,1,0,0,0,0,1,,N,1,1,2,,,,,N,N
2780,dha-0057,em57,0,201501270630,06,201501271200,12,5 hours 30 minutes,330,20150127,weakness,0,6,0,0,0,0,0,1,1,0,0,0,1,0,1,1,N,0,0,1,0,0,1,1,3,1,0,1,0,Y,,1,1,,,0,1,0,1,N,0,,,0,,,0,0,Y,2,1,0,0,0,0,1,0,0,0,2,0,0,0,0,0,0,0,0,0,0,0,0,0,0,0,,1,1,0,0,0,2,,N,1,1,2,,,,,N,N
3192,dha-0057,em57,0,201502110700,07,201502112359,23,16 hours 59 minutes,1019,20150211,weakness,0,5,0,1,0,0,0,0,1,1,1,0,1,0,2,1,,0,0,1,0,0,0,1,2,1,1,1,1,Y,,1,1,,,0,1,0,1,Y,1,0,1,1,0,1,1,1,Y,2,1,0,0,0,0,0,1,0,0,2,0,0,0,0,0,0,0,0,0,0,0,0,0,0,0,,0,1,1,0,0,2,,N,1,1,2,,,,,N,Y
2129,dha-0060,em60,0,201412290538,05,201412290938,09,4 hours 0 minutes,240,20141229,weakness,0,4,0,0,0,1,0,0,1,0,0,0,0,1,1,0,N,0,0,0,0,0,0,0,0,0,0,0,0,N,,,,,,,,,0,N,0,,,0,,,0,0,Y,2,0,0,1,0,0,0,0,0,0,1,0,0,0,0,0,0,0,0,0,1,0,0,0,0,1,,1,1,0,0,0,2,,N,1,1,2,,,,,N,N
2251,dha-0060,em60,0,201501030234,02,201501030333,03,59 minutes,59,20150103,weakness,0,4,1,0,0,1,0,0,2,1,0,0,0,1,1,0,N,0,1,0,0,1,0,0,1,0,0,1,0,Y,,2,,,,0,0,1,1,N,0,,,0,,,0,0,Y,2,0,0,1,0,0,0,0,0,0,1,0,0,0,0,0,0,0,0,1,0,0,0,0,0,1,,1,0,0,0,0,1,,N,1,1,2,,,,,N,N
3172,dha-0060,em60,0,201502181412,14,201502182212,22,8 hours 0 minutes,480,20150218,middle,1,6,0,1,0,0,0,0,1,1,0,0,1,0,1,1,Y,1,0,0,0,0,0,1,1,0,1,0,0,Y,,5,,1,Immigran,0,1,0,1,Y,1,,,0,0,1,1,0,Y,2,1,0,0,0,0,0,0,0,1,2,0,0,0,0,0,0,0,0,0,0,0,0,0,0,0,,1,0,0,0,0,1,,N,1,1,2,,,,,N,N
3168,dha-0060,em60,0,201502191607,16,201502192307,23,7 hours 0 minutes,420,20150219,middle,1,7,0,1,0,0,0,0,1,1,0,1,0,0,1,0,N,0,0,0,0,0,0,1,1,0,1,0,0,Y,,5,,1,Immigran,0,1,0,1,N,0,,,0,,,0,0,Y,2,1,0,0,0,0,0,0,0,1,2,0,0,0,0,0,0,0,0,0,0,0,0,0,0,0,,0,1,0,0,0,1,,N,1,1,2,,,,,N,N
2367,dha-0061,EM61,0,201501080100,01,,,12 hours 36 minutes,756,20150108,weakness,0,1,0,0,1,0,0,0,1,0,0,0,0,1,1,0,N,0,0,0,0,0,0,0,0,0,0,0,0,N,,,,,,,,,0,N,0,,,0,,,0,0,Y,2,0,0,1,0,0,0,0,0,1,2,0,0,0,0,0,0,0,0,0,0,0,0,0,0,0,,1,0,0,0,0,1,,N,1,1,2,,,,,N,N
2661,dha-0061,EM61,0,201501220100,01,201501220300,03,2 hours 0 minutes,120,20150122,,,,0,1,0,0,0,0,1,1,0,0,1,0,1,1,N,0,0,0,0,0,0,1,1,0,1,0,0,Y,,,,1,Almogran,1,0,0,1,N,0,,,0,,,0,0,Y,2,1,0,1,0,0,0,0,0,0,2,0,0,0,0,0,0,0,0,0,0,0,0,0,0,0,,0,0,0,0,0,0,,N,1,1,2,,,,,,
2701,dha-0061,EM61,0,201501230800,08,201501231530,15,7 hours 30 minutes,450,20150123,weakness,0,1,1,0,1,0,0,0,2,1,0,0,1,0,1,1,Y,1,0,0,0,0,0,1,1,0,1,0,0,Y,,,,1,Almogran,0,1,0,1,Y,1,,,0,0,1,1,0,Y,2,1,0,0,0,0,0,0,0,0,1,0,0,0,0,0,0,0,1,0,0,0,0,0,0,1,,1,0,0,0,0,1,,N,1,1,2,,,,,N,N
2860,dha-0061,EM61,0,201501301500,15,201501301936,19,4 hours 36 minutes,276,20150130,weakness,0,1,0,0,0,0,0,0,0,0,0,0,0,1,1,0,N,0,0,1,0,0,0,1,2,1,0,1,0,N,,,,,,,,,0,N,0,,,0,,,0,0,Y,2,1,0,0,0,0,0,0,0,0,1,1,0,0,0,0,1,0,0,0,0,0,0,0,0,0,,1,0,0,0,0,1,,N,1,1,2,,,,,N,N
3593,dha-0061,EM61,0,201503211049,10,,,13 hours 10 minutes,790,20150321,middle,1,4,0,0,1,0,0,0,1,0,1,0,1,0,2,1,Y,1,0,0,0,0,0,1,1,0,1,0,0,Y,2,,,1,Almogran,1,0,0,1,Y,1,0,1,1,0,1,1,1,Y,2,1,0,0,0,0,0,0,0,0,1,1,0,0,0,0,1,0,0,0,0,0,0,0,0,0,,1,0,0,0,0,1,,Y,1,1,2,0 hours 0 minutes 0 minutes,0,0 hours 10 minutes 10 minutes,10,N,N
2992,dha-0063,em63,0,201502082000,20,201502082359,23,3 hours 59 minutes,239,20150208,weakness,0,3,0,0,1,0,0,0,1,0,0,0,0,1,1,0,N,0,0,0,0,0,0,0,0,0,0,0,0,Y,,,1,,,0,1,0,1,N,0,,,0,,,0,0,Y,2,1,0,0,0,0,0,0,0,1,2,0,0,0,0,0,0,0,0,0,0,0,0,0,0,0,,1,1,0,0,0,2,,N,1,1,2,,,,,N,Y
3262,dha-0063,em63,0,201502241900,19,201502242359,23,4 hours 59 minutes,299,20150224,middle,1,5,0,0,0,1,0,0,1,0,0,0,0,1,1,0,Y,1,0,1,0,0,0,0,1,0,1,0,0,Y,,,1,,,0,0,1,1,Y,1,,,0,0,1,1,0,Y,2,1,0,0,0,0,1,0,0,0,2,0,0,0,0,0,0,0,0,0,0,0,0,0,0,0,,0,0,0,0,0,0,,N,1,1,2,,,,,N,Y
3777,dha-0063,em63,0,201503310700,07,201503311200,12,5 hours 0 minutes,300,20150331,middle,1,5,0,0,0,1,0,0,1,0,0,0,1,1,2,1,Y,1,0,0,0,0,0,0,0,0,1,0,0,Y,,,1,,,0,1,0,1,Y,1,,,0,1,0,1,0,Y,2,1,0,0,0,0,0,1,0,0,2,0,0,0,0,0,0,0,0,0,0,0,0,0,0,0,,1,1,0,0,0,2,,N,1,1,2,,,,,N,N
1011,cmc-0033,CM-006,1,201410290913,09,201410292013,20,11 hours 0 minutes,660,20141029,middle,1,4,0,0,1,1,0,0,2,0,0,0,0,1,1,0,Y,1,1,0,0,1,0,0,1,0,1,1,1,Y,3,,,2,hospital fluid,0,1,0,1,Y,1,0,1,1,,,0,0,Y,2,0,0,0,0,0,0,0,0,0,0,1,0,0,0,0,1,0,0,0,0,0,0,0,1,1,cold body shingles,1,0,0,0,0,1,,N,0,0,0,0 minutes,0,0 minutes,0,N,N
4461,cmc-0077,M-049,1,201502071100,11,201502071400,14,3 hours 0 minutes,180,20150207,middle,1,5,0,1,0,0,0,0,1,1,0,0,1,0,1,1,Y,1,1,0,0,1,0,1,2,0,1,1,1,N,,,,,,,,,0,Y,1,,,0,0,1,1,0,Y,2,0,0,1,0,0,0,0,0,0,1,0,0,0,0,0,0,0,1,0,0,0,0,0,0,1,,0,1,0,0,0,1,,N,0,0,0,0 minutes,0,0 minutes,0,N,N
1161,dha-0031,em31,0,201411122240,22,201411122307,23,27 minutes,27,20141112,weakness,0,1,1,0,0,0,0,0,1,1,0,0,1,0,1,1,N,0,1,0,0,1,0,0,1,0,1,1,1,N,,,,,,,,,0,N,0,,,0,,,0,0,Y,2,0,0,1,0,0,0,0,0,0,1,1,0,0,0,0,1,0,0,0,0,0,0,0,0,0,,0,1,0,0,0,1,,N,0,0,0,0 minutes,0,0 minutes,0,N,N
159,cmc-0022,M-011,1,201409150800,08,201409152111,21,13 hours 11 minutes,791,20140915,Severe,1,8,0,0,0,0,0,0,0,0,1,0,0,0,1,1,Y,1,1,0,0,1,0,0,1,0,1,1,1,Y,,,1,2,Pontal Tablet Neurontin,0,1,0,1,Y,1,,,0,1,0,1,0,Y,2,0,0,1,0,0,0,0,0,0,1,1,0,0,0,0,1,0,0,0,0,0,0,0,0,0,,0,1,0,0,1,2,Headache medicine. injection prescription,Y,0,1,1,0 hours 0 minutes,0,0 hours 50 minutes,50,N,N
1125,cmc-0031,M-017,0,201411031230,12,201411032359,23,11 hours 29 minutes,689,20141103,weakness,0,8,0,0,0,0,1,0,1,0,0,0,1,0,1,1,Y,1,1,0,0,1,0,0,1,0,1,1,1,Y,,,,1,prescription medication,0,0,1,1,Y,1,,,0,0,1,1,0,Y,2,1,0,0,0,0,0,0,0,0,1,0,0,0,0,0,0,0,1,0,0,0,0,0,0,1,,0,1,0,0,0,1,,Y,0,1,1,0 hours 0 minutes,0,1 hour 30 minutes,90,,
1744,cmc-0042,M-026,0,201412031643,16,201412032359,23,7 hours 16 minutes,436,20141203,middle,1,7,0,0,0,1,0,0,1,0,1,0,0,1,2,1,Y,1,1,0,0,1,0,0,1,0,1,1,1,Y,,,,2,Indenol tablets,1,0,0,1,Y,1,0,1,1,0,1,1,0,Y,2,0,0,1,0,0,1,0,0,0,2,0,0,0,0,0,0,0,0,0,0,0,0,0,0,0,,1,1,0,0,0,2,,Y,0,1,1,0 hours 0 minutes,0,0 hours 40 minutes,40,N,Y
1980,cmc-0042,M-026,0,201412131205,12,201412132359,23,11 hours 54 minutes,714,20141213,middle,1,6,0,0,0,1,0,0,1,0,1,0,0,0,1,1,Y,1,1,1,0,1,0,0,2,0,1,1,1,N,,,,,,,,,0,Y,1,0,1,1,0,1,1,0,Y,2,1,0,0,0,0,1,0,0,0,2,0,0,0,0,0,0,0,0,0,0,0,0,0,0,0,,1,1,0,0,0,2,,Y,0,1,1,0 hours 0 minutes,0,0 hours 30 minutes,30,N,Y
4468,cmc-0077,M-049,1,201502181600,16,201502181900,19,3 hours 0 minutes,180,20150218,middle,1,4,0,0,1,0,0,0,1,0,0,0,1,0,1,1,Y,1,1,0,0,1,0,0,1,0,1,1,1,N,,,,,,,,,0,Y,1,,,0,0,1,1,0,Y,2,1,0,0,0,0,0,1,0,0,2,0,0,0,0,0,0,0,0,0,0,0,0,0,0,0,,0,1,0,0,0,1,,N,0,1,1,0 hours 0 minutes,0,0 hours 30 minutes,30,N,N
187,dha-0004,EM4,1,201409070830,08,201409072359,23,15 hours 29 minutes,929,20140907,middle,1,5,1,0,0,0,1,0,2,1,0,0,0,1,1,0,Y,1,1,0,0,1,0,0,1,0,1,1,1,N,,,,,,,,,0,Y,1,,,0,0,1,1,0,Y,2,0,0,0,0,0,0,0,0,0,0,0,0,0,0,0,0,1,0,0,0,0,0,1,0,2,,0,1,0,0,0,1,,Y,0,1,1,0 hours 0 minutes,0,1 hour 0 minutes,60,N,Y
1787,dha-0032,em32,0,201412120600,06,201412121410,14,8 hours 10 minutes,490,20141212,Severe,1,,1,0,0,0,1,0,2,1,0,1,1,0,2,1,N,0,1,0,1,1,0,0,2,0,1,1,1,Y,,,,1,Cramingjeong Pavilion,0,0,1,1,Y,1,0,1,1,0,1,1,0,Y,2,1,0,0,0,0,0,1,0,0,2,0,0,0,0,0,0,0,0,0,0,0,0,0,0,0,,0,0,0,0,0,0,,Y,1,0,1,1 hour 0 minutes,60,0 hours 0 minutes,0,N,N
1881,dha-0032,em32,0,201412160606,06,201412162036,20,14 hours 30 minutes,870,20141216,middle,1,,0,0,0,1,0,0,1,0,1,0,1,0,2,1,N,0,1,0,0,1,0,0,1,0,1,1,1,N,,,,,,,,,0,Y,1,0,1,1,0,1,1,0,Y,2,1,0,0,0,0,1,0,0,0,2,0,0,0,0,0,0,0,0,0,0,0,0,0,0,0,,0,0,0,1,0,1,,Y,1,0,1,1 hour 0 minutes,60,0 hours 0 minutes,0,N,N
2406,dha-0053,em53,0,201501091406,14,201501091706,17,3 hours 0 minutes,180,20150109,weakness,0,2,1,0,0,0,0,0,1,1,1,0,0,0,1,1,Y,1,1,0,0,1,0,0,1,0,1,1,1,Y,,,,1,Panpyrinev,0,0,1,1,N,0,,,0,,,0,0,Y,2,1,1,0,0,0,0,0,0,0,2,0,0,0,0,0,0,0,0,0,0,0,0,0,0,0,,0,0,0,0,0,0,,Y,1,0,1,0 hours 50 minutes,50,0 hours 0 minutes,0,N,N
2878,dha-0057,em57,0,201502010900,09,201502011900,19,10 hours 0 minutes,600,20150201,weakness,0,5,1,1,0,0,0,0,2,1,1,0,1,0,2,1,Y,1,0,1,0,0,1,1,3,1,1,1,1,Y,,1,1,,,0,1,0,1,Y,1,0,1,1,,,0,0,Y,2,1,0,1,0,0,0,0,0,0,2,0,0,0,0,0,0,0,0,0,0,0,0,0,0,0,,1,1,0,0,0,2,,Y,0,1,1,0 hours 0 minutes,0,0 hours 20 minutes,20,N,N
3184,dha-0057,em57,0,201502231000,10,N,,8 hours 58 minutes,538,20150223,weakness,0,6,1,0,0,0,0,0,1,1,1,0,1,1,3,1,N,0,1,1,0,1,1,1,4,1,1,1,1,Y,1,,,,,1,0,0,1,Y,1,0,1,1,0,1,1,0,Y,2,1,0,0,0,0,0,0,0,1,2,0,0,0,0,0,0,0,0,0,0,0,0,0,0,0,,0,1,1,0,0,2,,Y,0,1,1,0 hours 0 minutes,0,0 hours 20 minutes,20,N,N
377,cmc-0002,M-002,1,201409291704,17,201409292359,23,6 hours 55 minutes,415,20140929,middle,1,,0,0,1,1,1,1,4,0,1,1,1,0,3,1,Y,1,0,0,1,1,0,0,1,0,1,1,1,N,,,,,,,,,0,Y,1,,,0,0,1,1,0,Y,2,0,0,0,0,0,0,1,0,0,1,1,0,0,0,0,1,0,0,0,0,0,0,0,0,0,,0,1,0,0,0,1,,N,1,1,2,,,,,N,Y
67,cmc-0003,M-003,0,201409031420,14,201409032130,21,7 hours 10 minutes,430,20140903,Severe,1,8,0,1,0,1,1,1,4,1,1,0,1,0,2,1,Y,1,1,0,0,1,0,1,2,0,1,1,1,Y,,,,1,Advil,0,1,0,1,Y,1,0,1,1,,,0,0,Y,2,0,0,0,0,0,0,0,1,0,1,0,0,0,0,0,0,0,0,0,0,0,0,0,1,1,Eye fatigue and heat caused by lenses,0,0,0,0,1,1,analgesic,N,1,1,2,,,,,N,N
325,cmc-0004,M-004,0,201409251400,14,201409252300,23,9 hours 0 minutes,540,20140925,weakness,0,3,0,1,1,0,0,0,2,1,0,0,0,1,1,0,Y,1,1,0,0,1,0,0,1,0,1,1,1,Y,,,,1,Cutlet Myeongsu,1,0,0,1,N,0,,,0,,,0,0,Y,2,0,0,0,0,0,0,1,0,0,1,0,0,0,0,0,0,0,0,1,0,0,0,0,0,1,,0,1,0,0,0,1,,N,1,1,2,,,,,N,N
161,cmc-0006,CM-001,1,201409150008,00,201409152359,23,23 hours 51 minutes,1431,20140915,middle,1,5,0,0,0,1,1,1,3,0,1,0,1,0,2,1,N,0,1,0,0,1,1,0,2,0,1,1,1,N,,,,,,,,,0,Y,1,,,0,0,1,1,0,Y,2,0,0,0,0,0,0,1,0,0,1,0,0,0,0,1,1,0,0,0,0,0,0,0,0,0,,1,0,0,0,0,1,,N,1,1,2,,,,,N,Y
665,cmc-0006,CM-001,1,201410112257,22,201410112359,23,1 hour 2 minutes,62,20141011,Severe,1,9,0,1,0,0,1,0,2,1,1,0,0,1,2,1,Y,1,1,0,0,1,0,0,1,0,1,1,1,N,,,,,,0,1,0,1,Y,1,,,0,0,1,1,0,Y,2,0,0,0,0,0,0,1,0,0,1,1,0,0,0,0,1,0,0,0,0,0,0,0,0,0,,1,0,0,0,0,1,,N,1,1,2,,,,,N,Y
666,cmc-0006,CM-001,1,201410120001,00,201410122359,23,23 hours 58 minutes,1438,20141012,Severe,1,10,0,0,1,1,1,1,4,0,0,0,1,0,1,1,Y,1,0,0,1,1,0,0,1,0,1,1,1,N,,,,,,0,1,0,1,Y,1,,,0,0,1,1,0,Y,2,0,0,0,0,0,0,1,0,0,1,1,0,0,0,0,1,0,0,0,0,0,0,0,0,0,,1,0,0,0,0,1,,N,1,1,2,,,,,N,Y
600,cmc-0008,M-007,0,201410071503,15,201410072003,20,5 hours 0 minutes,300,20141007,weakness,0,3,1,0,0,0,0,0,1,1,0,0,1,0,1,1,Y,1,1,0,0,1,0,0,1,0,1,1,1,Y,,,2,,,0,1,0,1,Y,1,0,1,1,0,1,1,0,Y,2,0,0,0,0,0,0,0,0,0,0,1,0,0,0,0,1,0,0,0,0,0,0,0,1,1,air conditioner performance,0,1,0,0,0,1,,N,1,1,2,,,,,N,N
601,cmc-0008,M-007,0,201410101107,11,201410101807,18,7 hours 0 minutes,420,20141010,weakness,0,2,1,0,0,0,0,0,1,1,0,0,1,0,1,1,Y,1,1,0,0,1,0,0,1,0,1,1,1,Y,,,1,,,0,0,1,1,Y,1,0,1,1,0,1,1,0,Y,2,0,0,0,0,0,0,0,0,0,0,1,0,0,0,0,1,0,0,0,0,0,0,0,1,1,vehicle air conditioner,1,1,0,0,0,2,,N,1,1,2,,,,,N,N
423,cmc-0010,M-009,1,201410020530,05,201410021052,10,5 hours 22 minutes,322,20141002,middle,1,6,1,0,0,0,0,0,1,1,1,1,1,0,3,1,Y,1,1,0,1,1,0,0,2,0,1,1,1,Y,,,,1,hospital prescription medication,0,0,1,1,Y,1,,,0,0,1,1,0,Y,2,1,0,1,0,0,0,0,0,0,2,0,0,0,0,0,0,0,0,0,0,0,0,0,0,0,,0,0,0,0,1,1,stress,N,1,1,2,,,,,N,N
1055,cmc-0010,M-009,1,201410310532,05,201410311232,12,7 hours 0 minutes,420,20141031,middle,1,5,1,0,0,0,0,0,1,1,1,1,0,0,2,1,Y,1,1,1,0,1,0,0,2,0,1,1,1,Y,,,,1,hospital prescription medication,0,0,1,1,Y,1,,,0,0,1,1,0,Y,2,1,0,0,0,0,0,0,0,1,2,0,0,0,0,0,0,0,0,0,0,0,0,0,0,0,,1,0,0,0,1,2,hospital medicine,N,1,1,2,,,,,N,N
1187,cmc-0010,M-009,1,201411060129,01,201411062029,20,19 hours 0 minutes,1140,20141106,middle,1,5,1,0,0,0,0,0,1,1,1,0,0,0,1,1,Y,1,1,0,0,1,0,0,1,0,1,1,1,Y,,,,2,prescription drugs,0,0,1,1,Y,1,,,0,0,1,1,0,Y,2,1,0,0,0,0,1,0,0,0,2,0,0,0,0,0,0,0,0,0,0,0,0,0,0,0,,1,1,0,0,0,2,,N,1,1,2,,,,,N,N
1585,cmc-0010,M-009,1,201411240500,05,201411241256,12,7 hours 56 minutes,476,20141124,middle,1,5,1,0,0,0,0,0,1,1,1,0,0,1,2,1,Y,1,1,0,0,1,1,0,2,0,1,1,1,Y,,,,1,prescription drugs,0,0,1,1,Y,1,,,0,0,1,1,0,Y,2,0,0,1,0,0,1,0,0,0,2,0,0,0,0,0,0,0,0,0,0,0,0,0,0,0,,1,1,0,0,1,3,approximately,N,1,1,2,,,,,N,N
1609,cmc-0010,M-009,1,201411250436,04,201411251336,13,9 hours 0 minutes,540,20141125,middle,1,5,1,0,0,0,0,0,1,1,1,1,0,0,2,1,Y,1,1,0,0,1,1,0,2,0,1,1,1,Y,,,,1,prescription drugs,0,0,1,1,Y,1,,,0,0,1,1,0,Y,2,0,0,1,0,0,1,0,0,0,2,0,0,0,0,0,0,0,0,0,0,0,0,0,0,0,,1,1,0,0,1,3,hospital medicine,N,1,1,2,,,,,N,N
1643,cmc-0010,M-009,1,201411260416,04,201411261216,12,8 hours 0 minutes,480,20141126,middle,1,5,1,0,0,0,0,0,1,1,0,0,1,1,2,1,Y,1,1,0,0,1,0,0,1,0,1,1,1,Y,,,,1,prescription drugs,0,0,1,1,Y,1,,,0,0,1,1,0,Y,2,1,0,0,0,0,1,0,0,0,2,0,0,0,0,0,0,0,0,0,0,0,0,0,0,0,,1,1,0,0,1,3,approximately,N,1,1,2,,,,,N,N
484,cmc-0023,M-012,1,201410050930,09,201410052359,23,14 hours 29 minutes,869,20141005,Severe,1,9,1,1,1,1,1,1,6,1,0,1,1,1,3,1,Y,1,1,1,1,1,1,1,5,1,1,1,1,Y,,,,3,Almograan + prescription drugs,0,1,0,1,Y,1,1,0,1,1,0,1,1,Y,2,0,1,0,0,0,0,1,0,0,2,0,0,0,0,0,0,0,0,0,0,0,0,0,0,0,,0,0,0,0,1,1,approximately,N,1,1,2,,,,,N,Y
2076,cmc-0023,M-012,1,201412181230,12,201412182359,23,11 hours 29 minutes,689,20141218,middle,1,6,1,1,1,1,1,0,5,1,0,1,1,0,2,1,Y,1,1,1,0,1,1,1,4,1,1,1,1,Y,,,,1,Naramik,0,1,0,1,Y,1,,,0,0,1,1,0,Y,2,1,0,0,0,0,0,1,0,0,2,0,0,0,0,0,0,0,0,0,0,0,0,0,0,0,,0,0,0,0,0,0,,N,1,1,2,,,,,N,Y
1077,cmc-0025,CM-003,1,201411010737,07,201411012037,20,13 hours 0 minutes,780,20141101,middle,1,8,0,1,0,0,0,0,1,1,0,1,0,0,1,0,Y,1,0,0,1,1,0,0,1,0,1,1,1,Y,2,,,,,1,0,0,1,,0,,,0,,,0,0,Y,2,0,0,0,0,0,0,0,0,0,0,0,0,0,0,1,1,0,0,0,0,0,0,0,1,1,I don't know exactly what caused it. I suddenly started feeling sick again. It felt like my head was being squeezed. I vomited about 3 times and it subsided a little.,0,1,0,0,1,2,,N,1,1,2,,,,,N,N
1133,cmc-0025,CM-003,1,201411031023,10,201411032350,23,13 hours 27 minutes,807,20141103,middle,1,5,1,0,0,0,0,0,1,1,0,1,0,0,1,0,N,0,0,0,1,1,0,0,1,0,1,1,1,Y,1,,,,,1,0,0,1,N,0,,,0,,,0,0,Y,2,0,0,1,0,0,0,0,0,0,1,0,0,0,0,1,1,0,0,0,0,0,0,0,0,0,,1,1,0,0,0,2,,N,1,1,2,,,,,N,N
1290,cmc-0025,CM-003,1,201411090639,06,201411092039,20,14 hours 0 minutes,840,20141109,middle,1,6,0,0,0,1,0,0,1,0,0,1,1,0,2,1,N,0,1,0,0,1,0,0,1,0,1,1,1,N,,,,,,,,,0,N,0,,,0,,,0,0,Y,2,0,0,0,0,0,0,0,0,0,0,0,0,1,0,1,2,0,0,0,0,0,0,0,0,0,,1,1,0,0,0,2,,N,1,1,2,,,,,N,N
1463,cmc-0025,CM-003,1,201411160505,05,201411162305,23,18 hours 0 minutes,1080,20141116,Severe,1,8,0,0,0,1,0,0,1,0,0,1,1,0,2,1,Y,1,1,0,1,1,1,0,3,0,1,1,1,Y,2,,,,,1,0,0,1,Y,1,1,0,1,1,0,1,0,Y,2,0,0,0,0,0,0,0,0,0,0,0,0,1,0,1,2,0,0,0,0,0,0,0,0,0,,1,1,0,0,1,3,I vomited about 6 times from dawn to night and couldn't eat anything.,N,1,1,2,,,,,N,N
868,cmc-0027,CM-004,1,201410220150,01,201410222103,21,6 days 19 hours 13 minutes,1153,20141022,middle,1,6,1,0,0,0,0,0,1,1,1,0,1,0,2,1,Y,1,1,1,0,1,1,1,4,1,1,1,1,N,,,,,,,,,0,Y,1,0,1,1,0,1,1,0,Y,2,0,0,0,0,0,1,0,0,0,1,0,0,0,0,0,0,0,0,0,0,0,0,0,1,1,"Atom test the day before, motion sickness, acute headache persisting",0,0,0,0,1,1,No improvement,N,1,1,2,,,,,N,N
767,cmc-0031,M-017,0,201410182258,22,201410182359,23,1 hour 1 minute,61,20141018,weakness,0,,1,0,0,0,0,0,1,1,1,0,0,0,1,1,Y,1,1,1,0,1,0,0,2,0,1,1,1,Y,,,,4,prescription medication,0,0,1,1,Y,1,,,0,0,1,1,0,Y,2,0,0,0,0,0,0,1,0,0,1,0,0,1,0,0,1,0,0,0,0,0,0,0,0,0,,0,1,0,0,0,1,,N,1,1,2,,,,,,
1665,cmc-0031,M-017,0,201411282232,22,201411282359,23,1 hour 27 minutes,87,20141128,middle,1,,0,0,0,1,0,0,1,0,1,0,0,0,1,1,Y,1,1,0,0,1,0,0,1,0,1,1,1,Y,,,,2,prescription,0,0,1,1,Y,1,,,0,0,1,1,0,Y,2,0,0,0,0,0,0,0,1,1,2,0,0,0,0,0,0,0,0,0,0,0,0,0,0,0,,1,0,0,0,0,1,,N,1,1,2,,,,,,
1787,cmc-0031,M-017,0,201412070333,03,,,2 hours 36 minutes,156,20141207,middle,1,5,0,0,0,1,0,0,1,0,1,0,0,0,1,1,Y,1,1,0,0,1,0,0,1,0,1,1,1,Y,,,,1,prescription,0,0,1,1,Y,1,0,1,1,0,1,1,0,Y,2,1,0,0,0,0,0,0,0,0,1,0,0,0,0,0,0,0,1,0,0,0,0,0,0,1,,0,1,0,0,0,1,,N,1,1,2,,,,,N,N
1943,cmc-0031,M-017,0,201412121230,12,201412121530,15,3 hours 0 minutes,180,20141212,middle,1,5,0,0,0,1,0,0,1,0,1,0,0,0,1,1,Y,1,1,1,0,1,0,0,2,0,1,1,1,Y,,,,1,prescription,0,0,1,1,Y,1,,,0,1,0,1,0,Y,2,1,0,0,0,0,0,1,0,0,2,0,0,0,0,0,0,0,0,0,0,0,0,0,0,0,,1,0,0,0,0,1,,N,1,1,2,,,,,N,N
2356,cmc-0031,M-017,0,201412311251,12,201412311454,14,2 hours 3 minutes,123,20141231,weakness,0,2,0,0,0,1,0,0,1,0,0,0,1,0,1,1,Y,1,1,0,0,1,0,0,1,0,1,1,1,Y,,,,1,prescription,0,0,1,1,Y,1,,,0,0,1,1,0,Y,2,0,0,1,0,0,0,0,0,0,1,0,0,0,0,0,0,0,1,0,0,0,0,0,0,1,,1,1,0,0,0,2,,N,1,1,2,,,,,N,N
2694,cmc-0031,M-017,0,201501151604,16,201501152104,21,5 hours 0 minutes,300,20150115,weakness,0,4,0,0,0,1,0,0,1,0,1,0,0,0,1,1,Y,1,1,0,0,1,0,0,1,0,1,1,1,Y,,,,1,prescription,0,0,1,1,Y,1,,,0,0,1,1,0,Y,2,1,0,0,0,0,0,1,0,0,2,0,0,0,0,0,0,0,0,0,0,0,0,0,0,0,,0,1,0,0,0,1,,N,1,1,2,,,,,N,N
2882,cmc-0031,M-017,0,201501211210,12,201501211410,14,2 hours 0 minutes,120,20150121,weakness,0,3,0,1,0,0,0,0,1,1,1,0,0,0,1,1,Y,1,1,0,0,1,1,0,2,0,1,1,1,Y,,,,1,Cheobingjeon,0,0,1,1,Y,1,,,0,0,1,1,0,Y,2,0,0,0,0,0,0,1,0,0,1,0,0,0,0,0,0,0,1,0,0,0,0,0,0,1,,1,1,0,0,0,2,,N,1,1,2,,,,,N,N
2963,cmc-0031,M-017,0,201501251106,11,201501252206,22,11 hours 0 minutes,660,20150125,weakness,0,4,1,0,0,0,0,0,1,1,1,0,0,0,1,1,Y,1,1,0,0,1,1,0,2,0,1,1,1,Y,,,,1,prescription,0,1,0,1,Y,1,0,1,1,0,1,1,0,Y,2,1,0,1,0,0,0,0,0,0,2,0,0,0,0,0,0,0,0,0,0,0,0,0,0,0,,0,1,0,1,0,2,,N,1,1,2,,,,,N,N
209,cmc-0032,CM-005,0,201409190934,09,201409191527,15,5 hours 53 minutes,353,20140919,Severe,1,8,0,0,0,0,1,1,2,0,1,0,1,0,2,1,Y,1,1,1,0,1,1,0,3,0,1,1,1,Y,2,,,,,0,0,1,1,,0,,,0,,,0,0,Y,2,0,0,1,0,0,0,0,0,0,1,0,0,0,0,0,0,1,0,0,0,0,0,0,0,1,,1,1,0,0,0,2,,N,1,1,2,,,,,N,N
256,cmc-0032,CM-005,0,201409220918,09,201409221218,12,3 hours 0 minutes,180,20140922,middle,1,5,0,0,0,0,0,1,1,0,0,1,1,0,2,1,Y,1,0,1,0,0,1,1,3,1,1,1,1,N,,,,,,,,,0,N,0,,,0,,,0,0,Y,2,1,0,1,0,0,0,0,0,0,2,0,0,0,0,0,0,0,0,0,0,0,0,0,0,0,,0,1,0,0,0,1,,N,1,1,2,,,,,N,N
808,cmc-0032,CM-005,0,201410200936,09,201410201436,14,5 hours 0 minutes,300,20141020,middle,1,6,0,0,0,0,0,1,1,0,0,1,1,0,2,1,N,0,0,1,0,0,1,1,3,1,1,1,1,N,,,,,,,,,0,N,0,,,0,,,0,0,Y,2,1,0,1,0,0,0,0,0,0,2,0,0,0,0,0,0,0,0,0,0,0,0,0,0,0,,0,1,0,0,0,1,,N,1,1,2,,,,,N,N
1111,cmc-0032,CM-005,0,201410281430,14,201410282213,22,7 hours 43 minutes,463,20141028,Severe,1,9,0,0,0,0,0,1,1,0,0,1,1,1,3,1,Y,1,1,1,0,1,1,1,4,1,1,1,1,Y,2,,,,,0,0,1,1,Y,1,,,0,1,0,1,1,Y,2,1,0,0,0,0,1,0,0,0,2,0,0,0,0,0,0,0,0,0,0,0,0,0,0,0,,0,1,0,0,1,2,I took medicine,N,1,1,2,,,,,N,N
331,cmc-0033,CM-006,1,201409251610,16,201409251710,17,1 hour 0 minutes,60,20140925,weakness,0,1,0,0,0,0,0,1,1,0,1,0,0,0,1,1,Y,1,1,0,0,1,0,0,1,0,1,1,1,N,,,,,,,,,0,N,0,,,0,,,0,0,Y,2,1,0,0,0,0,1,0,0,0,2,0,0,0,0,0,0,0,0,0,0,0,0,0,0,0,,0,0,0,0,0,0,,N,1,1,2,,,,,N,N
760,cmc-0033,CM-006,1,201410180002,00,201410182359,23,23 hours 57 minutes,1437,20141018,Severe,1,8,1,0,0,0,0,1,2,1,1,1,1,0,3,1,Y,1,1,1,0,1,0,1,3,1,1,1,1,Y,1,,,,,1,0,0,1,Y,1,0,1,1,0,1,1,0,Y,2,1,0,0,0,0,0,0,0,0,1,0,0,0,0,0,0,0,0,0,0,0,0,0,1,1,Unknown,0,0,0,0,0,0,,N,1,1,2,,,,,N,Y
1519,cmc-0042,M-026,0,201411181637,16,201411182359,23,7 hours 22 minutes,442,20141118,middle,1,5,0,0,0,1,0,0,1,0,1,0,0,0,1,1,Y,1,1,1,0,1,0,0,2,0,1,1,1,Y,,,,2,Indenol tablet 10mg,0,1,0,1,Y,1,0,1,1,0,1,1,0,Y,2,0,0,0,0,0,1,0,0,0,1,0,0,0,0,0,0,0,1,0,0,0,0,0,0,1,,1,1,0,0,0,2,,N,1,1,2,,,,,N,Y
2667,cmc-0046,M-030,1,201501141352,13,201501141652,16,3 hours 0 minutes,180,20150114,Severe,1,8,0,0,0,1,0,1,2,0,0,1,1,0,2,1,Y,1,1,0,0,1,0,0,1,0,1,1,1,Y,,,1,,,0,0,1,1,Y,1,,,0,1,0,1,0,Y,2,1,1,0,0,0,0,0,0,0,2,0,0,0,0,0,0,0,0,0,0,0,0,0,0,0,,0,0,0,0,0,0,,N,1,1,2,,,,,N,N
2509,cmc-0048,M-032,1,201501040700,07,,,11 hours 0 minutes,660,20150104,middle,1,4,0,0,1,0,0,0,1,0,0,0,1,0,1,1,N,0,1,0,0,1,0,0,1,0,1,1,1,Y,,,1,,,1,0,0,1,Y,1,,,0,0,1,1,1,Y,2,0,0,1,0,0,0,0,0,0,1,0,0,0,0,0,0,0,0,1,0,0,0,0,0,1,,0,1,0,0,0,1,,N,1,1,2,,,,,N,N
1799,cmc-0063,M-036,0,201412081700,17,201412082000,20,3 hours 0 minutes,180,20141208,middle,1,5,0,0,0,1,0,0,1,0,0,0,1,0,1,1,Y,1,1,0,0,1,0,0,1,0,1,1,1,Y,,,1,,,0,1,0,1,Y,1,0,1,1,0,1,1,0,Y,2,1,0,0,0,0,0,0,0,0,1,0,0,0,0,0,0,0,0,0,0,0,0,0,1,1,cold,1,1,0,0,0,2,,N,1,1,2,,,,,N,N
3007,cmc-0063,M-036,0,201501251700,17,201501252300,23,6 hours 0 minutes,360,20150125,Severe,1,8,0,0,0,1,0,0,1,0,1,0,0,0,1,1,Y,1,1,0,1,1,0,0,2,0,1,1,1,Y,,,1,,,1,0,0,1,Y,1,,,0,1,0,1,0,Y,2,1,0,0,0,0,0,0,0,1,2,0,0,0,0,0,0,0,0,0,0,0,0,0,0,0,,0,1,0,0,0,1,,N,1,1,2,,,,,N,N
2749,cmc-0068,M-041,0,201501170210,02,201501171910,19,17 hours 0 minutes,1020,20150117,middle,1,5,0,1,0,0,0,0,1,1,1,0,0,0,1,1,Y,1,1,0,0,1,0,0,1,0,1,1,1,Y,,,,1,hospital medicine,0,1,0,1,Y,1,,,0,0,1,1,0,Y,2,1,0,0,0,0,0,0,0,0,1,0,0,0,0,0,0,1,0,0,0,0,0,0,0,1,,0,0,0,0,1,1,Taking medicine,N,1,1,2,,,,,N,N
3885,cmc-0068,M-041,0,201502250757,07,201502252359,23,16 hours 2 minutes,962,20150225,Severe,1,7,1,0,0,0,0,0,1,1,1,0,1,0,2,1,Y,1,1,0,0,1,0,0,1,0,1,1,1,Y,,,,2,hospital prescription,0,0,1,1,Y,1,0,1,1,1,0,1,0,Y,2,0,0,1,0,0,0,0,0,0,1,1,0,0,0,0,1,0,0,0,0,0,0,0,0,0,,1,0,0,0,0,1,,N,1,1,2,,,,,N,Y
3822,cmc-0077,M-049,1,201502090000,00,201502092359,23,23 hours 59 minutes,1439,20150209,Severe,1,10,0,0,1,1,0,0,2,0,0,1,0,0,1,0,Y,1,0,1,0,0,1,1,3,1,1,1,1,N,,,,,,,,,0,Y,1,,,0,1,0,1,0,Y,2,0,0,0,0,0,0,0,0,0,0,1,0,0,0,0,1,0,0,0,0,0,0,0,1,1,cold,0,0,0,0,0,0,,N,1,1,2,,,,,N,Y
3823,cmc-0077,M-049,1,201502100000,00,201502102359,23,23 hours 59 minutes,1439,20150210,Severe,1,10,0,0,1,1,0,0,2,0,0,0,0,1,1,0,Y,1,0,1,0,0,1,1,3,1,1,1,1,Y,,2,,,,0,1,0,1,Y,1,,,0,1,0,1,0,Y,2,0,0,0,0,0,0,0,0,0,0,1,0,0,0,0,1,0,0,0,0,0,0,0,1,1,cold,0,0,0,0,0,0,,N,1,1,2,,,,,N,Y
3816,cmc-0077,M-049,1,201502231300,13,201502232359,23,10 hours 59 minutes,659,20150223,weakness,0,3,1,0,0,0,0,0,1,1,0,0,1,0,1,1,Y,1,1,0,0,1,0,1,2,0,1,1,1,N,,,,,,,,,0,N,0,,,0,,,0,0,Y,2,0,0,1,0,0,0,0,0,0,1,0,0,0,0,0,0,0,0,1,0,0,0,0,0,1,,0,1,0,0,0,1,,N,1,1,2,,,,,,
5103,cmc-0077,M-049,1,201504050900,09,201504051300,13,4 hours 0 minutes,240,20150405,middle,1,5,0,1,0,0,0,0,1,1,0,0,1,0,1,1,N,0,1,0,0,1,0,1,2,0,1,1,1,N,,,,,,,,,0,N,0,,,0,,,0,0,Y,2,0,0,1,0,0,0,0,0,0,1,0,0,0,0,1,1,0,0,0,0,0,0,0,0,0,,0,1,0,0,0,1,,N,1,1,2,,,,,N,N
148,dha-0010,em10,1,201409031130,11,,,10 hours 29 minutes,629,20140903,middle,1,,1,0,0,0,0,0,1,1,0,0,0,1,1,0,Y,1,1,0,0,1,0,0,1,0,1,1,1,Y,,1,,,,0,1,0,1,Y,1,,,0,0,1,1,0,Y,2,0,0,0,0,0,1,0,0,0,1,0,0,0,0,0,0,0,0,0,0,0,0,0,1,1,going out for a long time,0,1,0,0,0,1,,N,1,1,2,,,,,N,N
865,dha-0010,em10,1,201410250923,09,,,5 hours 1 minute,301,20141025,middle,1,,1,0,0,0,0,0,1,1,0,0,1,0,1,1,Y,1,1,0,0,1,0,0,1,0,1,1,1,Y,1,,,,,0,1,0,1,Y,1,,,0,0,1,1,0,Y,2,0,0,0,0,0,1,0,0,0,1,0,0,0,0,0,0,0,0,0,0,0,0,0,1,1,cold,1,1,0,0,0,2,,N,1,1,2,,,,,N,N
274,dha-0015,em15,0,201409131000,10,201409131700,17,7 hours 0 minutes,420,20140913,middle,1,6,0,0,0,1,1,1,3,0,1,1,0,1,3,1,Y,1,1,1,0,1,1,0,3,0,1,1,1,Y,,,,1,,0,0,1,1,N,0,,,0,,,0,0,Y,2,0,0,1,0,0,1,0,0,0,2,0,0,0,0,0,0,0,0,0,0,0,0,0,0,0,,1,1,1,1,0,4,,N,1,1,2,,,,,N,N
277,dha-0018,EM18,1,201409150625,06,201409150826,08,2 hours 1 minute,121,20140915,Severe,1,,0,0,0,1,0,1,2,0,0,1,0,1,2,0,Y,1,1,1,0,1,0,0,2,0,1,1,1,Y,,,,1,NSAIDs,0,1,0,1,Y,1,0,1,1,,,0,0,Y,2,1,0,0,0,0,0,0,0,0,1,0,0,1,0,0,1,0,0,0,0,0,0,0,0,0,,0,1,0,0,0,1,,N,1,1,2,,,,,,
1027,dha-0018,EM18,1,201411060726,07,201411060929,09,2 hours 3 minutes,123,20141106,middle,1,6,1,0,0,0,0,0,1,1,1,0,0,0,1,1,N,0,1,1,0,1,1,0,3,0,1,1,1,N,,,,,,,,,0,Y,1,0,1,1,,,0,0,Y,2,1,0,0,0,0,1,0,0,0,2,0,0,0,0,0,0,0,0,0,0,0,0,0,0,0,,0,1,0,0,0,1,,N,1,1,2,,,,,,
1631,dha-0018,EM18,1,201411200759,07,201411201648,16,8 hours 49 minutes,529,20141120,middle,1,5,1,0,0,0,0,0,1,1,0,1,1,0,2,1,N,0,1,0,0,1,0,0,1,0,1,1,1,Y,1,,,,,0,1,0,1,Y,1,0,1,1,,,0,0,Y,2,1,0,0,0,0,0,0,0,0,1,0,0,0,0,0,0,0,0,0,0,0,0,0,1,1,cold,0,1,0,0,0,1,,N,1,1,2,,,,,N,N
1573,dha-0031,em31,0,201412021233,12,,,27 minutes,27,20141202,weakness,0,1,1,0,0,0,0,0,1,1,1,0,0,0,1,1,N,0,1,0,0,1,0,0,1,0,1,1,1,N,,,,,,,,,0,N,0,,,0,,,0,0,Y,2,0,0,0,0,0,0,0,1,0,1,1,0,0,0,0,1,0,0,0,0,0,0,0,0,0,,0,1,0,0,0,1,,N,1,1,2,,,,,N,N
1496,dha-0033,em33,1,201411292105,21,201411292359,23,2 hours 54 minutes,174,20141129,middle,1,6,0,0,1,0,0,0,1,0,1,0,0,0,1,1,,0,1,0,0,1,0,0,1,0,1,1,1,Y,3,3,,,,0,1,0,1,N,0,,,0,,,0,0,Y,2,0,0,0,0,0,1,0,0,0,1,0,0,0,0,1,1,0,0,0,0,0,0,0,0,0,,0,1,0,0,0,1,,N,1,1,2,,,,,N,Y
1136,dha-0039,em39,0,201411111130,11,201411112359,23,12 hours 29 minutes,749,20141111,middle,1,5,0,0,0,1,0,0,1,0,0,0,1,0,1,1,N,0,1,0,0,1,1,0,2,0,1,1,1,N,,,,,,,,,0,N,0,,,0,,,0,0,Y,2,0,0,1,0,0,0,0,0,0,1,0,0,0,0,1,1,0,0,0,0,0,0,0,0,0,,1,0,0,0,0,1,,N,1,1,2,,,,,N,Y
1335,dha-0039,em39,0,201411212100,21,201411212330,23,2 hours 30 minutes,150,20141121,middle,1,5,0,0,0,1,0,0,1,0,0,0,1,0,1,1,Y,1,1,0,0,1,1,0,2,0,1,1,1,N,,,,,,,,,0,N,0,,,0,,,0,0,Y,2,0,0,0,0,0,0,0,0,0,0,0,0,0,0,0,0,0,0,0,0,0,0,1,1,2,Using the car for long periods of time,0,1,0,0,0,1,,N,1,1,2,,,,,N,N
1579,dha-0039,em39,0,201412031210,12,201412031430,14,2 hours 20 minutes,140,20141203,middle,1,5,0,0,0,1,0,0,1,0,0,0,1,0,1,1,N,0,1,0,0,1,0,0,1,0,1,1,1,Y,,,,2,Medicine prescribed today,0,1,0,1,N,0,,,0,,,0,0,Y,2,1,0,0,0,0,0,0,0,1,2,0,0,0,0,0,0,0,0,0,0,0,0,0,0,0,,0,1,0,0,1,2,"After taking the medicine, I got better. After 8 p.m., I had another headache, so I took the medication and it lasted until 11 p.m.",N,1,1,2,,,,,N,N
1134,dha-0040,EM40,1,201411112100,21,201411112300,23,2 hours 0 minutes,120,20141111,weakness,0,3,0,1,0,0,0,0,1,1,1,0,0,0,1,1,Y,1,1,0,0,1,0,0,1,0,1,1,1,Y,1,,,,,0,1,0,1,N,0,,,0,,,0,0,Y,2,1,0,0,0,0,0,0,0,0,1,0,0,0,0,0,0,1,0,0,0,0,0,0,0,1,,0,0,0,0,1,1,Take medicine and work,N,1,1,2,,,,,N,N
1081,dha-0050,EM50,0,201411091508,15,201411092208,22,7 hours 0 minutes,420,20141109,middle,1,4,1,0,0,0,1,0,2,1,0,0,1,0,1,1,Y,1,1,0,0,1,0,0,1,0,1,1,1,Y,,1,,,,0,1,0,1,Y,1,,,0,0,1,1,0,Y,2,1,0,0,0,0,1,0,0,0,2,0,0,0,0,0,0,0,0,0,0,0,0,0,0,0,,1,1,0,0,0,2,,N,1,1,2,,,,,N,N
1977,dha-0053,em53,0,201412201433,14,201412202033,20,6 hours 0 minutes,360,20141220,middle,1,4,1,0,0,0,0,0,1,1,1,0,0,0,1,1,,0,1,0,0,1,0,0,1,0,1,1,1,Y,,,,1,Almogran,0,0,1,1,Y,1,,,0,0,1,1,0,Y,2,0,1,0,0,0,0,0,0,0,1,0,0,0,0,0,0,0,1,0,0,0,0,0,0,1,,0,0,0,0,1,1,approximately,N,1,1,2,,,,,N,N
1749,dha-0057,em57,0,201412100800,08,201412102359,23,15 hours 59 minutes,959,20141210,middle,1,7,0,0,0,1,0,0,1,0,1,0,0,0,1,1,Y,1,1,1,1,1,1,1,5,1,1,1,1,Y,,1,2,,,0,1,0,1,Y,1,0,1,1,0,1,1,0,Y,2,0,0,0,0,0,0,1,0,0,1,0,0,0,0,0,0,0,0,0,1,0,0,0,0,1,,1,1,1,0,0,3,,N,1,1,2,,,,,N,Y
2072,dha-0057,em57,0,201412250800,08,201412252230,22,14 hours 30 minutes,870,20141225,middle,1,7,0,1,0,0,0,0,1,1,1,0,0,1,2,1,Y,1,1,0,1,1,0,0,2,0,1,1,1,Y,,1,1,,,0,1,0,1,Y,1,0,1,1,0,1,1,1,Y,2,0,0,0,0,0,0,0,0,0,0,0,0,0,0,0,0,1,0,1,0,0,0,0,0,2,,1,1,0,0,0,2,,N,1,1,2,,,,,N,N
2692,dha-0057,em57,0,201501210700,07,201501211200,12,5 hours 0 minutes,300,20150121,weakness,0,3,0,1,0,0,0,0,1,1,0,0,1,0,1,1,Y,1,0,1,0,0,1,1,3,1,1,1,1,Y,,,1,,,0,1,0,1,N,0,,,0,,,0,0,Y,2,0,0,0,0,0,0,0,0,0,0,0,0,0,0,0,0,1,0,1,0,0,0,0,0,2,,1,1,1,0,0,3,,N,1,1,2,,,,,N,N
2875,dha-0057,em57,0,201501290830,08,201501292200,22,13 hours 30 minutes,810,20150129,middle,1,8,0,1,0,0,0,0,1,1,0,0,1,0,1,1,Y,1,0,1,0,0,1,1,3,1,1,1,1,Y,,1,1,,,0,1,0,1,N,0,,,0,,,0,0,Y,2,1,0,1,0,0,0,0,0,0,2,0,0,0,0,0,0,0,0,0,0,0,0,0,0,0,,1,1,0,0,0,2,,N,1,1,2,,,,,N,N
3187,dha-0057,em57,0,201502060800,08,201502062359,23,15 hours 59 minutes,959,20150206,Severe,1,9,1,0,0,0,0,0,1,1,1,1,0,1,3,1,Y,1,1,1,1,1,1,1,5,1,1,1,1,Y,,1,1,,,0,1,0,1,Y,1,1,0,1,1,0,1,1,Y,2,1,0,0,0,0,0,1,0,0,2,0,0,0,0,0,0,0,0,0,0,0,0,0,0,0,,1,1,1,0,0,3,,N,1,1,2,,,,,N,Y
3189,dha-0057,em57,0,201502080700,07,201502082359,23,16 hours 59 minutes,1019,20150208,middle,1,8,0,1,1,0,0,0,2,1,1,0,0,1,2,1,Y,1,1,1,1,1,0,1,4,1,1,1,1,Y,,1,1,,,0,1,0,1,Y,1,1,0,1,1,0,1,1,Y,2,1,0,0,0,0,0,1,0,0,2,0,0,0,0,0,0,0,0,0,0,0,0,0,0,0,,1,1,1,0,0,3,,N,1,1,2,,,,,N,Y
3196,dha-0057,em57,0,201502120800,08,201502122359,23,15 hours 59 minutes,959,20150212,Severe,1,10,1,0,0,0,0,0,1,1,1,1,1,0,3,1,Y,1,0,1,1,1,0,1,3,1,1,1,1,Y,,1,1,,,0,1,0,1,Y,1,1,0,1,1,0,1,1,Y,2,1,0,0,0,0,0,0,0,1,2,0,0,0,0,0,0,0,0,0,0,0,0,0,0,0,,1,1,1,0,0,3,,N,1,1,2,,,,,N,Y
3197,dha-0057,em57,0,201502131000,10,201502132359,23,13 hours 59 minutes,839,20150213,middle,1,8,1,0,0,0,0,0,1,1,1,0,1,0,2,1,Y,1,1,1,0,1,0,1,3,1,1,1,1,Y,,1,1,,,0,1,0,1,Y,1,1,0,1,1,0,1,1,Y,2,1,0,0,0,0,0,0,0,1,2,0,0,0,0,0,0,0,0,0,0,0,0,0,0,0,,1,1,1,0,0,3,,N,1,1,2,,,,,N,Y
3199,dha-0057,em57,0,201502150700,07,201502152359,23,16 hours 59 minutes,1019,20150215,middle,1,7,0,1,0,0,0,0,1,1,0,1,1,0,2,1,N,0,1,0,0,1,0,1,2,0,1,1,1,Y,,1,1,,,0,1,0,1,Y,1,1,0,1,0,1,1,1,Y,2,1,0,0,0,0,0,0,0,1,2,0,0,0,0,0,0,0,0,0,0,0,0,0,0,0,,1,1,1,0,0,3,,N,1,1,2,,,,,N,Y
3195,dha-0057,em57,0,201502200800,08,201502202359,23,15 hours 59 minutes,959,20150220,Severe,1,9,0,0,0,1,0,0,1,0,1,1,1,0,3,1,Y,1,1,1,1,1,0,1,4,1,1,1,1,Y,,1,1,,,0,1,0,1,Y,1,1,0,1,1,0,1,1,Y,2,1,0,0,0,0,0,0,0,1,2,0,0,0,0,0,0,0,0,0,0,0,0,0,0,0,,1,1,1,0,0,3,,N,1,1,2,,,,,N,Y
3194,dha-0057,em57,0,201502210900,09,201502212359,23,14 hours 59 minutes,899,20150221,middle,1,7,1,0,0,0,0,0,1,1,1,0,1,0,2,1,Y,1,1,1,0,1,0,1,3,1,1,1,1,Y,1,,,,,1,0,0,1,Y,1,1,0,1,1,0,1,1,Y,2,1,0,0,0,0,0,0,0,1,2,0,0,0,0,0,0,0,0,0,0,0,0,0,0,0,,1,1,1,0,0,3,,N,1,1,2,,,,,N,Y
3193,dha-0057,em57,0,201502220900,09,201502222359,23,14 hours 59 minutes,899,20150222,weakness,0,5,1,0,0,0,0,0,1,1,1,0,0,0,1,1,N,0,1,0,0,1,0,1,2,0,1,1,1,Y,2,,,,,1,0,0,1,Y,1,1,0,1,1,0,1,1,Y,2,1,0,0,0,0,0,0,0,1,2,0,0,0,0,0,0,0,0,0,0,0,0,0,0,0,,0,1,1,0,0,2,,N,1,1,2,,,,,N,Y
2667,dha-0060,em60,0,201501200650,06,201501201450,14,8 hours 0 minutes,480,20150120,middle,1,7,0,1,0,0,0,0,1,1,0,0,1,0,1,1,Y,1,1,0,0,1,0,0,1,0,1,1,1,Y,,4,,1,Immigran,0,1,0,1,Y,1,,,0,0,1,1,0,Y,2,0,0,0,0,0,0,0,0,0,0,1,0,0,0,0,1,0,0,1,0,0,0,0,0,1,,0,0,0,0,1,1,approximately,N,1,1,2,,,,,N,N
2644,dha-0063,em63,0,201501202100,21,201501202359,23,2 hours 59 minutes,179,20150120,weakness,0,3,1,0,1,0,0,0,2,1,0,0,1,0,1,1,Y,1,1,0,0,1,0,0,1,0,1,1,1,Y,,,1,,,1,0,0,1,Y,1,,,0,0,1,1,0,Y,2,1,0,0,0,0,0,0,0,0,1,0,0,0,0,0,0,0,0,0,0,0,0,0,1,1,gastritis,1,1,0,0,0,2,,N,1,1,2,,,,,N,Y
3331,dha-0063,em63,0,201503041100,11,201503041530,15,4 hours 30 minutes,270,20150304,Severe,1,8,0,1,0,0,1,0,2,1,1,0,0,1,2,1,Y,1,1,1,0,1,0,0,2,0,1,1,1,Y,,,1,,pharmaceutical,0,1,0,1,Y,1,,,0,0,1,1,0,Y,2,0,0,0,0,0,1,1,0,0,2,0,0,0,0,0,0,0,0,0,0,0,0,0,0,0,,0,1,0,0,1,2,Taking medicine,N,1,1,2,,,,,N,N
807,cmc-0032,CM-005,0,,,,,,,20141019,,,,,,,,,,0,,,,,,0,,,,,,,,,,0,,,,,,,,,,,,,,0,,,,,0,,,0,,,2,0,0,0,0,1,0,0,0,0,1,0,0,0,0,0,0,0,1,0,0,0,0,0,0,1,,,,,,,0,,N,0,0,0,0 minutes,0,0 minutes,0,Y,N
565,dha-0032,em32,0,,,,,,,20141008,,,,,,,,,,0,,,,,,0,,,,,,,,,,0,,,,,,,,,,,,,,0,,,,,0,,,0,,,2,0,0,0,1,0,1,0,0,0,2,0,0,0,0,0,0,0,0,0,0,0,0,0,0,0,,,,,,,0,,N,0,0,0,0 minutes,0,0 minutes,0,Y,N
2234,dha-0041,em41,0,,,,,,,20141229,,,,,,,,,,0,,,,,,0,,,,,,,,,,0,,,,,,,,,,,,,,0,,,,,0,,,0,,,2,0,0,0,0,0,0,0,0,0,0,0,0,0,0,0,0,0,1,0,1,0,0,0,0,2,,,,,,,0,,N,0,0,0,0 minutes,0,0 minutes,0,Y,N
2356,dha-0041,em41,0,,,,,,,20150106,,,,,,,,,,0,,,,,,0,,,,,,,,,,0,,,,,,,,,,,,,,0,,,,,0,,,0,,,2,0,0,1,0,0,0,0,0,0,1,0,0,0,0,0,0,0,1,0,0,0,0,0,0,1,,,,,,,0,,N,0,0,0,0 minutes,0,0 minutes,0,Y,N
162,cmc-0008,M-007,0,,,,,,,20140914,,,,,,,,,,0,,,,,,0,,,,,,,,,,0,,,,,,,,,,,,,,0,,,,,0,,,0,,,2,1,0,0,0,0,0,0,1,0,2,0,0,0,0,0,0,0,0,0,0,0,0,0,0,0,,,,,,,0,,Y,0,1,1,0 minutes,0,30 minutes,30,Y,N
163,cmc-0008,M-007,0,,,,,,,20140915,,,,,,,,,,0,,,,,,0,,,,,,,,,,0,,,,,,,,,,,,,,0,,,,,0,,,0,,,2,1,0,0,0,0,0,0,1,0,2,0,0,0,0,0,0,0,0,0,0,0,0,0,0,0,,,,,,,0,,Y,0,1,1,0 minutes,0,20 minutes,20,Y,N
369,cmc-0008,M-007,0,,,,,,,20140927,,,,,,,,,,0,,,,,,0,,,,,,,,,,0,,,,,,,,,,,,,,0,,,,,0,,,0,,,2,1,0,0,0,0,0,0,1,0,2,0,0,0,0,0,0,0,0,0,0,0,0,0,0,0,,,,,,,0,,Y,0,1,1,0 minutes,0,10 minutes,10,Y,N
370,cmc-0008,M-007,0,,,,,,,20140928,,,,,,,,,,0,,,,,,0,,,,,,,,,,0,,,,,,,,,,,,,,0,,,,,0,,,0,,,2,1,0,0,0,0,0,0,1,0,2,0,0,0,0,0,0,0,0,0,0,0,0,0,0,0,,,,,,,0,,Y,0,1,1,0 minutes,0,10 minutes,10,Y,N
1731,cmc-0023,M-012,1,,,,,,,20141128,,,,,,,,,,0,,,,,,0,,,,,,,,,,0,,,,,,,,,,,,,,0,,,,,0,,,0,,,2,1,0,0,0,0,0,0,0,1,2,0,0,0,0,0,0,0,0,0,0,0,0,0,0,0,,,,,,,0,,Y,0,1,1,0 hours 0 minutes,0,2 hours 0 minutes,120,Y,N
1830,cmc-0032,CM-005,0,,,,,,,20141117,,,,,,,,,,0,,,,,,0,,,,,,,,,,0,,,,,,,,,,,,,,0,,,,,0,,,0,,,2,0,0,0,1,0,0,0,0,0,1,0,0,0,0,0,0,0,0,0,1,0,0,0,0,1,,,,,,,0,,Y,0,1,1,0 hours 0 minutes,0,2 hours 0 minutes,120,Y,N
1832,cmc-0032,CM-005,0,,,,,,,20141119,,,,,,,,,,0,,,,,,0,,,,,,,,,,0,,,,,,,,,,,,,,0,,,,,0,,,0,,,2,0,0,0,1,0,1,0,0,0,2,0,0,0,0,0,0,0,0,0,0,0,0,0,0,0,,,,,,,0,,Y,0,1,1,0 hours 0 minutes,0,0 hours 40 minutes,40,Y,N
1851,cmc-0032,CM-005,0,,,,,,,20141208,,,,,,,,,,0,,,,,,0,,,,,,,,,,0,,,,,,,,,,,,,,0,,,,,0,,,0,,,2,0,0,1,1,0,0,0,0,0,2,0,0,0,0,0,0,0,0,0,0,0,0,0,0,0,,,,,,,0,,Y,0,1,1,0 hours 0 minutes,0,1 hour 30 minutes,90,Y,N
1263,cmc-0048,M-032,1,,,,,,,20141109,,,,,,,,,,0,,,,,,0,,,,,,,,,,0,,,,,,,,,,,,,,0,,,,,0,,,0,,,2,0,0,0,1,0,0,0,0,0,1,0,0,0,0,0,0,0,1,0,0,0,0,0,0,1,,,,,,,0,,Y,0,1,1,0 hours 0 minutes,0,2 hours 0 minutes,120,Y,N
1293,cmc-0048,M-032,1,,,,,,,20141110,,,,,,,,,,0,,,,,,0,,,,,,,,,,0,,,,,,,,,,,,,,0,,,,,0,,,0,,,2,0,0,1,1,0,0,0,0,0,2,0,0,0,0,0,0,0,0,0,0,0,0,0,0,0,,,,,,,0,,Y,0,1,1,0 hours 0 minutes,0,2 hours 0 minutes,120,Y,N
1499,cmc-0048,M-032,1,,,,,,,20141118,,,,,,,,,,0,,,,,,0,,,,,,,,,,0,,,,,,,,,,,,,,0,,,,,0,,,0,,,2,0,0,0,1,0,0,0,0,0,1,0,0,0,0,0,0,0,0,1,0,0,0,0,0,1,,,,,,,0,,Y,0,1,1,0 hours 0 minutes,0,1 hour 0 minutes,60,Y,N
1707,cmc-0048,M-032,1,,,,,,,20141201,,,,,,,,,,0,,,,,,0,,,,,,,,,,0,,,,,,,,,,,,,,0,,,,,0,,,0,,,2,0,0,0,0,1,0,0,0,0,1,1,0,0,0,0,1,0,0,0,0,0,0,0,0,0,,,,,,,0,,Y,0,1,1,0 hours 0 minutes,0,1 hour 0 minutes,60,Y,N
1756,cmc-0048,M-032,1,,,,,,,20141203,,,,,,,,,,0,,,,,,0,,,,,,,,,,0,,,,,,,,,,,,,,0,,,,,0,,,0,,,2,0,0,0,1,0,0,0,0,0,1,1,0,0,0,0,1,0,0,0,0,0,0,0,0,0,,,,,,,0,,Y,0,1,1,0 hours 0 minutes,0,2 hours 0 minutes,120,Y,N
1757,cmc-0048,M-032,1,,,,,,,20141204,,,,,,,,,,0,,,,,,0,,,,,,,,,,0,,,,,,,,,,,,,,0,,,,,0,,,0,,,2,0,0,0,1,0,0,0,0,0,1,1,0,0,0,0,1,0,0,0,0,0,0,0,0,0,,,,,,,0,,Y,0,1,1,0 hours 0 minutes,0,2 hours 0 minutes,120,Y,N
1909,cmc-0048,M-032,1,,,,,,,20141210,,,,,,,,,,0,,,,,,0,,,,,,,,,,0,,,,,,,,,,,,,,0,,,,,0,,,0,,,2,0,0,0,1,0,0,0,0,0,1,0,0,0,0,0,0,0,0,1,0,0,0,0,0,1,,,,,,,0,,Y,0,1,1,0 hours 0 minutes,0,1 hour 0 minutes,60,Y,N
2161,cmc-0048,M-032,1,,,,,,,20141223,,,,,,,,,,0,,,,,,0,,,,,,,,,,0,,,,,,,,,,,,,,0,,,,,0,,,0,,,2,0,0,0,1,0,0,0,0,0,1,0,0,0,0,0,0,0,0,1,0,0,0,0,0,1,,,,,,,0,,Y,0,1,1,0 hours 0 minutes,0,2 hours 0 minutes,120,Y,N
2202,cmc-0048,M-032,1,,,,,,,20141224,,,,,,,,,,0,,,,,,0,,,,,,,,,,0,,,,,,,,,,,,,,0,,,,,0,,,0,,,2,0,0,0,1,0,1,0,0,0,2,0,0,0,0,0,0,0,0,0,0,0,0,0,0,0,,,,,,,0,,Y,0,1,1,0 hours 0 minutes,0,2 hours 0 minutes,120,Y,N
2422,cmc-0048,M-032,1,,,,,,,20150102,,,,,,,,,,0,,,,,,0,,,,,,,,,,0,,,,,,,,,,,,,,0,,,,,0,,,0,,,2,0,0,0,1,0,0,0,0,0,1,1,0,0,0,0,1,0,0,0,0,0,0,0,0,0,,,,,,,0,,Y,0,1,1,0 hours 0 minutes,0,2 hours 0 minutes,120,Y,N
2785,cmc-0048,M-032,1,,,,,,,20150119,,,,,,,,,,0,,,,,,0,,,,,,,,,,0,,,,,,,,,,,,,,0,,,,,0,,,0,,,2,0,0,0,1,0,0,0,0,0,1,1,0,0,0,0,1,0,0,0,0,0,0,0,0,0,,,,,,,0,,Y,0,1,1,0 hours 0 minutes,0,2 hours 0 minutes,120,Y,N
3066,cmc-0048,M-032,1,,,,,,,20150128,,,,,,,,,,0,,,,,,0,,,,,,,,,,0,,,,,,,,,,,,,,0,,,,,0,,,0,,,2,0,0,0,1,0,0,0,0,0,1,1,0,0,0,0,1,0,0,0,0,0,0,0,0,0,,,,,,,0,,Y,0,1,1,0 hours 0 minutes,0,1 hour 0 minutes,60,Y,N
1924,cmc-0064,M-037,1,,,,,,,20141212,,,,,,,,,,0,,,,,,0,,,,,,,,,,0,,,,,,,,,,,,,,0,,,,,0,,,0,,,2,0,0,1,0,0,1,0,0,0,2,0,0,0,0,0,0,0,0,0,0,0,0,0,0,0,,,,,,,0,,Y,0,1,1,0 hours 0 minutes,0,0 hours 20 minutes,20,Y,N
2104,cmc-0064,M-037,1,,,,,,,20141220,,,,,,,,,,0,,,,,,0,,,,,,,,,,0,,,,,,,,,,,,,,0,,,,,0,,,0,,,2,0,0,1,0,0,0,0,0,0,1,0,0,0,0,1,1,0,0,0,0,0,0,0,0,0,,,,,,,0,,Y,0,1,1,0 hours 0 minutes,0,0 hours 30 minutes,30,Y,N
3047,cmc-0077,M-049,1,,,,,,,20150126,,,,,,,,,,0,,,,,,0,,,,,,,,,,0,,,,,,,,,,,,,,0,,,,,0,,,0,,,2,0,0,0,1,0,0,0,0,0,1,0,0,0,0,0,0,0,1,0,0,0,0,0,0,1,,,,,,,0,,Y,0,1,1,0 hours 0 minutes,0,1 hour 0 minutes,60,Y,N
3817,cmc-0077,M-049,1,,,,,,,20150128,,,,,,,,,,0,,,,,,0,,,,,,,,,,0,,,,,,,,,,,,,,0,,,,,0,,,0,,,2,1,0,1,0,0,0,0,0,0,2,0,0,0,0,0,0,0,0,0,0,0,0,0,0,0,,,,,,,0,,Y,0,1,1,0 hours 0 minutes,0,1 hour 0 minutes,60,Y,N
3820,cmc-0077,M-049,1,,,,,,,20150131,,,,,,,,,,0,,,,,,0,,,,,,,,,,0,,,,,,,,,,,,,,0,,,,,0,,,0,,,2,0,0,1,1,0,0,0,0,0,2,0,0,0,0,0,0,0,0,0,0,0,0,0,0,0,,,,,,,0,,Y,0,1,1,0 hours 0 minutes,0,2 hours 0 minutes,120,Y,N
5110,cmc-0077,M-049,1,,,,,,,20150407,,,,,,,,,,0,,,,,,0,,,,,,,,,,0,,,,,,,,,,,,,,0,,,,,0,,,0,,,2,1,0,0,0,0,0,0,0,0,1,1,0,0,0,0,1,0,0,0,0,0,0,0,0,0,,,,,,,0,,Y,0,1,1,0 hours 0 minutes,0,0 hours 10 minutes,10,Y,N
5116,cmc-0077,M-049,1,,,,,,,20150413,,,,,,,,,,0,,,,,,0,,,,,,,,,,0,,,,,,,,,,,,,,0,,,,,0,,,0,,,2,0,1,0,0,0,0,0,0,0,1,1,0,0,0,0,1,0,0,0,0,0,0,0,0,0,,,,,,,0,,Y,1,0,1,0 hours 10 minutes,10,0 hours 0 minutes,0,Y,N
76,dha-0004,EM4,1,,,,,,,20140819,,,,,,,,,,0,,,,,,0,,,,,,,,,,0,,,,,,,,,,,,,,0,,,,,0,,,0,,,2,0,1,0,0,0,0,0,0,0,1,1,0,0,0,0,1,0,0,0,0,0,0,0,0,0,,,,,,,0,,Y,0,1,1,0 hours 0 minutes,0,0 hours 30 minutes,30,Y,N
260,dha-0004,EM4,1,,,,,,,20140913,,,,,,,,,,0,,,,,,0,,,,,,,,,,0,,,,,,,,,,,,,,0,,,,,0,,,0,,,2,1,0,0,0,0,1,0,0,0,2,0,0,0,0,0,0,0,0,0,0,0,0,0,0,0,,,,,,,0,,Y,0,1,1,0 hours 0 minutes,0,1 hour 0 minutes,60,Y,N
382,dha-0004,EM4,1,,,,,,,20140922,,,,,,,,,,0,,,,,,0,,,,,,,,,,0,,,,,,,,,,,,,,0,,,,,0,,,0,,,2,1,0,0,0,0,1,0,0,0,2,0,0,0,0,0,0,0,0,0,0,0,0,0,0,0,,,,,,,0,,Y,0,1,1,0 hours 0 minutes,0,1 hour 0 minutes,60,Y,N
434,dha-0004,EM4,1,,,,,,,20140927,,,,,,,,,,0,,,,,,0,,,,,,,,,,0,,,,,,,,,,,,,,0,,,,,0,,,0,,,2,1,0,0,0,0,1,0,0,0,2,0,0,0,0,0,0,0,0,0,0,0,0,0,0,0,,,,,,,0,,Y,0,1,1,0 hours 0 minutes,0,1 hour 0 minutes,60,Y,N
634,dha-0022,em22,0,,,,,,,20141013,,,,,,,,,,0,,,,,,0,,,,,,,,,,0,,,,,,,,,,,,,,0,,,,,0,,,0,,,2,0,0,0,1,0,0,0,0,0,1,0,0,0,0,0,0,0,0,1,0,0,0,0,0,1,,,,,,,0,,Y,0,1,1,0 hours 0 minutes,0,0 hours 10 minutes,10,Y,N
546,dha-0029,EM29,1,,,,,,,20141006,,,,,,,,,,0,,,,,,0,,,,,,,,,,0,,,,,,,,,,,,,,0,,,,,0,,,0,,,2,0,0,0,1,0,1,0,0,0,2,0,0,0,0,0,0,0,0,0,0,0,0,0,0,0,,,,,,,0,,Y,0,1,1,0 hours 0 minutes,0,1 hour 0 minutes,60,Y,N
647,dha-0032,em32,0,,,,,,,20141014,,,,,,,,,,0,,,,,,0,,,,,,,,,,0,,,,,,,,,,,,,,0,,,,,0,,,0,,,2,0,0,0,1,0,0,0,0,0,1,0,0,0,0,0,0,0,0,0,1,0,0,0,0,1,,,,,,,0,,Y,1,0,1,1 hour 0 minutes,60,0 hours 0 minutes,0,Y,N
697,dha-0032,em32,0,,,,,,,20141016,,,,,,,,,,0,,,,,,0,,,,,,,,,,0,,,,,,,,,,,,,,0,,,,,0,,,0,,,2,0,0,0,1,0,0,0,0,0,1,0,0,0,0,0,0,0,0,0,1,0,0,0,0,1,,,,,,,0,,Y,1,0,1,1 hour 0 minutes,60,0 hours 0 minutes,0,Y,N
725,dha-0032,em32,0,,,,,,,20141017,,,,,,,,,,0,,,,,,0,,,,,,,,,,0,,,,,,,,,,,,,,0,,,,,0,,,0,,,2,0,0,0,1,0,0,0,0,0,1,0,0,0,0,0,0,0,0,0,1,0,0,0,0,1,,,,,,,0,,Y,0,1,1,0 hours 0 minutes,0,0 hours 30 minutes,30,Y,N
809,dha-0032,em32,0,,,,,,,20141023,,,,,,,,,,0,,,,,,0,,,,,,,,,,0,,,,,,,,,,,,,,0,,,,,0,,,0,,,2,0,0,0,1,0,0,0,0,0,1,0,0,0,0,1,1,0,0,0,0,0,0,0,0,0,,,,,,,0,,Y,1,0,1,1 hour 0 minutes,60,0 hours 0 minutes,0,Y,N
899,dha-0032,em32,0,,,,,,,20141028,,,,,,,,,,0,,,,,,0,,,,,,,,,,0,,,,,,,,,,,,,,0,,,,,0,,,0,,,2,0,0,0,1,0,0,0,0,0,1,0,0,0,0,0,0,0,0,0,1,0,0,0,0,1,,,,,,,0,,Y,1,0,1,1 hour 0 minutes,60,0 hours 0 minutes,0,Y,N
1104,dha-0032,em32,0,,,,,,,20141108,,,,,,,,,,0,,,,,,0,,,,,,,,,,0,,,,,,,,,,,,,,0,,,,,0,,,0,,,2,0,0,0,1,0,0,0,0,0,1,0,0,0,0,0,0,0,0,0,1,0,0,0,0,1,,,,,,,0,,Y,1,0,1,1 hour 0 minutes,60,0 hours 0 minutes,0,Y,N
1193,dha-0032,em32,0,,,,,,,20141113,,,,,,,,,,0,,,,,,0,,,,,,,,,,0,,,,,,,,,,,,,,0,,,,,0,,,0,,,2,0,0,0,1,0,0,0,0,0,1,0,0,0,0,0,0,0,0,0,1,0,0,0,0,1,,,,,,,0,,Y,1,0,1,1 hour 0 minutes,60,0 hours 0 minutes,0,Y,N
1646,dha-0032,em32,0,,,,,,,20141202,,,,,,,,,,0,,,,,,0,,,,,,,,,,0,,,,,,,,,,,,,,0,,,,,0,,,0,,,2,0,0,0,1,0,0,0,0,0,1,0,0,0,0,0,0,0,0,0,1,0,0,0,0,1,,,,,,,0,,Y,1,0,1,1 hour 0 minutes,60,0 hours 0 minutes,0,Y,N
1970,dha-0032,em32,0,,,,,,,20141220,,,,,,,,,,0,,,,,,0,,,,,,,,,,0,,,,,,,,,,,,,,0,,,,,0,,,0,,,2,0,0,0,0,1,0,0,0,0,1,0,0,0,0,0,0,0,1,0,0,0,0,0,0,1,,,,,,,0,,Y,0,1,1,0 hours 0 minutes,0,1 hour 0 minutes,60,Y,N
1971,dha-0032,em32,0,,,,,,,20141221,,,,,,,,,,0,,,,,,0,,,,,,,,,,0,,,,,,,,,,,,,,0,,,,,0,,,0,,,2,0,0,0,1,0,0,0,0,0,1,0,0,0,0,0,0,0,1,0,0,0,0,0,0,1,,,,,,,0,,Y,0,1,1,0 hours 0 minutes,0,1 hour 0 minutes,60,Y,N
1064,dha-0041,em41,0,,,,,,,20141107,,,,,,,,,,0,,,,,,0,,,,,,,,,,0,,,,,,,,,,,,,,0,,,,,0,,,0,,,2,0,0,1,0,0,0,0,0,0,1,0,0,0,0,0,0,0,0,0,1,0,0,0,0,1,,,,,,,0,,Y,0,1,1,0 hours 0 minutes,0,1 hour 0 minutes,60,Y,N
1242,dha-0041,em41,0,,,,,,,20141118,,,,,,,,,,0,,,,,,0,,,,,,,,,,0,,,,,,,,,,,,,,0,,,,,0,,,0,,,2,0,0,0,0,0,0,0,0,0,0,0,0,0,0,0,0,0,1,0,1,0,0,0,0,2,,,,,,,0,,Y,0,1,1,0 hours 0 minutes,0,1 hour 0 minutes,60,Y,N
1290,dha-0041,em41,0,,,,,,,20141119,,,,,,,,,,0,,,,,,0,,,,,,,,,,0,,,,,,,,,,,,,,0,,,,,0,,,0,,,2,0,0,0,0,0,0,0,0,0,0,0,0,0,0,0,0,0,1,0,1,0,0,0,0,2,,,,,,,0,,Y,0,1,1,0 hours 0 minutes,0,0 hours 30 minutes,30,Y,N
1291,dha-0041,em41,0,,,,,,,20141120,,,,,,,,,,0,,,,,,0,,,,,,,,,,0,,,,,,,,,,,,,,0,,,,,0,,,0,,,2,0,0,0,0,0,0,0,0,0,0,0,0,0,0,0,0,0,1,0,1,0,0,0,0,2,,,,,,,0,,Y,0,1,1,0 hours 0 minutes,0,1 hour 0 minutes,60,Y,N
1467,dha-0041,em41,0,,,,,,,20141128,,,,,,,,,,0,,,,,,0,,,,,,,,,,0,,,,,,,,,,,,,,0,,,,,0,,,0,,,2,0,0,0,0,0,0,0,0,0,0,0,0,0,0,0,0,0,1,0,1,0,0,0,0,2,,,,,,,0,,Y,0,1,1,0 hours 0 minutes,0,1 hour 0 minutes,60,Y,N
1512,dha-0041,em41,0,,,,,,,20141201,,,,,,,,,,0,,,,,,0,,,,,,,,,,0,,,,,,,,,,,,,,0,,,,,0,,,0,,,2,0,0,0,0,0,0,0,0,0,0,1,0,0,0,0,1,0,0,0,1,0,0,0,0,1,,,,,,,0,,Y,0,1,1,0 hours 0 minutes,0,1 hour 0 minutes,60,Y,N
1618,dha-0041,em41,0,,,,,,,20141205,,,,,,,,,,0,,,,,,0,,,,,,,,,,0,,,,,,,,,,,,,,0,,,,,0,,,0,,,2,0,0,0,0,0,0,0,0,0,0,0,0,0,0,0,0,0,0,0,1,0,1,0,0,2,,,,,,,0,,Y,0,1,1,0 hours 0 minutes,0,1 hour 20 minutes,80,Y,N
1958,dha-0041,em41,0,,,,,,,20141219,,,,,,,,,,0,,,,,,0,,,,,,,,,,0,,,,,,,,,,,,,,0,,,,,0,,,0,,,2,1,0,0,0,0,0,0,0,0,1,0,0,0,0,0,0,0,0,0,1,0,0,0,0,1,,,,,,,0,,Y,0,1,1,0 hours 0 minutes,0,1 hour 0 minutes,60,Y,N
2235,dha-0041,em41,0,,,,,,,20141230,,,,,,,,,,0,,,,,,0,,,,,,,,,,0,,,,,,,,,,,,,,0,,,,,0,,,0,,,2,0,0,0,0,0,0,0,0,0,0,0,0,0,0,0,0,0,1,0,1,0,0,0,0,2,,,,,,,0,,Y,0,1,1,0 hours 0 minutes,0,1 hour 0 minutes,60,Y,N
2236,dha-0041,em41,0,,,,,,,20141231,,,,,,,,,,0,,,,,,0,,,,,,,,,,0,,,,,,,,,,,,,,0,,,,,0,,,0,,,2,0,0,0,0,0,0,0,0,0,0,0,0,0,0,0,0,0,1,0,1,0,0,0,0,2,,,,,,,0,,Y,0,1,1,0 hours 0 minutes,0,1 hour 0 minutes,60,Y,N
2357,dha-0041,em41,0,,,,,,,20150107,,,,,,,,,,0,,,,,,0,,,,,,,,,,0,,,,,,,,,,,,,,0,,,,,0,,,0,,,2,0,0,1,0,0,0,0,0,0,1,0,0,0,0,0,0,0,1,0,0,0,0,0,0,1,shopping,,,,,,0,,Y,0,1,1,0 hours 0 minutes,0,1 hour 0 minutes,60,Y,N
2506,dha-0041,em41,0,,,,,,,20150113,,,,,,,,,,0,,,,,,0,,,,,,,,,,0,,,,,,,,,,,,,,0,,,,,0,,,0,,,2,0,0,0,0,0,0,0,0,0,0,0,0,0,0,0,0,0,1,0,1,0,0,0,0,2,,,,,,,0,,Y,0,1,1,0 hours 0 minutes,0,1 hour 0 minutes,60,Y,N
2767,dha-0041,em41,0,,,,,,,20150127,,,,,,,,,,0,,,,,,0,,,,,,,,,,0,,,,,,,,,,,,,,0,,,,,0,,,0,,,2,0,0,0,0,0,0,1,0,0,1,0,0,0,0,0,0,0,1,0,0,0,0,0,0,1,,,,,,,0,,Y,0,1,1,0 hours 0 minutes,0,1 hour 0 minutes,60,Y,N
2798,dha-0041,em41,0,,,,,,,20150128,,,,,,,,,,0,,,,,,0,,,,,,,,,,0,,,,,,,,,,,,,,0,,,,,0,,,0,,,2,0,0,0,0,0,0,1,0,0,1,0,0,0,0,0,0,0,0,0,1,0,0,0,0,1,,,,,,,0,,Y,0,1,1,0 hours 0 minutes,0,1 hour 0 minutes,60,Y,N
2869,dha-0041,em41,0,,,,,,,20150202,,,,,,,,,,0,,,,,,0,,,,,,,,,,0,,,,,,,,,,,,,,0,,,,,0,,,0,,,2,0,0,0,0,0,0,0,0,0,0,0,0,0,0,0,0,0,1,0,1,0,0,0,0,2,,,,,,,0,,Y,0,1,1,0 hours 0 minutes,0,2 hours 0 minutes,120,Y,N
2932,dha-0041,em41,0,,,,,,,20150205,,,,,,,,,,0,,,,,,0,,,,,,,,,,0,,,,,,,,,,,,,,0,,,,,0,,,0,,,2,0,0,0,0,0,1,0,0,0,1,0,0,0,0,0,0,0,0,0,1,0,0,0,0,1,,,,,,,0,,Y,0,1,1,0 hours 0 minutes,0,1 hour 0 minutes,60,Y,N
2943,dha-0041,em41,0,,,,,,,20150206,,,,,,,,,,0,,,,,,0,,,,,,,,,,0,,,,,,,,,,,,,,0,,,,,0,,,0,,,2,0,0,0,0,0,0,0,0,0,0,0,0,0,0,0,0,0,1,0,1,0,0,0,0,2,,,,,,,0,,Y,0,1,1,0 hours 0 minutes,0,1 hour 0 minutes,60,Y,N
3032,dha-0041,em41,0,,,,,,,20150211,,,,,,,,,,0,,,,,,0,,,,,,,,,,0,,,,,,,,,,,,,,0,,,,,0,,,0,,,2,0,0,0,0,0,0,0,0,0,0,0,0,0,0,0,0,0,1,0,1,0,0,0,0,2,,,,,,,0,,Y,0,1,1,0 hours 0 minutes,0,1 hour 30 minutes,90,Y,N
1276,dha-0050,EM50,0,,,,,,,20141119,,,,,,,,,,0,,,,,,0,,,,,,,,,,0,,,,,,,,,,,,,,0,,,,,0,,,0,,,2,0,0,0,0,0,1,1,0,0,2,0,0,0,0,0,0,0,0,0,0,0,0,0,0,0,,,,,,,0,,Y,0,1,1,0 hours 0 minutes,0,1 hour 0 minutes,60,Y,N
1591,dha-0053,em53,0,,,,,,,20141204,,,,,,,,,,0,,,,,,0,,,,,,,,,,0,,,,,,,,,,,,,,0,,,,,0,,,0,,,2,0,0,0,0,0,0,1,0,0,1,0,0,0,0,0,0,0,0,1,0,0,0,0,0,1,,,,,,,0,,Y,1,0,1,0 hours 50 minutes,50,0 hours 0 minutes,0,Y,N
2025,dha-0053,em53,0,,,,,,,20141223,,,,,,,,,,0,,,,,,0,,,,,,,,,,0,,,,,,,,,,,,,,0,,,,,0,,,0,,,2,0,0,0,0,0,0,0,0,0,0,0,0,0,0,0,0,1,0,1,0,0,0,0,0,2,,,,,,,0,,Y,1,0,1,0 hours 50 minutes,50,0 hours 0 minutes,0,Y,N
2348,dha-0053,em53,0,,,,,,,20150107,,,,,,,,,,0,,,,,,0,,,,,,,,,,0,,,,,,,,,,,,,,0,,,,,0,,,0,,,2,1,0,0,0,0,0,0,0,0,1,0,0,0,0,0,0,0,0,1,0,0,0,0,0,1,,,,,,,0,,Y,1,0,1,0 hours 30 minutes,30,0 hours 0 minutes,0,Y,N
2922,dha-0061,EM61,0,,,,,,,20150204,,,,,,,,,,0,,,,,,0,,,,,,,,,,0,,,,,,,,,,,,,,0,,,,,0,,,0,,,2,1,0,0,0,1,0,0,0,0,2,0,0,0,0,0,0,0,0,0,0,0,0,0,0,0,,,,,,,0,,Y,0,1,1,0 hours 0 minutes,0,0 hours 10 minutes,10,Y,N
3152,dha-0061,EM61,0,,,,,,,20150222,,,,,,,,,,0,,,,,,0,,,,,,,,,,0,,,,,,,,,,,,,,0,,,,,0,,,0,,,2,1,0,0,0,0,0,0,0,0,1,0,0,0,0,0,0,0,1,0,0,0,0,0,0,1,,,,,,,0,,Y,0,1,1,0 hours 0 minutes,0,0 hours 20 minutes,20,Y,N
3411,dha-0061,EM61,0,,,,,,,20150228,,,,,,,,,,0,,,,,,0,,,,,,,,,,0,,,,,,,,,,,,,,0,,,,,0,,,0,,,2,1,0,0,0,0,1,0,0,0,2,0,0,0,0,0,0,0,0,0,0,0,0,0,0,0,,,,,,,0,,Y,0,1,1,0 hours 0 minutes,0,0 hours 40 minutes,40,Y,N
2636,dha-0063,em63,0,,,,,,,20150119,,,,,,,,,,0,,,,,,0,,,,,,,,,,0,,,,,,,,,,,,,,0,,,,,0,,,0,,,2,1,0,1,0,0,0,0,0,0,2,0,0,0,0,0,0,0,0,0,0,0,0,0,0,0,,,,,,,0,,Y,0,1,1,0 hours 0 minutes,0,0 hours 40 minutes,40,Y,N
3431,dha-0063,em63,0,,,,,,,20150310,,,,,,,,,,0,,,,,,0,,,,,,,,,,0,,,,,,,,,,,,,,0,,,,,0,,,0,,,2,0,0,1,0,0,1,0,0,0,2,0,0,0,0,0,0,0,0,0,0,0,0,0,0,0,,,,,,,0,,Y,0,1,1,0 hours 0 minutes,0,0 hours 30 minutes,30,Y,N
3538,dha-0063,em63,0,,,,,,,20150316,,,,,,,,,,0,,,,,,0,,,,,,,,,,0,,,,,,,,,,,,,,0,,,,,0,,,0,,,2,1,0,0,0,0,1,0,0,0,2,0,0,0,0,0,0,0,0,0,0,0,0,0,0,0,,,,,,,0,,Y,0,1,1,0 hours 0 minutes,0,0 hours 40 minutes,40,Y,N
3816,dha-0063,em63,0,,,,,,,20150403,,,,,,,,,,0,,,,,,0,,,,,,,,,,0,,,,,,,,,,,,,,0,,,,,0,,,0,,,2,1,0,0,0,0,1,0,0,0,2,0,0,0,0,0,0,0,0,0,0,0,0,0,0,0,,,,,,,0,,Y,0,1,1,0 hours 0 minutes,0,0 hours 50 minutes,50,Y,N
149,cmc-0001,M-001,1,,,,,,,20140914,,,,,,,,,,0,,,,,,0,,,,,,,,,,0,,,,,,,,,,,,,,0,,,,,0,,,0,,,2,1,0,0,0,0,1,0,0,0,2,0,0,0,0,0,0,0,0,0,0,0,0,0,0,0,,,,,,,0,,N,1,1,2,,,,,Y,N
640,cmc-0001,M-001,1,,,,,,,20141010,,,,,,,,,,0,,,,,,0,,,,,,,,,,0,,,,,,,,,,,,,,0,,,,,0,,,0,,,2,0,0,0,0,1,1,0,0,0,2,0,0,0,0,0,0,0,0,0,0,0,0,0,0,0,,,,,,,0,,N,1,1,2,,,,,Y,N
727,cmc-0001,M-001,1,,,,,,,20141016,,,,,,,,,,0,,,,,,0,,,,,,,,,,0,,,,,,,,,,,,,,0,,,,,0,,,0,,,2,0,0,0,0,1,1,0,0,0,2,0,0,0,0,0,0,0,0,0,0,0,0,0,0,0,,,,,,,0,,N,1,1,2,,,,,Y,N
765,cmc-0001,M-001,1,,,,,,,20141018,,,,,,,,,,0,,,,,,0,,,,,,,,,,0,,,,,,,,,,,,,,0,,,,,0,,,0,,,2,0,0,0,0,1,0,0,0,0,1,0,0,0,0,1,1,0,0,0,0,0,0,0,0,0,,,,,,,0,,N,1,1,2,,,,,Y,N
810,cmc-0001,M-001,1,,,,,,,20141019,,,,,,,,,,0,,,,,,0,,,,,,,,,,0,,,,,,,,,,,,,,0,,,,,0,,,0,,,2,0,1,0,0,1,0,0,0,0,2,0,0,0,0,0,0,0,0,0,0,0,0,0,0,0,,,,,,,0,,N,1,1,2,,,,,Y,N
871,cmc-0001,M-001,1,,,,,,,20141022,,,,,,,,,,0,,,,,,0,,,,,,,,,,0,,,,,,,,,,,,,,0,,,,,0,,,0,,,2,0,0,0,0,1,1,0,0,0,2,0,0,0,0,0,0,0,0,0,0,0,0,0,0,0,,,,,,,0,,N,1,1,2,,,,,Y,N
1086,cmc-0001,M-001,1,,,,,,,20141029,,,,,,,,,,0,,,,,,0,,,,,,,,,,0,,,,,,,,,,,,,,0,,,,,0,,,0,,,2,0,1,0,0,1,0,0,0,0,2,0,0,0,0,0,0,0,0,0,0,0,0,0,0,0,,,,,,,0,,N,1,1,2,,,,,Y,N
1087,cmc-0001,M-001,1,,,,,,,20141030,,,,,,,,,,0,,,,,,0,,,,,,,,,,0,,,,,,,,,,,,,,0,,,,,0,,,0,,,2,0,0,0,0,1,0,0,0,0,1,0,0,0,0,1,1,0,0,0,0,0,0,0,0,0,,,,,,,0,,N,1,1,2,,,,,Y,N
1090,cmc-0001,M-001,1,,,,,,,20141102,,,,,,,,,,0,,,,,,0,,,,,,,,,,0,,,,,,,,,,,,,,0,,,,,0,,,0,,,2,0,0,1,0,1,0,0,0,0,2,0,0,0,0,0,0,0,0,0,0,0,0,0,0,0,,,,,,,0,,N,1,1,2,,,,,Y,N
1221,cmc-0001,M-001,1,,,,,,,20141103,,,,,,,,,,0,,,,,,0,,,,,,,,,,0,,,,,,,,,,,,,,0,,,,,0,,,0,,,2,0,0,0,0,1,0,0,0,0,1,0,0,0,0,0,0,0,0,0,0,0,1,0,0,1,,,,,,,0,,N,1,1,2,,,,,Y,N
1222,cmc-0001,M-001,1,,,,,,,20141104,,,,,,,,,,0,,,,,,0,,,,,,,,,,0,,,,,,,,,,,,,,0,,,,,0,,,0,,,2,0,0,1,0,1,0,0,0,0,2,0,0,0,0,0,0,0,0,0,0,0,0,0,0,0,,,,,,,0,,N,1,1,2,,,,,Y,N
1224,cmc-0001,M-001,1,,,,,,,20141106,,,,,,,,,,0,,,,,,0,,,,,,,,,,0,,,,,,,,,,,,,,0,,,,,0,,,0,,,2,0,1,0,0,0,0,0,0,0,1,0,0,0,0,0,0,0,1,0,0,0,0,0,0,1,,,,,,,0,,N,1,1,2,,,,,Y,N
1247,cmc-0001,M-001,1,,,,,,,20141108,,,,,,,,,,0,,,,,,0,,,,,,,,,,0,,,,,,,,,,,,,,0,,,,,0,,,0,,,2,1,0,0,0,1,0,0,0,0,2,0,0,0,0,0,0,0,0,0,0,0,0,0,0,0,,,,,,,0,,N,1,1,2,,,,,Y,N
1292,cmc-0001,M-001,1,,,,,,,20141110,,,,,,,,,,0,,,,,,0,,,,,,,,,,0,,,,,,,,,,,,,,0,,,,,0,,,0,,,2,0,0,1,0,0,0,0,0,0,1,0,0,0,0,0,0,0,0,0,0,0,1,0,0,1,,,,,,,0,,N,1,1,2,,,,,Y,N
438,cmc-0003,M-003,0,,,,,,,20141001,,,,,,,,,,0,,,,,,0,,,,,,,,,,0,,,,,,,,,,,,,,0,,,,,0,,,0,,,2,0,0,0,0,0,1,0,1,0,2,0,0,0,0,0,0,0,0,0,0,0,0,0,0,0,,,,,,,0,,N,1,1,2,,,,,Y,N
437,cmc-0003,M-003,0,,,,,,,20141002,,,,,,,,,,0,,,,,,0,,,,,,,,,,0,,,,,,,,,,,,,,0,,,,,0,,,0,,,2,0,0,0,0,0,1,0,1,0,2,0,0,0,0,0,0,0,0,0,0,0,0,0,0,0,,,,,,,0,,N,1,1,2,,,,,Y,N
583,cmc-0003,M-003,0,,,,,,,20141008,,,,,,,,,,0,,,,,,0,,,,,,,,,,0,,,,,,,,,,,,,,0,,,,,0,,,0,,,2,0,0,0,0,0,1,0,0,0,1,0,0,0,0,0,0,0,1,0,0,0,0,0,0,1,,,,,,,0,,N,1,1,2,,,,,Y,N
1084,cmc-0003,M-003,0,,,,,,,20141031,,,,,,,,,,0,,,,,,0,,,,,,,,,,0,,,,,,,,,,,,,,0,,,,,0,,,0,,,2,0,0,1,0,0,1,0,0,0,2,0,0,0,0,0,0,0,0,0,0,0,0,0,0,0,,,,,,,0,,N,1,1,2,,,,,Y,N
1083,cmc-0003,M-003,0,,,,,,,20141101,,,,,,,,,,0,,,,,,0,,,,,,,,,,0,,,,,,,,,,,,,,0,,,,,0,,,0,,,2,0,0,1,0,0,1,0,0,0,2,0,0,0,0,0,0,0,0,0,0,0,0,0,0,0,,,,,,,0,,N,1,1,2,,,,,Y,N
1234,cmc-0003,M-003,0,,,,,,,20141107,,,,,,,,,,0,,,,,,0,,,,,,,,,,0,,,,,,,,,,,,,,0,,,,,0,,,0,,,2,0,0,1,0,0,1,0,0,0,2,0,0,0,0,0,0,0,0,0,0,0,0,0,0,0,,,,,,,0,,N,1,1,2,,,,,Y,N
268,cmc-0006,CM-001,1,,,,,,,20140919,,,,,,,,,,0,,,,,,0,,,,,,,,,,0,,,,,,,,,,,,,,0,,,,,0,,,0,,,2,0,0,0,0,0,1,0,0,0,1,0,1,0,0,0,1,0,0,0,0,0,0,0,0,0,,,,,,,0,,N,1,1,2,,,,,Y,N
266,cmc-0006,CM-001,1,,,,,,,20140920,,,,,,,,,,0,,,,,,0,,,,,,,,,,0,,,,,,,,,,,,,,0,,,,,0,,,0,,,2,0,0,1,0,0,0,0,0,0,1,0,1,0,0,0,1,0,0,0,0,0,0,0,0,0,,,,,,,0,,N,1,1,2,,,,,Y,N
267,cmc-0006,CM-001,1,,,,,,,20140921,,,,,,,,,,0,,,,,,0,,,,,,,,,,0,,,,,,,,,,,,,,0,,,,,0,,,0,,,2,0,0,1,0,0,0,0,0,0,1,0,1,0,0,0,1,0,0,0,0,0,0,0,0,0,,,,,,,0,,N,1,1,2,,,,,Y,N
265,cmc-0006,CM-001,1,,,,,,,20140922,,,,,,,,,,0,,,,,,0,,,,,,,,,,0,,,,,,,,,,,,,,0,,,,,0,,,0,,,2,0,0,1,0,0,0,0,0,0,1,0,0,1,0,0,1,0,0,0,0,0,0,0,0,0,,,,,,,0,,N,1,1,2,,,,,Y,N
132,cmc-0008,M-007,0,,,,,,,20140910,,,,,,,,,,0,,,,,,0,,,,,,,,,,0,,,,,,,,,,,,,,0,,,,,0,,,0,,,2,0,0,0,0,0,0,1,0,0,1,1,0,0,0,0,1,0,0,0,0,0,0,0,0,0,,,,,,,0,,N,1,1,2,,,,,Y,N
133,cmc-0008,M-007,0,,,,,,,20140911,,,,,,,,,,0,,,,,,0,,,,,,,,,,0,,,,,,,,,,,,,,0,,,,,0,,,0,,,2,0,0,0,0,0,0,1,0,0,1,1,0,0,0,0,1,0,0,0,0,0,0,0,0,0,,,,,,,0,,N,1,1,2,,,,,Y,N
496,cmc-0008,M-007,0,,,,,,,20141001,,,,,,,,,,0,,,,,,0,,,,,,,,,,0,,,,,,,,,,,,,,0,,,,,0,,,0,,,2,0,0,0,0,0,0,1,1,0,2,0,0,0,0,0,0,0,0,0,0,0,0,0,0,0,,,,,,,0,,N,1,1,2,,,,,Y,N
497,cmc-0008,M-007,0,,,,,,,20141002,,,,,,,,,,0,,,,,,0,,,,,,,,,,0,,,,,,,,,,,,,,0,,,,,0,,,0,,,2,0,0,0,0,0,0,1,1,0,2,0,0,0,0,0,0,0,0,0,0,0,0,0,0,0,,,,,,,0,,N,1,1,2,,,,,Y,N
720,cmc-0008,M-007,0,,,,,,,20141008,,,,,,,,,,0,,,,,,0,,,,,,,,,,0,,,,,,,,,,,,,,0,,,,,0,,,0,,,2,0,0,0,0,0,0,0,1,0,1,1,0,0,0,0,1,0,0,0,0,0,0,0,0,0,,,,,,,0,,N,1,1,2,,,,,Y,N
721,cmc-0008,M-007,0,,,,,,,20141009,,,,,,,,,,0,,,,,,0,,,,,,,,,,0,,,,,,,,,,,,,,0,,,,,0,,,0,,,2,0,0,0,0,0,0,0,1,0,1,1,0,0,0,0,1,0,0,0,0,0,0,0,0,0,,,,,,,0,,N,1,1,2,,,,,Y,N
722,cmc-0008,M-007,0,,,,,,,20141011,,,,,,,,,,0,,,,,,0,,,,,,,,,,0,,,,,,,,,,,,,,0,,,,,0,,,0,,,2,0,0,0,0,0,0,0,1,0,1,1,0,0,0,0,1,0,0,0,0,0,0,0,0,0,,,,,,,0,,N,1,1,2,,,,,Y,N
723,cmc-0008,M-007,0,,,,,,,20141012,,,,,,,,,,0,,,,,,0,,,,,,,,,,0,,,,,,,,,,,,,,0,,,,,0,,,0,,,2,0,0,0,0,0,0,0,1,0,1,1,0,0,0,0,1,0,0,0,0,0,0,0,0,0,,,,,,,0,,N,1,1,2,,,,,Y,N
724,cmc-0008,M-007,0,,,,,,,20141013,,,,,,,,,,0,,,,,,0,,,,,,,,,,0,,,,,,,,,,,,,,0,,,,,0,,,0,,,2,0,0,0,0,0,0,0,1,0,1,1,0,0,0,0,1,0,0,0,0,0,0,0,0,0,,,,,,,0,,N,1,1,2,,,,,Y,N
725,cmc-0008,M-007,0,,,,,,,20141014,,,,,,,,,,0,,,,,,0,,,,,,,,,,0,,,,,,,,,,,,,,0,,,,,0,,,0,,,2,0,0,0,0,0,0,0,1,0,1,1,0,0,0,0,1,0,0,0,0,0,0,0,0,0,,,,,,,0,,N,1,1,2,,,,,Y,N
796,cmc-0008,M-007,0,,,,,,,20141015,,,,,,,,,,0,,,,,,0,,,,,,,,,,0,,,,,,,,,,,,,,0,,,,,0,,,0,,,2,1,0,0,0,0,0,0,1,0,2,0,0,0,0,0,0,0,0,0,0,0,0,0,0,0,,,,,,,0,,N,1,1,2,,,,,Y,N
798,cmc-0008,M-007,0,,,,,,,20141017,,,,,,,,,,0,,,,,,0,,,,,,,,,,0,,,,,,,,,,,,,,0,,,,,0,,,0,,,2,1,0,0,0,0,0,0,1,0,2,0,0,0,0,0,0,0,0,0,0,0,0,0,0,0,,,,,,,0,,N,1,1,2,,,,,Y,N
799,cmc-0008,M-007,0,,,,,,,20141018,,,,,,,,,,0,,,,,,0,,,,,,,,,,0,,,,,,,,,,,,,,0,,,,,0,,,0,,,2,1,0,0,0,0,0,0,1,0,2,0,0,0,0,0,0,0,0,0,0,0,0,0,0,0,,,,,,,0,,N,1,1,2,,,,,Y,N
800,cmc-0008,M-007,0,,,,,,,20141019,,,,,,,,,,0,,,,,,0,,,,,,,,,,0,,,,,,,,,,,,,,0,,,,,0,,,0,,,2,1,0,0,0,0,0,0,1,0,2,0,0,0,0,0,0,0,0,0,0,0,0,0,0,0,,,,,,,0,,N,1,1,2,,,,,Y,N
801,cmc-0008,M-007,0,,,,,,,20141020,,,,,,,,,,0,,,,,,0,,,,,,,,,,0,,,,,,,,,,,,,,0,,,,,0,,,0,,,2,1,0,0,0,0,0,0,1,0,2,0,0,0,0,0,0,0,0,0,0,0,0,0,0,0,,,,,,,0,,N,1,1,2,,,,,Y,N
938,cmc-0008,M-007,0,,,,,,,20141026,,,,,,,,,,0,,,,,,0,,,,,,,,,,0,,,,,,,,,,,,,,0,,,,,0,,,0,,,2,0,0,0,0,0,0,0,1,0,1,1,0,0,0,0,1,0,0,0,0,0,0,0,0,0,,,,,,,0,,N,1,1,2,,,,,Y,N
1028,cmc-0008,M-007,0,,,,,,,20141027,,,,,,,,,,0,,,,,,0,,,,,,,,,,0,,,,,,,,,,,,,,0,,,,,0,,,0,,,2,1,0,0,0,0,0,0,1,0,2,0,0,0,0,0,0,0,0,0,0,0,0,0,0,0,,,,,,,0,,N,1,1,2,,,,,Y,N
1118,cmc-0008,M-007,0,,,,,,,20141101,,,,,,,,,,0,,,,,,0,,,,,,,,,,0,,,,,,,,,,,,,,0,,,,,0,,,0,,,2,0,0,0,0,0,0,0,1,0,1,1,0,0,0,0,1,0,0,0,0,0,0,0,0,0,,,,,,,0,,N,1,1,2,,,,,Y,N
1449,cmc-0008,M-007,0,,,,,,,20141114,,,,,,,,,,0,,,,,,0,,,,,,,,,,0,,,,,,,,,,,,,,0,,,,,0,,,0,,,2,1,0,0,0,0,0,0,1,0,2,0,0,0,0,0,0,0,0,0,0,0,0,0,0,0,,,,,,,0,,N,1,1,2,,,,,Y,N
1450,cmc-0008,M-007,0,,,,,,,20141115,,,,,,,,,,0,,,,,,0,,,,,,,,,,0,,,,,,,,,,,,,,0,,,,,0,,,0,,,2,1,0,0,0,0,0,0,1,0,2,0,0,0,0,0,0,0,0,0,0,0,0,0,0,0,,,,,,,0,,N,1,1,2,,,,,Y,N
894,cmc-0011,M-010,1,,,,,,,20141024,,,,,,,,,,0,,,,,,0,,,,,,,,,,0,,,,,,,,,,,,,,0,,,,,0,,,0,,,2,0,0,1,0,0,1,0,0,0,2,0,0,0,0,0,0,0,0,0,0,0,0,0,0,0,,,,,,,0,,N,1,1,2,,,,,Y,N
1897,cmc-0011,M-010,1,,,,,,,20141203,,,,,,,,,,0,,,,,,0,,,,,,,,,,0,,,,,,,,,,,,,,0,,,,,0,,,0,,,2,0,0,0,0,0,1,0,0,1,2,0,0,0,0,0,0,0,0,0,0,0,0,0,0,0,,,,,,,0,,N,1,1,2,,,,,Y,N
1898,cmc-0011,M-010,1,,,,,,,20141205,,,,,,,,,,0,,,,,,0,,,,,,,,,,0,,,,,,,,,,,,,,0,,,,,0,,,0,,,2,1,0,1,0,0,0,0,0,0,2,0,0,0,0,0,0,0,0,0,0,0,0,0,0,0,,,,,,,0,,N,1,1,2,,,,,Y,N
2022,cmc-0011,M-010,1,,,,,,,20141212,,,,,,,,,,0,,,,,,0,,,,,,,,,,0,,,,,,,,,,,,,,0,,,,,0,,,0,,,2,0,0,1,0,0,1,0,0,0,2,0,0,0,0,0,0,0,0,0,0,0,0,0,0,0,,,,,,,0,,N,1,1,2,,,,,Y,N
2025,cmc-0011,M-010,1,,,,,,,20141215,,,,,,,,,,0,,,,,,0,,,,,,,,,,0,,,,,,,,,,,,,,0,,,,,0,,,0,,,2,0,0,1,0,0,1,0,0,0,2,0,0,0,0,0,0,0,0,0,0,0,0,0,0,0,,,,,,,0,,N,1,1,2,,,,,Y,N
436,cmc-0023,M-012,1,,,,,,,20141002,,,,,,,,,,0,,,,,,0,,,,,,,,,,0,,,,,,,,,,,,,,0,,,,,0,,,0,,,2,0,0,1,0,0,0,0,0,1,2,0,0,0,0,0,0,0,0,0,0,0,0,0,0,0,,,,,,,0,,N,1,1,2,,,,,Y,N
450,cmc-0023,M-012,1,,,,,,,20141003,,,,,,,,,,0,,,,,,0,,,,,,,,,,0,,,,,,,,,,,,,,0,,,,,0,,,0,,,2,0,1,0,0,0,0,0,0,1,2,0,0,0,0,0,0,0,0,0,0,0,0,0,0,0,,,,,,,0,,N,1,1,2,,,,,Y,N
301,cmc-0024,CM-002,0,,,,,,,20140923,,,,,,,,,,0,,,,,,0,,,,,,,,,,0,,,,,,,,,,,,,,0,,,,,0,,,0,,,2,1,0,0,0,0,1,0,0,0,2,0,0,0,0,0,0,0,0,0,0,0,0,0,0,0,,,,,,,0,,N,1,1,2,,,,,Y,N
575,cmc-0025,CM-003,1,,,,,,,20140930,,,,,,,,,,0,,,,,,0,,,,,,,,,,0,,,,,,,,,,,,,,0,,,,,0,,,0,,,2,0,0,0,0,0,0,0,0,0,0,0,0,1,0,0,1,0,1,0,0,0,0,0,0,1,,,,,,,0,,N,1,1,2,,,,,Y,N
489,cmc-0026,M-013,1,,,,,,,20141005,,,,,,,,,,0,,,,,,0,,,,,,,,,,0,,,,,,,,,,,,,,0,,,,,0,,,0,,,2,0,0,1,0,0,0,0,0,0,1,0,0,0,0,0,0,0,0,1,0,0,0,0,0,1,,,,,,,0,,N,1,1,2,,,,,Y,N
813,cmc-0026,M-013,1,,,,,,,20141020,,,,,,,,,,0,,,,,,0,,,,,,,,,,0,,,,,,,,,,,,,,0,,,,,0,,,0,,,2,0,0,1,0,0,1,0,0,0,2,0,0,0,0,0,0,0,0,0,0,0,0,0,0,0,,,,,,,0,,N,1,1,2,,,,,Y,N
193,cmc-0029,M-015,1,,,,,,,20140917,,,,,,,,,,0,,,,,,0,,,,,,,,,,0,,,,,,,,,,,,,,0,,,,,0,,,0,,,2,0,0,0,0,0,0,0,0,0,0,0,0,0,0,0,0,0,1,0,1,0,0,0,0,2,,,,,,,0,,N,1,1,2,,,,,Y,N
212,cmc-0029,M-015,1,,,,,,,20140918,,,,,,,,,,0,,,,,,0,,,,,,,,,,0,,,,,,,,,,,,,,0,,,,,0,,,0,,,2,0,0,0,0,0,0,0,0,0,0,0,0,1,0,0,1,0,0,0,1,0,0,0,0,1,,,,,,,0,,N,1,1,2,,,,,Y,N
221,cmc-0029,M-015,1,,,,,,,20140919,,,,,,,,,,0,,,,,,0,,,,,,,,,,0,,,,,,,,,,,,,,0,,,,,0,,,0,,,2,0,0,0,0,1,0,0,0,0,1,0,0,1,0,0,1,0,0,0,0,0,0,0,0,0,,,,,,,0,,N,1,1,2,,,,,Y,N
233,cmc-0029,M-015,1,,,,,,,20140920,,,,,,,,,,0,,,,,,0,,,,,,,,,,0,,,,,,,,,,,,,,0,,,,,0,,,0,,,2,0,0,0,0,0,0,0,0,0,0,0,0,0,0,0,0,0,0,0,1,1,0,0,0,2,,,,,,,0,,N,1,1,2,,,,,Y,N
306,cmc-0029,M-015,1,,,,,,,20140923,,,,,,,,,,0,,,,,,0,,,,,,,,,,0,,,,,,,,,,,,,,0,,,,,0,,,0,,,2,0,0,0,0,1,0,0,0,0,1,0,0,1,0,0,1,0,0,0,0,0,0,0,0,0,,,,,,,0,,N,1,1,2,,,,,Y,N
389,cmc-0029,M-015,1,,,,,,,20140929,,,,,,,,,,0,,,,,,0,,,,,,,,,,0,,,,,,,,,,,,,,0,,,,,0,,,0,,,2,0,0,0,0,0,0,0,0,0,0,0,0,1,0,0,1,0,0,0,1,0,0,0,0,1,,,,,,,0,,N,1,1,2,,,,,Y,N
463,cmc-0029,M-015,1,,,,,,,20141003,,,,,,,,,,0,,,,,,0,,,,,,,,,,0,,,,,,,,,,,,,,0,,,,,0,,,0,,,2,0,0,0,0,0,0,0,0,0,0,0,0,1,0,0,1,0,0,0,1,0,0,0,0,1,,,,,,,0,,N,1,1,2,,,,,Y,N
823,cmc-0029,M-015,1,,,,,,,20141021,,,,,,,,,,0,,,,,,0,,,,,,,,,,0,,,,,,,,,,,,,,0,,,,,0,,,0,,,2,0,0,0,0,0,0,0,0,0,0,0,0,1,0,0,1,0,0,0,1,0,0,0,0,1,,,,,,,0,,N,1,1,2,,,,,Y,N
870,cmc-0029,M-015,1,,,,,,,20141022,,,,,,,,,,0,,,,,,0,,,,,,,,,,0,,,,,,,,,,,,,,0,,,,,0,,,0,,,2,0,0,0,0,0,0,0,0,0,0,0,0,1,0,0,1,0,0,0,0,1,0,0,0,1,,,,,,,0,,N,1,1,2,,,,,Y,N
996,cmc-0029,M-015,1,,,,,,,20141028,,,,,,,,,,0,,,,,,0,,,,,,,,,,0,,,,,,,,,,,,,,0,,,,,0,,,0,,,2,0,0,0,0,0,0,0,0,0,0,0,0,1,0,0,1,0,0,0,0,1,0,0,0,1,,,,,,,0,,N,1,1,2,,,,,Y,N
1485,cmc-0029,M-015,1,,,,,,,20141117,,,,,,,,,,0,,,,,,0,,,,,,,,,,0,,,,,,,,,,,,,,0,,,,,0,,,0,,,2,0,0,0,0,0,0,0,0,0,0,0,0,1,0,0,1,0,0,0,1,0,0,0,0,1,,,,,,,0,,N,1,1,2,,,,,Y,N
1651,cmc-0029,M-015,1,,,,,,,20141127,,,,,,,,,,0,,,,,,0,,,,,,,,,,0,,,,,,,,,,,,,,0,,,,,0,,,0,,,2,0,0,0,0,0,0,0,0,0,0,0,0,1,0,0,1,0,0,0,0,1,0,0,0,1,,,,,,,0,,N,1,1,2,,,,,Y,N
1723,cmc-0029,M-015,1,,,,,,,20141202,,,,,,,,,,0,,,,,,0,,,,,,,,,,0,,,,,,,,,,,,,,0,,,,,0,,,0,,,2,0,0,0,0,0,0,0,0,0,0,0,0,1,0,0,1,0,0,0,0,1,0,0,0,1,,,,,,,0,,N,1,1,2,,,,,Y,N
1814,cmc-0029,M-015,1,,,,,,,20141207,,,,,,,,,,0,,,,,,0,,,,,,,,,,0,,,,,,,,,,,,,,0,,,,,0,,,0,,,2,0,0,0,0,0,0,0,0,0,0,1,0,0,0,0,1,0,0,0,0,1,0,0,0,1,,,,,,,0,,N,1,1,2,,,,,Y,N
319,cmc-0032,CM-005,0,,,,,,,20140924,,,,,,,,,,0,,,,,,0,,,,,,,,,,0,,,,,,,,,,,,,,0,,,,,0,,,0,,,2,1,0,1,0,0,0,0,0,0,2,0,0,0,0,0,0,0,0,0,0,0,0,0,0,0,,,,,,,0,,N,1,1,2,,,,,Y,N
334,cmc-0032,CM-005,0,,,,,,,20140925,,,,,,,,,,0,,,,,,0,,,,,,,,,,0,,,,,,,,,,,,,,0,,,,,0,,,0,,,2,0,0,0,0,1,0,0,0,0,1,0,0,0,0,0,0,0,0,1,0,0,0,0,0,1,,,,,,,0,,N,1,1,2,,,,,Y,N
1108,cmc-0032,CM-005,0,,,,,,,20141026,,,,,,,,,,0,,,,,,0,,,,,,,,,,0,,,,,,,,,,,,,,0,,,,,0,,,0,,,2,0,1,0,0,1,0,0,0,0,2,0,0,0,0,0,0,0,0,0,0,0,0,0,0,0,,,,,,,0,,N,1,1,2,,,,,Y,N
1183,cmc-0032,CM-005,0,,,,,,,20141103,,,,,,,,,,0,,,,,,0,,,,,,,,,,0,,,,,,,,,,,,,,0,,,,,0,,,0,,,2,0,0,0,0,1,0,0,0,0,1,0,0,0,0,0,0,0,0,0,1,0,0,0,0,1,,,,,,,0,,N,1,1,2,,,,,Y,N
1629,cmc-0032,CM-005,0,,,,,,,20141116,,,,,,,,,,0,,,,,,0,,,,,,,,,,0,,,,,,,,,,,,,,0,,,,,0,,,0,,,2,0,0,0,0,1,1,0,0,0,2,0,0,0,0,0,0,0,0,0,0,0,0,0,0,0,,,,,,,0,,N,1,1,2,,,,,Y,N
1746,cmc-0042,M-026,0,,,,,,,20141201,,,,,,,,,,0,,,,,,0,,,,,,,,,,0,,,,,,,,,,,,,,0,,,,,0,,,0,,,2,1,0,0,0,0,1,0,0,0,2,0,0,0,0,0,0,0,0,0,0,0,0,0,0,0,,,,,,,0,,N,1,1,2,,,,,Y,N
2101,cmc-0042,M-026,0,,,,,,,20141220,,,,,,,,,,0,,,,,,0,,,,,,,,,,0,,,,,,,,,,,,,,0,,,,,0,,,0,,,2,0,0,0,0,0,1,0,0,0,1,1,0,0,0,0,1,0,0,0,0,0,0,0,0,0,,,,,,,0,,N,1,1,2,,,,,Y,N
2154,cmc-0042,M-026,0,,,,,,,20141222,,,,,,,,,,0,,,,,,0,,,,,,,,,,0,,,,,,,,,,,,,,0,,,,,0,,,0,,,2,0,0,1,0,0,0,0,0,0,1,1,0,0,0,0,1,0,0,0,0,0,0,0,0,0,,,,,,,0,,N,1,1,2,,,,,Y,N
2421,cmc-0046,M-030,1,,,,,,,20150103,,,,,,,,,,0,,,,,,0,,,,,,,,,,0,,,,,,,,,,,,,,0,,,,,0,,,0,,,2,0,0,1,0,0,1,0,0,0,2,0,0,0,0,0,0,0,0,0,0,0,0,0,0,0,,,,,,,0,,N,1,1,2,,,,,Y,N
1432,cmc-0048,M-032,1,,,,,,,20141115,,,,,,,,,,0,,,,,,0,,,,,,,,,,0,,,,,,,,,,,,,,0,,,,,0,,,0,,,2,0,0,0,0,1,1,0,0,0,2,0,0,0,0,0,0,0,0,0,0,0,0,0,0,0,,,,,,,0,,N,1,1,2,,,,,Y,N
1473,cmc-0048,M-032,1,,,,,,,20141117,,,,,,,,,,0,,,,,,0,,,,,,,,,,0,,,,,,,,,,,,,,0,,,,,0,,,0,,,2,0,0,0,0,1,0,0,0,0,1,0,0,0,0,0,0,0,0,1,0,0,0,0,0,1,,,,,,,0,,N,1,1,2,,,,,Y,N
1520,cmc-0048,M-032,1,,,,,,,20141119,,,,,,,,,,0,,,,,,0,,,,,,,,,,0,,,,,,,,,,,,,,0,,,,,0,,,0,,,2,0,0,0,0,1,0,0,0,0,1,0,0,0,0,0,0,0,0,1,0,0,0,0,0,1,,,,,,,0,,N,1,1,2,,,,,Y,N
1553,cmc-0048,M-032,1,,,,,,,20141121,,,,,,,,,,0,,,,,,0,,,,,,,,,,0,,,,,,,,,,,,,,0,,,,,0,,,0,,,2,0,0,0,0,1,0,0,0,0,1,0,0,0,0,0,0,0,0,1,0,0,0,0,0,1,,,,,,,0,,N,1,1,2,,,,,Y,N
1680,cmc-0048,M-032,1,,,,,,,20141128,,,,,,,,,,0,,,,,,0,,,,,,,,,,0,,,,,,,,,,,,,,0,,,,,0,,,0,,,2,0,0,0,0,1,0,0,0,0,1,1,0,0,0,0,1,0,0,0,0,0,0,0,0,0,,,,,,,0,,N,1,1,2,,,,,Y,N
1706,cmc-0048,M-032,1,,,,,,,20141130,,,,,,,,,,0,,,,,,0,,,,,,,,,,0,,,,,,,,,,,,,,0,,,,,0,,,0,,,2,0,0,0,0,1,0,0,0,0,1,1,0,0,0,0,1,0,0,0,0,0,0,0,0,0,,,,,,,0,,N,1,1,2,,,,,Y,N
1967,cmc-0048,M-032,1,,,,,,,20141214,,,,,,,,,,0,,,,,,0,,,,,,,,,,0,,,,,,,,,,,,,,0,,,,,0,,,0,,,2,0,0,0,0,1,0,0,0,0,1,0,0,0,0,0,0,0,0,1,0,0,0,0,0,1,,,,,,,0,,N,1,1,2,,,,,Y,N
2423,cmc-0048,M-032,1,,,,,,,20150103,,,,,,,,,,0,,,,,,0,,,,,,,,,,0,,,,,,,,,,,,,,0,,,,,0,,,0,,,2,0,0,0,0,1,0,0,0,0,1,0,0,0,0,0,0,0,0,1,0,0,0,0,0,1,,,,,,,0,,N,1,1,2,,,,,Y,N
2939,cmc-0048,M-032,1,,,,,,,20150122,,,,,,,,,,0,,,,,,0,,,,,,,,,,0,,,,,,,,,,,,,,0,,,,,0,,,0,,,2,0,0,1,0,1,0,0,0,0,2,0,0,0,0,0,0,0,0,0,0,0,0,0,0,0,,,,,,,0,,N,1,1,2,,,,,Y,N
3010,cmc-0048,M-032,1,,,,,,,20150126,,,,,,,,,,0,,,,,,0,,,,,,,,,,0,,,,,,,,,,,,,,0,,,,,0,,,0,,,2,0,0,0,0,1,0,0,0,0,1,1,0,0,0,0,1,0,0,0,0,0,0,0,0,0,,,,,,,0,,N,1,1,2,,,,,Y,N
3385,cmc-0048,M-032,1,,,,,,,20150208,,,,,,,,,,0,,,,,,0,,,,,,,,,,0,,,,,,,,,,,,,,0,,,,,0,,,0,,,2,0,0,0,0,1,0,0,0,0,1,1,0,0,0,0,1,0,0,0,0,0,0,0,0,0,,,,,,,0,,N,1,1,2,,,,,Y,N
3425,cmc-0048,M-032,1,,,,,,,20150209,,,,,,,,,,0,,,,,,0,,,,,,,,,,0,,,,,,,,,,,,,,0,,,,,0,,,0,,,2,0,0,0,0,1,0,0,0,0,1,1,0,0,0,0,1,0,0,0,0,0,0,0,0,0,,,,,,,0,,N,1,1,2,,,,,Y,N
1382,cmc-0049,M-033,0,,,,,,,20141113,,,,,,,,,,0,,,,,,0,,,,,,,,,,0,,,,,,,,,,,,,,0,,,,,0,,,0,,,2,0,0,1,0,0,0,0,1,0,2,0,0,0,0,0,0,0,0,0,0,0,0,0,0,0,,,,,,,0,,N,1,1,2,,,,,Y,N
1946,cmc-0049,M-033,0,,,,,,,20141213,,,,,,,,,,0,,,,,,0,,,,,,,,,,0,,,,,,,,,,,,,,0,,,,,0,,,0,,,2,0,0,0,0,0,0,0,0,0,0,0,0,0,0,0,0,1,0,1,0,0,0,0,0,2,,,,,,,0,,N,1,1,2,,,,,Y,N
2120,cmc-0064,M-037,1,,,,,,,20141221,,,,,,,,,,0,,,,,,0,,,,,,,,,,0,,,,,,,,,,,,,,0,,,,,0,,,0,,,2,0,0,1,0,0,0,0,0,0,1,0,0,0,0,0,0,0,1,0,0,0,0,0,0,1,,,,,,,0,,N,1,1,2,,,,,Y,N
2248,cmc-0064,M-037,1,,,,,,,20141225,,,,,,,,,,0,,,,,,0,,,,,,,,,,0,,,,,,,,,,,,,,0,,,,,0,,,0,,,2,0,0,1,0,0,1,0,0,0,2,0,0,0,0,0,0,0,0,0,0,0,0,0,0,0,,,,,,,0,,N,1,1,2,,,,,Y,N
2328,cmc-0064,M-037,1,,,,,,,20141228,,,,,,,,,,0,,,,,,0,,,,,,,,,,0,,,,,,,,,,,,,,0,,,,,0,,,0,,,2,0,0,1,0,0,1,0,0,0,2,0,0,0,0,0,0,0,0,0,0,0,0,0,0,0,,,,,,,0,,N,1,1,2,,,,,Y,N
2360,cmc-0064,M-037,1,,,,,,,20141230,,,,,,,,,,0,,,,,,0,,,,,,,,,,0,,,,,,,,,,,,,,0,,,,,0,,,0,,,2,0,0,1,0,0,1,0,0,0,2,0,0,0,0,0,0,0,0,0,0,0,0,0,0,0,,,,,,,0,,N,1,1,2,,,,,Y,N
3296,cmc-0064,M-037,1,,,,,,,20150203,,,,,,,,,,0,,,,,,0,,,,,,,,,,0,,,,,,,,,,,,,,0,,,,,0,,,0,,,2,0,0,1,0,0,1,0,0,0,2,0,0,0,0,0,0,0,0,0,0,0,0,0,0,0,,,,,,,0,,N,1,1,2,,,,,Y,N
3297,cmc-0064,M-037,1,,,,,,,20150204,,,,,,,,,,0,,,,,,0,,,,,,,,,,0,,,,,,,,,,,,,,0,,,,,0,,,0,,,2,0,0,1,0,0,1,0,0,0,2,0,0,0,0,0,0,0,0,0,0,0,0,0,0,0,,,,,,,0,,N,1,1,2,,,,,Y,N
3399,cmc-0064,M-037,1,,,,,,,20150207,,,,,,,,,,0,,,,,,0,,,,,,,,,,0,,,,,,,,,,,,,,0,,,,,0,,,0,,,2,0,0,1,0,0,0,0,0,0,1,0,0,0,0,1,1,0,0,0,0,0,0,0,0,0,Slight headache due to smell,,,,,,0,,N,1,1,2,,,,,Y,N
3903,cmc-0064,M-037,1,,,,,,,20150224,,,,,,,,,,0,,,,,,0,,,,,,,,,,0,,,,,,,,,,,,,,0,,,,,0,,,0,,,2,0,0,1,0,0,1,0,0,0,2,0,0,0,0,0,0,0,0,0,0,0,0,0,0,0,lack of sleep,,,,,,0,,N,1,1,2,,,,,Y,N
2089,cmc-0067,M-040,0,,,,,,,20141219,,,,,,,,,,0,,,,,,0,,,,,,,,,,0,,,,,,,,,,,,,,0,,,,,0,,,0,,,2,1,0,0,0,1,0,0,0,0,2,0,0,0,0,0,0,0,0,0,0,0,0,0,0,0,,,,,,,0,,N,1,1,2,,,,,Y,N
4466,cmc-0077,M-049,1,,,,,,,20150215,,,,,,,,,,0,,,,,,0,,,,,,,,,,0,,,,,,,,,,,,,,0,,,,,0,,,0,,,2,0,0,0,0,0,0,1,0,0,1,0,0,0,0,0,0,0,1,0,0,0,0,0,0,1,,,,,,,0,,N,1,1,2,,,,,Y,N
4757,cmc-0078,M-050,1,,,,,,,20150328,,,,,,,,,,0,,,,,,0,,,,,,,,,,0,,,,,,,,,,,,,,0,,,,,0,,,0,,,2,0,0,1,0,0,1,0,0,0,2,0,0,0,0,0,0,0,0,0,0,0,0,0,0,0,,,,,,,0,,N,1,1,2,,,,,Y,N
61,dha-0002,em2,0,,,,,,,20140826,,,,,,,,,,0,,,,,,0,,,,,,,,,,0,,,,,,,,,,,,,,0,,,,,0,,,0,,,2,1,0,0,0,0,1,0,0,0,2,0,0,0,0,0,0,0,0,0,0,0,0,0,0,0,Taken hospital medication for tonsil swelling,,,,,,0,,N,1,1,2,,,,,Y,N
117,dha-0002,em2,0,,,,,,,20140831,,,,,,,,,,0,,,,,,0,,,,,,,,,,0,,,,,,,,,,,,,,0,,,,,0,,,0,,,2,0,0,0,0,1,0,0,0,0,1,1,0,0,0,0,1,0,0,0,0,0,0,0,0,0,,,,,,,0,,N,1,1,2,,,,,Y,N
177,dha-0002,em2,0,,,,,,,20140906,,,,,,,,,,0,,,,,,0,,,,,,,,,,0,,,,,,,,,,,,,,0,,,,,0,,,0,,,2,1,0,0,0,0,1,0,0,0,2,0,0,0,0,0,0,0,0,0,0,0,0,0,0,0,holiday,,,,,,0,,N,1,1,2,,,,,Y,N
191,dha-0002,em2,0,,,,,,,20140907,,,,,,,,,,0,,,,,,0,,,,,,,,,,0,,,,,,,,,,,,,,0,,,,,0,,,0,,,2,0,0,0,0,0,1,0,0,0,1,0,0,0,0,0,0,0,1,0,0,0,0,0,0,1,,,,,,,0,,N,1,1,2,,,,,Y,N
153,dha-0004,EM4,1,,,,,,,20140903,,,,,,,,,,0,,,,,,0,,,,,,,,,,0,,,,,,,,,,,,,,0,,,,,0,,,0,,,2,0,0,0,0,1,1,0,0,0,2,0,0,0,0,0,0,0,0,0,0,0,0,0,0,0,,,,,,,0,,N,1,1,2,,,,,Y,N
161,dha-0004,EM4,1,,,,,,,20140904,,,,,,,,,,0,,,,,,0,,,,,,,,,,0,,,,,,,,,,,,,,0,,,,,0,,,0,,,2,0,0,0,0,1,0,0,0,0,1,0,0,0,0,0,0,0,0,1,0,0,0,0,0,1,,,,,,,0,,N,1,1,2,,,,,Y,N
636,dha-0010,em10,1,,,,,,,20141013,,,,,,,,,,0,,,,,,0,,,,,,,,,,0,,,,,,,,,,,,,,0,,,,,0,,,0,,,2,0,0,0,0,1,0,0,0,0,1,1,0,0,0,0,1,0,0,0,0,0,0,0,0,0,,,,,,,0,,N,1,1,2,,,,,Y,N
358,dha-0018,EM18,1,,,,,,,20140922,,,,,,,,,,0,,,,,,0,,,,,,,,,,0,,,,,,,,,,,,,,0,,,,,0,,,0,,,2,1,0,1,0,0,0,0,0,0,2,0,0,0,0,0,0,0,0,0,0,0,0,0,0,0,,,,,,,0,,N,1,1,2,,,,,Y,N
763,dha-0018,EM18,1,,,,,,,20141020,,,,,,,,,,0,,,,,,0,,,,,,,,,,0,,,,,,,,,,,,,,0,,,,,0,,,0,,,2,1,0,0,0,0,1,0,0,0,2,0,0,0,0,0,0,0,0,0,0,0,0,0,0,0,,,,,,,0,,N,1,1,2,,,,,Y,N
1254,dha-0018,EM18,1,,,,,,,20141119,,,,,,,,,,0,,,,,,0,,,,,,,,,,0,,,,,,,,,,,,,,0,,,,,0,,,0,,,2,1,0,0,0,0,1,0,0,0,2,0,0,0,0,0,0,0,0,0,0,0,0,0,0,0,,,,,,,0,,N,1,1,2,,,,,Y,N
590,dha-0032,em32,0,,,,,,,20141009,,,,,,,,,,0,,,,,,0,,,,,,,,,,0,,,,,,,,,,,,,,0,,,,,0,,,0,,,2,0,0,0,0,1,0,0,0,0,1,0,0,0,0,0,0,0,0,0,1,0,0,0,0,1,,,,,,,0,,N,1,1,2,,,,,Y,N
600,dha-0032,em32,0,,,,,,,20141010,,,,,,,,,,0,,,,,,0,,,,,,,,,,0,,,,,,,,,,,,,,0,,,,,0,,,0,,,2,0,0,0,0,1,0,0,0,0,1,0,0,0,0,0,0,0,0,0,1,0,0,0,0,1,,,,,,,0,,N,1,1,2,,,,,Y,N
630,dha-0032,em32,0,,,,,,,20141012,,,,,,,,,,0,,,,,,0,,,,,,,,,,0,,,,,,,,,,,,,,0,,,,,0,,,0,,,2,0,0,0,0,1,0,0,0,0,1,0,0,0,0,0,0,0,0,0,1,0,0,0,0,1,,,,,,,0,,N,1,1,2,,,,,Y,N
646,dha-0032,em32,0,,,,,,,20141013,,,,,,,,,,0,,,,,,0,,,,,,,,,,0,,,,,,,,,,,,,,0,,,,,0,,,0,,,2,0,0,0,0,0,0,0,1,0,1,0,0,0,0,0,0,0,0,0,1,0,0,0,0,1,,,,,,,0,,N,1,1,2,,,,,Y,N
769,dha-0032,em32,0,,,,,,,20141019,,,,,,,,,,0,,,,,,0,,,,,,,,,,0,,,,,,,,,,,,,,0,,,,,0,,,0,,,2,0,1,0,0,0,0,0,0,0,1,0,0,0,0,0,0,0,0,1,0,0,0,0,0,1,,,,,,,0,,N,1,1,2,,,,,Y,N
825,dha-0032,em32,0,,,,,,,20141024,,,,,,,,,,0,,,,,,0,,,,,,,,,,0,,,,,,,,,,,,,,0,,,,,0,,,0,,,2,1,0,0,0,1,0,0,0,0,2,0,0,0,0,0,0,0,0,0,0,0,0,0,0,0,,,,,,,0,,N,1,1,2,,,,,Y,N
896,dha-0032,em32,0,,,,,,,20141025,,,,,,,,,,0,,,,,,0,,,,,,,,,,0,,,,,,,,,,,,,,0,,,,,0,,,0,,,2,1,0,1,0,0,0,0,0,0,2,0,0,0,0,0,0,0,0,0,0,0,0,0,0,0,,,,,,,0,,N,1,1,2,,,,,Y,N
898,dha-0032,em32,0,,,,,,,20141027,,,,,,,,,,0,,,,,,0,,,,,,,,,,0,,,,,,,,,,,,,,0,,,,,0,,,0,,,2,1,0,0,0,0,0,0,0,0,1,0,0,0,0,0,0,0,0,0,1,0,0,0,0,1,,,,,,,0,,N,1,1,2,,,,,Y,N
958,dha-0032,em32,0,,,,,,,20141029,,,,,,,,,,0,,,,,,0,,,,,,,,,,0,,,,,,,,,,,,,,0,,,,,0,,,0,,,2,1,0,0,0,0,0,0,0,0,1,0,0,0,0,0,0,0,0,0,1,0,0,0,0,1,,,,,,,0,,N,1,1,2,,,,,Y,N
959,dha-0032,em32,0,,,,,,,20141030,,,,,,,,,,0,,,,,,0,,,,,,,,,,0,,,,,,,,,,,,,,0,,,,,0,,,0,,,2,0,0,0,0,0,0,1,0,0,1,0,0,0,0,0,0,0,0,0,1,0,0,0,0,1,,,,,,,0,,N,1,1,2,,,,,Y,N
960,dha-0032,em32,0,,,,,,,20141031,,,,,,,,,,0,,,,,,0,,,,,,,,,,0,,,,,,,,,,,,,,0,,,,,0,,,0,,,2,0,0,0,0,0,0,1,0,0,1,0,0,0,0,0,0,0,0,0,1,0,0,0,0,1,,,,,,,0,,N,1,1,2,,,,,Y,N
1101,dha-0032,em32,0,,,,,,,20141105,,,,,,,,,,0,,,,,,0,,,,,,,,,,0,,,,,,,,,,,,,,0,,,,,0,,,0,,,2,0,0,0,0,1,0,1,0,0,2,0,0,0,0,0,0,0,0,0,0,0,0,0,0,0,,,,,,,0,,N,1,1,2,,,,,Y,N
1103,dha-0032,em32,0,,,,,,,20141107,,,,,,,,,,0,,,,,,0,,,,,,,,,,0,,,,,,,,,,,,,,0,,,,,0,,,0,,,2,0,0,0,0,0,0,1,0,0,1,0,0,0,0,0,0,0,0,0,1,0,0,0,0,1,,,,,,,0,,N,1,1,2,,,,,Y,N
1105,dha-0032,em32,0,,,,,,,20141109,,,,,,,,,,0,,,,,,0,,,,,,,,,,0,,,,,,,,,,,,,,0,,,,,0,,,0,,,2,0,0,0,0,1,0,0,0,0,1,0,0,0,0,0,0,0,0,0,1,0,0,0,0,1,,,,,,,0,,N,1,1,2,,,,,Y,N
1106,dha-0032,em32,0,,,,,,,20141110,,,,,,,,,,0,,,,,,0,,,,,,,,,,0,,,,,,,,,,,,,,0,,,,,0,,,0,,,2,1,0,0,0,0,0,0,0,0,1,0,0,0,0,0,0,0,0,0,1,0,0,0,0,1,,,,,,,0,,N,1,1,2,,,,,Y,N
1403,dha-0032,em32,0,,,,,,,20141123,,,,,,,,,,0,,,,,,0,,,,,,,,,,0,,,,,,,,,,,,,,0,,,,,0,,,0,,,2,0,0,0,0,1,0,0,0,0,1,0,0,0,0,0,0,0,0,0,1,0,0,0,0,1,,,,,,,0,,N,1,1,2,,,,,Y,N
1520,dha-0032,em32,0,,,,,,,20141130,,,,,,,,,,0,,,,,,0,,,,,,,,,,0,,,,,,,,,,,,,,0,,,,,0,,,0,,,2,0,0,0,0,1,0,1,0,0,2,0,0,0,0,0,0,0,0,0,0,0,0,0,0,0,,,,,,,0,,N,1,1,2,,,,,Y,N
1675,dha-0032,em32,0,,,,,,,20141206,,,,,,,,,,0,,,,,,0,,,,,,,,,,0,,,,,,,,,,,,,,0,,,,,0,,,0,,,2,0,0,0,0,0,0,1,0,0,1,0,0,0,0,0,0,0,0,0,1,0,0,0,0,1,,,,,,,0,,N,1,1,2,,,,,Y,N
1851,dha-0032,em32,0,,,,,,,20141213,,,,,,,,,,0,,,,,,0,,,,,,,,,,0,,,,,,,,,,,,,,0,,,,,0,,,0,,,2,1,0,0,0,0,1,0,0,0,2,0,0,0,0,0,0,0,0,0,0,0,0,0,0,0,,,,,,,0,,N,1,1,2,,,,,Y,N
1853,dha-0032,em32,0,,,,,,,20141215,,,,,,,,,,0,,,,,,0,,,,,,,,,,0,,,,,,,,,,,,,,0,,,,,0,,,0,,,2,1,0,0,0,0,0,0,0,0,1,0,0,0,0,0,0,0,1,0,0,0,0,0,0,1,,,,,,,0,,N,1,1,2,,,,,Y,N
1969,dha-0032,em32,0,,,,,,,20141219,,,,,,,,,,0,,,,,,0,,,,,,,,,,0,,,,,,,,,,,,,,0,,,,,0,,,0,,,2,0,0,0,0,1,0,0,0,0,1,0,0,0,0,0,0,0,1,0,0,0,0,0,0,1,,,,,,,0,,N,1,1,2,,,,,Y,N
2017,dha-0033,em33,1,,,,,,,20141223,,,,,,,,,,0,,,,,,0,,,,,,,,,,0,,,,,,,,,,,,,,0,,,,,0,,,0,,,2,1,0,0,0,1,0,0,0,0,2,0,0,0,0,0,0,0,0,0,0,0,0,0,0,0,,,,,,,0,,N,1,1,2,,,,,Y,N
802,dha-0040,EM40,1,,,,,,,20141023,,,,,,,,,,0,,,,,,0,,,,,,,,,,0,,,,,,,,,,,,,,0,,,,,0,,,0,,,2,0,0,0,0,0,1,0,0,0,1,0,1,0,0,0,1,0,0,0,0,0,0,0,0,0,,,,,,,0,,N,1,1,2,,,,,Y,N
1836,dha-0041,em41,0,,,,,,,20141213,,,,,,,,,,0,,,,,,0,,,,,,,,,,0,,,,,,,,,,,,,,0,,,,,0,,,0,,,2,0,0,0,0,0,0,0,0,0,0,0,0,0,0,0,0,0,1,0,1,0,0,0,0,2,,,,,,,0,,N,1,1,2,,,,,Y,N
1837,dha-0041,em41,0,,,,,,,20141214,,,,,,,,,,0,,,,,,0,,,,,,,,,,0,,,,,,,,,,,,,,0,,,,,0,,,0,,,2,0,0,0,0,0,0,0,0,0,0,0,0,0,0,0,0,0,1,0,1,0,0,0,0,2,,,,,,,0,,N,1,1,2,,,,,Y,N
2131,dha-0041,em41,0,,,,,,,20141228,,,,,,,,,,0,,,,,,0,,,,,,,,,,0,,,,,,,,,,,,,,0,,,,,0,,,0,,,2,0,0,0,0,0,0,1,0,0,1,0,0,0,0,0,0,0,1,0,0,0,0,0,0,1,,,,,,,0,,N,1,1,2,,,,,Y,N
2233,dha-0041,em41,0,,,,,,,20150101,,,,,,,,,,0,,,,,,0,,,,,,,,,,0,,,,,,,,,,,,,,0,,,,,0,,,0,,,2,0,0,0,0,0,0,0,0,0,0,0,0,0,0,0,0,0,1,0,1,0,0,0,0,2,,,,,,,0,,N,1,1,2,,,,,Y,N
2269,dha-0041,em41,0,,,,,,,20150102,,,,,,,,,,0,,,,,,0,,,,,,,,,,0,,,,,,,,,,,,,,0,,,,,0,,,0,,,2,0,0,0,0,0,0,0,0,0,0,0,0,0,0,0,0,0,1,0,1,0,0,0,0,2,,,,,,,0,,N,1,1,2,,,,,Y,N
2583,dha-0041,em41,0,,,,,,,20150117,,,,,,,,,,0,,,,,,0,,,,,,,,,,0,,,,,,,,,,,,,,0,,,,,0,,,0,,,2,0,0,0,0,0,0,0,0,0,0,0,0,0,0,0,0,0,1,0,1,0,0,0,0,2,,,,,,,0,,N,1,1,2,,,,,Y,N
2600,dha-0041,em41,0,,,,,,,20150118,,,,,,,,,,0,,,,,,0,,,,,,,,,,0,,,,,,,,,,,,,,0,,,,,0,,,0,,,2,0,0,0,0,0,0,0,0,0,0,0,0,0,0,0,0,0,1,0,1,0,0,0,0,2,,,,,,,0,,N,1,1,2,,,,,Y,N
2836,dha-0041,em41,0,,,,,,,20150131,,,,,,,,,,0,,,,,,0,,,,,,,,,,0,,,,,,,,,,,,,,0,,,,,0,,,0,,,2,0,0,0,0,0,0,0,0,0,0,0,0,0,0,0,0,0,1,0,1,0,0,0,0,2,,,,,,,0,,N,1,1,2,,,,,Y,N
1438,dha-0049,em49,0,,,,,,,20141126,,,,,,,,,,0,,,,,,0,,,,,,,,,,0,,,,,,,,,,,,,,0,,,,,0,,,0,,,2,0,0,1,0,0,1,0,0,0,2,0,0,0,0,0,0,0,0,0,0,0,0,0,0,0,,,,,,,0,,N,1,1,2,,,,,Y,N
1479,dha-0049,em49,0,,,,,,,20141129,,,,,,,,,,0,,,,,,0,,,,,,,,,,0,,,,,,,,,,,,,,0,,,,,0,,,0,,,2,0,0,0,0,0,1,0,0,0,1,0,0,0,0,0,0,0,0,1,0,0,0,0,0,1,,,,,,,0,,N,1,1,2,,,,,Y,N
1651,dha-0049,em49,0,,,,,,,20141206,,,,,,,,,,0,,,,,,0,,,,,,,,,,0,,,,,,,,,,,,,,0,,,,,0,,,0,,,2,0,0,1,0,0,0,0,0,0,1,0,0,0,0,0,0,0,0,1,0,0,0,0,0,1,,,,,,,0,,N,1,1,2,,,,,Y,N
1933,dha-0049,em49,0,,,,,,,20141218,,,,,,,,,,0,,,,,,0,,,,,,,,,,0,,,,,,,,,,,,,,0,,,,,0,,,0,,,2,0,0,0,0,0,1,0,0,0,1,1,0,0,0,0,1,0,0,0,0,0,0,0,0,0,,,,,,,0,,N,1,1,2,,,,,Y,N
2308,dha-0049,em49,0,,,,,,,20150103,,,,,,,,,,0,,,,,,0,,,,,,,,,,0,,,,,,,,,,,,,,0,,,,,0,,,0,,,2,0,1,0,0,0,0,0,0,0,1,0,0,0,0,0,0,0,0,1,0,0,0,0,0,1,,,,,,,0,,N,1,1,2,,,,,Y,N
2487,dha-0049,em49,0,,,,,,,20150111,,,,,,,,,,0,,,,,,0,,,,,,,,,,0,,,,,,,,,,,,,,0,,,,,0,,,0,,,2,0,0,0,0,0,0,0,0,0,0,0,0,0,0,0,0,0,0,1,1,0,0,0,0,2,,,,,,,0,,N,1,1,2,,,,,Y,N
1120,dha-0050,EM50,0,,,,,,,20141110,,,,,,,,,,0,,,,,,0,,,,,,,,,,0,,,,,,,,,,,,,,0,,,,,0,,,0,,,2,1,0,0,0,0,1,0,0,0,2,0,0,0,0,0,0,0,0,0,0,0,0,0,0,0,,,,,,,0,,N,1,1,2,,,,,Y,N
1174,dha-0050,EM50,0,,,,,,,20141113,,,,,,,,,,0,,,,,,0,,,,,,,,,,0,,,,,,,,,,,,,,0,,,,,0,,,0,,,2,0,0,0,0,0,1,0,0,0,1,1,0,0,0,0,1,0,0,0,0,0,0,0,0,0,,,,,,,0,,N,1,1,2,,,,,Y,N
1355,dha-0050,EM50,0,,,,,,,20141124,,,,,,,,,,0,,,,,,0,,,,,,,,,,0,,,,,,,,,,,,,,0,,,,,0,,,0,,,2,0,0,0,0,0,0,1,0,0,1,0,0,0,0,0,0,0,0,1,0,0,0,0,0,1,,,,,,,0,,N,1,1,2,,,,,Y,N
1462,dha-0050,EM50,0,,,,,,,20141128,,,,,,,,,,0,,,,,,0,,,,,,,,,,0,,,,,,,,,,,,,,0,,,,,0,,,0,,,2,1,0,0,0,0,0,0,0,0,1,1,0,0,0,0,1,0,0,0,0,0,0,0,0,0,,,,,,,0,,N,1,1,2,,,,,Y,N
1732,dha-0050,EM50,0,,,,,,,20141203,,,,,,,,,,0,,,,,,0,,,,,,,,,,0,,,,,,,,,,,,,,0,,,,,0,,,0,,,2,0,0,0,0,0,1,0,0,0,1,0,0,0,0,0,0,0,0,0,0,0,1,0,0,1,,,,,,,0,,N,1,1,2,,,,,Y,N
1623,dha-0050,EM50,0,,,,,,,20141205,,,,,,,,,,0,,,,,,0,,,,,,,,,,0,,,,,,,,,,,,,,0,,,,,0,,,0,,,2,0,0,0,0,0,1,0,0,0,1,1,0,0,0,0,1,0,0,0,0,0,0,0,0,0,,,,,,,0,,N,1,1,2,,,,,Y,N
1731,dha-0050,EM50,0,,,,,,,20141206,,,,,,,,,,0,,,,,,0,,,,,,,,,,0,,,,,,,,,,,,,,0,,,,,0,,,0,,,2,1,0,0,0,0,0,0,0,0,1,0,0,0,0,0,0,0,0,1,0,0,0,0,0,1,,,,,,,0,,N,1,1,2,,,,,Y,N
1700,dha-0050,EM50,0,,,,,,,20141208,,,,,,,,,,0,,,,,,0,,,,,,,,,,0,,,,,,,,,,,,,,0,,,,,0,,,0,,,2,0,1,0,0,0,0,0,0,0,1,1,0,0,0,0,1,0,0,0,0,0,0,0,0,0,,,,,,,0,,N,1,1,2,,,,,Y,N
1920,dha-0050,EM50,0,,,,,,,20141217,,,,,,,,,,0,,,,,,0,,,,,,,,,,0,,,,,,,,,,,,,,0,,,,,0,,,0,,,2,0,0,0,0,0,0,0,0,0,0,1,0,0,0,0,1,0,0,1,0,0,0,0,0,1,,,,,,,0,,N,1,1,2,,,,,Y,N
1919,dha-0050,EM50,0,,,,,,,20141218,,,,,,,,,,0,,,,,,0,,,,,,,,,,0,,,,,,,,,,,,,,0,,,,,0,,,0,,,2,0,0,0,0,0,1,0,0,0,1,1,0,0,0,0,1,0,0,0,0,0,0,0,0,0,,,,,,,0,,N,1,1,2,,,,,Y,N
2151,dha-0050,EM50,0,,,,,,,20141229,,,,,,,,,,0,,,,,,0,,,,,,,,,,0,,,,,,,,,,,,,,0,,,,,0,,,0,,,2,1,0,0,0,0,1,0,0,0,2,0,0,0,0,0,0,0,0,0,0,0,0,0,0,0,,,,,,,0,,N,1,1,2,,,,,Y,N
2238,dha-0050,EM50,0,,,,,,,20150101,,,,,,,,,,0,,,,,,0,,,,,,,,,,0,,,,,,,,,,,,,,0,,,,,0,,,0,,,2,1,0,0,0,0,0,0,0,0,1,0,0,0,0,0,0,0,0,1,0,0,0,0,0,1,,,,,,,0,,N,1,1,2,,,,,Y,N
2365,dha-0050,EM50,0,,,,,,,20150108,,,,,,,,,,0,,,,,,0,,,,,,,,,,0,,,,,,,,,,,,,,0,,,,,0,,,0,,,2,1,0,0,0,0,0,0,0,0,1,0,0,0,0,0,0,0,1,0,0,0,0,0,0,1,,,,,,,0,,N,1,1,2,,,,,Y,N
2823,dha-0050,EM50,0,,,,,,,20150122,,,,,,,,,,0,,,,,,0,,,,,,,,,,0,,,,,,,,,,,,,,0,,,,,0,,,0,,,2,0,0,1,0,0,0,0,0,0,1,0,0,0,0,0,0,0,1,0,0,0,0,0,0,1,,,,,,,0,,N,1,1,2,,,,,Y,N
2820,dha-0050,EM50,0,,,,,,,20150123,,,,,,,,,,0,,,,,,0,,,,,,,,,,0,,,,,,,,,,,,,,0,,,,,0,,,0,,,2,0,1,0,0,0,0,0,0,0,1,0,0,0,0,0,0,0,1,0,0,0,0,0,0,1,,,,,,,0,,N,1,1,2,,,,,Y,N
2747,dha-0050,EM50,0,,,,,,,20150126,,,,,,,,,,0,,,,,,0,,,,,,,,,,0,,,,,,,,,,,,,,0,,,,,0,,,0,,,2,0,0,1,0,0,1,0,0,0,2,0,0,0,0,0,0,0,0,0,0,0,0,0,0,0,,,,,,,0,,N,1,1,2,,,,,Y,N
2865,dha-0050,EM50,0,,,,,,,20150131,,,,,,,,,,0,,,,,,0,,,,,,,,,,0,,,,,,,,,,,,,,0,,,,,0,,,0,,,2,0,0,1,0,0,0,0,0,0,1,0,0,0,0,0,0,0,1,0,0,0,0,0,0,1,,,,,,,0,,N,1,1,2,,,,,Y,N
1686,dha-0053,em53,0,,,,,,,20141207,,,,,,,,,,0,,,,,,0,,,,,,,,,,0,,,,,,,,,,,,,,0,,,,,0,,,0,,,2,0,1,0,0,0,0,0,0,0,1,0,0,0,0,1,1,0,0,0,0,0,0,0,0,0,,,,,,,0,,N,1,1,2,,,,,Y,N
1803,dha-0053,em53,0,,,,,,,20141213,,,,,,,,,,0,,,,,,0,,,,,,,,,,0,,,,,,,,,,,,,,0,,,,,0,,,0,,,2,0,1,0,0,0,1,0,0,0,2,0,0,0,0,0,0,0,0,0,0,0,0,0,0,0,,,,,,,0,,N,1,1,2,,,,,Y,N
1835,dha-0053,em53,0,,,,,,,20141214,,,,,,,,,,0,,,,,,0,,,,,,,,,,0,,,,,,,,,,,,,,0,,,,,0,,,0,,,2,0,1,0,0,0,1,0,0,0,2,0,0,0,0,0,0,0,0,0,0,0,0,0,0,0,,,,,,,0,,N,1,1,2,,,,,Y,N
2272,dha-0053,em53,0,,,,,,,20150103,,,,,,,,,,0,,,,,,0,,,,,,,,,,0,,,,,,,,,,,,,,0,,,,,0,,,0,,,2,0,0,0,0,0,0,0,0,0,0,0,0,0,0,0,0,0,0,1,0,0,0,1,0,2,,,,,,,0,,N,1,1,2,,,,,Y,N
2989,dha-0060,em60,0,,,,,,,20150210,,,,,,,,,,0,,,,,,0,,,,,,,,,,0,,,,,,,,,,,,,,0,,,,,0,,,0,,,2,1,0,0,0,0,0,0,0,0,1,0,0,0,0,0,0,0,1,0,0,0,0,0,0,1,,,,,,,0,,N,1,1,2,,,,,Y,N
2511,dha-0061,EM61,0,,,,,,,20150114,,,,,,,,,,0,,,,,,0,,,,,,,,,,0,,,,,,,,,,,,,,0,,,,,0,,,0,,,2,0,0,0,0,0,1,0,0,0,1,0,0,0,0,0,0,0,1,0,0,0,0,0,0,1,,,,,,,0,,N,1,1,2,,,,,Y,N
2863,dha-0061,EM61,0,,,,,,,20150201,,,,,,,,,,0,,,,,,0,,,,,,,,,,0,,,,,,,,,,,,,,0,,,,,0,,,0,,,2,0,0,0,0,0,1,0,0,0,1,0,0,0,0,0,0,0,1,0,0,0,0,0,0,1,,,,,,,0,,N,1,1,2,,,,,Y,N
3024,dha-0061,EM61,0,,,,,,,20150212,,,,,,,,,,0,,,,,,0,,,,,,,,,,0,,,,,,,,,,,,,,0,,,,,0,,,0,,,2,1,0,0,0,0,0,0,0,0,1,1,0,0,0,0,1,0,0,0,0,0,0,0,0,0,,,,,,,0,,N,1,1,2,,,,,Y,N
3158,dha-0061,EM61,0,,,,,,,20150219,,,,,,,,,,0,,,,,,0,,,,,,,,,,0,,,,,,,,,,,,,,0,,,,,0,,,0,,,2,0,0,0,0,0,1,0,0,0,1,1,0,0,0,0,1,0,0,0,0,0,0,0,0,0,,,,,,,0,,N,1,1,2,,,,,Y,N
3409,dha-0061,EM61,0,,,,,,,20150226,,,,,,,,,,0,,,,,,0,,,,,,,,,,0,,,,,,,,,,,,,,0,,,,,0,,,0,,,2,1,0,0,0,0,0,0,0,0,1,1,0,0,0,0,1,0,0,0,0,0,0,0,0,0,,,,,,,0,,N,1,1,2,,,,,Y,N
2708,dha-0063,em63,0,,,,,,,20150124,,,,,,,,,,0,,,,,,0,,,,,,,,,,0,,,,,,,,,,,,,,0,,,,,0,,,0,,,2,1,0,0,0,0,0,0,0,1,2,0,0,0,0,0,0,0,0,0,0,0,0,0,0,0,,,,,,,0,,N,1,1,2,,,,,Y,N
2769,dha-0063,em63,0,,,,,,,20150127,,,,,,,,,,0,,,,,,0,,,,,,,,,,0,,,,,,,,,,,,,,0,,,,,0,,,0,,,2,1,0,0,0,1,0,0,0,0,2,0,0,0,0,0,0,0,0,0,0,0,0,0,0,0,,,,,,,0,,N,1,1,2,,,,,Y,N
2843,dha-0063,em63,0,,,,,,,20150131,,,,,,,,,,0,,,,,,0,,,,,,,,,,0,,,,,,,,,,,,,,0,,,,,0,,,0,,,2,0,0,0,0,0,0,1,0,0,1,0,0,0,0,0,0,0,0,0,0,0,0,1,0,1,,,,,,,0,,N,1,1,2,,,,,Y,N
3105,dha-0063,em63,0,,,,,,,20150216,,,,,,,,,,0,,,,,,0,,,,,,,,,,0,,,,,,,,,,,,,,0,,,,,0,,,0,,,2,0,0,0,0,0,1,0,0,0,1,0,0,0,0,0,0,0,1,0,0,0,0,0,0,1,,,,,,,0,,N,1,1,2,,,,,Y,N
3106,dha-0063,em63,0,,,,,,,20150217,,,,,,,,,,0,,,,,,0,,,,,,,,,,0,,,,,,,,,,,,,,0,,,,,0,,,0,,,2,0,0,0,0,0,1,0,0,0,1,0,0,0,0,0,0,0,0,0,0,0,0,0,1,1,cold symptoms,,,,,,0,,N,1,1,2,,,,,Y,N
3107,dha-0063,em63,0,,,,,,,20150218,,,,,,,,,,0,,,,,,0,,,,,,,,,,0,,,,,,,,,,,,,,0,,,,,0,,,0,,,2,1,0,0,0,0,1,0,0,0,2,0,0,0,0,0,0,0,0,0,0,0,0,0,0,0,,,,,,,0,,N,1,1,2,,,,,Y,N
3332,dha-0063,em63,0,,,,,,,20150303,,,,,,,,,,0,,,,,,0,,,,,,,,,,0,,,,,,,,,,,,,,0,,,,,0,,,0,,,2,0,0,0,0,0,1,1,0,0,2,0,0,0,0,0,0,0,0,0,0,0,0,0,0,0,,,,,,,0,,N,1,1,2,,,,,Y,N
3429,dha-0063,em63,0,,,,,,,20150308,,,,,,,,,,0,,,,,,0,,,,,,,,,,0,,,,,,,,,,,,,,0,,,,,0,,,0,,,2,0,0,0,0,0,1,0,0,0,1,0,0,0,0,1,1,0,0,0,0,0,0,0,0,0,,,,,,,0,,N,1,1,2,,,,,Y,N
3443,dha-0063,em63,0,,,,,,,20150311,,,,,,,,,,0,,,,,,0,,,,,,,,,,0,,,,,,,,,,,,,,0,,,,,0,,,0,,,2,0,0,0,0,0,1,0,0,0,1,1,0,0,0,0,1,0,0,0,0,0,0,0,0,0,,,,,,,0,,N,1,1,2,,,,,Y,N
3539,dha-0063,em63,0,,,,,,,20150317,,,,,,,,,,0,,,,,,0,,,,,,,,,,0,,,,,,,,,,,,,,0,,,,,0,,,0,,,2,1,0,0,0,0,0,0,0,1,2,0,0,0,0,0,0,0,0,0,0,0,0,0,0,0,,,,,,,0,,N,1,1,2,,,,,Y,N
3569,dha-0063,em63,0,,,,,,,20150319,,,,,,,,,,0,,,,,,0,,,,,,,,,,0,,,,,,,,,,,,,,0,,,,,0,,,0,,,2,1,0,0,0,0,1,0,0,0,2,0,0,0,0,0,0,0,0,0,0,0,0,0,0,0,,,,,,,0,,N,1,1,2,,,,,Y,N
3607,dha-0063,em63,0,,,,,,,20150321,,,,,,,,,,0,,,,,,0,,,,,,,,,,0,,,,,,,,,,,,,,0,,,,,0,,,0,,,2,1,1,0,0,0,0,0,0,0,2,0,0,0,0,0,0,0,0,0,0,0,0,0,0,0,,,,,,,0,,N,1,1,2,,,,,Y,N
3673,dha-0063,em63,0,,,,,,,20150324,,,,,,,,,,0,,,,,,0,,,,,,,,,,0,,,,,,,,,,,,,,0,,,,,0,,,0,,,2,1,0,0,0,0,1,0,0,0,2,0,0,0,0,0,0,0,0,0,0,0,0,0,0,0,,,,,,,0,,N,1,1,2,,,,,Y,N
3740,dha-0063,em63,0,,,,,,,20150327,,,,,,,,,,0,,,,,,0,,,,,,,,,,0,,,,,,,,,,,,,,0,,,,,0,,,0,,,2,1,0,0,0,0,1,0,0,0,2,0,0,0,0,0,0,0,0,0,0,0,0,0,0,0,,,,,,,0,,N,1,1,2,,,,,Y,N
2042,cmc-0027,cm-004,1,201412151622,16,201412152122,21,5 hours 0 minutes,300,20141215,weakness,0,5,1,0,0,0,0,0,1,1,0,0,0,1,1,0,,0,0,0,0,0,0,0,0,0,0,0,0,N,,,,,,,,,0,,0,,,0,,,0,0,Y,3,0,0,0,0,0,1,0,0,0,1,1,0,0,0,0,1,0,0,0,0,0,0,0,1,1,cold,0,0,0,0,0,0,,Y,0,1,1,0 hours 0 minutes,0,1 hour 0 minutes,60,N,N
903,cmc-0042,M-026,0,201410241942,19,201410242359,23,4 hours 17 minutes,257,20141024,weakness,0,4,0,0,0,1,0,0,1,0,0,0,1,0,1,1,Y,1,0,1,0,0,0,0,1,0,1,0,0,N,,,,,,,,,0,Y,1,,,0,0,1,1,0,Y,3,1,0,0,0,0,1,0,0,1,3,0,0,0,0,0,0,0,0,0,0,0,0,0,0,0,,0,1,0,0,0,1,,Y,0,1,1,0 hours 0 minutes,0,1 hour 0 minutes,60,N,Y
1663,cmc-0042,M-026,0,201411281644,16,201411282359,23,7 hours 15 minutes,435,20141128,middle,1,5,0,0,0,1,0,0,1,0,1,0,0,0,1,1,,0,0,0,0,0,0,0,0,0,1,0,0,Y,,,,2,Indenol tablet 10mg,0,1,0,1,Y,1,0,1,1,0,1,1,0,Y,3,0,0,1,0,0,1,0,0,0,2,1,0,0,0,0,1,0,0,0,0,0,0,0,0,0,,1,1,0,0,0,2,,Y,0,1,1,0 hours 0 minutes,0,0 hours 40 minutes,40,,
307,dha-0004,EM4,1,201409171400,14,201409171600,16,2 hours 0 minutes,120,20140917,weakness,0,3,1,0,0,0,0,0,1,1,0,0,1,0,1,1,,0,0,0,0,0,0,0,0,0,1,0,0,Y,,,,1,Hospital prescription headache medication,0,0,1,1,N,0,,,0,,,0,0,Y,3,1,0,0,0,0,0,0,0,0,1,1,0,0,0,0,1,0,0,0,0,0,0,0,1,1,fatigue,0,0,0,0,1,1,After taking medicine,Y,0,1,1,0 hours 0 minutes,0,1 hour 0 minutes,60,N,N
746,dha-0004,EM4,1,201410180607,06,201410182359,23,17 hours 52 minutes,1072,20141018,weakness,0,,0,0,0,1,0,0,1,0,0,0,0,1,1,0,N,0,0,0,0,0,0,0,0,0,0,0,0,N,,,,,,,,,0,Y,1,,,0,0,1,1,0,Y,3,1,0,0,0,0,0,0,0,0,1,0,0,0,0,0,0,1,0,0,0,0,0,0,1,2,alcohol,0,1,0,0,0,1,,Y,0,1,1,0 hours 0 minutes,0,1 hour 0 minutes,60,N,Y
1361,dha-0029,EM29,1,201411252111,21,,,19 minutes,19,20141125,weakness,0,,1,0,0,0,0,0,1,1,0,0,0,1,1,0,Y,1,0,1,0,0,0,0,1,0,1,0,0,N,,,,,,,,,0,N,0,,,0,,,0,0,Y,3,1,0,1,0,0,0,0,0,0,2,1,0,0,0,0,1,0,0,0,0,0,0,0,0,0,,0,1,0,0,0,1,,Y,0,1,1,0 hours 0 minutes,0,1 hour 20 minutes,80,N,N
1447,dha-0029,EM29,1,201411261530,15,,,3 hours 10 minutes,190,20141126,middle,1,,0,0,0,1,0,0,1,0,0,0,1,0,1,1,Y,1,0,0,0,0,0,0,0,0,1,0,0,Y,,1,,,,0,0,1,1,N,0,,,0,,,0,0,Y,3,1,0,1,0,0,0,0,0,0,2,0,0,0,0,0,0,0,0,0,0,0,0,1,0,1,,0,1,0,0,0,1,,Y,0,1,1,0 hours 0 minutes,0,0 hours 50 minutes,50,N,N
1448,dha-0029,EM29,1,201411271630,16,201411271810,18,1 hour 40 minutes,100,20141127,weakness,0,,0,0,1,0,0,0,1,0,0,0,0,1,1,0,N,0,0,0,0,0,0,0,0,0,0,0,0,N,,,,,,,,,0,N,0,,,0,,,0,0,Y,3,0,0,1,0,0,1,0,0,0,2,0,0,1,0,0,1,0,0,0,0,0,0,0,0,0,,0,0,0,1,0,1,,Y,0,1,1,0 hours 0 minutes,0,1 hour 20 minutes,80,N,N
1180,dha-0041,em41,0,201411130750,07,201411131000,10,2 hours 10 minutes,130,20141113,weakness,0,3,0,0,0,1,0,0,1,0,0,0,1,0,1,1,N,0,1,0,0,1,0,0,1,0,0,1,0,N,,,,,,,,,0,N,0,,,0,,,0,0,Y,3,0,0,1,0,0,0,0,0,0,1,1,0,0,0,0,1,0,0,0,1,0,0,0,0,1,,0,0,0,1,0,1,,Y,0,1,1,0 hours 0 minutes,0,1 hour 0 minutes,60,N,N
1585,dha-0041,em41,0,201412041000,10,201412041410,14,4 hours 10 minutes,250,20141204,weakness,0,3,1,0,0,0,1,0,2,1,1,0,1,0,2,1,Y,1,0,0,0,0,0,1,1,0,1,0,0,Y,,1,,,,0,1,0,1,Y,1,,,0,0,1,1,0,Y,3,0,0,0,1,0,0,1,0,0,2,0,0,0,0,0,0,0,0,0,0,0,0,0,1,1,siesta,0,0,0,0,1,1,approximately,Y,0,1,1,0 hours 0 minutes,0,1 hour 20 minutes,80,N,N
2659,dha-0053,em53,0,201501212129,21,201501212359,23,2 hours 30 minutes,150,20150121,weakness,0,2,0,1,0,0,0,0,1,1,0,1,0,0,1,0,N,0,0,0,0,0,0,0,0,0,0,0,0,Y,,,,1,Almogran,0,0,1,1,N,0,,,0,,,0,0,Y,3,0,0,0,0,0,1,1,0,0,2,0,0,0,0,0,0,0,0,0,1,0,0,0,0,1,,1,0,0,0,0,1,,Y,0,1,1,0 hours 0 minutes,0,0 hours 50 minutes,50,,
506,cmc-0001,M-001,1,201409090951,09,201409091451,14,5 hours 0 minutes,300,20140909,weakness,0,3,0,1,0,0,0,0,1,1,0,0,1,0,1,1,Y,1,0,1,0,0,0,0,1,0,1,0,0,Y,,1,,,,0,0,1,1,Y,1,0,1,1,,,0,0,Y,3,1,0,0,0,0,1,0,0,0,2,0,0,1,0,0,1,0,0,0,0,0,0,0,0,0,,1,0,0,0,0,1,,N,1,1,2,,,,,N,N
378,cmc-0003,M-003,0,201409292310,23,201409292355,23,45 minutes,45,20140929,weakness,0,2,0,0,0,1,0,0,1,0,0,0,1,0,1,1,N,0,0,0,0,0,0,0,0,0,0,0,0,N,,,,,,,,,0,N,0,,,0,,,0,0,Y,3,1,0,1,0,0,1,0,0,0,3,0,0,0,0,0,0,0,0,0,0,0,0,0,0,0,,0,1,0,0,0,1,,N,1,1,2,,,,,N,N
832,cmc-0003,M-003,0,201410131900,19,201410132330,23,4 hours 30 minutes,270,20141013,middle,1,5,0,0,0,1,1,0,2,0,0,0,1,1,2,1,Y,1,0,0,0,0,0,0,0,0,1,0,0,N,,,,,,,,,0,N,0,,,0,,,0,0,Y,3,1,0,1,0,0,1,0,0,0,3,0,0,0,0,0,0,0,0,0,0,0,0,0,0,0,,1,0,0,0,0,1,,N,1,1,2,,,,,N,N
830,cmc-0003,M-003,0,201410151800,18,,,3 hours 0 minutes,180,20141015,weakness,0,3,0,0,0,1,0,0,1,0,0,0,1,0,1,1,Y,1,0,0,0,0,0,0,0,0,1,0,0,N,,,,,,,,,0,N,0,,,0,,,0,0,Y,3,0,0,0,0,1,1,1,0,0,3,0,0,0,0,0,0,0,0,0,0,0,0,0,0,0,,0,1,0,0,0,1,,N,1,1,2,,,,,N,N
150,cmc-0008,M-007,0,201409130934,09,201409131134,11,2 hours 0 minutes,120,20140913,,,2,1,0,0,0,0,0,1,1,0,0,1,0,1,1,Y,1,0,0,0,0,0,0,0,0,1,0,0,Y,,,1,,,0,0,1,1,Y,1,,,0,0,1,1,0,Y,3,1,0,0,0,0,1,0,0,0,2,1,0,0,0,0,1,0,0,0,0,0,0,0,0,0,,1,1,0,0,0,2,,N,1,1,2,,,,,N,N
840,cmc-0008,M-007,0,201410210242,02,201410210642,06,4 hours 0 minutes,240,20141021,weakness,0,2,1,0,0,0,0,0,1,1,1,0,0,0,1,1,Y,1,0,0,0,0,0,0,0,0,1,0,0,Y,,,1,,,0,0,1,1,Y,1,,,0,0,1,1,0,Y,3,1,0,0,0,0,0,0,1,0,2,1,0,0,0,0,1,0,0,0,0,0,0,0,0,0,,0,0,0,0,0,0,,N,1,1,2,,,,,N,N
878,cmc-0008,M-007,0,201410220230,02,201410220630,06,4 hours 0 minutes,240,20141022,weakness,0,2,1,0,0,0,0,0,1,1,1,0,0,0,1,1,Y,1,0,0,0,0,0,0,0,0,1,0,0,Y,,,1,,,0,0,1,1,Y,1,0,1,1,0,1,1,0,Y,3,1,0,0,0,0,0,0,1,0,2,1,0,0,0,0,1,0,0,0,0,0,0,0,0,0,,1,1,0,0,0,2,,N,1,1,2,,,,,N,N
1245,cmc-0008,M-007,0,201411061000,10,201411061200,12,2 hours 0 minutes,120,20141106,weakness,0,2,0,1,0,0,0,0,1,1,0,0,1,0,1,1,Y,1,0,0,0,0,0,0,0,0,1,0,0,Y,,,1,,,0,0,1,1,Y,1,0,1,1,0,1,1,0,Y,3,1,0,1,0,0,0,1,0,0,3,0,0,0,0,0,0,0,0,0,0,0,0,0,0,0,,1,1,0,0,0,2,,N,1,1,2,,,,,N,N
1244,cmc-0008,M-007,0,201411071558,15,201411071958,19,4 hours 0 minutes,240,20141107,weakness,0,2,1,0,0,0,0,0,1,1,0,0,1,0,1,1,Y,1,0,0,0,0,0,0,0,0,1,0,0,Y,,,1,,,0,0,1,1,Y,1,0,1,1,0,1,1,0,Y,3,1,0,1,0,0,0,1,0,0,3,0,0,0,0,0,0,0,0,0,0,0,0,0,0,0,,1,1,0,0,0,2,,N,1,1,2,,,,,N,N
1257,cmc-0008,M-007,0,201411080905,09,201411081305,13,4 hours 0 minutes,240,20141108,weakness,0,3,1,0,0,0,0,0,1,1,0,0,1,0,1,1,Y,1,0,0,0,0,0,0,0,0,1,0,0,Y,,,2,,,0,0,1,1,Y,1,0,1,1,0,1,1,0,Y,3,1,0,0,0,0,0,1,0,0,2,1,0,0,0,0,1,0,0,0,0,0,0,0,0,0,,1,1,0,0,0,2,,N,1,1,2,,,,,N,N
1358,cmc-0008,M-007,0,201411111314,13,201411111614,16,3 hours 0 minutes,180,20141111,weakness,0,2,0,1,0,0,0,0,1,1,1,0,0,0,1,1,Y,1,0,1,0,0,0,0,1,0,1,0,0,Y,,,1,,,0,0,1,1,Y,1,0,1,1,0,1,1,0,Y,3,1,0,1,0,0,1,0,0,0,3,0,0,0,0,0,0,0,0,0,0,0,0,0,0,0,,0,0,0,0,0,0,,N,1,1,2,,,,,N,N
1383,cmc-0008,M-007,0,201411121001,10,201411121301,13,3 hours 0 minutes,180,20141112,weakness,0,,0,1,0,0,0,0,1,1,1,0,0,0,1,1,Y,1,0,0,0,0,0,0,0,0,1,0,0,Y,,,1,,,0,0,1,1,Y,1,0,1,1,0,1,1,0,Y,3,1,0,1,0,0,1,0,0,0,3,0,0,0,0,0,0,0,0,0,0,0,0,0,0,0,,1,1,0,0,0,2,,N,1,1,2,,,,,N,N
1448,cmc-0008,M-007,0,201411161713,17,201411162013,20,3 hours 0 minutes,180,20141116,weakness,0,2,1,0,0,0,0,0,1,1,1,0,0,0,1,1,Y,1,0,0,0,0,0,0,0,0,1,0,0,Y,,,1,,,0,0,1,1,Y,1,0,1,1,0,1,1,0,Y,3,1,0,0,0,0,0,0,1,0,2,1,0,0,0,0,1,0,0,0,0,0,0,0,0,0,,1,1,0,0,0,2,,N,1,1,2,,,,,N,N
1504,cmc-0008,M-007,0,201411171638,16,201411172038,20,4 hours 0 minutes,240,20141117,weakness,0,2,1,0,0,0,0,0,1,1,1,0,0,0,1,1,Y,1,0,0,0,0,0,0,0,0,1,0,0,Y,,,1,,,0,0,1,1,Y,1,0,1,1,0,1,1,0,Y,3,1,0,0,0,0,1,0,0,0,2,1,0,0,0,0,1,0,0,0,0,0,0,0,0,0,,1,1,0,0,0,2,,N,1,1,2,,,,,N,N
672,cmc-0009,M-008,1,201410130730,07,201410132000,20,12 hours 30 minutes,750,20141013,,,7,0,1,1,0,0,0,2,1,1,1,0,1,3,1,Y,1,0,0,0,0,0,0,0,0,1,0,0,Y,,,3,,,0,0,1,1,Y,1,,,0,0,1,1,0,Y,3,1,0,1,0,0,1,0,0,0,3,0,0,0,0,0,0,0,0,0,0,0,0,0,0,0,,0,0,0,0,1,1,Find something to focus on,N,1,1,2,,,,,N,N
699,cmc-0009,M-008,1,201410141146,11,201410142359,23,12 hours 13 minutes,733,20141014,middle,1,5,0,0,1,1,0,0,2,0,1,1,0,0,2,1,Y,1,0,1,0,0,0,0,1,0,1,0,0,N,,,,,,,,,0,Y,1,,,0,0,1,1,0,Y,3,1,0,1,0,0,0,1,0,0,3,0,0,0,0,0,0,0,0,0,0,0,0,0,0,0,,0,0,0,0,0,0,,N,1,1,2,,,,,N,Y
197,cmc-0023,M-012,1,201409182020,20,201409182308,23,2 hours 48 minutes,168,20140918,middle,1,5,1,0,0,0,0,0,1,1,1,0,1,0,2,1,,0,0,1,0,0,0,0,1,0,1,0,0,,,,,,,,,,0,Y,1,,,0,0,1,1,0,Y,3,1,0,1,0,0,0,0,1,0,3,0,0,0,0,0,0,0,0,0,0,0,0,0,0,0,,0,1,0,0,0,1,,N,1,1,2,,,,,N,N
413,cmc-0023,M-012,1,201409280900,09,201409282359,23,14 hours 59 minutes,899,20140928,middle,1,4,1,0,0,0,0,0,1,1,0,1,1,0,2,1,Y,1,0,1,0,0,0,0,1,0,1,0,0,N,,,,,,,,,0,Y,1,0,1,1,0,1,1,0,Y,3,1,0,1,0,0,1,0,0,0,3,0,0,0,0,0,0,0,0,0,0,0,0,0,0,0,,0,1,0,0,0,1,,N,1,1,2,,,,,N,N
556,cmc-0023,M-012,1,201410081000,10,201410082359,23,13 hours 59 minutes,839,20141008,middle,1,6,1,0,0,0,1,0,2,1,0,0,1,0,1,1,Y,1,0,1,0,0,0,1,2,1,1,1,1,Y,,,,3,Naramik + prescription drugs,0,1,0,1,Y,1,0,1,1,0,1,1,0,Y,3,1,0,1,0,0,0,1,0,0,3,0,0,0,0,0,0,0,0,0,0,0,0,0,0,0,,0,0,0,0,1,1,approximately,N,1,1,2,,,,,,
563,cmc-0025,CM-003,1,201409181749,17,201409182359,23,6 hours 10 minutes,370,20140918,weakness,0,5,0,0,1,0,0,0,1,0,1,0,0,0,1,1,Y,1,0,0,0,0,1,0,1,0,1,0,0,N,,,,,,,,,0,N,0,,,0,,,0,0,Y,3,0,0,0,0,0,1,0,0,0,1,0,0,1,0,1,2,0,0,0,0,0,0,0,0,0,,0,1,0,0,0,1,,N,1,1,2,,,,,N,Y
573,cmc-0025,CM-003,1,201409280530,05,201409282359,23,18 hours 29 minutes,1109,20140928,weakness,0,5,0,0,1,0,0,0,1,0,1,0,0,0,1,1,N,0,0,1,0,0,0,0,1,0,0,0,0,N,,,,,,,,,0,N,0,,,0,,,0,0,Y,3,0,0,0,0,0,1,0,0,0,1,0,0,1,0,0,1,0,0,0,1,0,0,0,0,1,,0,1,0,0,0,1,,Y,1,1,2,0 hours 0 minutes 0 minutes,0,0 hours 50 minutes 50 minutes,50,N,Y
587,cmc-0025,CM-003,1,201410061322,13,201410062359,23,10 hours 37 minutes,637,20141006,weakness,0,8,0,0,1,0,0,0,1,0,1,0,0,0,1,1,N,0,0,0,0,0,1,0,1,0,0,0,0,N,,,,,,,,,0,N,0,,,0,,,0,0,Y,3,0,0,0,0,0,1,0,0,0,1,0,0,1,0,1,2,0,0,0,0,0,0,0,0,0,,0,1,1,0,0,2,,Y,1,1,2,0 hours 0 minutes 0 minutes,0,0 hours 40 minutes 40 minutes,40,N,Y
220,cmc-0026,M-013,1,201409190850,08,201409190930,09,40 minutes,40,20140919,weakness,0,3,0,0,0,0,0,1,1,0,0,0,1,0,1,1,N,0,0,0,0,0,0,0,0,0,0,0,0,N,,,,,,,,,0,N,0,,,0,,,0,0,Y,3,0,0,1,0,0,1,0,0,0,2,0,0,0,0,0,0,0,0,1,0,0,0,0,0,1,,1,1,1,0,0,3,,N,1,1,2,,,,,N,N
426,cmc-0026,M-013,1,201410020643,06,201410020838,08,1 hour 55 minutes,115,20141002,weakness,0,4,0,0,0,0,0,1,1,0,0,0,1,0,1,1,,0,0,0,0,0,0,0,0,0,0,0,0,,,,,,,,,,0,N,0,,,0,,,0,0,Y,3,0,0,1,0,0,1,0,0,0,2,0,0,0,0,0,0,1,0,0,0,0,0,0,0,1,,0,0,0,0,0,0,,N,1,1,2,,,,,N,N
228,cmc-0027,CM-004,1,201409201100,11,,,12 hours 59 minutes,779,20140920,middle,1,6,1,0,0,0,0,0,1,1,1,0,1,0,2,1,,0,0,0,0,0,0,1,1,0,1,0,0,N,,,,,,,,,0,,0,,,0,,,0,0,Y,3,0,0,0,0,0,0,0,0,0,0,1,1,0,0,0,2,0,0,0,0,0,0,0,1,1,"Acute migraine begins, wearing a hat and sunlight",0,1,0,0,0,1,,N,1,1,2,,,,,N,N
559,cmc-0027,CM-004,1,201410071600,16,201410072359,23,7 hours 59 minutes,479,20141007,weakness,0,4,1,0,0,0,0,0,1,1,0,0,0,1,1,0,,0,0,0,0,0,0,0,0,0,0,0,0,N,,,,,,,,,0,,0,,,0,,,0,0,Y,3,1,0,1,0,0,1,0,0,0,3,0,0,0,0,0,0,0,0,0,0,0,0,0,0,0,,1,1,0,0,0,2,,N,1,1,2,,,,,N,Y
421,cmc-0029,M-015,1,201410011000,10,201410011400,14,4 hours 0 minutes,240,20141001,weakness,0,3,1,0,0,0,0,0,1,1,0,0,1,0,1,1,N,0,0,0,0,0,0,0,0,0,1,0,0,Y,2,,,,,0,0,1,1,Y,1,0,1,1,,,0,0,Y,3,1,0,0,0,0,1,0,0,1,3,0,0,0,0,0,0,0,0,0,0,0,0,0,0,0,,0,0,0,0,1,1,Taking medicine,N,1,1,2,,,,,N,N
428,cmc-0029,M-015,1,201410021300,13,201410022359,23,10 hours 59 minutes,659,20141002,weakness,0,1,0,0,0,1,0,0,1,0,0,0,0,1,1,0,N,0,0,0,0,0,0,0,0,0,0,0,0,N,,,,,,,,,0,N,0,,,0,,,0,0,Y,3,1,0,0,0,0,1,0,0,1,3,0,0,0,0,0,0,0,0,0,0,0,0,0,0,0,,0,1,0,0,0,1,,N,1,1,2,,,,,N,Y
1507,cmc-0029,M-015,1,201411160600,06,201411160900,09,3 hours 0 minutes,180,20141116,middle,1,4,1,0,0,0,0,0,1,1,0,0,1,0,1,1,,0,0,0,0,0,0,0,0,0,1,0,0,Y,2,,,,,0,0,1,1,Y,1,0,1,1,,,0,0,Y,3,0,0,0,0,0,1,0,0,0,1,1,0,0,0,0,1,0,1,0,0,0,0,0,0,1,,0,0,0,0,1,1,Taking medicine,N,1,1,2,,,,,N,N
1529,cmc-0031,M-017,0,201411201420,14,201411201714,17,2 hours 54 minutes,174,20141120,weakness,0,3,0,0,0,1,0,0,1,0,0,0,0,1,1,0,Y,1,1,0,0,1,0,0,1,0,0,1,0,Y,,,,1,prescription,0,0,1,1,Y,1,,,0,0,1,1,0,Y,3,1,0,1,0,0,0,0,0,0,2,0,0,0,0,0,0,0,1,0,0,0,0,0,0,1,,1,0,0,0,0,1,,N,1,1,2,,,,,N,N
1114,cmc-0032,CM-005,0,201410312000,20,201410312300,23,3 hours 0 minutes,180,20141031,weakness,0,2,0,0,0,0,0,1,1,0,1,0,0,0,1,1,N,0,1,0,0,1,0,0,1,0,0,1,0,N,,,,,,,,,0,N,0,,,0,,,0,0,Y,3,0,0,0,0,0,0,0,0,0,0,0,0,0,0,0,0,1,1,0,1,0,0,0,0,3,,0,0,0,0,0,0,,N,1,1,2,,,,,N,N
1405,cmc-0032,CM-005,0,201411091120,11,201411091500,15,3 hours 40 minutes,220,20141109,middle,1,7,0,0,0,0,0,1,1,0,0,1,0,0,1,0,N,0,1,1,0,1,0,0,2,0,0,1,0,N,,,,,,,,,0,Y,1,0,1,1,,,0,0,Y,3,1,0,0,0,0,1,0,0,0,2,0,0,0,0,0,0,0,0,0,1,0,0,0,0,1,,0,1,0,0,0,1,,N,1,1,2,,,,,N,N
972,cmc-0033,CM-006,1,201410281103,11,201410282359,23,12 hours 56 minutes,776,20141028,weakness,0,2,0,1,0,0,0,0,1,1,1,0,1,0,2,1,N,0,0,0,0,0,0,0,0,0,1,0,0,N,,,,,,,,,0,N,0,,,0,,,0,0,Y,3,0,0,0,0,0,1,0,0,0,1,0,0,0,0,0,0,0,1,0,1,0,0,0,0,2,,0,0,0,0,0,0,,N,1,1,2,,,,,,
1279,cmc-0042,M-026,0,201411092320,23,201411092359,23,39 minutes,39,20141109,middle,1,6,0,0,1,0,0,0,1,0,1,0,0,0,1,1,Y,1,0,1,0,0,0,0,1,0,1,0,0,N,,,,,,,,,0,Y,1,0,1,1,0,1,1,0,Y,3,1,0,0,0,0,1,0,0,0,2,0,0,1,0,0,1,0,0,0,0,0,0,0,0,0,,0,1,0,0,0,1,,N,1,1,2,,,,,N,Y
1284,cmc-0042,M-026,0,201411101640,16,201411102359,23,7 hours 19 minutes,439,20141110,middle,1,,0,0,0,1,0,0,1,0,0,1,0,0,1,0,Y,1,0,1,0,0,0,1,2,1,1,1,1,N,,,,,,,,,0,Y,1,0,1,1,0,1,1,0,Y,3,1,0,0,0,0,1,0,0,0,2,0,0,1,0,0,1,0,0,0,0,0,0,0,0,0,,1,1,0,0,0,2,,N,1,1,2,,,,,N,Y
2525,cmc-0046,M-030,1,201501071451,14,201501071651,16,2 hours 0 minutes,120,20150107,weakness,0,5,0,0,0,1,0,0,1,0,0,0,1,0,1,1,,0,0,0,0,0,0,0,0,0,0,0,0,Y,,,1,,,0,0,1,1,,0,,,0,,,0,0,Y,3,0,1,0,0,0,0,1,0,0,2,0,0,0,0,1,1,0,0,0,0,0,0,0,0,0,,0,0,0,0,0,0,,N,1,1,2,,,,,N,N
2722,cmc-0046,M-030,1,201501151233,12,201501151633,16,4 hours 0 minutes,240,20150115,Severe,1,9,0,0,1,1,0,0,2,0,0,1,1,0,2,1,Y,1,0,0,0,0,1,0,1,0,1,0,0,Y,,,2,,,0,0,1,1,Y,1,,,0,1,0,1,0,Y,3,1,0,1,0,0,0,0,0,0,2,1,0,0,0,0,1,0,0,0,0,0,0,0,0,0,,1,0,0,0,0,1,,N,1,1,2,,,,,N,N
2708,cmc-0063,M-036,0,201501151530,15,201501151900,19,3 hours and 30 minutes,210,20150115,weakness,0,3,0,0,0,1,0,0,1,0,0,1,0,0,1,0,N,0,0,0,0,0,0,0,0,0,0,0,0,Y,,,1,,,0,0,1,1,N,0,,,0,,,0,0,Y,3,1,0,1,0,0,0,0,0,1,3,0,0,0,0,0,0,0,0,0,0,0,0,0,0,0,,0,1,0,0,0,1,,N,1,1,2,,,,,N,N
3365,cmc-0067,M-040,0,201502080005,00,,,3 hours 27 minutes,207,20150208,middle,1,4,1,0,0,0,0,1,2,1,0,0,1,0,1,1,Y,1,0,0,0,0,0,0,0,0,1,0,0,Y,,,,1,Almogran tablets,0,0,1,1,N,0,,,0,,,0,0,Y,3,0,0,1,0,1,1,0,0,0,3,0,0,0,0,0,0,0,0,0,0,0,0,0,0,0,,1,0,0,0,0,1,,N,1,1,2,,,,,N,N
2567,cmc-0068,M-041,0,201501100801,08,201501102359,23,15 hours 58 minutes,958,20150110,weakness,0,1,1,0,0,0,0,0,1,1,0,0,0,1,1,0,N,0,0,0,0,0,0,0,0,0,0,0,0,Y,,,,2,hospital medicine,0,0,1,1,N,0,,,0,,,0,0,Y,3,0,0,1,0,0,0,0,0,1,2,1,0,0,0,0,1,0,0,0,0,0,0,0,0,0,,0,0,0,0,0,0,,N,1,1,2,,,,,N,Y
3173,cmc-0068,M-041,0,201502020814,08,201502022359,23,15 hours 45 minutes,945,20150202,weakness,0,1,0,1,0,0,0,0,1,1,0,0,0,1,1,0,N,0,0,0,0,0,1,0,1,0,0,0,0,N,,,,,,,,,0,N,0,,,0,,,0,0,Y,3,0,0,1,0,0,1,0,0,0,2,0,0,0,0,1,1,0,0,0,0,0,0,0,0,0,,0,0,0,0,0,0,,N,1,1,2,,,,,N,Y
3253,cmc-0068,M-041,0,201502032310,23,201502032359,23,49 minutes,49,20150203,middle,1,3,1,0,0,0,0,0,1,1,1,0,0,0,1,1,Y,1,0,0,0,0,1,0,1,0,1,0,0,Y,,,,1,hospital medicine,0,1,0,1,Y,1,0,1,1,0,1,1,0,Y,3,1,0,1,0,0,0,0,0,0,2,0,0,0,0,1,1,0,0,0,0,0,0,0,0,0,,0,1,0,0,0,1,,N,1,1,2,,,,,N,Y
2972,cmc-0078,M-050,1,201501261000,10,201501261700,17,7 hours 0 minutes,420,20150126,weakness,0,3,0,0,0,1,0,0,1,0,0,0,0,1,1,0,N,0,0,1,0,0,0,0,1,0,0,0,0,N,,,,,,,,,0,N,0,,,0,,,0,0,Y,3,0,0,1,0,0,1,0,0,0,2,1,0,0,0,0,1,0,0,0,0,0,0,0,0,0,,1,1,0,0,0,2,,N,1,1,2,,,,,,
3062,cmc-0078,M-050,1,201501281330,13,201501281800,18,4 hours 30 minutes,270,20150128,weakness,0,3,0,0,0,1,1,1,3,0,0,0,1,0,1,1,N,0,0,1,0,0,1,0,2,0,0,0,0,Y,,,,2,,0,0,1,1,Y,1,,,0,0,1,1,0,Y,3,0,0,1,0,0,1,1,0,0,3,0,0,0,0,0,0,0,0,0,0,0,0,0,0,0,,1,1,0,0,0,2,,N,1,1,2,,,,,N,N
3095,cmc-0078,M-050,1,201501300810,08,201501301705,17,8 hours 55 minutes,535,20150130,middle,1,4,0,0,0,1,0,1,2,0,0,0,1,1,2,1,N,0,0,1,0,0,1,0,2,0,1,0,0,Y,,,,2,,0,0,1,1,Y,1,,,0,0,1,1,0,Y,3,1,0,1,0,0,0,0,0,0,2,1,0,0,0,0,1,0,0,0,0,0,0,0,0,0,,1,1,0,0,0,2,,N,1,1,2,,,,,N,N
3305,cmc-0078,M-050,1,201502060830,08,201502062359,23,15 hours 29 minutes,929,20150206,weakness,0,3,0,0,0,1,0,1,2,0,0,0,1,1,2,1,N,0,0,1,0,0,1,1,3,1,0,1,0,N,,,,,,,,,0,Y,1,,,0,0,1,1,0,Y,3,0,0,1,0,0,1,0,0,0,2,1,0,0,0,0,1,0,0,0,0,0,0,0,0,0,,1,1,0,0,0,2,,N,1,1,2,,,,,N,Y
3537,cmc-0078,M-050,1,201502131600,16,201502132000,20,4 hours 0 minutes,240,20150213,weakness,0,3,0,0,0,1,0,1,2,0,0,0,0,1,1,0,N,0,0,1,0,0,1,1,3,1,0,1,0,N,,,,,,,,,0,Y,1,0,1,1,0,1,1,0,Y,3,1,0,0,0,0,1,0,0,0,2,1,0,0,0,0,1,0,0,0,0,0,0,0,0,0,,0,1,0,0,0,1,,N,1,1,2,,,,,N,N
5018,cmc-0078,M-050,1,201504101000,10,201504102359,23,13 hours 59 minutes,839,20150410,weakness,0,3,0,0,0,1,1,0,2,0,0,0,1,1,2,1,N,0,0,1,0,0,0,1,2,1,0,1,0,Y,,,,2,,0,1,0,1,Y,1,0,1,1,0,1,1,0,Y,3,0,0,1,0,0,1,1,0,0,3,0,0,0,0,0,0,0,0,0,0,0,0,0,0,0,,1,1,0,0,0,2,,N,1,1,2,,,,,,
207,dha-0002,em2,0,201409092130,21,,,1 hour 18 minutes,78,20140909,weakness,0,3,1,0,0,0,1,1,3,1,0,1,1,0,2,1,Y,1,0,0,0,0,0,0,0,0,1,0,0,Y,,,,1,prescription drugs,0,1,0,1,N,0,,,0,,,0,0,Y,3,1,0,0,0,0,0,0,0,0,1,1,0,0,0,0,1,0,0,0,0,0,0,0,1,1,Holidays ㅜㅜ Fatigue Stress,0,0,0,0,0,0,,N,1,1,2,,,,,N,N
103,dha-0010,em10,1,201408291151,11,201408292359,23,12 hours 8 minutes,728,20140829,weakness,0,,0,0,0,1,0,0,1,0,0,0,0,1,1,0,Y,1,1,0,0,1,0,0,1,0,0,1,0,Y,,13,,,,0,0,1,1,Y,1,,,0,0,1,1,0,Y,3,0,0,1,0,0,1,1,0,0,3,0,0,0,0,0,0,0,0,0,0,0,0,0,0,0,,1,0,0,0,0,1,,N,1,1,2,,,,,N,Y
323,dha-0013,em13,0,201409171549,15,201409171849,18,3 hours 0 minutes,180,20140917,weakness,0,,0,0,0,0,0,1,1,0,0,0,0,1,1,0,,0,0,0,0,0,0,0,0,0,0,0,0,Y,1,,,,,0,0,1,1,N,0,,,0,,,0,0,Y,3,0,0,0,0,1,0,0,0,1,2,0,0,0,0,0,0,0,1,0,0,0,0,0,0,1,,1,0,0,0,0,1,,N,1,1,2,,,,,N,N
1430,dha-0032,em32,0,201411260600,06,201411262359,23,17 hours 59 minutes,1079,20141126,weakness,0,4,1,0,0,0,1,0,2,1,0,1,1,0,2,1,N,0,0,0,0,0,0,0,0,0,1,0,0,N,,,,,,,,,0,N,0,,,0,,,0,0,Y,3,1,0,0,0,0,1,0,0,0,2,0,0,0,0,0,0,0,0,0,1,0,0,0,0,1,,0,0,0,0,0,0,,N,1,1,2,,,,,N,Y
1175,dha-0033,em33,1,201411132142,21,201411132359,23,2 hours 17 minutes,137,20141113,weakness,0,3,0,0,1,0,0,0,1,0,0,0,1,0,1,1,,0,0,0,0,0,0,0,0,0,0,0,0,Y,3,,,,,0,0,1,1,N,0,,,0,,,0,0,Y,3,0,0,0,0,0,1,0,0,0,1,1,0,0,0,0,1,0,0,0,0,0,0,0,1,1,cold,0,1,0,0,0,1,,N,1,1,2,,,,,,
1212,dha-0033,em33,1,201411161000,10,201411162359,23,13 hours 59 minutes,839,20141116,weakness,0,3,0,0,1,0,0,0,1,0,0,0,1,0,1,1,,0,0,0,0,0,0,0,0,0,0,0,0,Y,1,2,,,,0,0,1,1,N,0,,,0,,,0,0,Y,3,0,0,0,0,0,1,0,0,0,1,0,0,0,0,0,0,0,0,0,0,0,0,1,1,2,motion sickness,0,0,0,0,0,0,,N,1,1,2,,,,,,
1047,dha-0039,em39,0,201411061326,13,201411062359,23,10 hours 33 minutes,633,20141106,middle,1,5,0,1,1,0,0,0,2,1,0,0,1,0,1,1,N,0,0,0,0,0,0,0,0,0,1,0,0,N,,,,,,,,,0,N,0,,,0,,,0,0,Y,3,0,0,1,0,0,1,0,0,0,2,0,0,0,0,0,0,0,0,0,0,0,0,0,1,1,cold,0,1,0,0,0,1,,N,1,1,2,,,,,N,Y
1073,dha-0040,EM40,1,201411071940,19,201411072359,23,4 hours 19 minutes,259,20141107,,,3,0,1,0,0,0,0,1,1,0,1,0,0,1,0,Y,1,0,0,0,0,0,0,0,0,1,0,0,Y,1,,,,,0,1,0,1,N,0,,,0,,,0,0,Y,3,1,0,0,0,0,1,0,0,0,2,0,0,0,0,0,0,0,0,0,0,0,0,0,1,1,facial bruises,0,0,0,0,1,1,Working hard,N,1,1,2,,,,,N,Y
1311,dha-0040,EM40,1,201411210800,08,201411212359,23,15 hours 59 minutes,959,20141121,middle,1,3,0,1,0,0,0,0,1,1,1,0,0,0,1,1,N,0,0,1,0,0,0,0,1,0,1,0,0,Y,2,,,,,0,1,0,1,N,0,,,0,,,0,0,Y,3,0,0,1,0,0,1,0,0,0,2,0,0,0,0,0,0,1,0,0,0,0,0,0,0,1,,0,0,0,0,0,0,,N,1,1,2,,,,,N,Y
1445,dha-0041,em41,0,201411271030,10,201411271530,15,5 hours 0 minutes,300,20141127,weakness,0,1,0,0,0,1,1,0,2,0,0,0,0,1,1,0,N,0,0,0,0,0,0,1,1,0,0,0,0,N,,,,,,,,,0,N,0,,,0,,,0,0,Y,3,0,1,0,0,0,0,0,0,0,1,0,0,0,0,0,0,0,1,0,0,0,0,0,1,2,gym and nap,0,0,0,0,1,1,outing,Y,1,1,2,0 hours 40 minutes,40,1 hour 0 minutes,60,N,N
1961,dha-0044,em44,0,201412200735,07,201412202359,23,16 hours 24 minutes,984,20141220,middle,1,6,0,0,0,1,0,0,1,0,1,0,0,0,1,1,N,0,0,0,0,0,0,0,0,0,1,0,0,Y,,,,4,cold medicine,0,1,0,1,N,0,,,0,,,0,0,Y,3,0,0,0,0,0,1,0,0,0,1,1,0,0,0,0,1,0,0,0,0,0,0,0,1,1,Cold body aches,0,1,0,0,0,1,,N,1,1,2,,,,,N,Y
1975,dha-0044,em44,0,201412211930,19,201412212359,23,4 hours 29 minutes,269,20141221,middle,1,5,0,0,0,1,0,1,2,0,0,0,1,0,1,1,N,0,0,0,0,0,0,0,0,0,1,0,0,Y,,,,2,cold medicine,0,1,0,1,N,0,,,0,,,0,0,Y,3,0,0,0,0,0,1,0,0,0,1,1,0,0,0,0,1,0,0,0,0,0,0,0,1,1,Cold body aches,0,1,0,0,0,1,,N,1,1,2,,,,,N,Y
2684,dha-0044,em44,0,201501211330,13,201501212359,23,10 hours 29 minutes,629,20150121,weakness,0,,0,0,0,1,0,0,1,0,0,0,1,0,1,1,N,0,0,0,0,0,0,0,0,0,0,0,0,Y,2,,,,,0,1,0,1,N,0,,,0,,,0,0,Y,3,0,0,1,0,0,0,0,0,0,1,1,0,0,0,0,1,0,0,0,0,0,0,0,1,1,body aches,1,0,0,0,0,1,,N,1,1,2,,,,,N,Y
2685,dha-0044,em44,0,201501221145,11,201501222359,23,12 hours 14 minutes,734,20150122,middle,1,6,0,0,0,1,0,0,1,0,0,0,1,0,1,1,N,0,0,0,0,0,0,0,0,0,1,0,0,Y,4,,,,,0,1,0,1,N,0,,,0,,,0,0,Y,3,0,0,1,0,0,0,0,0,0,1,1,0,0,0,0,1,0,0,0,0,0,0,0,1,1,body aches,1,1,0,0,0,2,,N,1,1,2,,,,,N,Y
2242,dha-0049,em49,0,201501012200,22,201501012359,23,1 hour 59 minutes,119,20150101,weakness,0,3,1,0,0,0,0,0,1,1,0,0,0,1,1,0,N,0,0,0,0,0,0,0,0,0,0,0,0,Y,,,1,,,0,0,1,1,N,0,,,0,,,0,0,Y,3,0,0,1,0,0,1,0,0,0,2,0,0,0,0,0,0,0,1,0,0,0,0,0,0,1,,1,1,0,0,0,2,,N,1,1,2,,,,,N,Y
2850,dha-0049,em49,0,201502010600,06,201502012359,23,17 hours 59 minutes,1079,20150201,weakness,0,3,0,0,0,1,0,0,1,0,0,0,1,0,1,1,Y,1,0,0,0,0,0,0,0,0,1,0,0,N,,,1,,,0,1,0,1,Y,1,0,1,1,,,0,0,Y,3,0,0,1,0,0,1,0,0,0,2,1,0,0,0,0,1,0,0,0,0,0,0,0,0,0,,0,0,0,0,0,0,,N,1,1,2,,,,,N,Y
1218,dha-0050,EM50,0,201411161700,17,201411161900,19,2 hours 0 minutes,120,20141116,,,2,0,0,0,0,1,0,1,0,0,0,0,1,1,0,N,0,1,1,0,1,0,0,2,0,0,1,0,Y,,1,,,,0,0,1,1,Y,1,,,0,0,1,1,0,Y,3,0,0,1,0,0,1,0,0,0,2,0,0,0,0,0,0,0,0,0,0,0,0,0,1,1,Enteritis 0,1,1,0,0,0,2,,N,1,1,2,,,,,N,N
2748,dha-0050,EM50,0,201501251230,12,201501252359,23,11 hours 29 minutes,689,20150125,weakness,0,1,0,0,0,1,1,0,2,0,0,0,0,1,1,0,N,0,1,0,0,1,0,0,1,0,0,1,0,N,,,,,,,,,0,N,0,,,0,,,0,0,Y,3,1,0,0,0,0,0,0,0,0,1,1,0,1,0,0,2,0,0,0,0,0,0,0,0,0,,1,1,0,0,0,2,,N,1,1,2,,,,,N,Y
2783,dha-0050,EM50,0,201501281500,15,201501281800,18,3 hours 0 minutes,180,20150128,weakness,0,1,0,0,0,1,0,0,1,0,0,0,0,1,1,0,N,0,1,0,0,1,0,0,1,0,0,1,0,Y,,1,,,,0,0,1,1,N,0,,,0,,,0,0,Y,3,1,0,0,0,0,1,0,0,0,2,1,0,0,0,0,1,0,0,0,0,0,0,0,0,0,,1,1,0,0,0,2,,N,1,1,2,,,,,N,N
2976,dha-0053,em53,0,201502070000,00,201502072359,23,23 hours 59 minutes,1439,20150207,middle,1,4,1,0,0,0,0,0,1,1,1,0,0,0,1,1,N,0,0,0,0,0,0,0,0,0,1,0,0,Y,,,,1,Almogran,0,1,0,1,Y,1,0,1,1,0,1,1,0,Y,3,1,0,0,0,0,0,0,0,0,1,0,0,0,0,0,0,0,1,0,1,0,0,0,0,2,,1,0,0,0,0,1,,N,1,1,2,,,,,N,Y
3183,dha-0053,em53,0,201502221008,10,201502221508,15,5 hours 0 minutes,300,20150222,weakness,0,2,1,0,0,0,0,0,1,1,1,0,0,0,1,1,N,0,0,0,0,0,0,0,0,0,1,0,0,Y,,,,1,Almogran,0,0,1,1,N,0,,,0,,,0,0,Y,3,0,0,0,0,0,0,1,0,0,1,0,0,0,0,0,0,1,0,1,0,0,0,0,0,2,,0,1,0,0,0,1,,N,1,1,2,,,,,N,N
2225,dha-0057,em57,0,201412311000,10,201412311830,18,8 hours 30 minutes,510,20141231,middle,1,7,1,1,0,0,0,0,2,1,1,0,1,1,3,1,Y,1,0,1,0,0,0,1,2,1,1,1,1,Y,,1,1,,,0,1,0,1,Y,1,0,1,1,0,1,1,1,Y,3,1,0,0,0,0,0,0,0,0,1,0,0,0,1,0,1,0,0,1,0,0,0,0,0,1,,0,1,1,0,0,2,,N,1,1,2,,,,,N,N
3020,dha-0060,em60,0,201502110617,06,201502112359,23,17 hours 42 minutes,1062,20150211,,,8,0,0,0,1,0,0,1,0,0,0,0,1,1,0,Y,1,0,1,0,0,0,1,2,1,0,1,0,Y,,6,,2,Immigran,0,1,0,1,Y,1,,,0,1,0,1,1,Y,3,1,0,0,0,0,0,0,0,1,2,0,1,0,0,0,1,0,0,0,0,0,0,0,0,0,,0,0,0,0,0,0,,N,1,1,2,,,,,N,Y
3167,dha-0060,em60,0,201502170803,08,201502171303,13,5 hours 0 minutes,300,20150217,middle,1,6,0,1,0,0,0,0,1,1,0,1,0,0,1,0,Y,1,0,0,0,0,0,1,1,0,1,0,0,Y,,5,,1,Immigran,0,0,1,1,Y,1,,,0,0,1,1,1,Y,3,1,0,0,0,0,1,0,0,1,3,0,0,0,0,0,0,0,0,0,0,0,0,0,0,0,,0,0,0,0,0,0,,N,1,1,2,,,,,N,N
3252,dha-0060,em60,0,201502251845,18,201502252359,23,5 hours 14 minutes,314,20150225,middle,1,6,0,0,0,1,0,0,1,0,0,0,1,0,1,1,Y,1,0,0,0,0,0,1,1,0,1,0,0,Y,,10,,2,Immigran,0,1,0,1,Y,1,,,0,1,0,1,0,Y,3,1,0,0,0,0,0,0,0,0,1,0,0,0,0,0,0,0,1,1,0,0,0,0,0,2,,1,0,0,0,0,1,,N,1,1,2,,,,,N,Y
3325,dha-0060,em60,0,201502260738,07,201502261838,18,11 hours 0 minutes,660,20150226,middle,1,5,0,1,0,0,0,0,1,1,0,0,1,0,1,1,Y,1,0,0,0,0,0,1,1,0,1,0,0,Y,,5,,1,Immigran,0,1,0,1,Y,1,,,0,0,1,1,0,Y,3,1,0,1,0,0,0,0,0,0,2,0,0,0,0,0,0,0,1,0,0,0,0,0,0,1,,1,1,0,0,0,2,,N,1,1,2,,,,,N,N
2439,dha-0061,EM61,0,201501112130,21,201501112359,23,2 hours 29 minutes,149,20150111,weakness,0,1,1,0,0,0,0,0,1,1,0,0,1,0,1,1,N,0,0,0,0,0,0,0,0,0,1,0,0,Y,,,,1,Almogran,1,0,0,1,N,0,,,0,,,0,0,Y,3,1,0,0,0,0,0,1,0,0,2,0,0,0,0,0,0,0,1,0,0,0,0,0,0,1,,1,0,0,0,0,1,,N,1,1,2,,,,,N,Y
2485,dha-0061,EM61,0,201501120000,00,201501121100,11,11 hours 0 minutes,660,20150112,weakness,0,1,1,0,0,0,0,0,1,1,0,0,1,0,1,1,N,0,0,0,0,0,0,0,0,0,1,0,0,Y,1,,,1,Almogran,0,0,1,1,N,0,,,0,,,0,0,Y,3,1,0,0,0,0,0,1,0,0,2,0,0,0,0,0,0,0,1,0,0,0,0,0,0,1,,1,0,0,0,0,1,,N,1,1,2,,,,,N,N
2504,dha-0061,EM61,0,201501131000,10,201501131500,15,5 hours 0 minutes,300,20150113,weakness,0,1,0,0,1,0,0,0,1,0,0,0,1,0,1,1,N,0,0,0,0,0,0,0,0,0,0,0,0,Y,1,,,,,0,1,0,1,N,0,,,0,,,0,0,Y,3,0,0,1,0,0,0,0,0,1,2,0,0,0,0,0,0,0,1,0,0,0,0,0,0,1,,0,0,0,0,0,0,,N,1,1,2,,,,,N,N
3155,dha-0061,EM61,0,201502161012,10,201502161312,13,3 hours 0 minutes,180,20150216,weakness,0,2,0,0,0,1,0,0,1,0,0,0,0,1,1,0,N,0,0,1,0,0,0,1,2,1,0,1,0,Y,1,,,,,0,1,0,1,Y,1,0,1,1,1,0,1,0,Y,3,1,0,0,0,0,1,0,0,1,3,0,0,0,0,0,0,0,0,0,0,0,0,0,0,0,,1,0,0,0,0,1,,N,1,1,2,,,,,N,N
20,cmc-0004,M-004,0,201408261000,10,201408262000,20,10 hours 0 minutes,600,20140826,Severe,1,6,0,1,0,0,0,0,1,1,0,0,1,0,1,1,Y,1,1,0,1,1,0,0,2,0,1,1,1,Y,,,,1,injection prescription,1,0,0,1,Y,1,,,0,0,1,1,0,Y,3,0,0,0,0,0,0,1,0,0,1,0,0,1,0,0,1,0,1,0,0,0,0,0,0,1,,1,0,0,0,0,1,,Y,0,1,1,0 minutes,0,40 minutes,40,,
1039,cmc-0025,CM-003,1,201410180600,06,201410182359,23,17 hours 59 minutes,1079,20141018,middle,1,4,0,1,0,0,0,0,1,1,0,1,0,0,1,0,N,0,1,0,0,1,0,0,1,0,1,1,1,N,,,,,,,,,0,N,0,,,0,,,0,0,Y,3,0,0,1,0,0,0,0,0,0,1,0,0,0,0,1,1,0,0,0,0,0,0,0,1,1,The vomiting symptoms have improved compared to yesterday and I feel lighter. I am not in a state of complete recovery yet.,1,0,0,1,0,2,,Y,0,1,1,0 hours 0 minutes,0,0 hours 50 minutes,50,N,Y
1134,cmc-0025,CM-003,1,201411040826,08,201411042326,23,15 hours 0 minutes,900,20141104,middle,1,6,1,0,0,0,0,0,1,1,0,1,1,0,2,1,Y,1,1,0,1,1,0,0,2,0,1,1,1,Y,2,,,,,0,1,0,1,N,0,,,0,,,0,0,Y,3,0,0,1,0,0,0,1,0,0,2,0,0,0,0,1,1,0,0,0,0,0,0,0,0,0,,1,1,0,0,0,2,,Y,0,1,1,0 hours 0 minutes,0,0 hours 50 minutes,50,N,N
1524,cmc-0042,M-026,0,201411201542,15,201411202359,23,8 hours 17 minutes,497,20141120,middle,1,5,0,0,0,1,0,0,1,0,0,0,0,1,1,0,Y,1,1,1,0,1,0,0,2,0,1,1,1,N,,,,,,,,,0,Y,1,0,1,1,0,1,1,0,Y,3,1,0,0,0,0,1,0,0,0,2,0,0,1,0,0,1,0,0,0,0,0,0,0,0,0,,0,1,0,0,0,1,,Y,0,1,1,0 hours 0 minutes,0,0 hours 40 minutes,40,,
1917,cmc-0042,M-026,0,201412090830,08,201412092359,23,15 hours 29 minutes,929,20141209,middle,1,5,0,0,1,1,0,0,2,0,1,0,0,0,1,1,Y,1,1,0,0,1,0,0,1,0,1,1,1,,,,,,,,,,0,Y,1,0,1,1,0,1,1,0,Y,3,0,0,1,0,0,1,0,0,0,2,1,0,0,0,0,1,0,0,0,0,0,0,0,0,0,,1,1,0,0,0,2,,Y,0,1,1,0 hours 0 minutes,0,0 hours 30 minutes,30,N,Y
2284,cmc-0048,M-032,1,201412281830,18,201412282359,23,5 hours 29 minutes,329,20141228,Severe,1,8,1,0,0,0,0,0,1,1,1,0,0,0,1,1,Y,1,1,0,0,1,0,0,1,0,1,1,1,Y,,,1,,,1,0,0,1,Y,1,,,0,0,1,1,0,Y,3,0,0,0,1,0,1,0,0,0,2,0,0,0,0,0,0,0,0,0,0,0,0,0,1,1,Climbing with the wind,0,1,0,0,0,1,,Y,0,1,1,0 hours 0 minutes,0,3 hours 0 minutes,180,N,Y
1054,dha-0002,em2,0,201411070600,06,201411070942,09,3 hours 42 minutes,222,20141107,middle,1,4,0,1,1,0,0,1,3,1,0,1,1,1,3,1,Y,1,0,1,0,0,1,1,3,1,1,1,1,Y,,,,1,Disappears 1 hour after taking one tablet of prescription medication,0,0,1,1,Y,1,,,0,0,1,1,0,Y,3,1,0,0,0,0,1,0,0,0,2,0,0,0,0,0,0,0,0,0,0,0,0,0,1,1,It was hot and stinging in the stuffy space.,0,0,0,0,1,1,1 hour after taking medicine,Y,0,1,1,0 hours 0 minutes,0,0 hours 10 minutes,10,N,N
3606,dha-0063,em63,0,201503201540,15,201503201900,19,3 hours 20 minutes,200,20150320,middle,1,5,0,0,0,1,1,0,2,0,0,0,0,1,1,0,Y,1,1,0,0,1,1,0,2,0,1,1,1,Y,,,1,1,pharmaceutical,0,1,0,1,Y,1,,,0,0,1,1,0,Y,3,1,0,0,1,0,1,0,0,0,3,0,0,0,0,0,0,0,0,0,0,0,0,0,0,0,,0,1,0,0,0,1,,Y,0,1,1,0 hours 0 minutes,0,0 hours 50 minutes,50,N,N
123,cmc-0003,M-003,0,201409100000,00,201409100600,06,6 hours 0 minutes,360,20140910,Severe,1,8,0,0,0,1,1,0,2,0,0,0,1,1,2,1,Y,1,1,0,0,1,0,0,1,0,1,1,1,Y,,,,1,Almogran,0,1,0,1,Y,1,0,1,1,,,0,0,Y,3,1,0,0,0,0,0,0,0,1,2,0,0,0,0,0,0,0,0,1,0,0,0,0,0,1,,1,0,0,0,0,1,,N,1,1,2,,,,,N,N
1359,cmc-0008,M-007,0,201411101616,16,201411102116,21,5 hours 0 minutes,300,20141110,weakness,0,2,1,0,0,0,0,0,1,1,1,0,0,0,1,1,Y,1,1,0,0,1,0,0,1,0,1,1,1,Y,,,1,,,0,0,1,1,Y,1,0,1,1,0,1,1,0,Y,3,1,0,1,0,0,1,0,0,0,3,0,0,0,0,0,0,0,0,0,0,0,0,0,0,0,,0,0,0,0,0,0,,N,1,1,2,,,,,N,N
355,cmc-0010,M-009,1,201409280500,05,201409281734,17,12 hours 34 minutes,754,20140928,weakness,0,4,1,0,0,0,0,0,1,1,1,1,0,0,2,1,Y,1,1,0,0,1,1,0,2,0,1,1,1,Y,,,,1,hospital prescription medication,0,0,1,1,Y,1,,,0,0,1,1,1,Y,3,1,0,1,0,0,0,0,0,0,2,0,0,0,0,0,0,0,1,0,0,0,0,0,0,1,,1,1,0,0,0,2,,N,1,1,2,,,,,N,N
613,cmc-0010,M-009,1,201410101701,17,201410102301,23,6 hours 0 minutes,360,20141010,middle,1,5,1,0,0,0,0,0,1,1,1,1,0,0,2,1,Y,1,1,1,1,1,0,0,3,0,1,1,1,Y,,,,1,hospital prescription medication,0,0,1,1,Y,1,0,1,1,0,1,1,0,Y,3,0,0,1,0,0,1,0,0,0,2,0,0,0,0,0,0,0,0,0,0,0,0,1,0,1,,1,1,0,0,0,2,,N,1,1,2,,,,,N,N
624,cmc-0010,M-009,1,201410110529,05,201410111329,13,8 hours 0 minutes,480,20141011,middle,1,5,1,0,0,0,0,0,1,1,1,1,0,0,2,1,Y,1,1,0,0,1,1,0,2,0,1,1,1,Y,,,,1,hospital prescription medication,0,0,1,1,Y,1,,,0,0,1,1,0,Y,3,1,0,0,0,0,1,0,0,0,2,0,0,0,0,0,0,0,0,0,0,0,0,0,1,1,sudden tension,1,1,0,0,0,2,,N,1,1,2,,,,,N,N
820,cmc-0010,M-009,1,201410210530,05,201410211241,12,7 hours 11 minutes,431,20141021,middle,1,5,1,0,0,0,0,0,1,1,1,1,1,0,3,1,Y,1,1,0,1,1,0,0,2,0,1,1,1,Y,,,,16,hospital prescription medication,0,0,1,1,Y,1,,,0,0,1,1,0,Y,3,1,0,1,0,0,0,0,0,1,3,0,0,0,0,0,0,0,0,0,0,0,0,0,0,0,,1,1,0,0,0,2,,N,1,1,2,,,,,N,N
458,cmc-0023,M-012,1,201410041500,15,,,3 hours and 30 minutes,210,20141004,middle,1,6,1,0,0,0,1,0,2,1,0,1,1,0,2,1,Y,1,1,1,0,1,0,0,2,0,1,1,1,Y,,,,3,Almograan + prescription drugs,0,1,0,1,Y,1,0,1,1,1,0,1,1,Y,3,0,0,1,0,0,0,0,0,0,1,1,0,0,0,0,1,0,0,0,0,0,0,0,1,1,Cold body aches,1,1,0,0,0,2,,N,1,1,2,,,,,N,N
649,cmc-0023,M-012,1,201410120933,09,201410122359,23,14 hours 26 minutes,866,20141012,Severe,1,9,1,1,1,1,1,1,6,1,1,1,1,1,4,1,Y,1,1,1,1,1,0,1,4,1,1,1,1,Y,,,,3,Naramik,1,0,0,1,Y,1,1,0,1,1,0,1,1,Y,3,1,0,0,0,0,0,0,0,1,2,0,0,0,0,0,0,0,0,0,0,0,0,0,1,1,pissed off,0,1,0,0,0,1,,N,1,1,2,,,,,N,Y
1867,cmc-0023,M-012,1,201412060907,09,201412062359,23,14 hours 52 minutes,892,20141206,weakness,0,4,1,1,0,1,0,0,3,1,0,1,1,1,3,1,Y,1,1,1,0,1,0,1,3,1,1,1,1,N,,,,,,,,,0,Y,1,,,0,0,1,1,0,Y,3,1,0,1,0,0,1,0,0,0,3,0,0,0,0,0,0,0,0,0,0,0,0,0,0,0,,0,0,0,0,0,0,,N,1,1,2,,,,,N,Y
1866,cmc-0023,M-012,1,201412070830,08,201412072359,23,15 hours 29 minutes,929,20141207,weakness,0,4,1,1,0,1,0,0,3,1,0,1,1,1,3,1,Y,1,1,1,0,1,0,1,3,1,1,1,1,N,,,,,,,,,0,Y,1,,,0,0,1,1,0,Y,3,1,0,1,0,0,1,0,0,0,3,0,0,0,0,0,0,0,0,0,0,0,0,0,0,0,,0,0,0,0,0,0,,N,1,1,2,,,,,N,Y
1865,cmc-0023,M-012,1,201412080830,08,,,15 hours 29 minutes,929,20141208,weakness,0,4,1,1,0,1,0,0,3,1,0,1,1,1,3,1,N,0,1,1,0,1,0,1,3,1,1,1,1,N,,,,,,,,,0,Y,1,,,0,0,1,1,0,Y,3,1,0,1,0,0,1,0,0,0,3,0,0,0,0,0,0,0,0,0,0,0,0,0,0,0,,0,0,0,0,0,0,,N,1,1,2,,,,,N,N
577,cmc-0025,CM-003,1,201410020605,06,201410022359,23,17 hours 54 minutes,1074,20141002,middle,1,7,0,0,0,1,0,0,1,0,0,1,1,0,2,1,Y,1,1,0,1,1,1,0,3,0,1,1,1,Y,1,,,,,1,0,0,1,Y,1,0,1,1,0,1,1,0,Y,3,1,0,0,0,0,1,0,0,0,2,0,0,1,0,0,1,0,0,0,0,0,0,0,0,0,,1,1,0,0,0,2,,N,1,1,2,,,,,N,Y
1423,cmc-0025,CM-003,1,201411130358,03,201411131858,18,15 hours 0 minutes,900,20141113,Severe,1,9,0,0,0,1,0,0,1,0,0,1,1,1,3,1,Y,1,1,0,1,1,0,0,2,0,1,1,1,Y,2,,,,,1,0,0,1,Y,1,0,1,1,1,0,1,1,Y,3,0,0,1,0,0,0,0,0,0,1,0,0,1,0,1,2,0,0,0,0,0,0,0,0,0,,0,0,0,0,0,0,,N,1,1,2,,,,,N,N
1062,cmc-0031,M-017,0,201411010022,00,201411012359,23,23 hours 37 minutes,1417,20141101,middle,1,6,0,0,0,1,0,0,1,0,1,0,0,0,1,1,Y,1,1,0,0,1,0,0,1,0,1,1,1,Y,,,,1,prescription,0,0,1,1,Y,1,,,0,0,1,1,0,Y,3,0,0,1,0,0,0,0,0,0,1,0,0,1,0,0,1,0,1,0,0,0,0,0,0,1,,1,0,0,0,0,1,,N,1,1,2,,,,,,
1091,cmc-0031,M-017,0,201411021000,10,201411022359,23,13 hours 59 minutes,839,20141102,weakness,0,4,0,0,0,1,0,0,1,0,1,0,0,0,1,1,Y,1,1,0,0,1,0,0,1,0,1,1,1,Y,,,,1,hospital medicine,0,0,1,1,Y,1,,,0,0,1,1,0,Y,3,1,0,1,0,0,0,0,0,0,2,0,0,1,0,0,1,0,0,0,0,0,0,0,0,0,,1,1,0,0,0,2,,N,1,1,2,,,,,N,Y
1908,cmc-0031,M-017,0,201412100600,06,201412100757,07,1 hour 57 minutes,117,20141210,weakness,0,3,0,0,0,1,0,0,1,0,0,0,1,0,1,1,Y,1,1,0,0,1,0,0,1,0,1,1,1,Y,,,,1,prescription,0,0,1,1,N,0,,,0,,,0,0,Y,3,1,0,1,0,0,0,1,0,0,3,0,0,0,0,0,0,0,0,0,0,0,0,0,0,0,,1,1,0,0,0,2,,N,1,1,2,,,,,N,N
1968,cmc-0031,M-017,0,201412141130,11,201412141330,13,2 hours 0 minutes,120,20141214,weakness,0,3,0,0,0,1,0,0,1,0,1,0,0,0,1,1,Y,1,1,0,0,1,0,0,1,0,1,1,1,Y,,,,1,prescription,0,0,1,1,Y,1,,,0,0,1,1,0,Y,3,1,0,1,0,0,0,1,0,0,3,0,0,0,0,0,0,0,0,0,0,0,0,0,0,0,,1,1,0,0,0,2,,N,1,1,2,,,,,N,N
1184,cmc-0032,CM-005,0,201411040900,09,201411041347,13,4 hours 47 minutes,287,20141104,middle,1,6,0,0,0,0,0,1,1,0,0,1,1,1,3,1,N,0,0,1,0,0,1,1,3,1,1,1,1,N,,,,,,,,,0,N,0,,,0,,,0,0,Y,3,1,0,1,0,0,0,0,0,0,2,0,0,0,0,0,0,0,0,0,1,0,0,0,0,1,,0,1,0,0,0,1,,N,1,1,2,,,,,N,N
1185,cmc-0032,CM-005,0,201411051415,14,201411051608,16,1 hour 53 minutes,113,20141105,Severe,1,9,0,0,0,1,0,1,2,0,0,1,1,1,3,1,Y,1,1,1,0,1,1,1,4,1,1,1,1,Y,2,,,,,0,0,1,1,Y,1,0,1,1,,,0,1,Y,3,1,0,0,0,0,1,0,0,0,2,0,0,0,0,0,0,0,0,0,1,0,0,0,0,1,,0,0,0,0,0,0,,N,1,1,2,,,,,N,N
1409,cmc-0032,CM-005,0,201411131430,14,201411131720,17,2 hours 50 minutes,170,20141113,Severe,1,8,0,0,1,1,1,1,4,0,0,1,1,1,3,1,Y,1,1,1,0,1,1,1,4,1,1,1,1,Y,2,,,,,0,0,1,1,Y,1,,,0,,,0,1,Y,3,1,0,0,0,0,0,0,0,0,1,1,0,0,0,0,1,0,0,0,1,0,0,0,0,1,,1,1,0,0,1,3,approximately,N,1,1,2,,,,,N,N
1846,cmc-0032,CM-005,0,201412031230,12,201412032025,20,7 hours 55 minutes,475,20141203,middle,1,7,0,0,0,1,1,1,3,0,0,1,1,1,3,1,Y,1,0,1,0,0,1,1,3,1,1,1,1,N,,,,,,,,,0,Y,1,0,1,1,,,0,0,Y,3,1,0,1,0,0,1,0,0,0,3,0,0,0,0,0,0,0,0,0,0,0,0,0,0,0,,0,1,0,0,0,1,,N,1,1,2,,,,,N,N
1469,cmc-0042,M-026,0,201411171806,18,,,5 hours 53 minutes,353,20141117,middle,1,5,0,0,0,1,0,0,1,0,1,0,0,0,1,1,Y,1,1,0,0,1,0,0,1,0,1,1,1,Y,,,,2,Indenol tablet 10mg,0,1,0,1,Y,1,0,1,1,0,1,1,0,Y,3,0,0,1,0,0,1,0,0,0,2,0,0,1,0,0,1,0,0,0,0,0,0,0,0,0,,1,1,0,0,0,2,,N,1,1,2,,,,,N,N
2940,cmc-0048,M-032,1,201501231700,17,201501232359,23,6 hours 59 minutes,419,20150123,middle,1,6,1,0,0,0,0,0,1,1,0,0,0,1,1,0,N,0,1,0,0,1,0,0,1,0,1,1,1,Y,,,1,,,0,1,0,1,Y,1,,,0,0,1,1,0,Y,3,0,0,1,0,1,0,0,0,0,2,0,0,0,0,0,0,0,0,0,0,0,0,1,0,1,,1,1,0,0,0,2,,N,1,1,2,,,,,N,N
2105,cmc-0064,M-037,1,201412180929,09,201412182037,20,11 hours 8 minutes,668,20141218,middle,1,5,0,1,1,0,0,0,2,1,1,0,0,0,1,1,Y,1,1,0,0,1,1,0,2,0,1,1,1,Y,1,,,,,0,0,1,1,Y,1,,,0,0,1,1,0,Y,3,0,0,1,0,0,1,0,0,0,2,0,0,0,0,0,0,0,1,0,0,0,0,0,0,1,,1,1,0,0,0,2,,Y,1,1,2,0 hours 30 minutes,30,0 hours 30 minutes,30,N,N
4479,cmc-0077,M-049,1,201502270900,09,201502271400,14,5 hours 0 minutes,300,20150227,weakness,0,3,0,0,1,0,0,0,1,0,0,0,1,0,1,1,Y,1,1,0,0,1,0,1,2,0,1,1,1,N,,,,,,,,,0,N,0,,,0,,,0,0,Y,3,1,1,0,0,0,0,0,0,0,2,0,0,0,0,0,0,0,1,0,0,0,0,0,0,1,,0,1,0,0,0,1,,N,1,1,2,,,,,N,N
5095,cmc-0077,M-049,1,201504040800,08,201504042200,22,14 hours 0 minutes,840,20150404,Severe,1,8,0,1,0,0,0,0,1,1,0,0,1,0,1,1,N,0,1,0,1,1,1,1,4,0,1,1,1,Y,,,,1,prescription drugs,0,0,1,1,Y,1,0,1,1,,,0,1,Y,3,0,0,0,0,0,0,0,0,0,0,0,0,1,0,1,2,0,0,0,0,0,0,1,0,1,,1,0,0,0,0,1,,N,1,1,2,,,,,N,N
3463,cmc-0078,M-050,1,201502111300,13,201502112359,23,10 hours 59 minutes,659,20150211,middle,1,4,0,0,0,1,0,0,1,0,0,0,1,1,2,1,N,0,0,1,0,0,1,1,3,1,1,1,1,Y,,,,2,,0,1,0,1,Y,1,,,0,0,1,1,0,Y,3,1,0,1,0,0,1,0,0,0,3,0,0,0,0,0,0,0,0,0,0,0,0,0,0,0,,1,1,0,0,0,2,,N,1,1,2,,,,,,
4355,cmc-0078,M-050,1,201503131000,10,201503132300,23,13 hours 0 minutes,780,20150313,middle,1,10,0,0,0,1,0,1,2,0,0,0,1,1,2,1,N,0,0,1,0,0,1,1,3,1,1,1,1,Y,,,,2,,1,0,0,1,Y,1,0,1,1,0,1,1,0,Y,3,0,0,1,0,0,1,0,0,0,2,1,0,0,0,0,1,0,0,0,0,0,0,0,0,0,,1,1,0,0,0,2,,N,1,1,2,,,,,N,N
1202,dha-0002,em2,0,201411141200,12,201411141400,14,2 hours 0 minutes,120,20141114,weakness,0,2,0,0,1,1,1,0,3,0,0,0,1,0,1,1,Y,1,0,1,0,0,1,1,3,1,1,1,1,N,,,,,,,,,0,Y,1,,,0,0,1,1,0,Y,3,0,0,0,0,0,1,1,0,0,2,0,0,0,0,0,0,0,0,0,0,0,0,0,1,1,tonsillitis,0,0,0,0,1,1,Tonsillitis relieved after taking medication,N,1,1,2,,,,,N,N
200,dha-0004,EM4,1,201409080700,07,,,13 hours 0 minutes,780,20140908,middle,1,5,0,0,1,0,1,0,2,0,0,0,1,0,1,1,,0,1,0,0,1,0,0,1,0,1,1,1,Y,,,,2,Geborin,0,0,1,1,Y,1,,,0,,,0,1,Y,3,0,0,0,0,0,0,0,0,0,0,0,0,0,0,0,0,1,0,0,0,0,0,1,1,3,Canned Beer 3,0,0,0,0,1,1,Take 2 doses of Geborin,N,1,1,2,,,,,N,N
371,dha-0015,em15,0,201409200800,08,201409202000,20,12 hours 0 minutes,720,20140920,Severe,1,8,0,0,0,1,1,1,3,0,0,1,1,1,3,1,Y,1,1,1,0,1,0,1,3,1,1,1,1,Y,,,,1,,0,1,0,1,Y,1,,,0,0,1,1,0,Y,3,0,0,1,0,0,1,0,0,0,2,0,0,0,0,0,0,0,0,0,0,0,0,1,0,1,,1,1,0,0,0,2,,N,1,1,2,,,,,N,N
523,dha-0015,em15,0,201410031000,10,201410032100,21,11 hours 0 minutes,660,20141003,Severe,1,7,0,1,1,1,0,1,4,1,0,1,1,1,3,1,Y,1,1,0,0,1,0,0,1,0,1,1,1,Y,,,,1,,0,1,0,1,Y,1,,,0,0,1,1,0,Y,3,1,0,1,0,0,1,0,0,0,3,0,0,0,0,0,0,0,0,0,0,0,0,0,0,0,,0,0,0,0,0,0,,N,1,1,2,,,,,N,N
956,dha-0018,EM18,1,201411011000,10,201411011800,18,8 hours 0 minutes,480,20141101,middle,1,6,1,0,0,0,0,0,1,1,0,1,1,0,2,1,N,0,1,0,0,1,1,0,2,0,1,1,1,Y,,,1,,,1,0,0,1,Y,1,0,1,1,,,0,0,Y,3,1,0,0,0,0,1,0,0,0,2,0,0,0,0,0,0,0,1,0,0,0,0,0,0,1,,0,1,0,0,0,1,,N,1,1,2,,,,,N,N
1614,dha-0018,EM18,1,201412022000,20,201412022358,23,3 hours 58 minutes,238,20141202,middle,1,5,1,0,0,0,0,0,1,1,0,1,1,0,2,1,N,0,1,0,0,1,0,0,1,0,1,1,1,Y,,,1,,,0,0,1,1,N,0,,,0,,,0,0,Y,3,1,0,1,0,0,0,0,0,0,2,0,0,0,0,0,0,0,1,0,0,0,0,0,0,1,,0,1,0,0,0,1,,N,1,1,2,,,,,N,N
1096,dha-0033,em33,1,201411100101,01,201411102359,23,22 hours 58 minutes,1378,20141110,Severe,1,8,0,0,0,0,1,0,1,0,1,0,0,0,1,1,N,0,1,0,0,1,0,0,1,0,1,1,1,Y,2,3,,,,1,0,0,1,Y,1,,,0,0,1,1,0,Y,3,1,0,0,0,0,0,0,0,0,1,0,0,0,0,1,1,0,0,0,0,0,0,1,0,1,,1,0,0,1,0,2,,N,1,1,2,,,,,,
971,dha-0039,em39,0,201411011100,11,201411011930,19,8 hours 30 minutes,510,20141101,middle,1,6,1,1,0,0,0,0,2,1,0,0,1,0,1,1,Y,1,1,1,0,1,0,0,2,0,1,1,1,Y,,,,1,Prescribed medication (multiple pills),0,0,1,1,N,0,,,0,,,0,0,Y,3,1,0,1,0,0,0,0,0,0,2,0,0,1,0,0,1,0,0,0,0,0,0,0,0,0,,0,0,0,0,1,1,"It hurts after going out, but after coming home and taking medicine, it got better.",N,1,1,2,,,,,N,N
2083,dha-0041,em41,0,201412260800,08,201412260900,09,1 hour 0 minutes,60,20141226,weakness,0,4,1,0,0,0,0,0,1,1,1,0,0,0,1,1,Y,1,1,0,0,1,0,1,2,0,1,1,1,Y,,,,1,Naramik,0,0,1,1,Y,1,,,0,0,1,1,0,Y,3,0,0,0,0,0,0,0,0,0,0,0,0,1,0,0,1,0,0,1,0,0,0,0,1,2,I was nervous the day before,0,0,0,0,0,0,,N,1,1,2,,,,,N,N
2271,dha-0041,em41,0,201501041030,10,201501042359,23,13 hours 29 minutes,809,20150104,,,,1,0,0,0,0,0,1,1,1,0,0,0,1,1,,0,0,1,0,0,1,1,3,1,1,1,1,Y,,,,1,Naramik tablets,0,1,0,1,Y,1,,,0,1,0,1,0,Y,3,0,1,0,0,1,0,0,0,0,2,0,0,0,0,0,0,0,0,0,0,0,0,0,1,1,irregular life,0,0,0,0,1,1,Take medicine and sleep well,N,1,1,2,,,,,,
1486,dha-0050,EM50,0,201411290500,05,201411291000,10,5 hours 0 minutes,300,20141129,weakness,0,3,1,0,0,0,0,0,1,1,0,0,0,1,1,0,Y,1,1,0,0,1,0,0,1,0,1,1,1,Y,,1,,,,0,1,0,1,Y,1,0,1,1,,,0,0,Y,3,1,0,1,0,0,0,0,0,0,2,0,0,0,0,0,0,0,1,0,0,0,0,0,0,1,,1,1,0,0,0,2,,N,1,1,2,,,,,N,N
1504,dha-0050,EM50,0,201411300920,09,201411301601,16,6 hours 41 minutes,401,20141130,middle,1,4,0,0,0,1,1,1,3,0,0,0,0,1,1,0,Y,1,1,0,0,1,0,0,1,0,1,1,1,Y,,1,,,,0,1,0,1,Y,1,0,1,1,,,0,0,Y,3,1,0,1,0,0,0,0,0,0,2,1,0,0,0,0,1,0,0,0,0,0,0,0,0,0,,1,1,0,0,0,2,,N,1,1,2,,,,,N,N
1945,dha-0057,em57,0,201412191500,15,201412192300,23,8 hours 0 minutes,480,20141219,weakness,0,6,1,0,0,0,0,0,1,1,0,0,1,0,1,1,Y,1,0,1,0,0,1,1,3,1,1,1,1,Y,,1,1,,,0,1,0,1,N,0,,,0,,,0,0,Y,3,1,0,0,0,0,0,0,0,0,1,0,0,0,1,0,1,0,0,1,0,0,0,0,0,1,,1,1,0,0,0,2,,N,1,1,2,,,,,N,N
2576,dha-0063,em63,0,201501151700,17,201501151915,19,2 hours 15 minutes,135,20150115,weakness,0,2,0,0,1,0,0,0,1,0,0,0,1,0,1,1,Y,1,1,0,0,1,0,0,1,0,1,1,1,Y,,,1,,,0,1,0,1,Y,1,,,0,0,1,1,0,Y,3,1,0,0,0,0,1,0,0,1,3,0,0,0,0,0,0,0,0,0,0,0,0,0,0,0,,0,1,0,0,1,2,Taking medicine,N,1,1,2,,,,,N,N
200,cmc-0008,M-007,0,,,,,,,20140916,,,,,,,,,,0,,,,,,0,,,,,,,,,,0,,,,,,,,,,,,,,0,,,,,0,,,0,,,3,1,0,0,0,0,0,1,0,0,2,1,0,0,0,0,1,0,0,0,0,0,0,0,0,0,,,,,,,0,,Y,0,1,1,0 minutes,0,20 minutes,20,Y,N
201,cmc-0008,M-007,0,,,,,,,20140917,,,,,,,,,,0,,,,,,0,,,,,,,,,,0,,,,,,,,,,,,,,0,,,,,0,,,0,,,3,1,0,0,0,0,0,1,0,0,2,1,0,0,0,0,1,0,0,0,0,0,0,0,0,0,,,,,,,0,,Y,0,1,1,0 minutes,0,20 minutes,20,Y,N
202,cmc-0008,M-007,0,,,,,,,20140918,,,,,,,,,,0,,,,,,0,,,,,,,,,,0,,,,,,,,,,,,,,0,,,,,0,,,0,,,3,1,0,0,0,0,0,1,0,0,2,1,0,0,0,0,1,0,0,0,0,0,0,0,0,0,,,,,,,0,,Y,0,1,1,0 minutes,0,20 minutes,20,Y,N
281,cmc-0008,M-007,0,,,,,,,20140919,,,,,,,,,,0,,,,,,0,,,,,,,,,,0,,,,,,,,,,,,,,0,,,,,0,,,0,,,3,1,0,0,0,0,0,0,1,0,2,1,0,0,0,0,1,0,0,0,0,0,0,0,0,0,,,,,,,0,,Y,0,1,1,0 minutes,0,20 minutes,20,Y,N
282,cmc-0008,M-007,0,,,,,,,20140920,,,,,,,,,,0,,,,,,0,,,,,,,,,,0,,,,,,,,,,,,,,0,,,,,0,,,0,,,3,1,0,0,0,0,0,0,1,0,2,1,0,0,0,0,1,0,0,0,0,0,0,0,0,0,,,,,,,0,,Y,0,1,1,0 minutes,0,10 minutes,10,Y,N
283,cmc-0008,M-007,0,,,,,,,20140921,,,,,,,,,,0,,,,,,0,,,,,,,,,,0,,,,,,,,,,,,,,0,,,,,0,,,0,,,3,1,0,0,0,0,0,0,1,0,2,1,0,0,0,0,1,0,0,0,0,0,0,0,0,0,,,,,,,0,,Y,0,1,1,0 minutes,0,10 minutes,10,Y,N
368,cmc-0008,M-007,0,,,,,,,20140926,,,,,,,,,,0,,,,,,0,,,,,,,,,,0,,,,,,,,,,,,,,0,,,,,0,,,0,,,3,1,0,0,0,0,0,1,1,0,3,0,0,0,0,0,0,0,0,0,0,0,0,0,0,0,,,,,,,0,,Y,0,1,1,0 minutes,0,10 minutes,10,Y,N
1730,cmc-0023,M-012,1,,,,,,,20141201,,,,,,,,,,0,,,,,,0,,,,,,,,,,0,,,,,,,,,,,,,,0,,,,,0,,,0,,,3,1,0,0,1,0,1,0,0,0,3,0,0,0,0,0,0,0,0,0,0,0,0,0,0,0,,,,,,,0,,Y,0,1,1,0 hours 0 minutes,0,2 hours 0 minutes,120,Y,N
568,cmc-0025,CM-003,1,,,,,,,20140923,,,,,,,,,,0,,,,,,0,,,,,,,,,,0,,,,,,,,,,,,,,0,,,,,0,,,0,,,3,0,0,0,1,0,0,0,0,0,1,0,0,1,0,1,2,0,0,0,0,0,0,0,0,0,,,,,,,0,,Y,0,1,1,0 hours 0 minutes,0,0 hours 50 minutes,50,Y,N
342,cmc-0032,CM-005,0,,,,,,,20140926,,,,,,,,,,0,,,,,,0,,,,,,,,,,0,,,,,,,,,,,,,,0,,,,,0,,,0,,,3,0,0,0,1,0,1,0,0,0,2,0,0,0,0,0,0,0,0,0,1,0,0,0,0,1,,,,,,,0,,Y,0,1,1,0 hours 0 minutes,0,1 hour 0 minutes,60,Y,N
1116,cmc-0032,CM-005,0,,,,,,,20141102,,,,,,,,,,0,,,,,,0,,,,,,,,,,0,,,,,,,,,,,,,,0,,,,,0,,,0,,,3,0,0,0,1,0,1,0,0,0,2,0,0,0,0,0,0,0,1,0,0,0,0,0,0,1,,,,,,,0,,Y,0,1,1,0 hours 0 minutes,0,1 hour 30 minutes,90,Y,N
1404,cmc-0032,CM-005,0,,,,,,,20141108,,,,,,,,,,0,,,,,,0,,,,,,,,,,0,,,,,,,,,,,,,,0,,,,,0,,,0,,,3,0,1,0,1,0,0,0,0,0,2,0,0,0,0,0,0,0,1,0,0,0,0,0,0,1,,,,,,,0,,Y,0,1,1,0 hours 0 minutes,0,2 hours 0 minutes,120,Y,N
1836,cmc-0032,CM-005,0,,,,,,,20141123,,,,,,,,,,0,,,,,,0,,,,,,,,,,0,,,,,,,,,,,,,,0,,,,,0,,,0,,,3,0,1,0,1,0,0,0,0,0,2,0,0,0,0,0,0,0,1,0,0,0,0,0,0,1,,,,,,,0,,Y,0,1,1,0 hours 0 minutes,0,0 hours 30 minutes,30,Y,N
1843,cmc-0032,CM-005,0,,,,,,,20141130,,,,,,,,,,0,,,,,,0,,,,,,,,,,0,,,,,,,,,,,,,,0,,,,,0,,,0,,,3,0,1,0,1,0,0,0,0,0,2,0,0,0,0,0,0,0,0,1,0,0,0,0,0,1,,,,,,,0,,Y,0,1,1,0 hours 0 minutes,0,1 hour 40 minutes,100,Y,N
1848,cmc-0032,CM-005,0,,,,,,,20141205,,,,,,,,,,0,,,,,,0,,,,,,,,,,0,,,,,,,,,,,,,,0,,,,,0,,,0,,,3,0,0,0,1,0,1,0,0,0,2,0,0,0,0,0,0,0,1,0,0,0,0,0,0,1,,,,,,,0,,Y,0,1,1,0 hours 0 minutes,0,0 hours 30 minutes,30,Y,N
1963,cmc-0032,CM-005,0,,,,,,,20141212,,,,,,,,,,0,,,,,,0,,,,,,,,,,0,,,,,,,,,,,,,,0,,,,,0,,,0,,,3,0,0,1,1,0,0,0,0,0,2,0,0,0,0,0,0,0,1,0,0,0,0,0,0,1,,,,,,,0,,Y,0,1,1,0 hours 0 minutes,0,0 hours 40 minutes,40,Y,N
2155,cmc-0042,M-026,0,,,,,,,20141221,,,,,,,,,,0,,,,,,0,,,,,,,,,,0,,,,,,,,,,,,,,0,,,,,0,,,0,,,3,0,0,1,0,0,1,0,0,0,2,1,0,0,0,0,1,0,0,0,0,0,0,0,0,0,,,,,,,0,,Y,0,1,1,0 hours 0 minutes,0,0 hours 30 minutes,30,Y,N
2140,cmc-0048,M-032,1,,,,,,,20141220,,,,,,,,,,0,,,,,,0,,,,,,,,,,0,,,,,,,,,,,,,,0,,,,,0,,,0,,,3,0,0,0,1,0,1,0,0,0,2,1,0,0,0,0,1,0,0,0,0,0,0,0,0,0,,,,,,,0,,Y,0,1,1,0 hours 0 minutes,0,3 hours 0 minutes,180,Y,N
1915,cmc-0064,M-037,1,,,,,,,20141211,,,,,,,,,,0,,,,,,0,,,,,,,,,,0,,,,,,,,,,,,,,0,,,,,0,,,0,,,3,0,0,1,1,0,0,0,0,0,2,0,0,0,0,1,1,0,0,0,0,0,0,0,0,0,,,,,,,0,,Y,0,1,1,0 hours 0 minutes,0,1 hour 0 minutes,60,Y,N
4458,cmc-0077,M-049,1,,,,,,,20150203,,,,,,,,,,0,,,,,,0,,,,,,,,,,0,,,,,,,,,,,,,,0,,,,,0,,,0,,,3,0,0,1,0,1,0,0,0,0,2,0,0,0,0,0,0,0,1,0,0,0,0,0,0,1,,,,,,,0,,Y,0,1,1,0 hours 0 minutes,0,1 hour 0 minutes,60,Y,N
4463,cmc-0077,M-049,1,,,,,,,20150212,,,,,,,,,,0,,,,,,0,,,,,,,,,,0,,,,,,,,,,,,,,0,,,,,0,,,0,,,3,0,1,0,1,0,0,0,0,0,2,0,0,0,0,0,0,0,1,0,0,0,0,0,0,1,,,,,,,0,,Y,0,1,1,0 hours 0 minutes,0,0 hours 30 minutes,30,Y,N
37,dha-0004,EM4,1,,,,,,,20140818,,,,,,,,,,0,,,,,,0,,,,,,,,,,0,,,,,,,,,,,,,,0,,,,,0,,,0,,,3,0,1,0,0,0,0,0,0,0,1,1,0,0,0,0,1,0,0,1,0,0,0,0,0,1,,,,,,,0,,Y,0,1,1,0 hours 0 minutes,0,0 hours 30 minutes,30,Y,N
339,dha-0004,EM4,1,,,,,,,20140920,,,,,,,,,,0,,,,,,0,,,,,,,,,,0,,,,,,,,,,,,,,0,,,,,0,,,0,,,3,1,0,0,0,0,1,0,0,0,2,0,0,0,0,0,0,0,0,0,0,0,0,1,0,1,,,,,,,0,,Y,0,1,1,0 hours 0 minutes,0,2 hours 0 minutes,120,Y,N
545,dha-0010,em10,1,,,,,,,20141006,,,,,,,,,,0,,,,,,0,,,,,,,,,,0,,,,,,,,,,,,,,0,,,,,0,,,0,,,3,0,0,0,0,0,1,0,0,0,1,0,0,1,0,0,1,0,1,0,0,0,0,0,0,1,,,,,,,0,,Y,0,1,1,0 hours 0 minutes,0,4 hours 0 minutes,240,Y,N
771,dha-0032,em32,0,,,,,,,20141021,,,,,,,,,,0,,,,,,0,,,,,,,,,,0,,,,,,,,,,,,,,0,,,,,0,,,0,,,3,0,0,0,1,0,0,0,0,0,1,1,0,0,0,0,1,0,0,0,1,0,0,0,0,1,,,,,,,0,,Y,1,0,1,1 hour 0 minutes,60,0 hours 0 minutes,0,Y,N
1010,dha-0032,em32,0,,,,,,,20141104,,,,,,,,,,0,,,,,,0,,,,,,,,,,0,,,,,,,,,,,,,,0,,,,,0,,,0,,,3,0,0,1,1,0,0,0,0,0,2,0,0,0,0,0,0,0,0,0,1,0,0,0,0,1,,,,,,,0,,Y,1,0,1,1 hour 0 minutes,60,0 hours 0 minutes,0,Y,N
1102,dha-0032,em32,0,,,,,,,20141106,,,,,,,,,,0,,,,,,0,,,,,,,,,,0,,,,,,,,,,,,,,0,,,,,0,,,0,,,3,0,0,0,1,0,0,1,0,0,2,0,0,0,0,0,0,0,0,0,1,0,0,0,0,1,,,,,,,0,,Y,1,0,1,1 hour 0 minutes,60,0 hours 0 minutes,0,Y,N
1191,dha-0032,em32,0,,,,,,,20141111,,,,,,,,,,0,,,,,,0,,,,,,,,,,0,,,,,,,,,,,,,,0,,,,,0,,,0,,,3,1,0,0,1,0,0,0,0,0,2,0,0,0,0,0,0,0,0,0,1,0,0,0,0,1,,,,,,,0,,Y,1,0,1,1 hour 0 minutes,60,0 hours 0 minutes,0,Y,N
1281,dha-0032,em32,0,,,,,,,20141115,,,,,,,,,,0,,,,,,0,,,,,,,,,,0,,,,,,,,,,,,,,0,,,,,0,,,0,,,3,1,0,0,1,0,0,0,0,0,2,0,0,0,0,0,0,0,0,0,1,0,0,0,0,1,,,,,,,0,,Y,1,0,1,1 hour 0 minutes,60,0 hours 0 minutes,0,Y,N
1284,dha-0032,em32,0,,,,,,,20141118,,,,,,,,,,0,,,,,,0,,,,,,,,,,0,,,,,,,,,,,,,,0,,,,,0,,,0,,,3,1,0,0,1,0,0,0,0,0,2,0,0,0,0,0,0,0,0,0,1,0,0,0,0,1,,,,,,,0,,Y,1,0,1,1 hour 0 minutes,60,0 hours 0 minutes,0,Y,N
1286,dha-0032,em32,0,,,,,,,20141120,,,,,,,,,,0,,,,,,0,,,,,,,,,,0,,,,,,,,,,,,,,0,,,,,0,,,0,,,3,1,0,0,1,0,0,0,0,0,2,0,0,0,0,0,0,0,0,0,1,0,0,0,0,1,,,,,,,0,,Y,1,0,1,1 hour 0 minutes,60,0 hours 0 minutes,0,Y,N
1918,dha-0032,em32,0,,,,,,,20141217,,,,,,,,,,0,,,,,,0,,,,,,,,,,0,,,,,,,,,,,,,,0,,,,,0,,,0,,,3,0,0,1,1,0,0,0,0,0,2,0,0,0,0,0,0,0,1,0,0,0,0,0,0,1,,,,,,,0,,Y,1,0,1,1 hour 0 minutes,60,0 hours 0 minutes,0,Y,N
1917,dha-0032,em32,0,,,,,,,20141218,,,,,,,,,,0,,,,,,0,,,,,,,,,,0,,,,,,,,,,,,,,0,,,,,0,,,0,,,3,0,0,1,1,0,0,0,0,0,2,0,0,0,0,0,0,0,1,0,0,0,0,0,0,1,,,,,,,0,,Y,1,0,1,1 hour 0 minutes,60,0 hours 0 minutes,0,Y,N
868,dha-0040,EM40,1,,,,,,,20141025,,,,,,,,,,0,,,,,,0,,,,,,,,,,0,,,,,,,,,,,,,,0,,,,,0,,,0,,,3,0,0,0,0,0,1,0,0,0,1,1,0,0,0,0,1,0,0,0,0,0,0,1,0,1,,,,,,,0,,Y,0,1,1,0 hours 0 minutes,0,4 hours 0 minutes,240,Y,N
1017,dha-0041,em41,0,,,,,,,20141104,,,,,,,,,,0,,,,,,0,,,,,,,,,,0,,,,,,,,,,,,,,0,,,,,0,,,0,,,3,0,0,0,0,0,0,1,0,0,1,0,0,0,0,0,0,0,1,0,1,0,0,0,0,2,,,,,,,0,,Y,0,1,1,0 hours 0 minutes,0,1 hour 0 minutes,60,Y,N
1141,dha-0041,em41,0,,,,,,,20141111,,,,,,,,,,0,,,,,,0,,,,,,,,,,0,,,,,,,,,,,,,,0,,,,,0,,,0,,,3,0,0,1,0,0,0,0,0,0,1,0,0,0,0,0,0,0,1,0,1,0,0,0,0,2,,,,,,,0,,Y,0,1,1,0 hours 0 minutes,0,1 hour 0 minutes,60,Y,N
1235,dha-0041,em41,0,,,,,,,20141115,,,,,,,,,,0,,,,,,0,,,,,,,,,,0,,,,,,,,,,,,,,0,,,,,0,,,0,,,3,0,0,1,0,0,0,0,0,0,1,0,0,0,0,0,0,0,1,0,1,0,0,0,0,2,,,,,,,0,,Y,0,1,1,0 hours 0 minutes,0,1 hour 0 minutes,60,Y,N
1317,dha-0041,em41,0,,,,,,,20141121,,,,,,,,,,0,,,,,,0,,,,,,,,,,0,,,,,,,,,,,,,,0,,,,,0,,,0,,,3,0,0,0,0,0,0,0,0,0,0,0,0,0,0,0,0,0,1,0,1,0,0,1,0,3,,,,,,,0,,Y,0,1,1,0 hours 0 minutes,0,1 hour 0 minutes,60,Y,N
1564,dha-0041,em41,0,,,,,,,20141202,,,,,,,,,,0,,,,,,0,,,,,,,,,,0,,,,,,,,,,,,,,0,,,,,0,,,0,,,3,0,0,1,0,0,0,1,0,0,2,0,0,0,0,0,0,0,0,0,1,0,0,0,0,1,,,,,,,0,,Y,0,1,1,0 hours 0 minutes,0,1 hour 0 minutes,60,Y,N
1701,dha-0041,em41,0,,,,,,,20141208,,,,,,,,,,0,,,,,,0,,,,,,,,,,0,,,,,,,,,,,,,,0,,,,,0,,,0,,,3,0,0,1,0,0,0,0,0,0,1,0,0,0,0,0,0,0,1,0,1,0,0,0,0,2,,,,,,,0,,Y,0,1,1,0 hours 0 minutes,0,1 hour 0 minutes,60,Y,N
2358,dha-0041,em41,0,,,,,,,20150108,,,,,,,,,,0,,,,,,0,,,,,,,,,,0,,,,,,,,,,,,,,0,,,,,0,,,0,,,3,0,0,0,0,0,0,0,0,0,0,0,0,1,0,1,2,0,1,0,0,0,0,0,0,1,,,,,,,0,,Y,0,1,1,0 hours 0 minutes,0,1 hour 0 minutes,60,Y,N
2930,dha-0041,em41,0,,,,,,,20150203,,,,,,,,,,0,,,,,,0,,,,,,,,,,0,,,,,,,,,,,,,,0,,,,,0,,,0,,,3,0,0,0,0,0,1,0,0,0,1,0,0,0,0,0,0,0,1,0,1,0,0,0,0,2,,,,,,,0,,Y,0,1,1,0 hours 0 minutes,0,1 hour 0 minutes,60,Y,N
2931,dha-0041,em41,0,,,,,,,20150204,,,,,,,,,,0,,,,,,0,,,,,,,,,,0,,,,,,,,,,,,,,0,,,,,0,,,0,,,3,0,0,0,0,0,1,0,0,0,1,0,0,0,0,0,0,0,1,0,1,0,0,0,0,2,,,,,,,0,,Y,0,1,1,0 hours 0 minutes,0,1 hour 0 minutes,60,Y,N
1549,dha-0053,em53,0,,,,,,,20141202,,,,,,,,,,0,,,,,,0,,,,,,,,,,0,,,,,,,,,,,,,,0,,,,,0,,,0,,,3,1,0,0,0,0,0,1,0,0,2,0,0,0,0,0,0,0,0,0,1,0,0,0,0,1,,,,,,,0,,Y,1,0,1,0 hours 50 minutes,50,0 hours 0 minutes,0,Y,N
2640,dha-0053,em53,0,,,,,,,20150120,,,,,,,,,,0,,,,,,0,,,,,,,,,,0,,,,,,,,,,,,,,0,,,,,0,,,0,,,3,0,0,1,0,0,1,0,0,0,2,0,0,0,0,0,0,0,0,0,1,0,0,0,0,1,,,,,,,0,,Y,0,1,1,0 hours 0 minutes,0,0 hours 50 minutes,50,Y,N
3204,dha-0061,EM61,0,,,,,,,20150223,,,,,,,,,,0,,,,,,0,,,,,,,,,,0,,,,,,,,,,,,,,0,,,,,0,,,0,,,3,1,0,0,0,0,0,0,0,1,2,1,0,0,0,0,1,0,0,0,0,0,0,0,0,0,,,,,,,0,,Y,0,1,1,0 hours 0 minutes,0,0 hours 30 minutes,30,Y,N
3674,dha-0063,em63,0,,,,,,,20150323,,,,,,,,,,0,,,,,,0,,,,,,,,,,0,,,,,,,,,,,,,,0,,,,,0,,,0,,,3,1,0,0,1,0,1,0,0,0,3,0,0,0,0,0,0,0,0,0,0,0,0,0,0,0,,,,,,,0,,Y,0,1,1,0 hours 0 minutes,0,0 hours 50 minutes,50,Y,N
3790,dha-0063,em63,0,,,,,,,20150402,,,,,,,,,,0,,,,,,0,,,,,,,,,,0,,,,,,,,,,,,,,0,,,,,0,,,0,,,3,1,0,0,0,0,1,1,0,0,3,0,0,0,0,0,0,0,0,0,0,0,0,0,0,0,,,,,,,0,,Y,0,1,1,0 hours 0 minutes,0,0 hours 50 minutes,50,Y,N
15,cmc-0001,M-001,1,,,,,,,20140819,,,,,,,,,,0,,,,,,0,,,,,,,,,,0,,,,,,,,,,,,,,0,,,,,0,,,0,,,3,1,0,0,0,0,1,0,0,0,2,1,0,0,0,0,1,0,0,0,0,0,0,0,0,0,,,,,,,0,,N,1,1,2,,,,,Y,N
521,cmc-0001,M-001,1,,,,,,,20140907,,,,,,,,,,0,,,,,,0,,,,,,,,,,0,,,,,,,,,,,,,,0,,,,,0,,,0,,,3,0,0,0,0,1,1,0,0,0,2,0,1,0,0,0,1,0,0,0,0,0,0,0,0,0,,,,,,,0,,N,1,1,2,,,,,Y,N
505,cmc-0001,M-001,1,,,,,,,20140910,,,,,,,,,,0,,,,,,0,,,,,,,,,,0,,,,,,,,,,,,,,0,,,,,0,,,0,,,3,1,0,0,0,0,1,0,0,0,2,0,0,0,0,0,0,0,0,0,0,0,1,0,0,1,,,,,,,0,,N,1,1,2,,,,,Y,N
136,cmc-0001,M-001,1,,,,,,,20140913,,,,,,,,,,0,,,,,,0,,,,,,,,,,0,,,,,,,,,,,,,,0,,,,,0,,,0,,,3,1,0,1,0,0,1,0,0,0,3,0,0,0,0,0,0,0,0,0,0,0,0,0,0,0,,,,,,,0,,N,1,1,2,,,,,Y,N
214,cmc-0001,M-001,1,,,,,,,20140919,,,,,,,,,,0,,,,,,0,,,,,,,,,,0,,,,,,,,,,,,,,0,,,,,0,,,0,,,3,0,0,0,0,1,1,0,0,0,2,0,0,0,0,0,0,0,0,0,0,0,1,0,0,1,,,,,,,0,,N,1,1,2,,,,,Y,N
287,cmc-0001,M-001,1,,,,,,,20140923,,,,,,,,,,0,,,,,,0,,,,,,,,,,0,,,,,,,,,,,,,,0,,,,,0,,,0,,,3,1,0,0,0,1,1,0,0,0,3,0,0,0,0,0,0,0,0,0,0,0,0,0,0,0,,,,,,,0,,N,1,1,2,,,,,Y,N
308,cmc-0001,M-001,1,,,,,,,20140924,,,,,,,,,,0,,,,,,0,,,,,,,,,,0,,,,,,,,,,,,,,0,,,,,0,,,0,,,3,1,0,0,0,1,1,0,0,0,3,0,0,0,0,0,0,0,0,0,0,0,0,0,0,0,,,,,,,0,,N,1,1,2,,,,,Y,N
376,cmc-0001,M-001,1,,,,,,,20140929,,,,,,,,,,0,,,,,,0,,,,,,,,,,0,,,,,,,,,,,,,,0,,,,,0,,,0,,,3,1,0,0,0,1,1,0,0,0,3,0,0,0,0,0,0,0,0,0,0,0,0,0,0,0,,,,,,,0,,N,1,1,2,,,,,Y,N
502,cmc-0001,M-001,1,,,,,,,20141005,,,,,,,,,,0,,,,,,0,,,,,,,,,,0,,,,,,,,,,,,,,0,,,,,0,,,0,,,3,1,0,0,0,0,1,0,0,0,2,0,0,0,0,0,0,0,0,0,0,0,0,1,0,1,,,,,,,0,,N,1,1,2,,,,,Y,N
520,cmc-0001,M-001,1,,,,,,,20141007,,,,,,,,,,0,,,,,,0,,,,,,,,,,0,,,,,,,,,,,,,,0,,,,,0,,,0,,,3,0,0,0,0,1,1,1,0,0,3,0,0,0,0,0,0,0,0,0,0,0,0,0,0,0,,,,,,,0,,N,1,1,2,,,,,Y,N
764,cmc-0001,M-001,1,,,,,,,20141017,,,,,,,,,,0,,,,,,0,,,,,,,,,,0,,,,,,,,,,,,,,0,,,,,0,,,0,,,3,0,1,0,0,1,1,0,0,0,3,0,0,0,0,0,0,0,0,0,0,0,0,0,0,0,,,,,,,0,,N,1,1,2,,,,,Y,N
811,cmc-0001,M-001,1,,,,,,,20141020,,,,,,,,,,0,,,,,,0,,,,,,,,,,0,,,,,,,,,,,,,,0,,,,,0,,,0,,,3,0,1,0,0,1,1,0,0,0,3,0,0,0,0,0,0,0,0,0,0,0,0,0,0,0,,,,,,,0,,N,1,1,2,,,,,Y,N
812,cmc-0001,M-001,1,,,,,,,20141021,,,,,,,,,,0,,,,,,0,,,,,,,,,,0,,,,,,,,,,,,,,0,,,,,0,,,0,,,3,0,0,1,0,1,1,0,0,0,3,0,0,0,0,0,0,0,0,0,0,0,0,0,0,0,,,,,,,0,,N,1,1,2,,,,,Y,N
906,cmc-0001,M-001,1,,,,,,,20141024,,,,,,,,,,0,,,,,,0,,,,,,,,,,0,,,,,,,,,,,,,,0,,,,,0,,,0,,,3,0,0,0,0,1,1,0,0,0,2,0,0,0,0,0,0,0,1,0,0,0,0,0,0,1,,,,,,,0,,N,1,1,2,,,,,Y,N
907,cmc-0001,M-001,1,,,,,,,20141025,,,,,,,,,,0,,,,,,0,,,,,,,,,,0,,,,,,,,,,,,,,0,,,,,0,,,0,,,3,0,1,0,0,1,0,0,0,0,2,0,0,0,0,0,0,0,1,0,0,0,0,0,0,1,,,,,,,0,,N,1,1,2,,,,,Y,N
954,cmc-0001,M-001,1,,,,,,,20141026,,,,,,,,,,0,,,,,,0,,,,,,,,,,0,,,,,,,,,,,,,,0,,,,,0,,,0,,,3,0,1,0,0,1,0,0,0,0,2,0,0,0,0,0,0,0,0,0,0,0,1,0,0,1,,,,,,,0,,N,1,1,2,,,,,Y,N
955,cmc-0001,M-001,1,,,,,,,20141027,,,,,,,,,,0,,,,,,0,,,,,,,,,,0,,,,,,,,,,,,,,0,,,,,0,,,0,,,3,0,1,0,0,1,1,0,0,0,3,0,0,0,0,0,0,0,0,0,0,0,0,0,0,0,,,,,,,0,,N,1,1,2,,,,,Y,N
1088,cmc-0001,M-001,1,,,,,,,20141031,,,,,,,,,,0,,,,,,0,,,,,,,,,,0,,,,,,,,,,,,,,0,,,,,0,,,0,,,3,0,1,0,0,1,0,0,0,0,2,0,0,0,0,1,1,0,0,0,0,0,0,0,0,0,,,,,,,0,,N,1,1,2,,,,,Y,N
1089,cmc-0001,M-001,1,,,,,,,20141101,,,,,,,,,,0,,,,,,0,,,,,,,,,,0,,,,,,,,,,,,,,0,,,,,0,,,0,,,3,0,1,0,0,1,0,0,0,0,2,0,0,0,1,0,1,0,0,0,0,0,0,0,0,0,,,,,,,0,,N,1,1,2,,,,,Y,N
88,cmc-0003,M-003,0,,,,,,,20140905,,,,,,,,,,0,,,,,,0,,,,,,,,,,0,,,,,,,,,,,,,,0,,,,,0,,,0,,,3,1,0,0,0,0,1,0,1,0,3,0,0,0,0,0,0,0,0,0,0,0,0,0,0,0,,,,,,,0,,N,1,1,2,,,,,Y,N
73,cmc-0006,CM-001,1,,,,,,,20140829,,,,,,,,,,0,,,,,,0,,,,,,,,,,0,,,,,,,,,,,,,,0,,,,,0,,,0,,,3,0,0,1,0,0,0,0,0,0,1,1,0,0,0,0,1,0,1,0,0,0,0,0,0,1,,,,,,,0,,N,1,1,2,,,,,Y,N
74,cmc-0006,CM-001,1,,,,,,,20140830,,,,,,,,,,0,,,,,,0,,,,,,,,,,0,,,,,,,,,,,,,,0,,,,,0,,,0,,,3,0,0,1,0,0,0,0,0,0,1,1,0,0,0,0,1,0,1,0,0,0,0,0,0,1,,,,,,,0,,N,1,1,2,,,,,Y,N
75,cmc-0006,CM-001,1,,,,,,,20140831,,,,,,,,,,0,,,,,,0,,,,,,,,,,0,,,,,,,,,,,,,,0,,,,,0,,,0,,,3,0,0,1,0,0,0,0,0,0,1,1,0,0,0,0,1,0,0,1,0,0,0,0,0,1,,,,,,,0,,N,1,1,2,,,,,Y,N
76,cmc-0006,CM-001,1,,,,,,,20140901,,,,,,,,,,0,,,,,,0,,,,,,,,,,0,,,,,,,,,,,,,,0,,,,,0,,,0,,,3,0,0,1,0,0,0,0,0,0,1,0,0,1,0,0,1,0,0,1,0,0,0,0,0,1,,,,,,,0,,N,1,1,2,,,,,Y,N
94,cmc-0006,CM-001,1,,,,,,,20140905,,,,,,,,,,0,,,,,,0,,,,,,,,,,0,,,,,,,,,,,,,,0,,,,,0,,,0,,,3,1,0,0,0,0,0,0,0,0,1,0,0,1,0,0,1,0,0,1,0,0,0,0,0,1,,,,,,,0,,N,1,1,2,,,,,Y,N
93,cmc-0006,CM-001,1,,,,,,,20140906,,,,,,,,,,0,,,,,,0,,,,,,,,,,0,,,,,,,,,,,,,,0,,,,,0,,,0,,,3,0,0,1,0,0,0,0,0,0,1,0,1,0,0,0,1,1,0,0,0,0,0,0,0,1,,,,,,,0,,N,1,1,2,,,,,Y,N
284,cmc-0008,M-007,0,,,,,,,20140922,,,,,,,,,,0,,,,,,0,,,,,,,,,,0,,,,,,,,,,,,,,0,,,,,0,,,0,,,3,1,0,0,0,0,0,0,1,0,2,1,0,0,0,0,1,0,0,0,0,0,0,0,0,0,,,,,,,0,,N,1,1,2,,,,,Y,N
406,cmc-0008,M-007,0,,,,,,,20140929,,,,,,,,,,0,,,,,,0,,,,,,,,,,0,,,,,,,,,,,,,,0,,,,,0,,,0,,,3,1,0,0,0,0,0,1,1,0,3,0,0,0,0,0,0,0,0,0,0,0,0,0,0,0,,,,,,,0,,N,1,1,2,,,,,Y,N
797,cmc-0008,M-007,0,,,,,,,20141016,,,,,,,,,,0,,,,,,0,,,,,,,,,,0,,,,,,,,,,,,,,0,,,,,0,,,0,,,3,1,0,0,0,0,0,0,1,0,2,1,0,0,0,0,1,0,0,0,0,0,0,0,0,0,,,,,,,0,,N,1,1,2,,,,,Y,N
879,cmc-0008,M-007,0,,,,,,,20141023,,,,,,,,,,0,,,,,,0,,,,,,,,,,0,,,,,,,,,,,,,,0,,,,,0,,,0,,,3,1,0,0,0,0,0,0,1,0,2,1,0,0,0,0,1,0,0,0,0,0,0,0,0,0,,,,,,,0,,N,1,1,2,,,,,Y,N
900,cmc-0008,M-007,0,,,,,,,20141024,,,,,,,,,,0,,,,,,0,,,,,,,,,,0,,,,,,,,,,,,,,0,,,,,0,,,0,,,3,1,0,0,0,0,0,0,1,0,2,1,0,0,0,0,1,0,0,0,0,0,0,0,0,0,,,,,,,0,,N,1,1,2,,,,,Y,N
1029,cmc-0008,M-007,0,,,,,,,20141028,,,,,,,,,,0,,,,,,0,,,,,,,,,,0,,,,,,,,,,,,,,0,,,,,0,,,0,,,3,1,0,0,0,0,0,0,1,0,2,1,0,0,0,0,1,0,0,0,0,0,0,0,0,0,,,,,,,0,,N,1,1,2,,,,,Y,N
1030,cmc-0008,M-007,0,,,,,,,20141029,,,,,,,,,,0,,,,,,0,,,,,,,,,,0,,,,,,,,,,,,,,0,,,,,0,,,0,,,3,1,0,0,0,0,0,0,1,0,2,1,0,0,0,0,1,0,0,0,0,0,0,0,0,0,,,,,,,0,,N,1,1,2,,,,,Y,N
1119,cmc-0008,M-007,0,,,,,,,20141030,,,,,,,,,,0,,,,,,0,,,,,,,,,,0,,,,,,,,,,,,,,0,,,,,0,,,0,,,3,1,0,0,0,0,0,0,1,0,2,1,0,0,0,0,1,0,0,0,0,0,0,0,0,0,,,,,,,0,,N,1,1,2,,,,,Y,N
1120,cmc-0008,M-007,0,,,,,,,20141031,,,,,,,,,,0,,,,,,0,,,,,,,,,,0,,,,,,,,,,,,,,0,,,,,0,,,0,,,3,1,0,0,0,0,0,0,1,0,2,1,0,0,0,0,1,0,0,0,0,0,0,0,0,0,,,,,,,0,,N,1,1,2,,,,,Y,N
1121,cmc-0008,M-007,0,,,,,,,20141102,,,,,,,,,,0,,,,,,0,,,,,,,,,,0,,,,,,,,,,,,,,0,,,,,0,,,0,,,3,1,0,0,0,0,0,0,1,0,2,1,0,0,0,0,1,0,0,0,0,0,0,0,0,0,,,,,,,0,,N,1,1,2,,,,,Y,N
1156,cmc-0008,M-007,0,,,,,,,20141103,,,,,,,,,,0,,,,,,0,,,,,,,,,,0,,,,,,,,,,,,,,0,,,,,0,,,0,,,3,1,0,0,0,0,0,1,0,0,2,1,0,0,0,0,1,0,0,0,0,0,0,0,0,0,,,,,,,0,,N,1,1,2,,,,,Y,N
1157,cmc-0008,M-007,0,,,,,,,20141104,,,,,,,,,,0,,,,,,0,,,,,,,,,,0,,,,,,,,,,,,,,0,,,,,0,,,0,,,3,1,0,0,0,0,0,1,0,0,2,1,0,0,0,0,1,0,0,0,0,0,0,0,0,0,,,,,,,0,,N,1,1,2,,,,,Y,N
1246,cmc-0008,M-007,0,,,,,,,20141105,,,,,,,,,,0,,,,,,0,,,,,,,,,,0,,,,,,,,,,,,,,0,,,,,0,,,0,,,3,1,0,0,0,0,0,1,0,0,2,1,0,0,0,0,1,0,0,0,0,0,0,0,0,0,,,,,,,0,,N,1,1,2,,,,,Y,N
1505,cmc-0008,M-007,0,,,,,,,20141118,,,,,,,,,,0,,,,,,0,,,,,,,,,,0,,,,,,,,,,,,,,0,,,,,0,,,0,,,3,1,0,0,0,0,1,0,0,0,2,1,0,0,0,0,1,0,0,0,0,0,0,0,0,0,,,,,,,0,,N,1,1,2,,,,,Y,N
1574,cmc-0008,M-007,0,,,,,,,20141121,,,,,,,,,,0,,,,,,0,,,,,,,,,,0,,,,,,,,,,,,,,0,,,,,0,,,0,,,3,1,0,0,0,0,0,1,0,0,2,1,0,0,0,0,1,0,0,0,0,0,0,0,0,0,,,,,,,0,,N,1,1,2,,,,,Y,N
1573,cmc-0008,M-007,0,,,,,,,20141122,,,,,,,,,,0,,,,,,0,,,,,,,,,,0,,,,,,,,,,,,,,0,,,,,0,,,0,,,3,1,0,0,0,0,0,1,0,0,2,1,0,0,0,0,1,0,0,0,0,0,0,0,0,0,,,,,,,0,,N,1,1,2,,,,,Y,N
1572,cmc-0008,M-007,0,,,,,,,20141123,,,,,,,,,,0,,,,,,0,,,,,,,,,,0,,,,,,,,,,,,,,0,,,,,0,,,0,,,3,1,0,0,0,0,0,1,0,0,2,1,0,0,0,0,1,0,0,0,0,0,0,0,0,0,,,,,,,0,,N,1,1,2,,,,,Y,N
1644,cmc-0011,M-010,1,,,,,,,20141126,,,,,,,,,,0,,,,,,0,,,,,,,,,,0,,,,,,,,,,,,,,0,,,,,0,,,0,,,3,1,0,1,0,0,1,0,0,0,3,0,0,0,0,0,0,0,0,0,0,0,0,0,0,0,,,,,,,0,,N,1,1,2,,,,,Y,N
1994,cmc-0023,M-012,1,,,,,,,20141213,,,,,,,,,,0,,,,,,0,,,,,,,,,,0,,,,,,,,,,,,,,0,,,,,0,,,0,,,3,1,0,1,0,0,1,0,0,0,3,0,0,0,0,0,0,0,0,0,0,0,0,0,0,0,,,,,,,0,,N,1,1,2,,,,,Y,N
305,cmc-0029,M-015,1,,,,,,,20140922,,,,,,,,,,0,,,,,,0,,,,,,,,,,0,,,,,,,,,,,,,,0,,,,,0,,,0,,,3,0,0,0,0,1,0,0,0,0,1,0,0,1,0,0,1,0,0,0,0,0,1,0,0,1,,,,,,,0,,N,1,1,2,,,,,Y,N
321,cmc-0029,M-015,1,,,,,,,20140924,,,,,,,,,,0,,,,,,0,,,,,,,,,,0,,,,,,,,,,,,,,0,,,,,0,,,0,,,3,0,0,0,0,1,0,0,0,0,1,0,0,1,0,0,1,0,0,0,1,0,0,0,0,1,,,,,,,0,,N,1,1,2,,,,,Y,N
609,cmc-0029,M-015,1,,,,,,,20141006,,,,,,,,,,0,,,,,,0,,,,,,,,,,0,,,,,,,,,,,,,,0,,,,,0,,,0,,,3,0,0,0,0,0,1,0,0,0,1,0,0,1,0,0,1,0,0,0,1,0,0,0,0,1,,,,,,,0,,N,1,1,2,,,,,Y,N
686,cmc-0029,M-015,1,,,,,,,20141013,,,,,,,,,,0,,,,,,0,,,,,,,,,,0,,,,,,,,,,,,,,0,,,,,0,,,0,,,3,0,0,0,0,0,0,0,0,0,0,0,0,1,0,0,1,0,0,0,1,1,0,0,0,2,,,,,,,0,,N,1,1,2,,,,,Y,N
816,cmc-0029,M-015,1,,,,,,,20141018,,,,,,,,,,0,,,,,,0,,,,,,,,,,0,,,,,,,,,,,,,,0,,,,,0,,,0,,,3,0,0,0,0,1,0,0,0,0,1,0,0,1,0,0,1,0,0,0,1,0,0,0,0,1,,,,,,,0,,N,1,1,2,,,,,Y,N
817,cmc-0029,M-015,1,,,,,,,20141019,,,,,,,,,,0,,,,,,0,,,,,,,,,,0,,,,,,,,,,,,,,0,,,,,0,,,0,,,3,0,0,1,0,0,0,0,0,0,1,0,1,0,0,0,1,0,0,0,0,1,0,0,0,1,,,,,,,0,,N,1,1,2,,,,,Y,N
869,cmc-0029,M-015,1,,,,,,,20141020,,,,,,,,,,0,,,,,,0,,,,,,,,,,0,,,,,,,,,,,,,,0,,,,,0,,,0,,,3,0,0,0,0,0,1,0,0,0,1,0,0,1,0,0,1,0,0,0,1,0,0,0,0,1,,,,,,,0,,N,1,1,2,,,,,Y,N
874,cmc-0029,M-015,1,,,,,,,20141023,,,,,,,,,,0,,,,,,0,,,,,,,,,,0,,,,,,,,,,,,,,0,,,,,0,,,0,,,3,0,0,0,0,0,0,0,0,0,0,0,0,1,0,0,1,0,0,0,1,1,0,0,0,2,,,,,,,0,,N,1,1,2,,,,,Y,N
992,cmc-0029,M-015,1,,,,,,,20141024,,,,,,,,,,0,,,,,,0,,,,,,,,,,0,,,,,,,,,,,,,,0,,,,,0,,,0,,,3,0,0,0,0,0,0,0,0,0,0,0,0,1,0,0,1,0,0,0,1,1,0,0,0,2,,,,,,,0,,N,1,1,2,,,,,Y,N
993,cmc-0029,M-015,1,,,,,,,20141025,,,,,,,,,,0,,,,,,0,,,,,,,,,,0,,,,,,,,,,,,,,0,,,,,0,,,0,,,3,0,0,1,0,0,0,0,0,0,1,0,1,0,0,0,1,0,0,0,0,1,0,0,0,1,,,,,,,0,,N,1,1,2,,,,,Y,N
1027,cmc-0029,M-015,1,,,,,,,20141029,,,,,,,,,,0,,,,,,0,,,,,,,,,,0,,,,,,,,,,,,,,0,,,,,0,,,0,,,3,0,0,0,0,0,1,0,0,0,1,0,0,1,0,0,1,0,0,0,1,0,0,0,0,1,,,,,,,0,,N,1,1,2,,,,,Y,N
1060,cmc-0029,M-015,1,,,,,,,20141030,,,,,,,,,,0,,,,,,0,,,,,,,,,,0,,,,,,,,,,,,,,0,,,,,0,,,0,,,3,0,0,0,0,0,0,0,0,0,0,0,0,1,0,0,1,0,0,0,1,1,0,0,0,2,,,,,,,0,,N,1,1,2,,,,,Y,N
1228,cmc-0029,M-015,1,,,,,,,20141107,,,,,,,,,,0,,,,,,0,,,,,,,,,,0,,,,,,,,,,,,,,0,,,,,0,,,0,,,3,0,0,0,0,0,0,0,0,0,0,0,0,1,0,0,1,0,0,0,1,1,0,0,0,2,,,,,,,0,,N,1,1,2,,,,,Y,N
1303,cmc-0029,M-015,1,,,,,,,20141110,,,,,,,,,,0,,,,,,0,,,,,,,,,,0,,,,,,,,,,,,,,0,,,,,0,,,0,,,3,1,0,0,0,0,0,0,0,0,1,0,0,1,0,0,1,0,0,0,0,1,0,0,0,1,,,,,,,0,,N,1,1,2,,,,,Y,N
1457,cmc-0029,M-015,1,,,,,,,20141114,,,,,,,,,,0,,,,,,0,,,,,,,,,,0,,,,,,,,,,,,,,0,,,,,0,,,0,,,3,0,0,0,0,0,0,0,0,0,0,0,0,1,0,0,1,0,0,0,1,1,0,0,0,2,,,,,,,0,,N,1,1,2,,,,,Y,N
1458,cmc-0029,M-015,1,,,,,,,20141115,,,,,,,,,,0,,,,,,0,,,,,,,,,,0,,,,,,,,,,,,,,0,,,,,0,,,0,,,3,0,0,0,0,0,0,0,0,0,0,1,1,0,0,0,2,0,0,0,0,1,0,0,0,1,,,,,,,0,,N,1,1,2,,,,,Y,N
1521,cmc-0029,M-015,1,,,,,,,20141118,,,,,,,,,,0,,,,,,0,,,,,,,,,,0,,,,,,,,,,,,,,0,,,,,0,,,0,,,3,0,0,1,0,0,0,0,0,0,1,0,0,1,0,0,1,0,0,0,1,0,0,0,0,1,,,,,,,0,,N,1,1,2,,,,,Y,N
1522,cmc-0029,M-015,1,,,,,,,20141119,,,,,,,,,,0,,,,,,0,,,,,,,,,,0,,,,,,,,,,,,,,0,,,,,0,,,0,,,3,0,0,0,0,0,0,0,0,0,0,0,0,1,0,0,1,0,0,0,1,1,0,0,0,2,,,,,,,0,,N,1,1,2,,,,,Y,N
1544,cmc-0029,M-015,1,,,,,,,20141120,,,,,,,,,,0,,,,,,0,,,,,,,,,,0,,,,,,,,,,,,,,0,,,,,0,,,0,,,3,0,0,0,0,0,1,0,0,0,1,0,0,1,0,0,1,0,0,0,0,1,0,0,0,1,,,,,,,0,,N,1,1,2,,,,,Y,N
1577,cmc-0029,M-015,1,,,,,,,20141121,,,,,,,,,,0,,,,,,0,,,,,,,,,,0,,,,,,,,,,,,,,0,,,,,0,,,0,,,3,0,0,0,0,0,1,0,0,0,1,0,0,1,0,0,1,0,0,0,0,0,1,0,0,1,,,,,,,0,,N,1,1,2,,,,,Y,N
1640,cmc-0029,M-015,1,,,,,,,20141124,,,,,,,,,,0,,,,,,0,,,,,,,,,,0,,,,,,,,,,,,,,0,,,,,0,,,0,,,3,0,0,0,0,0,0,0,0,0,0,0,0,1,0,0,1,0,0,0,1,1,0,0,0,2,,,,,,,0,,N,1,1,2,,,,,Y,N
1648,cmc-0029,M-015,1,,,,,,,20141126,,,,,,,,,,0,,,,,,0,,,,,,,,,,0,,,,,,,,,,,,,,0,,,,,0,,,0,,,3,0,0,0,0,0,0,0,0,0,0,0,0,1,0,0,1,0,0,0,1,1,0,0,0,2,,,,,,,0,,N,1,1,2,,,,,Y,N
1696,cmc-0029,M-015,1,,,,,,,20141128,,,,,,,,,,0,,,,,,0,,,,,,,,,,0,,,,,,,,,,,,,,0,,,,,0,,,0,,,3,0,0,0,0,0,0,0,0,0,0,0,0,1,0,0,1,0,0,0,1,1,0,0,0,2,,,,,,,0,,N,1,1,2,,,,,Y,N
1815,cmc-0029,M-015,1,,,,,,,20141205,,,,,,,,,,0,,,,,,0,,,,,,,,,,0,,,,,,,,,,,,,,0,,,,,0,,,0,,,3,0,0,0,0,0,0,0,0,0,0,0,0,1,0,0,1,0,0,0,1,1,0,0,0,2,,,,,,,0,,N,1,1,2,,,,,Y,N
1816,cmc-0029,M-015,1,,,,,,,20141208,,,,,,,,,,0,,,,,,0,,,,,,,,,,0,,,,,,,,,,,,,,0,,,,,0,,,0,,,3,0,0,0,0,0,0,0,0,0,0,0,0,1,0,0,1,0,0,0,1,1,0,0,0,2,,,,,,,0,,N,1,1,2,,,,,Y,N
2002,cmc-0029,M-015,1,,,,,,,20141215,,,,,,,,,,0,,,,,,0,,,,,,,,,,0,,,,,,,,,,,,,,0,,,,,0,,,0,,,3,0,0,0,0,0,0,0,0,0,0,0,0,1,0,0,1,0,0,0,1,1,0,0,0,2,,,,,,,0,,N,1,1,2,,,,,Y,N
2055,cmc-0029,M-015,1,,,,,,,20141217,,,,,,,,,,0,,,,,,0,,,,,,,,,,0,,,,,,,,,,,,,,0,,,,,0,,,0,,,3,0,0,0,0,1,0,0,0,0,1,1,0,0,0,0,1,0,0,0,0,1,0,0,0,1,,,,,,,0,,N,1,1,2,,,,,Y,N
1109,cmc-0032,CM-005,0,,,,,,,20141027,,,,,,,,,,0,,,,,,0,,,,,,,,,,0,,,,,,,,,,,,,,0,,,,,0,,,0,,,3,0,0,1,0,1,0,0,0,0,2,0,0,0,0,0,0,0,0,0,1,0,0,0,0,1,,,,,,,0,,N,1,1,2,,,,,Y,N
1115,cmc-0032,CM-005,0,,,,,,,20141101,,,,,,,,,,0,,,,,,0,,,,,,,,,,0,,,,,,,,,,,,,,0,,,,,0,,,0,,,3,0,1,0,0,1,0,0,0,0,2,0,0,0,0,0,0,0,0,0,1,0,0,0,0,1,,,,,,,0,,N,1,1,2,,,,,Y,N
1402,cmc-0032,CM-005,0,,,,,,,20141106,,,,,,,,,,0,,,,,,0,,,,,,,,,,0,,,,,,,,,,,,,,0,,,,,0,,,0,,,3,0,0,0,0,1,1,0,0,0,2,0,0,0,0,0,0,0,0,0,1,0,0,0,0,1,,,,,,,0,,N,1,1,2,,,,,Y,N
1627,cmc-0032,CM-005,0,,,,,,,20141114,,,,,,,,,,0,,,,,,0,,,,,,,,,,0,,,,,,,,,,,,,,0,,,,,0,,,0,,,3,0,0,0,0,1,0,0,0,0,1,0,0,0,0,0,0,0,1,0,1,0,0,0,0,2,,,,,,,0,,N,1,1,2,,,,,Y,N
1628,cmc-0032,CM-005,0,,,,,,,20141115,,,,,,,,,,0,,,,,,0,,,,,,,,,,0,,,,,,,,,,,,,,0,,,,,0,,,0,,,3,0,1,0,0,1,0,0,0,0,2,0,0,0,0,0,0,0,1,0,0,0,0,0,0,1,,,,,,,0,,N,1,1,2,,,,,Y,N
1834,cmc-0032,CM-005,0,,,,,,,20141121,,,,,,,,,,0,,,,,,0,,,,,,,,,,0,,,,,,,,,,,,,,0,,,,,0,,,0,,,3,1,0,1,0,1,0,0,0,0,3,0,0,0,0,0,0,0,0,0,0,0,0,0,0,0,,,,,,,0,,N,1,1,2,,,,,Y,N
1839,cmc-0032,CM-005,0,,,,,,,20141126,,,,,,,,,,0,,,,,,0,,,,,,,,,,0,,,,,,,,,,,,,,0,,,,,0,,,0,,,3,0,0,0,0,1,1,0,0,0,2,0,0,0,0,0,0,0,1,0,0,0,0,0,0,1,,,,,,,0,,N,1,1,2,,,,,Y,N
1916,cmc-0042,M-026,0,,,,,,,20141210,,,,,,,,,,0,,,,,,0,,,,,,,,,,0,,,,,,,,,,,,,,0,,,,,0,,,0,,,3,1,0,0,0,0,1,0,0,0,2,1,0,0,0,0,1,0,0,0,0,0,0,0,0,0,,,,,,,0,,N,1,1,2,,,,,Y,N
2260,cmc-0046,M-030,1,,,,,,,20141226,,,,,,,,,,0,,,,,,0,,,,,,,,,,0,,,,,,,,,,,,,,0,,,,,0,,,0,,,3,0,0,1,0,0,1,0,0,0,2,1,0,0,0,0,1,0,0,0,0,0,0,0,0,0,,,,,,,0,,N,1,1,2,,,,,Y,N
1472,cmc-0049,M-033,0,,,,,,,20141117,,,,,,,,,,0,,,,,,0,,,,,,,,,,0,,,,,,,,,,,,,,0,,,,,0,,,0,,,3,1,0,1,0,0,1,0,0,0,3,0,0,0,0,0,0,0,0,0,0,0,0,0,0,0,,,,,,,0,,N,1,1,2,,,,,Y,N
67,dha-0002,em2,0,,,,,,,20140824,,,,,,,,,,0,,,,,,0,,,,,,,,,,0,,,,,,,,,,,,,,0,,,,,0,,,0,,,3,0,0,0,0,1,0,0,0,0,1,1,0,0,0,0,1,0,1,0,0,0,0,0,0,1,,,,,,,0,,N,1,1,2,,,,,Y,N
186,dha-0004,EM4,1,,,,,,,20140905,,,,,,,,,,0,,,,,,0,,,,,,,,,,0,,,,,,,,,,,,,,0,,,,,0,,,0,,,3,1,0,0,0,1,0,0,0,0,2,0,0,0,0,0,0,0,1,0,0,0,0,0,0,1,,,,,,,0,,N,1,1,2,,,,,Y,N
167,dha-0004,EM4,1,,,,,,,20140906,,,,,,,,,,0,,,,,,0,,,,,,,,,,0,,,,,,,,,,,,,,0,,,,,0,,,0,,,3,0,0,1,0,1,1,0,0,0,3,0,0,0,0,0,0,0,0,0,0,0,0,0,0,0,,,,,,,0,,N,1,1,2,,,,,Y,N
240,dha-0018,EM18,1,,,,,,,20140911,,,,,,,,,,0,,,,,,0,,,,,,,,,,0,,,,,,,,,,,,,,0,,,,,0,,,0,,,3,1,0,0,0,0,1,0,0,0,2,0,0,0,0,0,0,0,1,0,0,0,0,0,0,1,,,,,,,0,,N,1,1,2,,,,,Y,N
400,dha-0018,EM18,1,,,,,,,20140925,,,,,,,,,,0,,,,,,0,,,,,,,,,,0,,,,,,,,,,,,,,0,,,,,0,,,0,,,3,1,0,1,0,0,1,0,0,0,3,0,0,0,0,0,0,0,0,0,0,0,0,0,0,0,,,,,,,0,,N,1,1,2,,,,,Y,N
471,dha-0023,EM23,0,,,,,,,20141001,,,,,,,,,,0,,,,,,0,,,,,,,,,,0,,,,,,,,,,,,,,0,,,,,0,,,0,,,3,0,0,1,0,1,1,0,0,0,3,0,0,0,0,0,0,0,0,0,0,0,0,0,0,0,,,,,,,0,,N,1,1,2,,,,,Y,N
629,dha-0032,em32,0,,,,,,,20141011,,,,,,,,,,0,,,,,,0,,,,,,,,,,0,,,,,,,,,,,,,,0,,,,,0,,,0,,,3,0,0,0,0,1,0,0,0,0,1,0,0,0,0,0,0,0,1,0,1,0,0,0,0,2,,,,,,,0,,N,1,1,2,,,,,Y,N
770,dha-0032,em32,0,,,,,,,20141020,,,,,,,,,,0,,,,,,0,,,,,,,,,,0,,,,,,,,,,,,,,0,,,,,0,,,0,,,3,0,0,0,1,0,0,0,0,0,1,1,0,0,0,0,1,0,0,0,1,0,0,0,0,1,,,,,,,0,,N,1,1,2,,,,,Y,N
808,dha-0032,em32,0,,,,,,,20141022,,,,,,,,,,0,,,,,,0,,,,,,,,,,0,,,,,,,,,,,,,,0,,,,,0,,,0,,,3,1,0,0,0,1,0,0,0,0,2,0,0,0,0,0,0,0,0,0,1,0,0,0,0,1,,,,,,,0,,N,1,1,2,,,,,Y,N
1008,dha-0032,em32,0,,,,,,,20141102,,,,,,,,,,0,,,,,,0,,,,,,,,,,0,,,,,,,,,,,,,,0,,,,,0,,,0,,,3,0,0,0,0,1,0,1,0,0,2,1,0,0,0,0,1,0,0,0,0,0,0,0,0,0,,,,,,,0,,N,1,1,2,,,,,Y,N
1009,dha-0032,em32,0,,,,,,,20141103,,,,,,,,,,0,,,,,,0,,,,,,,,,,0,,,,,,,,,,,,,,0,,,,,0,,,0,,,3,0,0,0,0,1,0,1,0,0,2,0,0,0,0,0,0,0,0,0,1,0,0,0,0,1,,,,,,,0,,N,1,1,2,,,,,Y,N
1194,dha-0032,em32,0,,,,,,,20141114,,,,,,,,,,0,,,,,,0,,,,,,,,,,0,,,,,,,,,,,,,,0,,,,,0,,,0,,,3,0,0,0,1,0,1,0,0,0,2,0,0,0,0,0,0,0,0,0,1,0,0,0,0,1,,,,,,,0,,N,1,1,2,,,,,Y,N
1282,dha-0032,em32,0,,,,,,,20141116,,,,,,,,,,0,,,,,,0,,,,,,,,,,0,,,,,,,,,,,,,,0,,,,,0,,,0,,,3,0,0,0,0,1,0,0,0,0,1,0,0,0,0,0,0,0,0,1,1,0,0,0,0,2,,,,,,,0,,N,1,1,2,,,,,Y,N
1285,dha-0032,em32,0,,,,,,,20141119,,,,,,,,,,0,,,,,,0,,,,,,,,,,0,,,,,,,,,,,,,,0,,,,,0,,,0,,,3,1,0,0,0,1,0,0,0,0,2,0,0,0,0,0,0,0,0,0,1,0,0,0,0,1,,,,,,,0,,N,1,1,2,,,,,Y,N
1404,dha-0032,em32,0,,,,,,,20141124,,,,,,,,,,0,,,,,,0,,,,,,,,,,0,,,,,,,,,,,,,,0,,,,,0,,,0,,,3,1,0,0,0,1,0,0,0,0,2,0,0,0,0,0,0,0,0,0,1,0,0,0,0,1,,,,,,,0,,N,1,1,2,,,,,Y,N
1477,dha-0032,em32,0,,,,,,,20141128,,,,,,,,,,0,,,,,,0,,,,,,,,,,0,,,,,,,,,,,,,,0,,,,,0,,,0,,,3,1,0,0,0,1,0,0,0,0,2,0,0,0,0,0,0,0,0,0,1,0,0,0,0,1,,,,,,,0,,N,1,1,2,,,,,Y,N
1521,dha-0032,em32,0,,,,,,,20141201,,,,,,,,,,0,,,,,,0,,,,,,,,,,0,,,,,,,,,,,,,,0,,,,,0,,,0,,,3,1,0,0,0,0,0,1,0,0,2,0,0,0,0,0,0,0,0,0,1,0,0,0,0,1,,,,,,,0,,N,1,1,2,,,,,Y,N
889,dha-0040,EM40,1,,,,,,,20141027,,,,,,,,,,0,,,,,,0,,,,,,,,,,0,,,,,,,,,,,,,,0,,,,,0,,,0,,,3,1,0,1,0,0,0,0,0,0,2,1,0,0,0,0,1,0,0,0,0,0,0,0,0,0,,,,,,,0,,N,1,1,2,,,,,Y,N
877,dha-0041,em41,0,,,,,,,20141027,,,,,,,,,,0,,,,,,0,,,,,,,,,,0,,,,,,,,,,,,,,0,,,,,0,,,0,,,3,0,0,1,0,1,0,0,0,0,2,0,0,0,0,0,0,0,0,0,1,0,0,0,0,1,,,,,,,0,,N,1,1,2,,,,,Y,N
888,dha-0041,em41,0,,,,,,,20141028,,,,,,,,,,0,,,,,,0,,,,,,,,,,0,,,,,,,,,,,,,,0,,,,,0,,,0,,,3,0,0,1,0,1,0,0,0,1,3,0,0,0,0,0,0,0,0,0,0,0,0,0,0,0,,,,,,,0,,N,1,1,2,,,,,Y,N
969,dha-0041,em41,0,,,,,,,20141102,,,,,,,,,,0,,,,,,0,,,,,,,,,,0,,,,,,,,,,,,,,0,,,,,0,,,0,,,3,0,0,0,0,1,0,1,0,0,2,0,0,0,0,0,0,0,1,0,0,0,0,0,0,1,,,,,,,0,,N,1,1,2,,,,,Y,N
2084,dha-0041,em41,0,,,,,,,20141227,,,,,,,,,,0,,,,,,0,,,,,,,,,,0,,,,,,,,,,,,,,0,,,,,0,,,0,,,3,0,0,0,0,0,0,1,0,0,1,0,0,0,0,0,0,0,1,0,1,0,0,0,0,2,,,,,,,0,,N,1,1,2,,,,,Y,N
2270,dha-0041,em41,0,,,,,,,20150103,,,,,,,,,,0,,,,,,0,,,,,,,,,,0,,,,,,,,,,,,,,0,,,,,0,,,0,,,3,0,1,0,0,0,0,0,0,0,1,0,0,0,0,0,0,0,1,0,1,0,0,0,0,2,,,,,,,0,,N,1,1,2,,,,,Y,N
2307,dha-0049,em49,0,,,,,,,20150102,,,,,,,,,,0,,,,,,0,,,,,,,,,,0,,,,,,,,,,,,,,0,,,,,0,,,0,,,3,0,1,0,0,0,0,0,0,0,1,0,0,0,0,0,0,0,1,1,0,0,0,0,0,2,,,,,,,0,,N,1,1,2,,,,,Y,N
1065,dha-0050,EM50,0,,,,,,,20141107,,,,,,,,,,0,,,,,,0,,,,,,,,,,0,,,,,,,,,,,,,,0,,,,,0,,,0,,,3,0,0,1,0,0,0,0,0,0,1,0,0,0,0,1,1,0,1,0,0,0,0,0,0,1,,,,,,,0,,N,1,1,2,,,,,Y,N
1080,dha-0050,EM50,0,,,,,,,20141108,,,,,,,,,,0,,,,,,0,,,,,,,,,,0,,,,,,,,,,,,,,0,,,,,0,,,0,,,3,0,0,0,0,0,1,0,0,0,1,0,0,0,0,1,1,0,0,1,0,0,0,0,0,1,,,,,,,0,,N,1,1,2,,,,,Y,N
1142,dha-0050,EM50,0,,,,,,,20141111,,,,,,,,,,0,,,,,,0,,,,,,,,,,0,,,,,,,,,,,,,,0,,,,,0,,,0,,,3,0,0,1,0,0,1,0,0,0,2,0,0,0,0,0,0,0,0,1,0,0,0,0,0,1,,,,,,,0,,N,1,1,2,,,,,Y,N
1452,dha-0050,EM50,0,,,,,,,20141126,,,,,,,,,,0,,,,,,0,,,,,,,,,,0,,,,,,,,,,,,,,0,,,,,0,,,0,,,3,1,0,1,0,0,0,0,0,0,2,0,0,0,0,0,0,0,1,0,0,0,0,0,0,1,,,,,,,0,,N,1,1,2,,,,,Y,N
1571,dha-0050,EM50,0,,,,,,,20141202,,,,,,,,,,0,,,,,,0,,,,,,,,,,0,,,,,,,,,,,,,,0,,,,,0,,,0,,,3,0,0,1,0,0,0,0,0,0,1,1,0,0,0,0,1,0,1,0,0,0,0,0,0,1,,,,,,,0,,N,1,1,2,,,,,Y,N
1730,dha-0050,EM50,0,,,,,,,20141207,,,,,,,,,,0,,,,,,0,,,,,,,,,,0,,,,,,,,,,,,,,0,,,,,0,,,0,,,3,0,0,0,0,0,1,0,0,0,1,1,0,0,0,0,1,0,1,0,0,0,0,0,0,1,,,,,,,0,,N,1,1,2,,,,,Y,N
1763,dha-0050,EM50,0,,,,,,,20141210,,,,,,,,,,0,,,,,,0,,,,,,,,,,0,,,,,,,,,,,,,,0,,,,,0,,,0,,,3,0,0,0,0,0,0,0,0,0,0,1,0,0,0,0,1,0,1,1,0,0,0,0,0,2,,,,,,,0,,N,1,1,2,,,,,Y,N
1762,dha-0050,EM50,0,,,,,,,20141211,,,,,,,,,,0,,,,,,0,,,,,,,,,,0,,,,,,,,,,,,,,0,,,,,0,,,0,,,3,0,0,0,0,0,1,0,0,0,1,1,0,0,0,0,1,0,0,1,0,0,0,0,0,1,,,,,,,0,,N,1,1,2,,,,,Y,N
1841,dha-0050,EM50,0,,,,,,,20141213,,,,,,,,,,0,,,,,,0,,,,,,,,,,0,,,,,,,,,,,,,,0,,,,,0,,,0,,,3,0,1,0,0,0,0,0,0,0,1,1,0,0,0,0,1,0,1,0,0,0,0,0,0,1,,,,,,,0,,N,1,1,2,,,,,Y,N
1937,dha-0050,EM50,0,,,,,,,20141219,,,,,,,,,,0,,,,,,0,,,,,,,,,,0,,,,,,,,,,,,,,0,,,,,0,,,0,,,3,1,0,1,0,0,0,0,0,0,2,1,0,0,0,0,1,0,0,0,0,0,0,0,0,0,,,,,,,0,,N,1,1,2,,,,,Y,N
2041,dha-0050,EM50,0,,,,,,,20141225,,,,,,,,,,0,,,,,,0,,,,,,,,,,0,,,,,,,,,,,,,,0,,,,,0,,,0,,,3,0,0,0,0,0,0,1,0,0,1,0,0,0,0,0,0,0,1,0,0,0,1,0,0,2,,,,,,,0,,N,1,1,2,,,,,Y,N
2411,dha-0050,EM50,0,,,,,,,20150110,,,,,,,,,,0,,,,,,0,,,,,,,,,,0,,,,,,,,,,,,,,0,,,,,0,,,0,,,3,1,0,0,0,0,1,0,0,0,2,0,0,0,0,0,0,0,1,0,0,0,0,0,0,1,,,,,,,0,,N,1,1,2,,,,,Y,N
2558,dha-0050,EM50,0,,,,,,,20150116,,,,,,,,,,0,,,,,,0,,,,,,,,,,0,,,,,,,,,,,,,,0,,,,,0,,,0,,,3,1,0,1,0,0,0,0,0,0,2,0,0,0,0,0,0,0,0,1,0,0,0,0,0,1,,,,,,,0,,N,1,1,2,,,,,Y,N
2612,dha-0050,EM50,0,,,,,,,20150117,,,,,,,,,,0,,,,,,0,,,,,,,,,,0,,,,,,,,,,,,,,0,,,,,0,,,0,,,3,0,0,1,0,0,0,0,0,0,1,0,0,0,0,0,0,0,1,0,0,0,1,0,0,2,,,,,,,0,,N,1,1,2,,,,,Y,N
2613,dha-0050,EM50,0,,,,,,,20150119,,,,,,,,,,0,,,,,,0,,,,,,,,,,0,,,,,,,,,,,,,,0,,,,,0,,,0,,,3,1,0,1,0,0,0,0,0,0,2,1,0,0,0,0,1,0,0,0,0,0,0,0,0,0,,,,,,,0,,N,1,1,2,,,,,Y,N
2866,dha-0050,EM50,0,,,,,,,20150201,,,,,,,,,,0,,,,,,0,,,,,,,,,,0,,,,,,,,,,,,,,0,,,,,0,,,0,,,3,1,0,0,0,0,0,0,0,0,1,0,0,0,0,0,0,0,1,0,0,0,1,0,0,2,,,,,,,0,,N,1,1,2,,,,,Y,N
2867,dha-0050,EM50,0,,,,,,,20150202,,,,,,,,,,0,,,,,,0,,,,,,,,,,0,,,,,,,,,,,,,,0,,,,,0,,,0,,,3,1,0,1,0,0,0,0,0,0,2,0,0,0,0,0,0,0,1,0,0,0,0,0,0,1,,,,,,,0,,N,1,1,2,,,,,Y,N
2893,dha-0050,EM50,0,,,,,,,20150203,,,,,,,,,,0,,,,,,0,,,,,,,,,,0,,,,,,,,,,,,,,0,,,,,0,,,0,,,3,1,0,0,0,0,1,0,0,0,2,0,0,0,0,0,0,0,0,0,0,0,1,0,0,1,,,,,,,0,,N,1,1,2,,,,,Y,N
1652,dha-0053,em53,0,,,,,,,20141206,,,,,,,,,,0,,,,,,0,,,,,,,,,,0,,,,,,,,,,,,,,0,,,,,0,,,0,,,3,0,1,0,0,0,0,0,0,0,1,0,0,0,0,1,1,0,1,0,0,0,0,0,0,1,,,,,,,0,,N,1,1,2,,,,,Y,N
2862,dha-0061,EM61,0,,,,,,,20150131,,,,,,,,,,0,,,,,,0,,,,,,,,,,0,,,,,,,,,,,,,,0,,,,,0,,,0,,,3,0,0,1,0,0,0,0,0,0,1,1,0,0,0,0,1,0,1,0,0,0,0,0,0,1,,,,,,,0,,N,1,1,2,,,,,Y,N
2864,dha-0061,EM61,0,,,,,,,20150202,,,,,,,,,,0,,,,,,0,,,,,,,,,,0,,,,,,,,,,,,,,0,,,,,0,,,0,,,3,1,0,0,0,0,1,0,0,1,3,0,0,0,0,0,0,0,0,0,0,0,0,0,0,0,,,,,,,0,,N,1,1,2,,,,,Y,N
2577,dha-0063,em63,0,,,,,,,20150116,,,,,,,,,,0,,,,,,0,,,,,,,,,,0,,,,,,,,,,,,,,0,,,,,0,,,0,,,3,1,0,0,0,0,1,0,0,1,3,0,0,0,0,0,0,0,0,0,0,0,0,0,0,0,,,,,,,0,,N,1,1,2,,,,,Y,N
3180,dha-0063,em63,0,,,,,,,20150221,,,,,,,,,,0,,,,,,0,,,,,,,,,,0,,,,,,,,,,,,,,0,,,,,0,,,0,,,3,0,1,0,0,1,1,0,0,0,3,0,0,0,0,0,0,0,0,0,0,0,0,0,0,0,,,,,,,0,,N,1,1,2,,,,,Y,N
3181,dha-0063,em63,0,,,,,,,20150222,,,,,,,,,,0,,,,,,0,,,,,,,,,,0,,,,,,,,,,,,,,0,,,,,0,,,0,,,3,0,1,0,0,1,1,0,0,0,3,0,0,0,0,0,0,0,0,0,0,0,0,0,0,0,,,,,,,0,,N,1,1,2,,,,,Y,N
3608,dha-0063,em63,0,,,,,,,20150322,,,,,,,,,,0,,,,,,0,,,,,,,,,,0,,,,,,,,,,,,,,0,,,,,0,,,0,,,3,1,0,1,0,0,1,0,0,0,3,0,0,0,0,0,0,0,0,0,0,0,0,0,0,0,,,,,,,0,,N,1,1,2,,,,,Y,N
3743,dha-0063,em63,0,,,,,,,20150330,,,,,,,,,,0,,,,,,0,,,,,,,,,,0,,,,,,,,,,,,,,0,,,,,0,,,0,,,3,1,0,0,0,0,1,1,0,0,3,0,0,0,0,0,0,0,0,0,0,0,0,0,0,0,,,,,,,0,,N,1,1,2,,,,,Y,N
3778,dha-0063,em63,0,,,,,,,20150401,,,,,,,,,,0,,,,,,0,,,,,,,,,,0,,,,,,,,,,,,,,0,,,,,0,,,0,,,3,1,0,0,0,0,1,1,0,0,3,0,0,0,0,0,0,0,0,0,0,0,0,0,0,0,,,,,,,0,,N,1,1,2,,,,,Y,N
3818,dha-0063,em63,0,,,,,,,20150405,,,,,,,,,,0,,,,,,0,,,,,,,,,,0,,,,,,,,,,,,,,0,,,,,0,,,0,,,3,1,0,0,0,0,1,0,0,1,3,0,0,0,0,0,0,0,0,0,0,0,0,0,0,0,,,,,,,0,,N,1,1,2,,,,,Y,N
664,dha-0015,em15,0,201410121000,10,201410122000,20,10 hours 0 minutes,600,20141012,Severe,1,7,0,0,0,1,0,1,2,0,1,0,1,1,3,1,Y,1,0,1,0,0,0,1,2,1,1,1,1,Y,,,,1,,0,1,0,1,Y,1,0,1,1,,,0,0,Y,4,0,0,0,0,0,1,0,0,0,1,0,1,1,0,0,2,0,0,0,0,0,0,1,0,1,,1,1,0,0,0,2,,N,0,0,0,0 minutes,0,0 minutes,0,N,N
562,cmc-0025,CM-003,1,201409170530,05,201409172359,23,18 hours 29 minutes,1109,20140917,middle,1,7,0,0,1,0,0,0,1,0,0,1,0,1,2,0,Y,1,0,1,0,0,1,0,2,0,1,0,0,Y,1,,,,,0,1,0,1,Y,1,0,1,1,0,1,1,0,Y,4,1,0,1,0,0,0,0,0,0,2,0,0,1,0,1,2,0,0,0,0,0,0,0,0,0,,1,0,0,0,0,1,,Y,0,1,1,0 hours 0 minutes,0,1 hour 0 minutes,60,N,Y
223,cmc-0026,M-013,1,201409201313,13,N,,49 minutes,49,20140920,weakness,0,4,1,0,0,0,0,0,1,1,1,0,0,0,1,1,N,0,0,0,0,0,0,0,0,0,1,0,0,N,,,,,,,,,0,N,0,,,0,,,0,0,Y,4,0,0,1,1,0,1,0,0,0,3,1,0,0,0,0,1,0,0,0,0,0,0,0,0,0,,0,0,0,0,0,0,,Y,0,1,1,0 hours 0 minutes,0,1 hour 30 minutes,90,N,N
2674,cmc-0042,M-026,0,201501141018,10,201501141426,14,4 hours 8 minutes,248,20150114,Severe,1,9,0,1,0,0,0,0,1,1,1,0,0,0,1,1,Y,1,0,1,0,0,0,0,1,0,1,0,0,Y,,,,3,prescription drugs,1,0,0,1,Y,1,0,1,1,0,1,1,0,Y,4,1,0,1,0,0,1,0,0,0,3,0,0,1,0,0,1,0,0,0,0,0,0,0,0,0,,1,1,0,0,0,2,,Y,0,1,1,0 hours 0 minutes,0,0 hours 20 minutes,20,N,N
658,dha-0004,EM4,1,201410141419,14,201410142359,23,9 hours 40 minutes,580,20141014,middle,1,6,1,1,1,0,0,0,3,1,0,0,0,1,1,0,N,0,0,0,0,0,0,0,0,0,1,0,0,N,,,,,,,,,0,Y,1,0,1,1,,,0,0,Y,4,1,0,0,0,0,1,0,0,1,3,0,0,0,0,0,0,0,0,0,0,0,0,0,1,1,Changu death news,0,1,0,0,0,1,,Y,0,1,1,0 hours 0 minutes,0,1 hour 0 minutes,60,N,Y
681,dha-0004,EM4,1,201410150826,08,201410152359,23,15 hours 33 minutes,933,20141015,middle,1,7,0,0,1,1,0,0,2,0,0,0,0,1,1,0,N,0,0,0,0,0,0,0,0,0,0,0,0,Y,,,,1,Hospital prescription headache medication,1,0,0,1,Y,1,0,1,1,,,0,0,Y,4,1,0,0,0,0,1,0,0,1,3,0,0,0,0,0,0,0,0,0,0,0,0,0,1,1,friend died,1,0,0,0,1,2,headache medicine,Y,0,1,1,0 hours 0 minutes,0,1 hour 0 minutes,60,N,Y
1277,cmc-0008,M-007,0,201411091258,12,201411091458,14,2 hours 0 minutes,120,20141109,weakness,0,2,1,0,0,0,0,0,1,1,0,0,1,0,1,1,Y,1,0,0,0,0,0,0,0,0,1,0,0,Y,,,1,,,0,0,1,1,Y,1,0,1,1,0,1,1,0,Y,4,1,0,1,0,0,0,1,0,0,3,1,0,0,0,0,1,0,0,0,0,0,0,0,0,0,,1,1,0,0,0,2,,N,1,1,2,,,,,N,N
1575,cmc-0008,M-007,0,201411191200,12,201411191200,12,0 minutes,0,20141119,weakness,0,,0,1,0,0,0,0,1,1,1,0,0,0,1,1,Y,1,0,1,0,0,0,0,1,0,1,0,0,Y,,,1,,,0,0,1,1,Y,1,0,1,1,0,1,1,0,Y,4,1,0,0,0,0,1,1,0,0,3,1,0,0,0,0,1,0,0,0,0,0,0,0,0,0,,1,1,0,0,0,2,,N,1,1,2,,,,,N,N
1995,cmc-0023,M-012,1,201412120820,08,201412122359,23,15 hours 39 minutes,939,20141212,weakness,0,4,1,1,0,1,0,0,3,1,0,0,1,1,2,1,N,0,0,1,0,0,0,1,2,1,1,1,1,N,,,,,,,,,0,Y,1,,,0,0,1,1,0,Y,4,1,0,1,0,0,1,0,0,0,3,0,0,0,0,0,0,0,1,0,0,0,0,0,0,1,,0,0,0,0,0,0,,N,1,1,2,,,,,N,N
1051,cmc-0025,CM-003,1,201410301028,10,201410302330,23,13 hours 2 minutes,782,20141030,middle,1,7,0,0,0,1,0,0,1,0,1,1,1,0,3,1,Y,1,0,1,0,0,1,0,2,0,1,0,0,Y,2,,,,,1,0,0,1,N,0,,,0,,,0,0,Y,4,0,0,0,0,0,0,0,0,0,0,0,0,1,0,1,2,0,0,0,0,0,0,1,1,2,"I tend to take the bus, but I had no choice but to use the subway. It was hard on my body and I even got a headache, which made it twice as hard. I'm quite sensitive to the smell of food, cosmetics, and perfume, and I feel a little anxious when I take the subway.",1,1,0,0,1,3,"I wasn't able to exercise, but I met a friend and took a walk at a local park for about 30 minutes.",N,1,1,2,,,,,N,N
839,cmc-0027,CM-004,1,201410210600,06,,,17 hours 55 minutes,1075,20141021,middle,1,6,1,0,0,0,0,0,1,1,0,0,1,0,1,1,,0,0,0,0,0,0,0,0,0,1,0,0,N,,,,,,,,,0,,0,,,0,,,0,0,Y,4,1,0,1,0,0,0,0,0,0,2,0,0,0,0,1,1,0,0,0,0,0,0,0,1,1,Acute migraine·Atom test,0,0,0,0,0,0,,N,1,1,2,,,,,N,N
290,cmc-0029,M-015,1,201409211300,13,201409212200,22,9 hours 0 minutes,540,20140921,weakness,0,2,0,0,1,0,0,0,1,0,0,0,0,1,1,0,N,0,0,0,0,0,0,0,0,0,0,0,0,N,,,,,,,,,0,N,0,,,0,,,0,0,Y,4,1,0,1,0,0,0,0,0,0,2,0,0,0,0,0,0,0,1,0,1,0,0,0,0,2,,0,0,0,0,1,1,time lapse,N,1,1,2,,,,,N,N
409,cmc-0029,M-015,1,201409300800,08,201409301600,16,8 hours 0 minutes,480,20140930,middle,1,5,0,1,0,0,0,0,1,1,1,0,0,1,2,1,Y,1,0,0,0,0,1,0,1,0,1,0,0,Y,2,,,,,0,1,0,1,Y,1,0,1,1,,,0,0,Y,4,1,0,0,0,0,1,0,0,1,3,0,0,0,0,1,1,0,0,0,0,0,0,0,0,0,,0,0,0,0,1,1,Taking medicine,N,1,1,2,,,,,N,N
1123,cmc-0029,M-015,1,201411021800,18,201411022200,22,4 hours 0 minutes,240,20141102,weakness,0,3,0,0,0,1,0,1,2,0,1,0,1,1,3,1,,0,1,0,0,1,0,0,1,0,0,1,0,N,,,,,,,,,0,Y,1,,,0,0,1,1,0,Y,4,0,0,1,0,0,1,0,0,0,2,0,0,0,0,0,0,0,0,0,1,1,0,0,0,2,,1,1,0,0,0,2,,N,1,1,2,,,,,N,N
1302,cmc-0029,M-015,1,201411091600,16,201411092000,20,4 hours 0 minutes,240,20141109,middle,1,4,1,0,0,0,0,0,1,1,1,0,0,0,1,1,N,0,0,0,0,0,0,0,0,0,1,0,0,Y,2,,,1,prescribed medication,0,0,1,1,Y,1,,,0,1,0,1,0,Y,4,0,0,1,0,0,1,0,0,0,2,1,1,0,0,0,2,0,0,0,0,0,0,0,0,0,,0,1,0,0,0,1,,N,1,1,2,,,,,N,N
1584,cmc-0029,M-015,1,201411231600,16,201411232300,23,7 hours 0 minutes,420,20141123,middle,1,5,0,0,0,1,0,0,1,0,1,0,1,0,2,1,Y,1,0,0,0,0,0,0,0,0,1,0,0,Y,,,,1,Almogran,1,0,0,1,Y,1,,,0,1,0,1,0,Y,4,1,0,1,0,0,0,0,0,0,2,1,0,0,0,0,1,0,0,0,0,1,0,0,0,1,,1,0,0,0,0,1,,N,1,1,2,,,,,N,N
1838,cmc-0032,CM-005,0,201411250820,08,201411251030,10,2 hours 10 minutes,130,20141125,weakness,0,2,0,0,0,0,0,1,1,0,0,1,0,0,1,0,N,0,0,0,0,0,0,0,0,0,0,0,0,N,,,,,,,,,0,N,0,,,0,,,0,0,Y,4,0,0,1,0,1,0,0,0,0,2,0,0,0,0,0,0,0,1,0,1,0,0,0,0,2,,0,0,0,0,0,0,,N,1,1,2,,,,,N,N
2951,cmc-0078,M-050,1,201501250200,02,201501250800,08,6 hours 0 minutes,360,20150125,middle,1,4,0,0,0,1,0,1,2,0,0,0,1,0,1,1,N,0,0,0,0,0,0,0,0,0,1,0,0,N,,,,,,,,,0,Y,1,0,1,1,0,1,1,0,Y,4,0,0,0,0,0,1,0,0,0,1,1,0,0,0,0,1,0,1,1,0,0,0,0,0,2,,1,0,0,0,0,1,,N,1,1,2,,,,,N,N
107,dha-0002,em2,0,201408291630,16,,,3 hours and 30 minutes,210,20140829,weakness,0,3,0,1,0,0,0,0,1,1,0,0,1,0,1,1,Y,1,0,0,0,0,0,0,0,0,1,0,0,N,,,,,,,,,0,N,0,,,0,,,0,0,Y,4,1,0,0,0,0,1,0,0,0,2,1,1,0,0,0,2,0,0,0,0,0,0,0,0,0,,0,0,0,0,0,0,,N,1,1,2,,,,,N,N
109,dha-0002,em2,0,201408300800,08,201408301400,14,6 hours 0 minutes,360,20140830,weakness,0,3,0,1,0,0,0,1,2,1,0,1,0,1,2,0,Y,1,0,0,0,0,0,1,1,0,1,0,0,Y,,,,1,Take hospital prescribed medication around 12:30,0,0,1,1,Y,1,,,0,0,1,1,0,Y,4,1,0,1,0,0,1,0,0,0,3,1,0,0,0,0,1,0,0,0,0,0,0,0,0,0,,0,0,0,0,1,1,Taking medicine,N,1,1,2,,,,,N,N
524,dha-0015,em15,0,201410040800,08,201410041700,17,9 hours 0 minutes,540,20141004,Severe,1,8,0,1,1,1,1,0,4,1,0,1,1,1,3,1,Y,1,0,0,0,0,0,0,0,0,1,0,0,Y,,,,1,,0,1,0,1,Y,1,,,0,0,1,1,0,Y,4,1,0,1,0,0,1,0,0,0,3,0,0,0,0,0,0,1,0,0,0,0,0,0,0,1,,1,1,0,0,0,2,,N,1,1,2,,,,,N,N
726,dha-0033,em33,1,201410180906,09,201410182359,23,14 hours 53 minutes,893,20141018,,,5,0,0,1,0,0,0,1,0,0,1,0,0,1,0,,0,1,0,0,1,0,1,2,0,0,1,0,Y,,2,,,,0,1,0,1,N,0,,,0,,,0,0,Y,4,1,0,0,0,0,0,0,0,1,2,0,1,0,0,1,2,0,0,0,0,0,0,0,0,0,,1,1,0,0,0,2,,N,1,1,2,,,,,,
811,dha-0039,em39,0,201410231100,11,201410231825,18,7 hours 25 minutes,445,20141023,middle,1,6,0,1,0,0,0,0,1,1,0,0,1,0,1,1,Y,1,0,0,0,0,1,0,1,0,1,0,0,Y,,,,1,prescribed medication,1,0,0,1,N,0,,,0,,,0,0,Y,4,1,0,0,0,0,1,0,0,0,2,0,0,0,0,1,1,0,0,0,0,0,0,0,1,1,long car ride,0,1,0,0,0,1,,N,1,1,2,,,,,N,N
2199,dha-0040,EM40,1,201412300840,08,201412301000,10,1 hour 20 minutes,80,20141230,middle,1,4,0,1,0,0,0,0,1,1,0,1,0,0,1,0,Y,1,0,0,0,0,0,1,1,0,1,0,0,Y,1,,,,,0,1,0,1,N,0,,,0,,,0,0,Y,4,1,0,1,0,0,1,0,0,0,3,0,0,0,0,0,0,1,0,0,0,0,0,0,0,1,,1,0,0,0,0,1,,N,1,1,2,,,,,N,N
1892,dha-0057,em57,0,201412172130,21,201412172359,23,2 hours 29 minutes,149,20141217,middle,1,7,0,1,0,0,0,0,1,1,1,0,1,1,3,1,N,0,0,0,0,0,0,1,1,0,1,0,0,Y,,1,1,,,0,1,0,1,N,0,,,0,,,0,0,Y,4,1,0,0,0,0,1,0,0,0,2,0,0,0,1,0,1,0,0,1,0,0,0,0,0,1,,1,1,1,0,0,3,,N,1,1,2,,,,,N,Y
2988,dha-0060,em60,0,201502090618,06,201502091718,17,11 hours 0 minutes,660,20150209,weakness,0,3,0,0,0,0,0,1,1,0,0,0,0,1,1,0,N,0,0,0,0,0,0,0,0,0,0,0,0,N,,,,,,,,,0,N,0,,,0,,,0,0,Y,4,1,0,0,0,1,0,0,0,1,3,0,0,0,0,0,0,0,0,1,0,0,0,0,0,1,,0,1,1,0,0,2,,N,1,1,2,,,,,N,N
3176,dha-0060,em60,0,201502160816,08,201502161716,17,9 hours 0 minutes,540,20150216,weakness,0,4,0,0,0,1,0,0,1,0,0,0,1,0,1,1,N,0,0,0,0,0,0,0,0,0,0,0,0,N,,,,,,,,,0,N,0,,,0,,,0,0,Y,4,1,0,0,0,0,1,0,0,1,3,0,0,0,0,0,0,0,1,0,0,0,0,0,0,1,,1,1,0,0,0,2,,N,1,1,2,,,,,N,N
571,cmc-0025,CM-003,1,201409260615,06,201409262359,23,17 hours 44 minutes,1064,20140926,middle,1,7,0,0,0,1,0,0,1,0,0,1,1,0,2,1,,0,0,0,1,1,1,0,2,0,1,1,1,Y,1,,,,,0,1,0,1,Y,1,0,1,1,0,1,1,0,Y,4,0,0,1,0,0,0,1,0,0,2,0,0,0,0,1,1,0,0,0,0,0,1,0,0,1,,1,1,0,0,0,2,,Y,0,1,1,0 hours 0 minutes,0,0 hours 30 minutes,30,N,Y
420,cmc-0031,M-017,0,201410012215,22,201410012359,23,1 hour 44 minutes,104,20141001,weakness,0,3,1,0,0,0,0,0,1,1,0,0,1,0,1,1,Y,1,1,0,0,1,0,0,1,0,1,1,1,N,,,,,,,,,0,N,0,,,0,,,0,0,Y,4,0,0,0,0,0,0,0,0,1,1,1,0,0,0,1,2,0,1,0,0,0,0,0,0,1,,0,1,0,0,0,1,,Y,0,1,1,0 hours 0 minutes,0,1 hour 10 minutes,70,,
1754,dha-0053,em53,0,201412100402,04,201412102359,23,19 hours 57 minutes,1197,20141210,middle,1,5,1,0,0,0,0,0,1,1,1,0,0,0,1,1,Y,1,1,0,0,1,1,0,2,0,1,1,1,Y,,,,2,Almogran,0,0,1,1,Y,1,,,0,0,1,1,0,Y,4,0,0,0,0,0,1,0,0,0,1,0,0,0,0,1,1,0,1,1,0,0,0,0,0,2,,1,1,0,0,0,2,,Y,1,0,1,0 hours 50 minutes,50,0 hours 0 minutes,0,N,Y
2704,dha-0053,em53,0,201501231027,10,201501232359,23,13 hours 32 minutes,812,20150123,middle,1,,0,1,0,0,0,0,1,1,0,0,1,0,1,1,Y,1,1,0,0,1,0,0,1,0,1,1,1,Y,,,,1,Almogran,0,0,1,1,N,0,,,0,,,0,0,Y,4,1,0,1,0,0,0,1,0,0,3,0,0,0,0,0,0,0,0,0,1,0,0,0,0,1,,0,0,0,0,0,0,,Y,1,0,1,0 hours 50 minutes,50,0 hours 0 minutes,0,N,Y
1829,dha-0057,em57,0,201412111300,13,201412112000,20,7 hours 0 minutes,420,20141211,middle,1,8,0,1,0,0,0,0,1,1,1,0,0,0,1,1,Y,1,1,0,1,1,0,0,2,0,1,1,1,Y,,1,1,,,0,1,0,1,Y,1,0,1,1,0,1,1,0,Y,4,0,0,0,0,0,0,1,0,0,1,0,0,0,0,0,0,1,0,1,1,0,0,0,0,3,,1,1,0,0,0,2,,Y,0,1,1,0 hours 0 minutes,0,1 hour 0 minutes,60,N,N
1832,dha-0057,em57,0,201412140900,09,201412141900,19,10 hours 0 minutes,600,20141214,weakness,0,5,1,0,0,0,0,0,1,1,0,0,1,0,1,1,Y,1,0,1,0,0,1,1,3,1,1,1,1,Y,2,,,,,1,0,0,1,Y,1,0,1,1,0,1,1,1,Y,4,0,0,1,0,0,1,1,0,0,3,0,0,0,0,0,0,1,0,0,0,0,0,0,0,1,,1,1,0,0,0,2,,Y,0,1,1,0 hours 0 minutes,0,2 hours 0 minutes,120,N,N
322,cmc-0010,M-009,1,201409251339,13,201409252359,23,10 hours 20 minutes,620,20140925,middle,1,7,1,0,0,0,0,0,1,1,1,1,1,0,3,1,Y,1,1,1,0,1,1,0,3,0,1,1,1,Y,,,,1,Hospital pharmaceuticals,0,0,1,1,Y,1,0,1,1,1,0,1,0,Y,4,1,0,1,0,0,1,0,0,0,3,0,0,0,0,1,1,0,0,0,0,0,0,0,0,0,,1,0,0,0,0,1,,N,1,1,2,,,,,N,Y
340,cmc-0010,M-009,1,201409271622,16,201409272359,23,7 hours 37 minutes,457,20140927,weakness,0,4,1,0,0,0,0,0,1,1,1,1,0,0,2,1,Y,1,1,0,0,1,0,0,1,0,1,1,1,Y,,,,1,hospital prescription station,0,0,1,1,Y,1,,,0,0,1,1,0,Y,4,1,0,0,0,0,0,0,0,1,2,0,0,0,0,1,1,0,1,0,0,0,0,0,0,1,,0,1,0,0,0,1,,N,1,1,2,,,,,N,Y
2059,cmc-0023,M-012,1,201412170830,08,201412172359,23,15 hours 29 minutes,929,20141217,weakness,0,4,1,1,1,1,0,0,4,1,0,1,1,1,3,1,Y,1,1,1,0,1,1,1,4,1,1,1,1,N,,,,,,,,,0,Y,1,,,0,1,0,1,0,Y,4,1,0,1,0,0,0,1,0,1,4,0,0,0,0,0,0,0,0,0,0,0,0,0,0,0,,0,0,0,0,0,0,,N,1,1,2,,,,,N,Y
179,cmc-0025,CM-003,1,201409160330,03,201409162158,21,18 hours 28 minutes,1108,20140916,middle,1,4,0,1,0,0,0,0,1,1,1,1,0,0,2,1,Y,1,0,0,1,1,1,0,2,0,1,1,1,Y,1,,,,,1,0,0,1,Y,1,0,1,1,0,1,1,0,Y,4,1,0,1,0,0,0,0,0,0,2,0,0,1,0,1,2,0,0,0,0,0,0,0,0,0,,0,1,0,0,0,1,,N,1,1,2,,,,,,
566,cmc-0025,CM-003,1,201409210600,06,201409212359,23,17 hours 59 minutes,1079,20140921,middle,1,7,0,0,0,1,0,0,1,0,1,1,0,0,2,1,Y,1,1,0,1,1,0,0,2,0,1,1,1,Y,2,,,,,1,0,0,1,Y,1,0,1,1,0,1,1,1,Y,4,0,0,1,0,0,0,0,0,0,1,0,0,0,0,1,1,0,0,1,0,0,1,0,0,2,,0,1,0,0,0,1,,N,1,1,2,,,,,N,Y
590,cmc-0025,CM-003,1,201410090434,04,201410092359,23,19 hours 25 minutes,1165,20141009,middle,1,7,0,0,0,1,0,0,1,0,1,1,0,0,2,1,Y,1,1,0,1,1,1,0,3,0,1,1,1,Y,2,,,,,1,0,0,1,Y,1,0,1,1,0,1,1,0,Y,4,0,0,1,0,0,1,0,0,0,2,0,0,0,0,1,1,0,0,0,0,0,0,0,1,1,"It seems a little better than yesterday, but it's still hard.",1,1,0,0,0,2,,N,1,1,2,,,,,N,Y
1038,cmc-0025,CM-003,1,201410170310,03,201410172359,23,20 hours 49 minutes,1249,20141017,middle,1,6,0,1,0,0,0,0,1,1,0,1,1,0,2,1,Y,1,0,0,1,1,0,0,1,0,1,1,1,Y,1,,,,,1,0,0,1,Y,1,0,1,1,0,1,1,0,Y,4,1,0,1,0,0,0,0,0,0,2,0,0,0,0,1,1,0,0,0,0,0,0,0,1,1,The smell of the rice noodle soup I ate with my friend gave me a headache. I seem to be sensitive to food and smells.,1,1,0,0,0,2,,N,1,1,2,,,,,N,Y
1418,cmc-0029,M-015,1,201411130200,02,201411130900,09,7 hours 0 minutes,420,20141113,middle,1,4,1,0,0,0,0,0,1,1,1,0,1,0,2,1,Y,1,1,0,0,1,0,0,1,0,1,1,1,Y,2,,,,,0,0,1,1,Y,1,0,1,1,,,0,0,Y,4,0,0,1,0,0,1,0,0,0,2,0,0,1,0,0,1,0,0,0,0,1,0,0,0,1,,0,0,0,0,1,1,Taking medicine,N,1,1,2,,,,,N,N
1841,cmc-0032,CM-005,0,201411281630,16,201411282115,21,4 hours 45 minutes,285,20141128,Severe,1,9,0,0,0,1,1,1,3,0,1,1,1,1,4,1,Y,1,1,1,0,1,0,1,3,1,1,1,1,Y,2,,,,,0,0,1,1,Y,1,,,0,1,0,1,1,Y,4,1,0,0,0,1,1,0,0,0,3,0,0,0,0,0,0,0,1,0,0,0,0,0,0,1,,0,1,0,0,1,2,I took medicine,N,1,1,2,,,,,N,N
1849,cmc-0032,CM-005,0,201412061830,18,201412062230,22,4 hours 0 minutes,240,20141206,Severe,1,9,0,0,0,1,1,1,3,0,1,1,1,1,4,1,Y,1,1,1,0,1,1,1,4,1,1,1,1,Y,2,,,,,0,0,1,1,Y,1,,,0,1,0,1,0,Y,4,1,0,0,0,0,1,0,0,0,2,0,0,0,0,0,0,1,1,0,0,0,0,0,0,2,,1,0,0,0,1,2,approximately,N,1,1,2,,,,,N,N
4019,cmc-0064,M-037,1,201502270520,05,201502270920,09,4 hours 0 minutes,240,20150227,middle,1,3,0,0,1,0,0,0,1,0,1,0,0,0,1,1,N,0,1,0,0,1,1,0,2,0,1,1,1,Y,,,1,,,0,1,0,1,Y,1,,,0,0,1,1,0,Y,4,1,0,1,0,0,1,0,0,0,3,0,0,0,0,1,1,0,0,0,0,0,0,0,0,0,,1,1,0,0,0,2,,N,1,1,2,,,,,N,N
21,dha-0010,em10,1,201408251125,11,,,5 hours 55 minutes,355,20140825,middle,1,,0,0,0,1,0,0,1,0,1,0,0,0,1,1,Y,1,1,0,0,1,0,0,1,0,1,1,1,Y,,3,,,,0,0,1,1,Y,1,0,1,1,0,1,1,0,Y,4,0,0,0,0,0,1,0,1,0,2,0,0,0,0,1,1,0,1,0,0,0,0,0,0,1,,1,0,0,0,0,1,,N,1,1,2,,,,,N,N
504,dha-0010,em10,1,201410041036,10,,,6 hours 59 minutes,419,20141004,middle,1,,0,0,0,1,0,0,1,0,1,1,0,0,2,1,Y,1,1,0,0,1,0,0,1,0,1,1,1,Y,1,1,,,,0,0,1,1,Y,1,,,0,0,1,1,0,Y,4,0,0,0,0,0,1,1,0,0,2,0,1,0,0,0,1,0,0,0,0,0,0,0,1,1,manual labor,1,1,0,0,0,2,,N,1,1,2,,,,,N,N
518,dha-0010,em10,1,201410051337,13,201410052359,23,14 hours 29 minutes,869,20141005,middle,1,,0,0,0,1,0,0,1,0,0,1,0,0,1,0,Y,1,1,0,0,1,0,0,1,0,1,1,1,Y,,1,,,,0,0,1,1,Y,1,,,0,0,1,1,0,Y,4,0,0,0,0,0,1,1,0,0,2,0,1,0,0,0,1,0,0,0,0,0,0,0,1,1,manual labor,1,1,0,0,0,2,,N,1,1,2,,,,,,
253,dha-0018,EM18,1,201409131409,14,201409131811,18,4 hours 2 minutes,242,20140913,middle,1,4,0,1,0,0,0,1,2,1,0,1,0,1,2,0,N,0,1,0,0,1,0,0,1,0,1,1,1,N,,,,,,,,,0,N,0,,,0,,,0,0,Y,4,1,1,0,0,0,0,0,0,0,2,0,0,0,0,0,0,0,1,0,0,0,0,0,1,2,Night shift changes day and night,0,0,1,0,0,1,,N,1,1,2,,,,,,
1771,dha-0032,em32,0,201412110602,06,201412112359,23,17 hours 57 minutes,1077,20141211,Severe,1,,1,0,0,0,1,0,2,1,0,1,1,0,2,1,N,0,1,0,0,1,0,0,1,0,1,1,1,N,,,,,,,,,0,Y,1,0,1,1,0,1,1,1,Y,4,1,0,1,0,0,0,1,0,0,3,0,0,0,0,0,0,0,0,1,0,0,0,0,0,1,,0,0,0,0,0,0,,N,1,1,2,,,,,N,Y
1129,dha-0033,em33,1,201411112101,21,201411112359,23,2 hours 58 minutes,178,20141111,middle,1,6,0,1,0,0,0,0,1,1,0,0,0,1,1,0,,0,1,0,0,1,0,0,1,0,1,1,1,Y,,1,,,,1,0,0,1,,0,,,0,,,0,0,Y,4,1,0,1,0,0,0,0,0,0,2,0,0,0,0,1,1,0,0,0,0,0,0,1,0,1,,1,1,0,1,0,3,,N,1,1,2,,,,,N,Y
1046,dha-0039,em39,0,201411051930,19,201411052324,23,3 hours 54 minutes,234,20141105,middle,1,6,0,0,0,1,0,0,1,0,0,0,1,0,1,1,Y,1,1,0,0,1,0,0,1,0,1,1,1,Y,,,,1,prescribed medication,0,1,0,1,N,0,,,0,,,0,0,Y,4,1,0,1,0,0,1,0,0,0,3,0,0,0,0,0,0,0,0,0,0,0,0,0,1,1,The child continues to spin around next to him.,0,1,0,0,1,2,Taking medicine,N,1,1,2,,,,,N,N
2107,dha-0039,em39,0,201412222200,22,201412222359,23,1 hour 59 minutes,119,20141222,middle,1,,0,0,0,1,0,0,1,0,1,0,0,0,1,1,Y,1,1,0,1,1,0,0,2,0,1,1,1,N,,,,,,,,,0,N,0,,,0,,,0,0,Y,4,1,0,1,0,0,1,0,0,0,3,0,0,0,0,0,0,0,0,0,0,0,0,0,1,1,Cold body aches,0,1,0,0,1,2,Taking cold medicine,N,1,1,2,,,,,N,Y
2108,dha-0039,em39,0,201412230928,09,201412232300,23,13 hours 32 minutes,812,20141223,middle,1,5,0,0,0,1,0,0,1,0,1,0,1,0,2,1,Y,1,1,0,1,1,0,0,2,0,1,1,1,N,,,,,,,,,0,N,0,,,0,,,0,0,Y,4,1,0,1,0,0,1,0,0,0,3,0,0,0,0,0,0,0,0,0,0,0,0,0,1,1,Cold body aches,0,1,0,0,1,2,cold medicine injection,N,1,1,2,,,,,N,N
1449,dha-0050,EM50,0,201411270827,08,201411271027,10,2 hours 0 minutes,120,20141127,middle,1,3,1,0,0,0,1,0,2,1,0,0,1,0,1,1,Y,1,1,1,0,1,0,0,2,0,1,1,1,Y,,1,,,,0,1,0,1,Y,1,0,1,1,,,0,0,Y,4,1,0,1,0,0,0,0,0,1,3,0,0,0,0,0,0,0,1,0,0,0,0,0,0,1,,1,1,0,0,0,2,,N,1,1,2,,,,,N,N
1747,dha-0057,em57,0,201412081100,11,201412082359,23,12 hours 59 minutes,779,20141208,Severe,1,9,0,1,0,0,0,0,1,1,1,0,0,0,1,1,Y,1,1,1,1,1,1,1,5,1,1,1,1,Y,,,2,,,0,1,0,1,Y,1,0,1,1,1,0,1,1,Y,4,0,0,0,0,0,0,1,0,0,1,0,0,0,0,0,0,1,0,1,1,0,0,0,0,3,,1,1,0,0,0,2,,N,1,1,2,,,,,N,Y
1877,dha-0057,em57,0,201412160300,03,201412162359,23,20 hours 59 minutes,1259,20141216,Severe,1,9,0,1,0,0,1,0,2,1,1,0,1,1,3,1,Y,1,1,1,1,1,0,1,4,1,1,1,1,Y,4,1,1,,,0,1,0,1,Y,1,0,1,1,0,1,1,0,Y,4,1,0,1,0,0,1,0,0,0,3,0,0,0,1,0,1,0,0,0,0,0,0,0,0,0,,1,1,1,0,0,3,,N,1,1,2,,,,,N,Y
1076,dha-0041,em41,0,,,,,,,20141109,,,,,,,,,,0,,,,,,0,,,,,,,,,,0,,,,,,,,,,,,,,0,,,,,0,,,0,,,4,0,0,0,0,0,0,0,0,0,0,0,0,1,0,1,2,0,0,0,1,0,0,1,0,2,,,,,,,0,,N,0,0,0,0 minutes,0,0 minutes,0,Y,N
365,cmc-0008,M-007,0,,,,,,,20140923,,,,,,,,,,0,,,,,,0,,,,,,,,,,0,,,,,,,,,,,,,,0,,,,,0,,,0,,,4,1,0,0,0,0,0,1,1,0,3,1,0,0,0,0,1,0,0,0,0,0,0,0,0,0,,,,,,,0,,Y,0,1,1,0 minutes,0,10 minutes,10,Y,N
366,cmc-0008,M-007,0,,,,,,,20140924,,,,,,,,,,0,,,,,,0,,,,,,,,,,0,,,,,,,,,,,,,,0,,,,,0,,,0,,,4,1,0,0,0,0,0,1,1,0,3,1,0,0,0,0,1,0,0,0,0,0,0,0,0,0,,,,,,,0,,Y,0,1,1,0 minutes,0,10 minutes,10,Y,N
367,cmc-0008,M-007,0,,,,,,,20140925,,,,,,,,,,0,,,,,,0,,,,,,,,,,0,,,,,,,,,,,,,,0,,,,,0,,,0,,,4,1,0,0,0,0,0,1,1,0,3,1,0,0,0,0,1,0,0,0,0,0,0,0,0,0,,,,,,,0,,Y,0,1,1,0 minutes,0,10 minutes,10,Y,N
1112,cmc-0032,CM-005,0,,,,,,,20141029,,,,,,,,,,0,,,,,,0,,,,,,,,,,0,,,,,,,,,,,,,,0,,,,,0,,,0,,,4,0,0,0,1,0,1,0,0,0,2,0,0,0,0,0,0,1,0,0,1,0,0,0,0,2,,,,,,,0,,Y,1,0,1,2 hours 0 minutes,120,0 hours 0 minutes,0,Y,N
1407,cmc-0032,CM-005,0,,,,,,,20141111,,,,,,,,,,0,,,,,,0,,,,,,,,,,0,,,,,,,,,,,,,,0,,,,,0,,,0,,,4,0,0,0,1,0,1,0,0,0,2,0,0,0,0,0,0,0,1,0,1,0,0,0,0,2,,,,,,,0,,Y,0,1,1,0 hours 0 minutes,0,0 hours 40 minutes,40,Y,N
1840,cmc-0032,CM-005,0,,,,,,,20141127,,,,,,,,,,0,,,,,,0,,,,,,,,,,0,,,,,,,,,,,,,,0,,,,,0,,,0,,,4,0,0,0,1,0,1,0,0,0,2,0,0,0,0,0,0,0,0,1,1,0,0,0,0,2,,,,,,,0,,Y,0,1,1,0 hours 0 minutes,0,1 hour 0 minutes,60,Y,N
1847,cmc-0032,CM-005,0,,,,,,,20141204,,,,,,,,,,0,,,,,,0,,,,,,,,,,0,,,,,,,,,,,,,,0,,,,,0,,,0,,,4,0,0,1,1,0,1,0,0,0,3,0,0,0,0,0,0,0,1,0,0,0,0,0,0,1,,,,,,,0,,Y,0,1,1,0 hours 0 minutes,0,1 hour 10 minutes,70,Y,N
1951,cmc-0048,M-032,1,,,,,,,20141213,,,,,,,,,,0,,,,,,0,,,,,,,,,,0,,,,,,,,,,,,,,0,,,,,0,,,0,,,4,0,0,0,1,0,0,0,0,0,1,1,0,0,0,0,1,0,1,1,0,0,0,0,0,2,,,,,,,0,,Y,0,1,1,0 hours 0 minutes,0,3 hours 0 minutes,180,Y,N
2218,cmc-0064,M-037,1,,,,,,,20141224,,,,,,,,,,0,,,,,,0,,,,,,,,,,0,,,,,,,,,,,,,,0,,,,,0,,,0,,,4,0,0,1,1,0,1,0,0,1,4,0,0,0,0,0,0,0,0,0,0,0,0,0,0,0,,,,,,,0,,Y,0,1,1,0 hours 0 minutes,0,0 hours 20 minutes,20,Y,N
348,dha-0004,EM4,1,,,,,,,20140921,,,,,,,,,,0,,,,,,0,,,,,,,,,,0,,,,,,,,,,,,,,0,,,,,0,,,0,,,4,1,0,1,0,0,1,0,0,1,4,0,0,0,0,0,0,0,0,0,0,0,0,0,0,0,,,,,,,0,,Y,0,1,1,0 hours 0 minutes,0,2 hours 0 minutes,120,Y,N
696,dha-0032,em32,0,,,,,,,20141015,,,,,,,,,,0,,,,,,0,,,,,,,,,,0,,,,,,,,,,,,,,0,,,,,0,,,0,,,4,1,0,0,1,0,0,0,0,0,2,0,0,0,0,1,1,0,0,0,1,0,0,0,0,1,,,,,,,0,,Y,1,0,1,0 hours 30 minutes,30,0 hours 0 minutes,0,Y,N
1402,dha-0032,em32,0,,,,,,,20141122,,,,,,,,,,0,,,,,,0,,,,,,,,,,0,,,,,,,,,,,,,,0,,,,,0,,,0,,,4,1,0,1,1,0,0,0,0,0,3,0,0,0,0,0,0,0,0,0,1,0,0,0,0,1,,,,,,,0,,Y,1,0,1,1 hour 0 minutes,60,0 hours 0 minutes,0,Y,N
1648,dha-0032,em32,0,,,,,,,20141204,,,,,,,,,,0,,,,,,0,,,,,,,,,,0,,,,,,,,,,,,,,0,,,,,0,,,0,,,4,0,0,0,1,0,0,1,0,0,2,0,0,0,0,0,0,0,1,0,1,0,0,0,0,2,,,,,,,0,,Y,1,0,1,1 hour 0 minutes,60,0 hours 0 minutes,0,Y,N
1742,dha-0032,em32,0,,,,,,,20141209,,,,,,,,,,0,,,,,,0,,,,,,,,,,0,,,,,,,,,,,,,,0,,,,,0,,,0,,,4,1,0,0,1,0,0,1,0,0,3,0,0,0,0,0,0,0,0,0,1,0,0,0,0,1,,,,,,,0,,Y,1,0,1,1 hour 0 minutes,60,0 hours 0 minutes,0,Y,N
1164,dha-0041,em41,0,,,,,,,20141112,,,,,,,,,,0,,,,,,0,,,,,,,,,,0,,,,,,,,,,,,,,0,,,,,0,,,0,,,4,0,0,1,0,0,0,0,0,0,1,1,0,0,0,0,1,0,1,0,1,0,0,0,0,2,,,,,,,0,,Y,0,1,1,0 hours 0 minutes,0,1 hour 0 minutes,60,Y,N
1195,dha-0041,em41,0,,,,,,,20141114,,,,,,,,,,0,,,,,,0,,,,,,,,,,0,,,,,,,,,,,,,,0,,,,,0,,,0,,,4,0,0,1,0,0,0,0,0,0,1,0,0,0,0,0,0,0,1,1,1,0,0,0,0,3,,,,,,,0,,Y,0,1,1,0 hours 0 minutes,0,1 hour 0 minutes,60,Y,N
1406,dha-0041,em41,0,,,,,,,20141125,,,,,,,,,,0,,,,,,0,,,,,,,,,,0,,,,,,,,,,,,,,0,,,,,0,,,0,,,4,0,0,1,0,0,0,0,0,0,1,1,0,0,0,0,1,0,0,0,1,0,0,0,1,2,dental treatment,,,,,,0,,Y,0,1,1,0 hours 0 minutes,0,1 hour 0 minutes,60,Y,N
1726,dha-0041,em41,0,,,,,,,20141209,,,,,,,,,,0,,,,,,0,,,,,,,,,,0,,,,,,,,,,,,,,0,,,,,0,,,0,,,4,0,0,0,0,0,0,0,0,0,0,0,0,1,0,0,1,0,1,1,1,0,0,0,0,3,,,,,,,0,,Y,0,1,1,0 hours 0 minutes,0,1 hour 0 minutes,60,Y,N
1927,dha-0041,em41,0,,,,,,,20141218,,,,,,,,,,0,,,,,,0,,,,,,,,,,0,,,,,,,,,,,,,,0,,,,,0,,,0,,,4,1,0,0,0,0,0,0,0,1,2,0,0,0,0,0,0,0,1,0,1,0,0,0,0,2,,,,,,,0,,Y,0,1,1,0 hours 0 minutes,0,1 hour 0 minutes,60,Y,N
908,cmc-0001,M-001,1,,,,,,,20140906,,,,,,,,,,0,,,,,,0,,,,,,,,,,0,,,,,,,,,,,,,,0,,,,,0,,,0,,,4,1,1,0,0,1,0,0,0,0,3,0,0,1,0,0,1,0,0,0,0,0,0,0,0,0,,,,,,,0,,N,1,1,2,,,,,Y,N
507,cmc-0001,M-001,1,,,,,,,20140908,,,,,,,,,,0,,,,,,0,,,,,,,,,,0,,,,,,,,,,,,,,0,,,,,0,,,0,,,4,1,0,0,0,1,1,0,0,0,3,0,1,0,0,0,1,0,0,0,0,0,0,0,0,0,,,,,,,0,,N,1,1,2,,,,,Y,N
155,cmc-0001,M-001,1,,,,,,,20140915,,,,,,,,,,0,,,,,,0,,,,,,,,,,0,,,,,,,,,,,,,,0,,,,,0,,,0,,,4,1,0,0,0,1,1,0,0,0,3,0,0,0,0,0,0,0,1,0,0,0,0,0,0,1,,,,,,,0,,N,1,1,2,,,,,Y,N
185,cmc-0001,M-001,1,,,,,,,20140917,,,,,,,,,,0,,,,,,0,,,,,,,,,,0,,,,,,,,,,,,,,0,,,,,0,,,0,,,4,1,0,1,0,1,1,0,0,0,4,0,0,0,0,0,0,0,0,0,0,0,0,0,0,0,,,,,,,0,,N,1,1,2,,,,,Y,N
192,cmc-0001,M-001,1,,,,,,,20140918,,,,,,,,,,0,,,,,,0,,,,,,,,,,0,,,,,,,,,,,,,,0,,,,,0,,,0,,,4,1,0,1,0,1,0,0,0,0,3,1,0,0,0,0,1,0,0,0,0,0,0,0,0,0,,,,,,,0,,N,1,1,2,,,,,Y,N
565,cmc-0001,M-001,1,,,,,,,20141008,,,,,,,,,,0,,,,,,0,,,,,,,,,,0,,,,,,,,,,,,,,0,,,,,0,,,0,,,4,1,0,1,0,1,1,0,0,0,4,0,0,0,0,0,0,0,0,0,0,0,0,0,0,0,,,,,,,0,,N,1,1,2,,,,,Y,N
639,cmc-0001,M-001,1,,,,,,,20141009,,,,,,,,,,0,,,,,,0,,,,,,,,,,0,,,,,,,,,,,,,,0,,,,,0,,,0,,,4,1,0,0,0,1,1,0,0,0,3,0,1,0,0,0,1,0,0,0,0,0,0,0,0,0,,,,,,,0,,N,1,1,2,,,,,Y,N
641,cmc-0001,M-001,1,,,,,,,20141011,,,,,,,,,,0,,,,,,0,,,,,,,,,,0,,,,,,,,,,,,,,0,,,,,0,,,0,,,4,1,0,0,0,1,0,0,0,0,2,0,0,1,0,0,1,0,1,0,0,0,0,0,0,1,,,,,,,0,,N,1,1,2,,,,,Y,N
709,cmc-0001,M-001,1,,,,,,,20141012,,,,,,,,,,0,,,,,,0,,,,,,,,,,0,,,,,,,,,,,,,,0,,,,,0,,,0,,,4,1,0,1,0,1,1,0,0,0,4,0,0,0,0,0,0,0,0,0,0,0,0,0,0,0,,,,,,,0,,N,1,1,2,,,,,Y,N
710,cmc-0001,M-001,1,,,,,,,20141013,,,,,,,,,,0,,,,,,0,,,,,,,,,,0,,,,,,,,,,,,,,0,,,,,0,,,0,,,4,0,0,1,0,1,1,0,0,0,3,0,0,0,0,0,0,0,0,0,0,0,1,0,0,1,,,,,,,0,,N,1,1,2,,,,,Y,N
711,cmc-0001,M-001,1,,,,,,,20141014,,,,,,,,,,0,,,,,,0,,,,,,,,,,0,,,,,,,,,,,,,,0,,,,,0,,,0,,,4,1,0,1,0,1,0,0,0,0,3,0,0,0,0,1,1,0,0,0,0,0,0,0,0,0,,,,,,,0,,N,1,1,2,,,,,Y,N
905,cmc-0001,M-001,1,,,,,,,20141023,,,,,,,,,,0,,,,,,0,,,,,,,,,,0,,,,,,,,,,,,,,0,,,,,0,,,0,,,4,1,0,0,0,1,1,0,0,0,3,0,0,0,0,0,0,0,0,0,0,0,1,0,0,1,,,,,,,0,,N,1,1,2,,,,,Y,N
1085,cmc-0001,M-001,1,,,,,,,20141028,,,,,,,,,,0,,,,,,0,,,,,,,,,,0,,,,,,,,,,,,,,0,,,,,0,,,0,,,4,0,1,0,0,1,0,0,0,0,2,0,0,0,0,0,0,0,1,0,0,0,1,0,0,2,,,,,,,0,,N,1,1,2,,,,,Y,N
1223,cmc-0001,M-001,1,,,,,,,20141105,,,,,,,,,,0,,,,,,0,,,,,,,,,,0,,,,,,,,,,,,,,0,,,,,0,,,0,,,4,1,0,1,0,1,0,0,0,0,3,0,0,1,0,0,1,0,0,0,0,0,0,0,0,0,,,,,,,0,,N,1,1,2,,,,,Y,N
77,cmc-0006,CM-001,1,,,,,,,20140902,,,,,,,,,,0,,,,,,0,,,,,,,,,,0,,,,,,,,,,,,,,0,,,,,0,,,0,,,4,0,0,1,0,0,0,0,0,0,1,1,0,1,0,0,2,0,0,1,0,0,0,0,0,1,,,,,,,0,,N,1,1,2,,,,,Y,N
78,cmc-0006,CM-001,1,,,,,,,20140903,,,,,,,,,,0,,,,,,0,,,,,,,,,,0,,,,,,,,,,,,,,0,,,,,0,,,0,,,4,0,0,1,0,0,0,0,0,0,1,1,0,1,0,0,2,0,0,1,0,0,0,0,0,1,,,,,,,0,,N,1,1,2,,,,,Y,N
1384,cmc-0008,M-007,0,,,,,,,20141113,,,,,,,,,,0,,,,,,0,,,,,,,,,,0,,,,,,,,,,,,,,0,,,,,0,,,0,,,4,1,0,1,0,0,1,0,0,0,3,1,0,0,0,0,1,0,0,0,0,0,0,0,0,0,,,,,,,0,,N,1,1,2,,,,,Y,N
1576,cmc-0008,M-007,0,,,,,,,20141120,,,,,,,,,,0,,,,,,0,,,,,,,,,,0,,,,,,,,,,,,,,0,,,,,0,,,0,,,4,1,0,1,0,0,1,0,0,0,3,1,0,0,0,0,1,0,0,0,0,0,0,0,0,0,,,,,,,0,,N,1,1,2,,,,,Y,N
1638,cmc-0008,M-007,0,,,,,,,20141124,,,,,,,,,,0,,,,,,0,,,,,,,,,,0,,,,,,,,,,,,,,0,,,,,0,,,0,,,4,1,0,0,0,0,1,1,0,0,3,1,0,0,0,0,1,0,0,0,0,0,0,0,0,0,,,,,,,0,,N,1,1,2,,,,,Y,N
1683,cmc-0008,M-007,0,,,,,,,20141126,,,,,,,,,,0,,,,,,0,,,,,,,,,,0,,,,,,,,,,,,,,0,,,,,0,,,0,,,4,1,0,1,0,0,0,1,0,0,3,1,0,0,0,0,1,0,0,0,0,0,0,0,0,0,,,,,,,0,,N,1,1,2,,,,,Y,N
50,cmc-0010,M-009,1,,,,,,,20140902,,,,,,,,,,0,,,,,,0,,,,,,,,,,0,,,,,,,,,,,,,,0,,,,,0,,,0,,,4,0,0,1,0,1,1,0,0,0,3,0,0,1,0,0,1,0,0,0,0,0,0,0,0,0,,,,,,,0,,N,1,1,2,,,,,Y,N
374,cmc-0029,M-015,1,,,,,,,20140928,,,,,,,,,,0,,,,,,0,,,,,,,,,,0,,,,,,,,,,,,,,0,,,,,0,,,0,,,4,0,0,1,0,0,0,0,0,0,1,0,0,0,0,0,0,0,0,1,1,1,0,0,0,3,,,,,,,0,,N,1,1,2,,,,,Y,N
464,cmc-0029,M-015,1,,,,,,,20141004,,,,,,,,,,0,,,,,,0,,,,,,,,,,0,,,,,,,,,,,,,,0,,,,,0,,,0,,,4,0,0,0,0,0,1,0,0,0,1,0,0,1,0,0,1,0,0,0,1,1,0,0,0,2,,,,,,,0,,N,1,1,2,,,,,Y,N
610,cmc-0029,M-015,1,,,,,,,20141010,,,,,,,,,,0,,,,,,0,,,,,,,,,,0,,,,,,,,,,,,,,0,,,,,0,,,0,,,4,0,0,0,0,1,1,0,0,0,2,0,0,1,0,0,1,0,0,0,1,0,0,0,0,1,,,,,,,0,,N,1,1,2,,,,,Y,N
815,cmc-0029,M-015,1,,,,,,,20141017,,,,,,,,,,0,,,,,,0,,,,,,,,,,0,,,,,,,,,,,,,,0,,,,,0,,,0,,,4,0,0,0,0,1,1,0,0,0,2,0,0,1,0,0,1,0,0,0,1,0,0,0,0,1,,,,,,,0,,N,1,1,2,,,,,Y,N
1175,cmc-0029,M-015,1,,,,,,,20141105,,,,,,,,,,0,,,,,,0,,,,,,,,,,0,,,,,,,,,,,,,,0,,,,,0,,,0,,,4,1,0,0,0,0,0,0,0,0,1,0,0,1,0,0,1,0,0,0,1,1,0,0,0,2,,,,,,,0,,N,1,1,2,,,,,Y,N
1356,cmc-0029,M-015,1,,,,,,,20141111,,,,,,,,,,0,,,,,,0,,,,,,,,,,0,,,,,,,,,,,,,,0,,,,,0,,,0,,,4,0,0,0,0,0,0,0,0,0,0,0,0,1,0,0,1,0,0,0,1,1,1,0,0,3,,,,,,,0,,N,1,1,2,,,,,Y,N
1417,cmc-0029,M-015,1,,,,,,,20141112,,,,,,,,,,0,,,,,,0,,,,,,,,,,0,,,,,,,,,,,,,,0,,,,,0,,,0,,,4,0,0,1,0,0,1,0,0,0,2,1,0,0,0,0,1,0,0,0,0,0,1,0,0,1,,,,,,,0,,N,1,1,2,,,,,Y,N
1641,cmc-0029,M-015,1,,,,,,,20141125,,,,,,,,,,0,,,,,,0,,,,,,,,,,0,,,,,,,,,,,,,,0,,,,,0,,,0,,,4,0,0,0,0,0,1,0,0,0,1,0,0,1,0,0,1,0,0,0,1,1,0,0,0,2,,,,,,,0,,N,1,1,2,,,,,Y,N
1698,cmc-0029,M-015,1,,,,,,,20141130,,,,,,,,,,0,,,,,,0,,,,,,,,,,0,,,,,,,,,,,,,,0,,,,,0,,,0,,,4,0,0,1,0,0,0,0,0,0,1,1,0,0,0,0,1,0,0,0,1,1,0,0,0,2,,,,,,,0,,N,1,1,2,,,,,Y,N
1722,cmc-0029,M-015,1,,,,,,,20141201,,,,,,,,,,0,,,,,,0,,,,,,,,,,0,,,,,,,,,,,,,,0,,,,,0,,,0,,,4,0,0,0,0,0,1,0,0,0,1,0,0,1,0,0,1,0,0,0,1,1,0,0,0,2,,,,,,,0,,N,1,1,2,,,,,Y,N
1911,cmc-0029,M-015,1,,,,,,,20141209,,,,,,,,,,0,,,,,,0,,,,,,,,,,0,,,,,,,,,,,,,,0,,,,,0,,,0,,,4,1,0,0,0,0,0,0,0,0,1,0,0,1,0,0,1,0,0,0,1,1,0,0,0,2,,,,,,,0,,N,1,1,2,,,,,Y,N
1929,cmc-0029,M-015,1,,,,,,,20141211,,,,,,,,,,0,,,,,,0,,,,,,,,,,0,,,,,,,,,,,,,,0,,,,,0,,,0,,,4,1,0,0,0,0,0,0,0,0,1,0,0,1,0,0,1,0,0,0,1,1,0,0,0,2,,,,,,,0,,N,1,1,2,,,,,Y,N
1988,cmc-0029,M-015,1,,,,,,,20141212,,,,,,,,,,0,,,,,,0,,,,,,,,,,0,,,,,,,,,,,,,,0,,,,,0,,,0,,,4,0,0,0,0,0,0,0,0,0,0,0,0,1,0,0,1,0,1,0,1,1,0,0,0,3,,,,,,,0,,N,1,1,2,,,,,Y,N
809,cmc-0032,CM-005,0,,,,,,,20141021,,,,,,,,,,0,,,,,,0,,,,,,,,,,0,,,,,,,,,,,,,,0,,,,,0,,,0,,,4,0,0,1,0,1,0,0,0,0,2,0,0,0,0,0,0,0,1,0,1,0,0,0,0,2,,,,,,,0,,N,1,1,2,,,,,Y,N
1408,cmc-0032,CM-005,0,,,,,,,20141112,,,,,,,,,,0,,,,,,0,,,,,,,,,,0,,,,,,,,,,,,,,0,,,,,0,,,0,,,4,0,0,1,0,1,1,0,0,0,3,1,0,0,0,0,1,0,0,0,0,0,0,0,0,0,,,,,,,0,,N,1,1,2,,,,,Y,N
1831,cmc-0032,CM-005,0,,,,,,,20141118,,,,,,,,,,0,,,,,,0,,,,,,,,,,0,,,,,,,,,,,,,,0,,,,,0,,,0,,,4,0,0,1,0,1,1,0,0,0,3,0,0,0,0,0,0,0,0,1,0,0,0,0,0,1,,,,,,,0,,N,1,1,2,,,,,Y,N
1837,cmc-0032,CM-005,0,,,,,,,20141124,,,,,,,,,,0,,,,,,0,,,,,,,,,,0,,,,,,,,,,,,,,0,,,,,0,,,0,,,4,0,0,1,0,1,1,0,0,0,3,0,0,0,0,0,0,0,1,0,0,0,0,0,0,1,,,,,,,0,,N,1,1,2,,,,,Y,N
1845,cmc-0032,CM-005,0,,,,,,,20141202,,,,,,,,,,0,,,,,,0,,,,,,,,,,0,,,,,,,,,,,,,,0,,,,,0,,,0,,,4,0,0,1,0,1,1,0,0,0,3,0,0,0,0,0,0,0,1,0,0,0,0,0,0,1,,,,,,,0,,N,1,1,2,,,,,Y,N
1928,cmc-0032,CM-005,0,,,,,,,20141211,,,,,,,,,,0,,,,,,0,,,,,,,,,,0,,,,,,,,,,,,,,0,,,,,0,,,0,,,4,0,0,1,0,1,0,0,0,0,2,0,0,0,0,0,0,0,1,0,1,0,0,0,0,2,,,,,,,0,,N,1,1,2,,,,,Y,N
196,dha-0018,EM18,1,,,,,,,20140908,,,,,,,,,,0,,,,,,0,,,,,,,,,,0,,,,,,,,,,,,,,0,,,,,0,,,0,,,4,1,0,0,0,0,1,0,0,0,2,0,0,1,0,0,1,0,1,0,0,0,0,0,0,1,,,,,,,0,,N,1,1,2,,,,,Y,N
1192,dha-0032,em32,0,,,,,,,20141112,,,,,,,,,,0,,,,,,0,,,,,,,,,,0,,,,,,,,,,,,,,0,,,,,0,,,0,,,4,0,0,1,0,1,1,0,0,0,3,0,0,0,0,0,0,0,0,0,1,0,0,0,0,1,,,,,,,0,,N,1,1,2,,,,,Y,N
1283,dha-0032,em32,0,,,,,,,20141117,,,,,,,,,,0,,,,,,0,,,,,,,,,,0,,,,,,,,,,,,,,0,,,,,0,,,0,,,4,1,0,0,0,1,1,0,0,0,3,0,0,0,0,0,0,0,0,0,1,0,0,0,0,1,,,,,,,0,,N,1,1,2,,,,,Y,N
1302,dha-0032,em32,0,,,,,,,20141121,,,,,,,,,,0,,,,,,0,,,,,,,,,,0,,,,,,,,,,,,,,0,,,,,0,,,0,,,4,1,0,0,0,0,1,0,0,0,2,0,0,0,0,0,0,0,0,0,1,0,1,0,0,2,,,,,,,0,,N,1,1,2,,,,,Y,N
1478,dha-0032,em32,0,,,,,,,20141129,,,,,,,,,,0,,,,,,0,,,,,,,,,,0,,,,,,,,,,,,,,0,,,,,0,,,0,,,4,1,0,0,0,1,0,1,0,0,3,0,0,0,0,0,0,0,0,0,1,0,0,0,0,1,,,,,,,0,,N,1,1,2,,,,,Y,N
1649,dha-0032,em32,0,,,,,,,20141205,,,,,,,,,,0,,,,,,0,,,,,,,,,,0,,,,,,,,,,,,,,0,,,,,0,,,0,,,4,0,0,0,0,1,1,1,0,0,3,0,0,0,0,0,0,0,0,0,1,0,0,0,0,1,,,,,,,0,,N,1,1,2,,,,,Y,N
1741,dha-0032,em32,0,,,,,,,20141208,,,,,,,,,,0,,,,,,0,,,,,,,,,,0,,,,,,,,,,,,,,0,,,,,0,,,0,,,4,0,0,0,0,1,1,1,0,0,3,0,0,0,0,0,0,0,0,0,1,0,0,0,0,1,,,,,,,0,,N,1,1,2,,,,,Y,N
903,dha-0041,em41,0,,,,,,,20141029,,,,,,,,,,0,,,,,,0,,,,,,,,,,0,,,,,,,,,,,,,,0,,,,,0,,,0,,,4,0,1,0,0,1,0,0,0,0,2,0,0,0,0,0,0,0,1,0,1,0,0,0,0,2,,,,,,,0,,N,1,1,2,,,,,Y,N
927,dha-0041,em41,0,,,,,,,20141031,,,,,,,,,,0,,,,,,0,,,,,,,,,,0,,,,,,,,,,,,,,0,,,,,0,,,0,,,4,0,0,1,0,1,0,0,0,0,2,0,0,1,0,0,1,0,0,0,1,0,0,0,0,1,,,,,,,0,,N,1,1,2,,,,,Y,N
1316,dha-0041,em41,0,,,,,,,20141122,,,,,,,,,,0,,,,,,0,,,,,,,,,,0,,,,,,,,,,,,,,0,,,,,0,,,0,,,4,0,0,1,0,0,0,0,0,0,1,0,0,0,0,0,0,0,0,1,1,0,0,1,0,3,,,,,,,0,,N,1,1,2,,,,,Y,N
1396,dha-0041,em41,0,,,,,,,20141123,,,,,,,,,,0,,,,,,0,,,,,,,,,,0,,,,,,,,,,,,,,0,,,,,0,,,0,,,4,0,0,0,0,0,1,0,0,0,1,0,0,0,0,0,0,0,0,1,1,0,0,1,0,3,,,,,,,0,,N,1,1,2,,,,,Y,N
2082,dha-0041,em41,0,,,,,,,20141225,,,,,,,,,,0,,,,,,0,,,,,,,,,,0,,,,,,,,,,,,,,0,,,,,0,,,0,,,4,0,0,0,0,0,1,0,0,0,1,0,0,1,0,0,1,0,0,1,0,0,0,0,1,2,Nervousness in an unfamiliar place,,,,,,0,,N,1,1,2,,,,,Y,N
1037,dha-0050,EM50,0,,,,,,,20141106,,,,,,,,,,0,,,,,,0,,,,,,,,,,0,,,,,,,,,,,,,,0,,,,,0,,,0,,,4,0,0,1,0,0,1,0,0,0,2,1,0,0,0,0,1,0,1,0,0,0,0,0,0,1,,,,,,,0,,N,1,1,2,,,,,Y,N
2817,dha-0050,EM50,0,,,,,,,20150130,,,,,,,,,,0,,,,,,0,,,,,,,,,,0,,,,,,,,,,,,,,0,,,,,0,,,0,,,4,1,0,1,0,0,0,0,0,0,2,1,0,0,0,0,1,0,0,0,0,0,1,0,0,1,,,,,,,0,,N,1,1,2,,,,,Y,N
2643,dha-0062,EM62,0,,,,,,,20150120,,,,,,,,,,0,,,,,,0,,,,,,,,,,0,,,,,,,,,,,,,,0,,,,,0,,,0,,,4,1,0,1,0,0,0,0,0,1,3,0,0,0,0,0,0,1,0,0,0,0,0,0,0,1,,,,,,,0,,N,1,1,2,,,,,Y,N
3817,dha-0063,em63,0,,,,,,,20150404,,,,,,,,,,0,,,,,,0,,,,,,,,,,0,,,,,,,,,,,,,,0,,,,,0,,,0,,,4,1,0,1,0,0,1,0,0,0,3,1,0,0,0,0,1,0,0,0,0,0,0,0,0,0,,,,,,,0,,N,1,1,2,,,,,Y,N
580,cmc-0025,CM-003,1,201410050600,06,201410052359,23,17 hours 59 minutes,1079,20141005,middle,1,8,0,0,0,1,0,0,1,0,0,1,1,0,2,1,Y,1,0,1,0,0,1,0,2,0,1,0,0,Y,1,,,,,0,1,0,1,Y,1,0,1,1,0,1,1,0,Y,5,1,0,0,1,0,0,0,0,0,2,1,1,0,0,0,2,0,0,0,0,0,0,0,1,1,I got a headache after hiking and being exposed to sunlight for a long time.,1,1,1,0,0,3,,Y,1,0,1,2 hours 0 minutes,120,0 hours 0 minutes,0,N,Y
837,dha-0033,em33,1,201410251200,12,201410251700,17,5 hours 0 minutes,300,20141025,middle,1,4,0,0,1,0,0,0,1,0,0,0,0,1,1,0,,0,0,0,0,0,0,1,1,0,0,0,0,Y,,,1,,,0,0,1,1,N,0,,,0,,,0,0,Y,5,0,0,0,0,0,1,0,0,1,2,0,1,0,0,0,1,0,1,0,0,0,0,1,0,2,,0,0,0,0,0,0,,Y,1,0,1,1 hour 0 minutes,60,0 hours 0 minutes,0,N,N
1156,dha-0033,em33,1,201411120403,04,201411121403,14,10 hours 0 minutes,600,20141112,weakness,0,3,0,0,0,0,1,0,1,0,1,0,0,0,1,1,,0,0,0,0,0,0,0,0,0,0,0,0,Y,1,,,,,0,1,0,1,N,0,,,0,,,0,0,Y,5,1,0,1,0,1,0,0,0,0,3,1,0,0,0,0,1,0,0,0,0,0,0,1,0,1,,1,0,0,1,0,2,,Y,1,0,1,1 hour 0 minutes,60,0 hours 0 minutes,0,N,N
218,cmc-0025,CM-003,1,201409191359,13,201409192359,23,10 hours 0 minutes,600,20140919,middle,1,7,0,0,0,1,0,0,1,0,1,1,0,1,3,1,Y,1,0,0,0,0,1,0,1,0,1,0,0,N,,,,,,,,,0,Y,1,0,1,1,0,1,1,0,Y,5,1,0,1,1,0,0,0,0,0,3,0,0,0,0,1,1,0,1,0,0,0,0,0,0,1,,1,1,0,0,0,2,,N,1,1,2,,,,,,
662,cmc-0029,M-015,1,201410111100,11,201410111600,16,5 hours 0 minutes,300,20141011,weakness,0,3,1,0,0,0,0,0,1,1,0,0,1,0,1,1,Y,1,0,0,0,0,0,0,0,0,1,0,0,N,,,,,,,,,0,N,0,,,0,,,0,0,Y,5,0,0,1,0,0,1,0,0,0,2,0,1,0,0,0,1,0,0,0,1,1,0,0,0,2,,0,1,0,0,0,1,,N,1,1,2,,,,,N,N
685,cmc-0029,M-015,1,201410121000,10,201410122000,20,10 hours 0 minutes,600,20141012,middle,1,4,1,0,0,0,0,0,1,1,1,0,1,0,2,1,Y,1,0,0,0,0,1,0,1,0,1,0,0,Y,4,,,,,0,1,0,1,Y,1,,,0,0,1,1,0,Y,5,0,0,1,0,0,1,0,0,0,2,0,0,0,0,0,0,0,1,0,1,1,0,0,0,3,,1,0,0,0,0,1,,N,1,1,2,,,,,N,N
1159,cmc-0029,M-015,1,201411041200,12,201411042000,20,8 hours 0 minutes,480,20141104,weakness,0,1,0,0,0,1,0,0,1,0,0,0,0,1,1,0,N,0,0,0,0,0,0,0,0,0,0,0,0,N,,,,,,,,,0,N,0,,,0,,,0,0,Y,5,1,0,1,0,0,1,0,0,1,4,0,0,0,0,0,0,0,0,0,0,1,0,0,0,1,,0,1,0,0,0,1,,N,1,1,2,,,,,N,N
1989,cmc-0029,M-015,1,201412131600,16,201412131700,17,1 hour 0 minutes,60,20141213,weakness,0,1,1,0,0,0,0,0,1,1,1,0,0,0,1,1,N,0,0,0,0,0,0,0,0,0,1,0,0,N,,,,,,,,,0,N,0,,,0,,,0,0,Y,5,0,0,1,0,0,1,0,0,0,2,1,1,0,0,0,2,0,0,0,0,1,0,0,0,1,,0,0,0,0,1,1,Feeling better after drinking coffee,N,1,1,2,,,,,N,N
4276,cmc-0078,M-050,1,201503111200,12,201503112359,23,11 hours 59 minutes,719,20150311,,,,0,0,0,1,0,1,2,0,0,0,0,1,1,0,N,0,0,1,0,0,1,1,3,1,0,1,0,Y,,,,2,,0,1,0,1,Y,1,0,1,1,0,1,1,0,Y,5,0,0,1,0,0,1,1,0,0,3,1,0,0,0,0,1,0,0,0,0,0,0,0,1,1,to,1,1,0,0,0,2,,N,1,1,2,,,,,,
1024,dha-0040,EM40,1,201411050100,01,201411052359,23,22 hours 59 minutes,1379,20141105,weakness,0,2,0,0,0,1,0,0,1,0,0,0,0,1,1,0,Y,1,0,1,0,0,0,1,2,1,0,1,0,N,,,,,,,,,0,N,0,,,0,,,0,0,Y,5,1,0,1,0,0,1,0,0,0,3,1,0,0,0,0,1,0,0,0,0,1,0,0,0,1,,0,1,0,0,0,1,,N,1,1,2,,,,,N,Y
1611,dha-0053,em53,0,201412051437,14,201412052359,23,9 hours 22 minutes,562,20141205,middle,1,,0,1,0,0,0,0,1,1,1,0,0,0,1,1,N,0,0,0,0,0,1,0,1,0,1,0,0,Y,,,,1,Almogran,0,1,0,1,Y,1,,,0,0,1,1,1,Y,5,0,1,0,0,1,0,1,0,0,3,0,0,0,0,1,1,0,0,1,0,0,0,0,0,1,,0,1,0,0,0,1,,N,1,1,2,,,,,N,Y
1740,dha-0032,em32,0,201412101300,13,201412102359,23,10 hours 59 minutes,659,20141210,middle,1,,0,1,0,0,1,1,3,1,0,0,0,1,1,0,N,0,1,0,0,1,0,0,1,0,1,1,1,N,,,,,,,,,0,N,0,,,0,,,0,0,Y,5,1,0,0,1,0,0,1,0,0,3,0,0,0,0,0,0,0,1,0,1,0,0,0,0,2,,0,0,0,0,0,0,,Y,1,0,1,1 hour 0 minutes,60,0 hours 0 minutes,0,N,Y
2058,cmc-0023,M-012,1,201412161400,14,201412162359,23,9 hours 59 minutes,599,20141216,middle,1,6,1,1,1,1,0,0,4,1,0,1,1,1,3,1,Y,1,1,1,0,1,1,1,4,1,1,1,1,Y,2,,,,,1,0,0,1,Y,1,,,0,1,0,1,0,Y,5,1,0,1,0,0,1,1,0,1,5,0,0,0,0,0,0,0,0,0,0,0,0,0,0,0,,0,0,0,0,0,0,,N,1,1,2,,,,,N,Y
570,cmc-0025,CM-003,1,201409250600,06,201409252359,23,17 hours 59 minutes,1079,20140925,Severe,1,8,0,0,0,1,0,0,1,0,1,1,1,0,3,1,Y,1,0,1,1,1,1,0,3,0,1,1,1,Y,2,,,,,1,0,0,1,Y,1,1,0,1,1,0,1,1,Y,5,0,0,1,0,0,0,1,0,0,2,0,0,1,0,1,2,0,0,0,0,0,1,0,0,1,,1,1,0,0,0,2,,N,1,1,2,,,,,N,Y
572,cmc-0025,CM-003,1,201409270617,06,201409272359,23,17 hours 42 minutes,1062,20140927,middle,1,6,0,0,1,0,0,0,1,0,1,1,0,0,2,1,Y,1,1,0,1,1,0,0,2,0,1,1,1,N,,,,,,,,,0,Y,1,0,1,1,0,1,1,0,Y,5,0,0,1,0,0,1,0,0,0,2,0,0,1,0,1,2,0,0,0,0,0,1,0,0,1,,1,1,0,0,0,2,,N,1,1,2,,,,,N,Y
576,cmc-0025,CM-003,1,201410010523,05,201410012359,23,18 hours 36 minutes,1116,20141001,middle,1,6,0,0,0,1,0,0,1,0,0,1,1,0,2,1,Y,1,0,1,1,1,1,0,3,0,1,1,1,Y,1,,,,,0,1,0,1,Y,1,0,1,1,0,1,1,0,Y,5,0,0,1,0,0,0,0,0,1,2,0,0,1,0,1,2,0,1,0,0,0,0,0,0,1,,1,1,0,0,0,2,,N,1,1,2,,,,,N,Y
556,dha-0018,EM18,1,201410080617,06,201410082359,23,17 hours 42 minutes,1062,20141008,middle,1,5,1,0,0,0,0,1,2,1,1,1,0,0,2,1,Y,1,1,1,0,1,0,0,2,0,1,1,1,N,,,,,,,,,0,Y,1,0,1,1,,,0,0,Y,5,1,0,1,0,1,1,0,0,0,4,0,0,1,0,0,1,0,0,0,0,0,0,0,0,0,,0,0,0,0,0,0,,N,1,1,2,,,,,,
890,dha-0040,EM40,1,201410280900,09,201410281000,10,1 hour 0 minutes,60,20141028,weakness,0,2,0,1,0,0,0,0,1,1,0,0,1,0,1,1,Y,1,1,1,0,1,0,0,2,0,1,1,1,N,,,,,,,,,0,N,0,,,0,,,0,0,Y,5,1,0,1,0,0,0,0,0,0,2,1,0,1,0,0,2,0,0,0,0,1,0,0,0,1,,0,1,0,0,0,1,,N,1,1,2,,,,,N,N
569,cmc-0025,CM-003,1,,,,,,,20140924,,,,,,,,,,0,,,,,,0,,,,,,,,,,0,,,,,,,,,,,,,,0,,,,,0,,,0,,,5,0,0,1,0,0,0,1,0,0,2,0,1,0,0,0,1,0,1,0,1,0,0,0,0,2,,,,,,,0,,Y,0,1,1,0 hours 0 minutes,0,0 hours 30 minutes,30,Y,N
1758,dha-0041,em41,0,,,,,,,20141210,,,,,,,,,,0,,,,,,0,,,,,,,,,,0,,,,,,,,,,,,,,0,,,,,0,,,0,,,5,0,0,0,0,0,0,0,0,0,0,0,0,1,0,1,2,0,0,1,1,0,0,0,1,3,Drink a little,,,,,,0,,Y,0,1,1,0 hours 0 minutes,0,0 hours 30 minutes,30,Y,N
167,cmc-0001,M-001,1,,,,,,,20140916,,,,,,,,,,0,,,,,,0,,,,,,,,,,0,,,,,,,,,,,,,,0,,,,,0,,,0,,,5,1,0,1,0,1,1,0,0,0,4,0,1,0,0,0,1,0,0,0,0,0,0,0,0,0,,,,,,,0,,N,1,1,2,,,,,Y,N
1639,cmc-0008,M-007,0,,,,,,,20141125,,,,,,,,,,0,,,,,,0,,,,,,,,,,0,,,,,,,,,,,,,,0,,,,,0,,,0,,,5,1,0,1,0,0,1,1,0,0,4,1,0,0,0,0,1,0,0,0,0,0,0,0,0,0,,,,,,,0,,N,1,1,2,,,,,Y,N
1061,cmc-0029,M-015,1,,,,,,,20141031,,,,,,,,,,0,,,,,,0,,,,,,,,,,0,,,,,,,,,,,,,,0,,,,,0,,,0,,,5,1,0,0,0,0,1,0,0,0,2,0,0,1,0,0,1,0,0,0,1,1,0,0,0,2,,,,,,,0,,N,1,1,2,,,,,Y,N
1406,cmc-0032,CM-005,0,,,,,,,20141110,,,,,,,,,,0,,,,,,0,,,,,,,,,,0,,,,,,,,,,,,,,0,,,,,0,,,0,,,5,0,0,1,0,1,1,0,0,0,3,0,0,0,0,0,0,0,1,0,1,0,0,0,0,2,,,,,,,0,,N,1,1,2,,,,,Y,N
1927,cmc-0032,CM-005,0,,,,,,,20141210,,,,,,,,,,0,,,,,,0,,,,,,,,,,0,,,,,,,,,,,,,,0,,,,,0,,,0,,,5,0,0,1,0,1,1,0,0,0,3,0,0,0,0,0,0,0,1,0,1,0,0,0,0,2,,,,,,,0,,N,1,1,2,,,,,Y,N
1647,dha-0032,em32,0,,,,,,,20141203,,,,,,,,,,0,,,,,,0,,,,,,,,,,0,,,,,,,,,,,,,,0,,,,,0,,,0,,,5,1,0,0,0,1,0,1,0,0,3,1,0,0,0,0,1,0,0,0,1,0,0,0,0,1,,,,,,,0,,N,1,1,2,,,,,Y,N
1676,dha-0032,em32,0,,,,,,,20141207,,,,,,,,,,0,,,,,,0,,,,,,,,,,0,,,,,,,,,,,,,,0,,,,,0,,,0,,,5,1,0,0,0,0,1,1,0,0,3,0,0,1,0,0,1,0,0,0,1,0,0,0,0,1,,,,,,,0,,N,1,1,2,,,,,Y,N
918,dha-0041,em41,0,,,,,,,20141030,,,,,,,,,,0,,,,,,0,,,,,,,,,,0,,,,,,,,,,,,,,0,,,,,0,,,0,,,5,0,1,0,0,1,0,0,0,0,2,0,1,0,0,0,1,0,1,0,1,0,0,0,0,2,,,,,,,0,,N,1,1,2,,,,,Y,N
1397,dha-0041,em41,0,,,,,,,20141124,,,,,,,,,,0,,,,,,0,,,,,,,,,,0,,,,,,,,,,,,,,0,,,,,0,,,0,,,5,1,0,0,0,0,0,0,0,1,2,0,0,0,0,0,0,0,1,0,1,0,0,1,0,3,,,,,,,0,,N,1,1,2,,,,,Y,N
1962,dha-0049,em49,0,,,,,,,20141220,,,,,,,,,,0,,,,,,0,,,,,,,,,,0,,,,,,,,,,,,,,0,,,,,0,,,0,,,5,0,0,1,0,0,1,0,0,0,2,0,0,0,0,0,0,0,1,1,0,0,1,0,0,3,,,,,,,0,,N,1,1,2,,,,,Y,N
1509,dha-0050,EM50,0,,,,,,,20141201,,,,,,,,,,0,,,,,,0,,,,,,,,,,0,,,,,,,,,,,,,,0,,,,,0,,,0,,,5,1,0,1,0,0,1,0,0,0,3,1,0,0,0,0,1,0,1,0,0,0,0,0,0,1,,,,,,,0,,N,1,1,2,,,,,Y,N
1840,dha-0050,EM50,0,,,,,,,20141212,,,,,,,,,,0,,,,,,0,,,,,,,,,,0,,,,,,,,,,,,,,0,,,,,0,,,0,,,5,0,1,0,0,0,1,0,0,0,2,1,0,0,0,0,1,0,1,1,0,0,0,0,0,2,,,,,,,0,,N,1,1,2,,,,,Y,N
169,cmc-0026,M-013,1,201409161030,10,,,7 hours 30 minutes,450,20140916,middle,1,7,0,0,0,0,0,1,1,0,1,0,0,0,1,1,Y,1,0,0,0,0,0,0,0,0,1,0,0,N,,,,,,,,,0,Y,1,0,1,1,0,1,1,0,Y,6,1,0,1,0,0,1,0,0,1,4,0,0,0,0,0,0,0,0,1,1,0,0,0,0,2,,1,1,0,1,0,3,,N,1,1,2,,,,,N,N
578,cmc-0025,CM-003,1,201410030631,06,201410032359,23,17 hours 28 minutes,1048,20141003,middle,1,7,0,0,1,0,0,0,1,0,1,0,1,0,2,1,Y,1,0,0,1,1,1,0,2,0,1,1,1,N,,,,,,,,,0,Y,1,0,1,1,0,1,1,0,Y,6,1,0,1,0,0,1,0,0,0,3,0,0,1,0,1,2,0,1,0,0,0,0,0,0,1,,1,1,0,0,0,2,,Y,1,1,2,0 hours 0 minutes 0 minutes 0 minutes,0,0 hours 30 minutes 30 minutes 30 minutes,30,N,Y
2492,dha-0041,em41,0,201501110800,08,201501111530,15,7 hours 30 minutes,450,20150111,weakness,0,3,0,1,0,0,0,0,1,1,0,0,1,0,1,1,Y,1,1,0,0,1,0,1,2,0,1,1,1,Y,,,,1,Naramik,0,1,0,1,Y,1,,,0,0,1,1,0,Y,6,0,0,1,0,0,1,0,0,1,3,1,0,0,0,0,1,0,0,0,0,0,0,1,1,2,Fatigue and drinking from the previous day,1,1,0,0,0,2,,N,1,1,2,,,,,N,N
712,cmc-0001,M-001,1,,,,,,,20141015,,,,,,,,,,0,,,,,,0,,,,,,,,,,0,,,,,,,,,,,,,,0,,,,,0,,,0,,,6,1,0,1,0,1,0,0,0,1,4,0,1,0,0,0,1,0,0,0,0,0,1,0,0,1,,,,,,,0,,N,1,1,2,,,,,Y,N
862,cmc-0042,M-026,0,201410220820,08,N,,0 minutes,0,20141022,middle,1,6,0,0,0,1,0,0,1,0,0,0,1,0,1,1,Y,1,0,1,0,0,0,0,1,0,1,0,0,Y,,,,3,prescription drugs,1,0,0,1,Y,1,0,1,1,0,1,1,0,Y,7,1,0,1,0,0,1,0,0,1,4,1,0,1,0,0,2,0,1,0,0,0,0,0,0,1,,1,1,0,0,0,2,,N,1,1,2,,,,,N,N
589,cmc-0025,CM-003,1,201410080310,03,201410082359,23,20 hours 49 minutes,1249,20141008,Severe,1,9,0,0,1,1,0,0,2,0,0,1,0,1,2,0,Y,1,0,1,1,1,1,0,3,0,1,1,1,Y,2,,,,,1,0,0,1,Y,1,1,0,1,1,0,1,0,Y,7,0,0,1,0,0,1,0,0,0,2,1,0,1,0,1,3,0,1,0,0,0,0,0,1,2,"I went out to eat and went out to eat pork belly and drank a glass of soju. Three hours later, my head hurt like it was going to explode, I vomited, and the pain was so bad that I couldn't even drink water. Even when I lie down, my head shakes and I can't do anything.",1,1,0,0,0,2,,N,1,1,2,,,,,N,Y
1070,dha-0041,em41,0,201411081900,19,201411082340,23,4 hours 40 minutes,280,20141108,weakness,0,2,0,0,0,1,0,0,1,0,0,0,1,0,1,1,N,0,0,0,0,0,0,1,1,0,0,0,0,N,,,,,,,,,0,N,0,,,0,,,0,0,Y,8,0,0,0,0,0,1,0,0,0,1,1,0,1,0,1,3,0,1,1,0,0,0,1,1,4,a little drinking,0,1,0,0,0,1,,N,1,1,2,,,,,N,N
1699,cmc-0063,M-036,0,,,,,,,20141201,,,,,,,,,,0,,,,,,0,,,,,,,,,,0,,,,,,,,,,,,,,0,,,,,0,,,0,,,8,1,0,1,1,0,1,1,0,0,5,1,0,0,0,1,2,0,1,0,0,0,0,0,0,1,,,,,,,0,,N,1,1,2,,,,,Y,N
564,cmc-0025,CM-003,1,201409200300,03,201409202359,23,20 hours 59 minutes,1259,20140920,Severe,1,9,0,0,0,1,0,0,1,0,1,1,0,0,2,1,Y,1,1,0,1,1,1,0,3,0,1,1,1,Y,2,,,,,1,0,0,1,Y,1,1,0,1,1,0,1,1,Y,9,0,0,1,0,0,1,0,0,1,3,0,1,1,0,1,3,0,1,0,0,0,1,0,1,3,I ate the fried food my mom brought me and vomited all night. My head still hurts.,1,1,0,0,1,3,I emptied my stomach and didn't eat anything.,N,1,1,2,,,,,N,Y
2491,dha-0041,em41,0,,,,,,,20150110,,,,,,,,,,0,,,,,,0,,,,,,,,,,0,,,,,,,,,,,,,,0,,,,,0,,,0,,,9,0,0,1,0,0,0,0,0,1,2,1,1,0,0,0,2,1,1,1,1,0,0,1,0,5,,,,,,,0,,N,1,1,2,,,,,Y,N
,,,,,,,,,,,,,,,,,,,,,,,,,,,,,,,,,,,,,,,,,,,,,,,,,,,,,,,,,,,,,,538,72,400,129,169,462,201,60,87,2118,236,38,115,7,85,481,50,201,89,207,46,29,32,154,808,,,,,,,,,,,,,,,,,,
,,,,,,,,,,,,,,,,,,,,,,,,,,,,,,,,,,,,,,,,,,,,,,,,,,,,,,,,,,,,,,11.74929023804324,1.57239571958943,8.735531775496835,2.817208997597729,3.690762175147412,10.089539200698843,4.389604717187159,1.310329766324525,1.8999781611705613,46.254640751255735,5.1539637475431315,0.8298755186721992,2.51146538545534,0.15287180607119458,1.8563005022930772,10.504476960034943,1.0919414719371043,4.389604717187159,1.9436558200480454,4.520637693819611,1.004586154182136,0.6333260537235205,0.6988425420397466,3.3631797335662807,17.645774186503605,,,,,,,,,,,,,,,,,,
,,,,,,,,,,,,,,,,,,,,,,,,,,,,,,,,,,,,,,,,,,,,,,,,,,,,,,,,,,,,,3407,,,,,,,,,,,,,,,,,,,,,,,,,,,,,,,,,,,,,,,,,,,
,,,,,,,,,,,,,,,,,,,,,,,,,,,,,,,,,,,,,,,,,,,,,,,,,,,,,,,,,,,,,2.046246246246246,,,,,,,,,,,,,,,,,,,,,,,,,,,,,,,,,,,,,,,,,,,
,,,,,,,,,,,,,,,,,,,,,,,,,,,,,,,,,,,,,,,,,,,,,,,,,,,,,,,,,,,,,2,,,,,,,,,,,,,,,,,,,,,,,,,,,,,,,,,,,,,,,,,,,
,,,,,,,,,,,,,,,,,,,,,,,,,,,,,,,,,,,,,,,,,,,,,,,,,,,,,,,,,,,,,,,,,,,,,,,,,,,,,,,,,,,,,,,,,,,,,,,,,,,,,,,,
,,,,,,,,,,,,,,,,,,,,,,,,,,,,,,,,,,,,,,,,,,,,,,,,,,,,,,,,,,,,,Frequency of trigger,,,,,,,,,,,,,,,,,,,,,,,,,,,,,,,,,,,,,,,,,,,
,,,,,,,,,,,,,,,,,,,,,,,,,,,,,,,,,,,,,,,,,,,,,,,,,,,1,,,,,,,,,,654,,,,,,,,,,,,,,,,,,,,,,,,,,,,,,,,,,,,,,,,,,,
,,,,,,,,,,,,,,,,,,,,,,,,,,,,,,,,,,,,,,,,,,,,,,,,,,,2,,,,,,,,,,514,,,,,,,,,,,,,,,,,,,,,,,,,,,,,,,,,,,,,,,,,,,
,,,,,,,,,,,,,,,,,,,,,,,,,,,,,,,,,,,,,,,,,,,,,,,,,,,3,,,,,,,,,,321,,,,,,,,,,,,,,,,,,,,,,,,,,,,,,,,,,,,,,,,,,,
,,,,,,,,,,,,,,,,,,,,,,,,,,,,,,,,,,,,,,,,,,,,,,,,,,,4,,,,,,,,,,132,,,,,,,,,,,,,,,,,,,,,,,,,,,,,,,,,,,,,,,,,,,
,,,,,,,,,,,,,,,,,,,,,,,,,,,,,,,,,,,,,,,,,,,,,,,,,,,>5,,,,,,,,,,42,,,,,,,,,,,,,,,,,,,,,,,,,,,,,,,,,,,,,,,,,,,
